class id,filepaths,labels,data set,original filepath
0,train/ALABAMA/test_2.jpg,ALABAMA,train,test/ALABAMA/2.jpg
0,train/ALABAMA/test_3.jpg,ALABAMA,train,test/ALABAMA/3.jpg
0,train/ALABAMA/test_4.jpg,ALABAMA,train,test/ALABAMA/4.jpg
0,train/ALABAMA/test_5.jpg,ALABAMA,train,test/ALABAMA/5.jpg
0,train/ALABAMA/train_001.jpg,ALABAMA,train,train/ALABAMA/001.jpg
0,train/ALABAMA/train_002.jpg,ALABAMA,train,train/ALABAMA/002.jpg
0,train/ALABAMA/train_003.jpg,ALABAMA,train,train/ALABAMA/003.jpg
0,train/ALABAMA/train_004.jpg,ALABAMA,train,train/ALABAMA/004.jpg
0,train/ALABAMA/train_006.jpg,ALABAMA,train,train/ALABAMA/006.jpg
0,train/ALABAMA/train_007.jpg,ALABAMA,train,train/ALABAMA/007.jpg
0,train/ALABAMA/train_008.jpg,ALABAMA,train,train/ALABAMA/008.jpg
0,train/ALABAMA/train_009.jpg,ALABAMA,train,train/ALABAMA/009.jpg
0,train/ALABAMA/train_010.jpg,ALABAMA,train,train/ALABAMA/010.jpg
0,train/ALABAMA/train_015.jpg,ALABAMA,train,train/ALABAMA/015.jpg
0,train/ALABAMA/train_016.jpg,ALABAMA,train,train/ALABAMA/016.jpg
0,train/ALABAMA/train_019.jpg,ALABAMA,train,train/ALABAMA/019.jpg
0,train/ALABAMA/train_022.jpg,ALABAMA,train,train/ALABAMA/022.jpg
0,train/ALABAMA/train_023.jpg,ALABAMA,train,train/ALABAMA/023.jpg
0,train/ALABAMA/train_025.jpg,ALABAMA,train,train/ALABAMA/025.jpg
0,train/ALABAMA/train_026.jpg,ALABAMA,train,train/ALABAMA/026.jpg
0,train/ALABAMA/train_027.jpg,ALABAMA,train,train/ALABAMA/027.jpg
0,train/ALABAMA/train_028.jpg,ALABAMA,train,train/ALABAMA/028.jpg
0,train/ALABAMA/train_031.jpg,ALABAMA,train,train/ALABAMA/031.jpg
0,train/ALABAMA/train_032.jpg,ALABAMA,train,train/ALABAMA/032.jpg
0,train/ALABAMA/train_037.jpg,ALABAMA,train,train/ALABAMA/037.jpg
0,train/ALABAMA/train_038.jpg,ALABAMA,train,train/ALABAMA/038.jpg
0,train/ALABAMA/train_039.jpg,ALABAMA,train,train/ALABAMA/039.jpg
0,train/ALABAMA/train_041.jpg,ALABAMA,train,train/ALABAMA/041.jpg
0,train/ALABAMA/train_042.jpg,ALABAMA,train,train/ALABAMA/042.jpg
0,train/ALABAMA/train_043.jpg,ALABAMA,train,train/ALABAMA/043.jpg
0,train/ALABAMA/train_044.jpg,ALABAMA,train,train/ALABAMA/044.jpg
0,train/ALABAMA/train_045.jpg,ALABAMA,train,train/ALABAMA/045.jpg
0,train/ALABAMA/train_047.jpg,ALABAMA,train,train/ALABAMA/047.jpg
0,train/ALABAMA/train_048.jpg,ALABAMA,train,train/ALABAMA/048.jpg
0,train/ALABAMA/train_050.jpg,ALABAMA,train,train/ALABAMA/050.jpg
0,train/ALABAMA/train_051.jpg,ALABAMA,train,train/ALABAMA/051.jpg
0,train/ALABAMA/train_052.jpg,ALABAMA,train,train/ALABAMA/052.jpg
0,train/ALABAMA/train_053.jpg,ALABAMA,train,train/ALABAMA/053.jpg
0,train/ALABAMA/train_054.jpg,ALABAMA,train,train/ALABAMA/054.jpg
0,train/ALABAMA/train_056.jpg,ALABAMA,train,train/ALABAMA/056.jpg
0,train/ALABAMA/train_057.jpg,ALABAMA,train,train/ALABAMA/057.jpg
0,train/ALABAMA/train_058.jpg,ALABAMA,train,train/ALABAMA/058.jpg
0,train/ALABAMA/train_061.jpg,ALABAMA,train,train/ALABAMA/061.jpg
0,train/ALABAMA/train_062.jpg,ALABAMA,train,train/ALABAMA/062.jpg
0,train/ALABAMA/train_063.jpg,ALABAMA,train,train/ALABAMA/063.jpg
0,train/ALABAMA/train_065.jpg,ALABAMA,train,train/ALABAMA/065.jpg
0,train/ALABAMA/train_066.jpg,ALABAMA,train,train/ALABAMA/066.jpg
0,train/ALABAMA/train_067.jpg,ALABAMA,train,train/ALABAMA/067.jpg
0,train/ALABAMA/train_068.jpg,ALABAMA,train,train/ALABAMA/068.jpg
0,train/ALABAMA/train_070.jpg,ALABAMA,train,train/ALABAMA/070.jpg
0,train/ALABAMA/train_074.jpg,ALABAMA,train,train/ALABAMA/074.jpg
0,train/ALABAMA/train_075.jpg,ALABAMA,train,train/ALABAMA/075.jpg
0,train/ALABAMA/train_076.jpg,ALABAMA,train,train/ALABAMA/076.jpg
0,train/ALABAMA/train_077.jpg,ALABAMA,train,train/ALABAMA/077.jpg
0,train/ALABAMA/train_078.jpg,ALABAMA,train,train/ALABAMA/078.jpg
0,train/ALABAMA/train_079.jpg,ALABAMA,train,train/ALABAMA/079.jpg
0,train/ALABAMA/train_081.jpg,ALABAMA,train,train/ALABAMA/081.jpg
0,train/ALABAMA/train_082.jpg,ALABAMA,train,train/ALABAMA/082.jpg
0,train/ALABAMA/train_083.jpg,ALABAMA,train,train/ALABAMA/083.jpg
0,train/ALABAMA/train_084.jpg,ALABAMA,train,train/ALABAMA/084.jpg
0,train/ALABAMA/train_085.jpg,ALABAMA,train,train/ALABAMA/085.jpg
0,train/ALABAMA/train_086.jpg,ALABAMA,train,train/ALABAMA/086.jpg
0,train/ALABAMA/train_088.jpg,ALABAMA,train,train/ALABAMA/088.jpg
0,train/ALABAMA/train_089.jpg,ALABAMA,train,train/ALABAMA/089.jpg
0,train/ALABAMA/train_090.jpg,ALABAMA,train,train/ALABAMA/090.jpg
0,train/ALABAMA/train_092.jpg,ALABAMA,train,train/ALABAMA/092.jpg
0,train/ALABAMA/train_094.jpg,ALABAMA,train,train/ALABAMA/094.jpg
0,train/ALABAMA/train_095.jpg,ALABAMA,train,train/ALABAMA/095.jpg
0,train/ALABAMA/train_096.jpg,ALABAMA,train,train/ALABAMA/096.jpg
0,train/ALABAMA/train_097.jpg,ALABAMA,train,train/ALABAMA/097.jpg
0,train/ALABAMA/train_098.jpg,ALABAMA,train,train/ALABAMA/098.jpg
0,train/ALABAMA/train_099.jpg,ALABAMA,train,train/ALABAMA/099.jpg
0,train/ALABAMA/train_100.jpg,ALABAMA,train,train/ALABAMA/100.jpg
0,train/ALABAMA/train_101.jpg,ALABAMA,train,train/ALABAMA/101.jpg
0,train/ALABAMA/train_102.jpg,ALABAMA,train,train/ALABAMA/102.jpg
0,train/ALABAMA/train_104.jpg,ALABAMA,train,train/ALABAMA/104.jpg
0,train/ALABAMA/train_105.jpg,ALABAMA,train,train/ALABAMA/105.jpg
0,train/ALABAMA/train_106.jpg,ALABAMA,train,train/ALABAMA/106.jpg
0,train/ALABAMA/train_107.jpg,ALABAMA,train,train/ALABAMA/107.jpg
0,train/ALABAMA/train_108.jpg,ALABAMA,train,train/ALABAMA/108.jpg
0,train/ALABAMA/train_109.jpg,ALABAMA,train,train/ALABAMA/109.jpg
0,train/ALABAMA/train_110.jpg,ALABAMA,train,train/ALABAMA/110.jpg
0,train/ALABAMA/train_111.jpg,ALABAMA,train,train/ALABAMA/111.jpg
0,train/ALABAMA/train_112.jpg,ALABAMA,train,train/ALABAMA/112.jpg
0,train/ALABAMA/train_113.jpg,ALABAMA,train,train/ALABAMA/113.jpg
0,train/ALABAMA/train_114.jpg,ALABAMA,train,train/ALABAMA/114.jpg
0,train/ALABAMA/train_115.jpg,ALABAMA,train,train/ALABAMA/115.jpg
0,train/ALABAMA/train_116.jpg,ALABAMA,train,train/ALABAMA/116.jpg
0,train/ALABAMA/train_117.jpg,ALABAMA,train,train/ALABAMA/117.jpg
0,train/ALABAMA/train_119.jpg,ALABAMA,train,train/ALABAMA/119.jpg
0,train/ALABAMA/train_121.jpg,ALABAMA,train,train/ALABAMA/121.jpg
0,train/ALABAMA/train_124.jpg,ALABAMA,train,train/ALABAMA/124.jpg
0,train/ALABAMA/train_127.jpg,ALABAMA,train,train/ALABAMA/127.jpg
0,train/ALABAMA/train_128.jpg,ALABAMA,train,train/ALABAMA/128.jpg
0,train/ALABAMA/train_129.jpg,ALABAMA,train,train/ALABAMA/129.jpg
0,train/ALABAMA/train_130.jpg,ALABAMA,train,train/ALABAMA/130.jpg
0,train/ALABAMA/train_131.jpg,ALABAMA,train,train/ALABAMA/131.jpg
0,train/ALABAMA/train_132.jpg,ALABAMA,train,train/ALABAMA/132.jpg
0,train/ALABAMA/train_133.jpg,ALABAMA,train,train/ALABAMA/133.jpg
0,train/ALABAMA/train_134.jpg,ALABAMA,train,train/ALABAMA/134.jpg
0,train/ALABAMA/train_136.jpg,ALABAMA,train,train/ALABAMA/136.jpg
0,train/ALABAMA/train_137.jpg,ALABAMA,train,train/ALABAMA/137.jpg
0,train/ALABAMA/train_138.jpg,ALABAMA,train,train/ALABAMA/138.jpg
0,train/ALABAMA/train_143.jpg,ALABAMA,train,train/ALABAMA/143.jpg
0,train/ALABAMA/train_144.jpg,ALABAMA,train,train/ALABAMA/144.jpg
0,train/ALABAMA/train_145.jpg,ALABAMA,train,train/ALABAMA/145.jpg
0,train/ALABAMA/train_146.jpg,ALABAMA,train,train/ALABAMA/146.jpg
0,train/ALABAMA/train_147.jpg,ALABAMA,train,train/ALABAMA/147.jpg
0,train/ALABAMA/train_148.jpg,ALABAMA,train,train/ALABAMA/148.jpg
0,train/ALABAMA/train_151.jpg,ALABAMA,train,train/ALABAMA/151.jpg
0,train/ALABAMA/train_152.jpg,ALABAMA,train,train/ALABAMA/152.jpg
0,train/ALABAMA/train_156.jpg,ALABAMA,train,train/ALABAMA/156.jpg
0,train/ALABAMA/train_157.jpg,ALABAMA,train,train/ALABAMA/157.jpg
0,train/ALABAMA/valid_1.jpg,ALABAMA,train,valid/ALABAMA/1.jpg
0,train/ALABAMA/valid_2.jpg,ALABAMA,train,valid/ALABAMA/2.jpg
0,train/ALABAMA/valid_3.jpg,ALABAMA,train,valid/ALABAMA/3.jpg
0,train/ALABAMA/valid_4.jpg,ALABAMA,train,valid/ALABAMA/4.jpg
1,train/ALASKA/test_1.jpg,ALASKA,train,test/ALASKA/1.jpg
1,train/ALASKA/test_2.jpg,ALASKA,train,test/ALASKA/2.jpg
1,train/ALASKA/test_3.jpg,ALASKA,train,test/ALASKA/3.jpg
1,train/ALASKA/test_4.jpg,ALASKA,train,test/ALASKA/4.jpg
1,train/ALASKA/test_5.jpg,ALASKA,train,test/ALASKA/5.jpg
1,train/ALASKA/train_001.jpg,ALASKA,train,train/ALASKA/001.jpg
1,train/ALASKA/train_004.jpg,ALASKA,train,train/ALASKA/004.jpg
1,train/ALASKA/train_005.jpg,ALASKA,train,train/ALASKA/005.jpg
1,train/ALASKA/train_006.jpg,ALASKA,train,train/ALASKA/006.jpg
1,train/ALASKA/train_007.jpg,ALASKA,train,train/ALASKA/007.jpg
1,train/ALASKA/train_008.jpg,ALASKA,train,train/ALASKA/008.jpg
1,train/ALASKA/train_009.jpg,ALASKA,train,train/ALASKA/009.jpg
1,train/ALASKA/train_010.jpg,ALASKA,train,train/ALASKA/010.jpg
1,train/ALASKA/train_011.jpg,ALASKA,train,train/ALASKA/011.jpg
1,train/ALASKA/train_015.jpg,ALASKA,train,train/ALASKA/015.jpg
1,train/ALASKA/train_016.jpg,ALASKA,train,train/ALASKA/016.jpg
1,train/ALASKA/train_018.jpg,ALASKA,train,train/ALASKA/018.jpg
1,train/ALASKA/train_020.jpg,ALASKA,train,train/ALASKA/020.jpg
1,train/ALASKA/train_022.jpg,ALASKA,train,train/ALASKA/022.jpg
1,train/ALASKA/train_023.jpg,ALASKA,train,train/ALASKA/023.jpg
1,train/ALASKA/train_025.jpg,ALASKA,train,train/ALASKA/025.jpg
1,train/ALASKA/train_026.jpg,ALASKA,train,train/ALASKA/026.jpg
1,train/ALASKA/train_027.jpg,ALASKA,train,train/ALASKA/027.jpg
1,train/ALASKA/train_028.jpg,ALASKA,train,train/ALASKA/028.jpg
1,train/ALASKA/train_029.jpg,ALASKA,train,train/ALASKA/029.jpg
1,train/ALASKA/train_030.jpg,ALASKA,train,train/ALASKA/030.jpg
1,train/ALASKA/train_031.jpg,ALASKA,train,train/ALASKA/031.jpg
1,train/ALASKA/train_032.jpg,ALASKA,train,train/ALASKA/032.jpg
1,train/ALASKA/train_034.jpg,ALASKA,train,train/ALASKA/034.jpg
1,train/ALASKA/train_035.jpg,ALASKA,train,train/ALASKA/035.jpg
1,train/ALASKA/train_036.jpg,ALASKA,train,train/ALASKA/036.jpg
1,train/ALASKA/train_037.jpg,ALASKA,train,train/ALASKA/037.jpg
1,train/ALASKA/train_038.jpg,ALASKA,train,train/ALASKA/038.jpg
1,train/ALASKA/train_039.jpg,ALASKA,train,train/ALASKA/039.jpg
1,train/ALASKA/train_043.jpg,ALASKA,train,train/ALASKA/043.jpg
1,train/ALASKA/train_044.jpg,ALASKA,train,train/ALASKA/044.jpg
1,train/ALASKA/train_045.jpg,ALASKA,train,train/ALASKA/045.jpg
1,train/ALASKA/train_046.jpg,ALASKA,train,train/ALASKA/046.jpg
1,train/ALASKA/train_047.jpg,ALASKA,train,train/ALASKA/047.jpg
1,train/ALASKA/train_049.jpg,ALASKA,train,train/ALASKA/049.jpg
1,train/ALASKA/train_050.jpg,ALASKA,train,train/ALASKA/050.jpg
1,train/ALASKA/train_051.jpg,ALASKA,train,train/ALASKA/051.jpg
1,train/ALASKA/train_052.jpg,ALASKA,train,train/ALASKA/052.jpg
1,train/ALASKA/train_054.jpg,ALASKA,train,train/ALASKA/054.jpg
1,train/ALASKA/train_055.jpg,ALASKA,train,train/ALASKA/055.jpg
1,train/ALASKA/train_056.jpg,ALASKA,train,train/ALASKA/056.jpg
1,train/ALASKA/train_057.jpg,ALASKA,train,train/ALASKA/057.jpg
1,train/ALASKA/train_059.jpg,ALASKA,train,train/ALASKA/059.jpg
1,train/ALASKA/train_062.jpg,ALASKA,train,train/ALASKA/062.jpg
1,train/ALASKA/train_063.jpg,ALASKA,train,train/ALASKA/063.jpg
1,train/ALASKA/train_064.jpg,ALASKA,train,train/ALASKA/064.jpg
1,train/ALASKA/train_065.jpg,ALASKA,train,train/ALASKA/065.jpg
1,train/ALASKA/train_067.jpg,ALASKA,train,train/ALASKA/067.jpg
1,train/ALASKA/train_068.jpg,ALASKA,train,train/ALASKA/068.jpg
1,train/ALASKA/train_072.jpg,ALASKA,train,train/ALASKA/072.jpg
1,train/ALASKA/train_074.jpg,ALASKA,train,train/ALASKA/074.jpg
1,train/ALASKA/train_076.jpg,ALASKA,train,train/ALASKA/076.jpg
1,train/ALASKA/train_077.jpg,ALASKA,train,train/ALASKA/077.jpg
1,train/ALASKA/train_078.jpg,ALASKA,train,train/ALASKA/078.jpg
1,train/ALASKA/train_079.jpg,ALASKA,train,train/ALASKA/079.jpg
1,train/ALASKA/train_080.jpg,ALASKA,train,train/ALASKA/080.jpg
1,train/ALASKA/train_083.jpg,ALASKA,train,train/ALASKA/083.jpg
1,train/ALASKA/train_084.jpg,ALASKA,train,train/ALASKA/084.jpg
1,train/ALASKA/train_085.jpg,ALASKA,train,train/ALASKA/085.jpg
1,train/ALASKA/train_086.jpg,ALASKA,train,train/ALASKA/086.jpg
1,train/ALASKA/train_087.jpg,ALASKA,train,train/ALASKA/087.jpg
1,train/ALASKA/train_088.jpg,ALASKA,train,train/ALASKA/088.jpg
1,train/ALASKA/train_089.jpg,ALASKA,train,train/ALASKA/089.jpg
1,train/ALASKA/train_090.jpg,ALASKA,train,train/ALASKA/090.jpg
1,train/ALASKA/train_091.jpg,ALASKA,train,train/ALASKA/091.jpg
1,train/ALASKA/train_092.jpg,ALASKA,train,train/ALASKA/092.jpg
1,train/ALASKA/train_093.jpg,ALASKA,train,train/ALASKA/093.jpg
1,train/ALASKA/train_094.jpg,ALASKA,train,train/ALASKA/094.jpg
1,train/ALASKA/train_096.jpg,ALASKA,train,train/ALASKA/096.jpg
1,train/ALASKA/train_097.jpg,ALASKA,train,train/ALASKA/097.jpg
1,train/ALASKA/train_101.jpg,ALASKA,train,train/ALASKA/101.jpg
1,train/ALASKA/train_102.jpg,ALASKA,train,train/ALASKA/102.jpg
1,train/ALASKA/train_104.jpg,ALASKA,train,train/ALASKA/104.jpg
1,train/ALASKA/train_109.jpg,ALASKA,train,train/ALASKA/109.jpg
1,train/ALASKA/train_111.jpg,ALASKA,train,train/ALASKA/111.jpg
1,train/ALASKA/train_112.jpg,ALASKA,train,train/ALASKA/112.jpg
1,train/ALASKA/train_113.jpg,ALASKA,train,train/ALASKA/113.jpg
1,train/ALASKA/train_115.jpg,ALASKA,train,train/ALASKA/115.jpg
1,train/ALASKA/train_116.jpg,ALASKA,train,train/ALASKA/116.jpg
1,train/ALASKA/train_117.jpg,ALASKA,train,train/ALASKA/117.jpg
1,train/ALASKA/train_118.jpg,ALASKA,train,train/ALASKA/118.jpg
1,train/ALASKA/train_120.jpg,ALASKA,train,train/ALASKA/120.jpg
1,train/ALASKA/train_121.jpg,ALASKA,train,train/ALASKA/121.jpg
1,train/ALASKA/train_122.jpg,ALASKA,train,train/ALASKA/122.jpg
1,train/ALASKA/train_124.jpg,ALASKA,train,train/ALASKA/124.jpg
1,train/ALASKA/train_126.jpg,ALASKA,train,train/ALASKA/126.jpg
1,train/ALASKA/train_127.jpg,ALASKA,train,train/ALASKA/127.jpg
1,train/ALASKA/train_128.jpg,ALASKA,train,train/ALASKA/128.jpg
1,train/ALASKA/train_129.jpg,ALASKA,train,train/ALASKA/129.jpg
1,train/ALASKA/train_130.jpg,ALASKA,train,train/ALASKA/130.jpg
1,train/ALASKA/train_132.jpg,ALASKA,train,train/ALASKA/132.jpg
1,train/ALASKA/train_133.jpg,ALASKA,train,train/ALASKA/133.jpg
1,train/ALASKA/train_134.jpg,ALASKA,train,train/ALASKA/134.jpg
1,train/ALASKA/train_135.jpg,ALASKA,train,train/ALASKA/135.jpg
1,train/ALASKA/train_137.jpg,ALASKA,train,train/ALASKA/137.jpg
1,train/ALASKA/train_139.jpg,ALASKA,train,train/ALASKA/139.jpg
1,train/ALASKA/train_140.jpg,ALASKA,train,train/ALASKA/140.jpg
1,train/ALASKA/train_142.jpg,ALASKA,train,train/ALASKA/142.jpg
1,train/ALASKA/train_143.jpg,ALASKA,train,train/ALASKA/143.jpg
1,train/ALASKA/train_144.jpg,ALASKA,train,train/ALASKA/144.jpg
1,train/ALASKA/train_145.jpg,ALASKA,train,train/ALASKA/145.jpg
1,train/ALASKA/train_146.jpg,ALASKA,train,train/ALASKA/146.jpg
1,train/ALASKA/valid_2.jpg,ALASKA,train,valid/ALASKA/2.jpg
1,train/ALASKA/valid_3.jpg,ALASKA,train,valid/ALASKA/3.jpg
1,train/ALASKA/valid_4.jpg,ALASKA,train,valid/ALASKA/4.jpg
1,train/ALASKA/valid_5.jpg,ALASKA,train,valid/ALASKA/5.jpg
2,train/AMERICAN SAMOA/test_1.jpg,AMERICAN SAMOA,train,test/AMERICAN SAMOA/1.jpg
2,train/AMERICAN SAMOA/test_2.jpg,AMERICAN SAMOA,train,test/AMERICAN SAMOA/2.jpg
2,train/AMERICAN SAMOA/test_3.jpg,AMERICAN SAMOA,train,test/AMERICAN SAMOA/3.jpg
2,train/AMERICAN SAMOA/test_4.jpg,AMERICAN SAMOA,train,test/AMERICAN SAMOA/4.jpg
2,train/AMERICAN SAMOA/train_001.jpg,AMERICAN SAMOA,train,train/AMERICAN SAMOA/001.jpg
2,train/AMERICAN SAMOA/train_002.jpg,AMERICAN SAMOA,train,train/AMERICAN SAMOA/002.jpg
2,train/AMERICAN SAMOA/train_003.jpg,AMERICAN SAMOA,train,train/AMERICAN SAMOA/003.jpg
2,train/AMERICAN SAMOA/train_004.jpg,AMERICAN SAMOA,train,train/AMERICAN SAMOA/004.jpg
2,train/AMERICAN SAMOA/train_005.jpg,AMERICAN SAMOA,train,train/AMERICAN SAMOA/005.jpg
2,train/AMERICAN SAMOA/train_006.jpg,AMERICAN SAMOA,train,train/AMERICAN SAMOA/006.jpg
2,train/AMERICAN SAMOA/train_011.jpg,AMERICAN SAMOA,train,train/AMERICAN SAMOA/011.jpg
2,train/AMERICAN SAMOA/train_013.jpg,AMERICAN SAMOA,train,train/AMERICAN SAMOA/013.jpg
2,train/AMERICAN SAMOA/train_015.jpg,AMERICAN SAMOA,train,train/AMERICAN SAMOA/015.jpg
2,train/AMERICAN SAMOA/train_017.jpg,AMERICAN SAMOA,train,train/AMERICAN SAMOA/017.jpg
2,train/AMERICAN SAMOA/train_018.jpg,AMERICAN SAMOA,train,train/AMERICAN SAMOA/018.jpg
2,train/AMERICAN SAMOA/train_019.jpg,AMERICAN SAMOA,train,train/AMERICAN SAMOA/019.jpg
2,train/AMERICAN SAMOA/train_020.jpg,AMERICAN SAMOA,train,train/AMERICAN SAMOA/020.jpg
2,train/AMERICAN SAMOA/train_021.jpg,AMERICAN SAMOA,train,train/AMERICAN SAMOA/021.jpg
2,train/AMERICAN SAMOA/train_022.jpg,AMERICAN SAMOA,train,train/AMERICAN SAMOA/022.jpg
2,train/AMERICAN SAMOA/train_023.jpg,AMERICAN SAMOA,train,train/AMERICAN SAMOA/023.jpg
2,train/AMERICAN SAMOA/train_024.jpg,AMERICAN SAMOA,train,train/AMERICAN SAMOA/024.jpg
2,train/AMERICAN SAMOA/train_026.jpg,AMERICAN SAMOA,train,train/AMERICAN SAMOA/026.jpg
2,train/AMERICAN SAMOA/train_027.jpg,AMERICAN SAMOA,train,train/AMERICAN SAMOA/027.jpg
2,train/AMERICAN SAMOA/train_028.jpg,AMERICAN SAMOA,train,train/AMERICAN SAMOA/028.jpg
2,train/AMERICAN SAMOA/train_029.jpg,AMERICAN SAMOA,train,train/AMERICAN SAMOA/029.jpg
2,train/AMERICAN SAMOA/train_030.jpg,AMERICAN SAMOA,train,train/AMERICAN SAMOA/030.jpg
2,train/AMERICAN SAMOA/train_032.jpg,AMERICAN SAMOA,train,train/AMERICAN SAMOA/032.jpg
2,train/AMERICAN SAMOA/train_035.jpg,AMERICAN SAMOA,train,train/AMERICAN SAMOA/035.jpg
2,train/AMERICAN SAMOA/train_036.jpg,AMERICAN SAMOA,train,train/AMERICAN SAMOA/036.jpg
2,train/AMERICAN SAMOA/train_038.jpg,AMERICAN SAMOA,train,train/AMERICAN SAMOA/038.jpg
2,train/AMERICAN SAMOA/train_039.jpg,AMERICAN SAMOA,train,train/AMERICAN SAMOA/039.jpg
2,train/AMERICAN SAMOA/train_040.jpg,AMERICAN SAMOA,train,train/AMERICAN SAMOA/040.jpg
2,train/AMERICAN SAMOA/train_042.jpg,AMERICAN SAMOA,train,train/AMERICAN SAMOA/042.jpg
2,train/AMERICAN SAMOA/train_043.jpg,AMERICAN SAMOA,train,train/AMERICAN SAMOA/043.jpg
2,train/AMERICAN SAMOA/train_044.jpg,AMERICAN SAMOA,train,train/AMERICAN SAMOA/044.jpg
2,train/AMERICAN SAMOA/train_045.jpg,AMERICAN SAMOA,train,train/AMERICAN SAMOA/045.jpg
2,train/AMERICAN SAMOA/train_048.jpg,AMERICAN SAMOA,train,train/AMERICAN SAMOA/048.jpg
2,train/AMERICAN SAMOA/train_050.jpg,AMERICAN SAMOA,train,train/AMERICAN SAMOA/050.jpg
2,train/AMERICAN SAMOA/train_051.jpg,AMERICAN SAMOA,train,train/AMERICAN SAMOA/051.jpg
2,train/AMERICAN SAMOA/train_052.jpg,AMERICAN SAMOA,train,train/AMERICAN SAMOA/052.jpg
2,train/AMERICAN SAMOA/train_053.jpg,AMERICAN SAMOA,train,train/AMERICAN SAMOA/053.jpg
2,train/AMERICAN SAMOA/train_057.jpg,AMERICAN SAMOA,train,train/AMERICAN SAMOA/057.jpg
2,train/AMERICAN SAMOA/train_058.jpg,AMERICAN SAMOA,train,train/AMERICAN SAMOA/058.jpg
2,train/AMERICAN SAMOA/train_059.jpg,AMERICAN SAMOA,train,train/AMERICAN SAMOA/059.jpg
2,train/AMERICAN SAMOA/train_061.jpg,AMERICAN SAMOA,train,train/AMERICAN SAMOA/061.jpg
2,train/AMERICAN SAMOA/train_062.jpg,AMERICAN SAMOA,train,train/AMERICAN SAMOA/062.jpg
2,train/AMERICAN SAMOA/train_063.jpg,AMERICAN SAMOA,train,train/AMERICAN SAMOA/063.jpg
2,train/AMERICAN SAMOA/train_064.jpg,AMERICAN SAMOA,train,train/AMERICAN SAMOA/064.jpg
2,train/AMERICAN SAMOA/train_065.jpg,AMERICAN SAMOA,train,train/AMERICAN SAMOA/065.jpg
2,train/AMERICAN SAMOA/train_067.jpg,AMERICAN SAMOA,train,train/AMERICAN SAMOA/067.jpg
2,train/AMERICAN SAMOA/train_069.jpg,AMERICAN SAMOA,train,train/AMERICAN SAMOA/069.jpg
2,train/AMERICAN SAMOA/train_070.jpg,AMERICAN SAMOA,train,train/AMERICAN SAMOA/070.jpg
2,train/AMERICAN SAMOA/train_071.jpg,AMERICAN SAMOA,train,train/AMERICAN SAMOA/071.jpg
2,train/AMERICAN SAMOA/train_072.jpg,AMERICAN SAMOA,train,train/AMERICAN SAMOA/072.jpg
2,train/AMERICAN SAMOA/train_074.jpg,AMERICAN SAMOA,train,train/AMERICAN SAMOA/074.jpg
2,train/AMERICAN SAMOA/train_075.jpg,AMERICAN SAMOA,train,train/AMERICAN SAMOA/075.jpg
2,train/AMERICAN SAMOA/train_077.jpg,AMERICAN SAMOA,train,train/AMERICAN SAMOA/077.jpg
2,train/AMERICAN SAMOA/train_078.jpg,AMERICAN SAMOA,train,train/AMERICAN SAMOA/078.jpg
2,train/AMERICAN SAMOA/train_079.jpg,AMERICAN SAMOA,train,train/AMERICAN SAMOA/079.jpg
2,train/AMERICAN SAMOA/train_080.jpg,AMERICAN SAMOA,train,train/AMERICAN SAMOA/080.jpg
2,train/AMERICAN SAMOA/train_081.jpg,AMERICAN SAMOA,train,train/AMERICAN SAMOA/081.jpg
2,train/AMERICAN SAMOA/train_082.jpg,AMERICAN SAMOA,train,train/AMERICAN SAMOA/082.jpg
2,train/AMERICAN SAMOA/train_083.jpg,AMERICAN SAMOA,train,train/AMERICAN SAMOA/083.jpg
2,train/AMERICAN SAMOA/train_090.jpg,AMERICAN SAMOA,train,train/AMERICAN SAMOA/090.jpg
2,train/AMERICAN SAMOA/train_092.jpg,AMERICAN SAMOA,train,train/AMERICAN SAMOA/092.jpg
2,train/AMERICAN SAMOA/train_093.jpg,AMERICAN SAMOA,train,train/AMERICAN SAMOA/093.jpg
2,train/AMERICAN SAMOA/train_094.jpg,AMERICAN SAMOA,train,train/AMERICAN SAMOA/094.jpg
2,train/AMERICAN SAMOA/train_095.jpg,AMERICAN SAMOA,train,train/AMERICAN SAMOA/095.jpg
2,train/AMERICAN SAMOA/train_096.jpg,AMERICAN SAMOA,train,train/AMERICAN SAMOA/096.jpg
2,train/AMERICAN SAMOA/train_097.jpg,AMERICAN SAMOA,train,train/AMERICAN SAMOA/097.jpg
2,train/AMERICAN SAMOA/train_099.jpg,AMERICAN SAMOA,train,train/AMERICAN SAMOA/099.jpg
2,train/AMERICAN SAMOA/train_102.jpg,AMERICAN SAMOA,train,train/AMERICAN SAMOA/102.jpg
2,train/AMERICAN SAMOA/train_103.jpg,AMERICAN SAMOA,train,train/AMERICAN SAMOA/103.jpg
2,train/AMERICAN SAMOA/train_104.jpg,AMERICAN SAMOA,train,train/AMERICAN SAMOA/104.jpg
2,train/AMERICAN SAMOA/train_105.jpg,AMERICAN SAMOA,train,train/AMERICAN SAMOA/105.jpg
2,train/AMERICAN SAMOA/train_107.jpg,AMERICAN SAMOA,train,train/AMERICAN SAMOA/107.jpg
2,train/AMERICAN SAMOA/train_108.jpg,AMERICAN SAMOA,train,train/AMERICAN SAMOA/108.jpg
2,train/AMERICAN SAMOA/train_109.jpg,AMERICAN SAMOA,train,train/AMERICAN SAMOA/109.jpg
2,train/AMERICAN SAMOA/train_110.jpg,AMERICAN SAMOA,train,train/AMERICAN SAMOA/110.jpg
2,train/AMERICAN SAMOA/train_111.jpg,AMERICAN SAMOA,train,train/AMERICAN SAMOA/111.jpg
2,train/AMERICAN SAMOA/train_112.jpg,AMERICAN SAMOA,train,train/AMERICAN SAMOA/112.jpg
2,train/AMERICAN SAMOA/train_114.jpg,AMERICAN SAMOA,train,train/AMERICAN SAMOA/114.jpg
2,train/AMERICAN SAMOA/train_115.jpg,AMERICAN SAMOA,train,train/AMERICAN SAMOA/115.jpg
2,train/AMERICAN SAMOA/train_116.jpg,AMERICAN SAMOA,train,train/AMERICAN SAMOA/116.jpg
2,train/AMERICAN SAMOA/train_117.jpg,AMERICAN SAMOA,train,train/AMERICAN SAMOA/117.jpg
2,train/AMERICAN SAMOA/train_118.jpg,AMERICAN SAMOA,train,train/AMERICAN SAMOA/118.jpg
2,train/AMERICAN SAMOA/train_119.jpg,AMERICAN SAMOA,train,train/AMERICAN SAMOA/119.jpg
2,train/AMERICAN SAMOA/train_120.jpg,AMERICAN SAMOA,train,train/AMERICAN SAMOA/120.jpg
2,train/AMERICAN SAMOA/train_121.jpg,AMERICAN SAMOA,train,train/AMERICAN SAMOA/121.jpg
2,train/AMERICAN SAMOA/train_122.jpg,AMERICAN SAMOA,train,train/AMERICAN SAMOA/122.jpg
2,train/AMERICAN SAMOA/train_123.jpg,AMERICAN SAMOA,train,train/AMERICAN SAMOA/123.jpg
2,train/AMERICAN SAMOA/train_125.jpg,AMERICAN SAMOA,train,train/AMERICAN SAMOA/125.jpg
2,train/AMERICAN SAMOA/train_126.jpg,AMERICAN SAMOA,train,train/AMERICAN SAMOA/126.jpg
2,train/AMERICAN SAMOA/train_127.jpg,AMERICAN SAMOA,train,train/AMERICAN SAMOA/127.jpg
2,train/AMERICAN SAMOA/train_128.jpg,AMERICAN SAMOA,train,train/AMERICAN SAMOA/128.jpg
2,train/AMERICAN SAMOA/train_129.jpg,AMERICAN SAMOA,train,train/AMERICAN SAMOA/129.jpg
2,train/AMERICAN SAMOA/train_131.jpg,AMERICAN SAMOA,train,train/AMERICAN SAMOA/131.jpg
2,train/AMERICAN SAMOA/train_132.jpg,AMERICAN SAMOA,train,train/AMERICAN SAMOA/132.jpg
2,train/AMERICAN SAMOA/train_133.jpg,AMERICAN SAMOA,train,train/AMERICAN SAMOA/133.jpg
2,train/AMERICAN SAMOA/train_134.jpg,AMERICAN SAMOA,train,train/AMERICAN SAMOA/134.jpg
2,train/AMERICAN SAMOA/train_135.jpg,AMERICAN SAMOA,train,train/AMERICAN SAMOA/135.jpg
2,train/AMERICAN SAMOA/train_136.jpg,AMERICAN SAMOA,train,train/AMERICAN SAMOA/136.jpg
2,train/AMERICAN SAMOA/train_137.jpg,AMERICAN SAMOA,train,train/AMERICAN SAMOA/137.jpg
2,train/AMERICAN SAMOA/train_141.jpg,AMERICAN SAMOA,train,train/AMERICAN SAMOA/141.jpg
2,train/AMERICAN SAMOA/train_142.jpg,AMERICAN SAMOA,train,train/AMERICAN SAMOA/142.jpg
2,train/AMERICAN SAMOA/train_143.jpg,AMERICAN SAMOA,train,train/AMERICAN SAMOA/143.jpg
2,train/AMERICAN SAMOA/valid_3.jpg,AMERICAN SAMOA,train,valid/AMERICAN SAMOA/3.jpg
3,train/ARIZONA/test_1.jpg,ARIZONA,train,test/ARIZONA/1.jpg
3,train/ARIZONA/test_2.jpg,ARIZONA,train,test/ARIZONA/2.jpg
3,train/ARIZONA/test_3.jpg,ARIZONA,train,test/ARIZONA/3.jpg
3,train/ARIZONA/test_4.jpg,ARIZONA,train,test/ARIZONA/4.jpg
3,train/ARIZONA/test_5.jpg,ARIZONA,train,test/ARIZONA/5.jpg
3,train/ARIZONA/train_003.jpg,ARIZONA,train,train/ARIZONA/003.jpg
3,train/ARIZONA/train_004.jpg,ARIZONA,train,train/ARIZONA/004.jpg
3,train/ARIZONA/train_007.jpg,ARIZONA,train,train/ARIZONA/007.jpg
3,train/ARIZONA/train_008.jpg,ARIZONA,train,train/ARIZONA/008.jpg
3,train/ARIZONA/train_009.jpg,ARIZONA,train,train/ARIZONA/009.jpg
3,train/ARIZONA/train_010.jpg,ARIZONA,train,train/ARIZONA/010.jpg
3,train/ARIZONA/train_011.jpg,ARIZONA,train,train/ARIZONA/011.jpg
3,train/ARIZONA/train_013.jpg,ARIZONA,train,train/ARIZONA/013.jpg
3,train/ARIZONA/train_014.jpg,ARIZONA,train,train/ARIZONA/014.jpg
3,train/ARIZONA/train_016.jpg,ARIZONA,train,train/ARIZONA/016.jpg
3,train/ARIZONA/train_017.jpg,ARIZONA,train,train/ARIZONA/017.jpg
3,train/ARIZONA/train_018.jpg,ARIZONA,train,train/ARIZONA/018.jpg
3,train/ARIZONA/train_019.jpg,ARIZONA,train,train/ARIZONA/019.jpg
3,train/ARIZONA/train_020.jpg,ARIZONA,train,train/ARIZONA/020.jpg
3,train/ARIZONA/train_021.jpg,ARIZONA,train,train/ARIZONA/021.jpg
3,train/ARIZONA/train_022.jpg,ARIZONA,train,train/ARIZONA/022.jpg
3,train/ARIZONA/train_024.jpg,ARIZONA,train,train/ARIZONA/024.jpg
3,train/ARIZONA/train_025.jpg,ARIZONA,train,train/ARIZONA/025.jpg
3,train/ARIZONA/train_026.jpg,ARIZONA,train,train/ARIZONA/026.jpg
3,train/ARIZONA/train_029.jpg,ARIZONA,train,train/ARIZONA/029.jpg
3,train/ARIZONA/train_031.jpg,ARIZONA,train,train/ARIZONA/031.jpg
3,train/ARIZONA/train_032.jpg,ARIZONA,train,train/ARIZONA/032.jpg
3,train/ARIZONA/train_033.jpg,ARIZONA,train,train/ARIZONA/033.jpg
3,train/ARIZONA/train_034.jpg,ARIZONA,train,train/ARIZONA/034.jpg
3,train/ARIZONA/train_038.jpg,ARIZONA,train,train/ARIZONA/038.jpg
3,train/ARIZONA/train_039.jpg,ARIZONA,train,train/ARIZONA/039.jpg
3,train/ARIZONA/train_041.jpg,ARIZONA,train,train/ARIZONA/041.jpg
3,train/ARIZONA/train_043.jpg,ARIZONA,train,train/ARIZONA/043.jpg
3,train/ARIZONA/train_044.jpg,ARIZONA,train,train/ARIZONA/044.jpg
3,train/ARIZONA/train_046.jpg,ARIZONA,train,train/ARIZONA/046.jpg
3,train/ARIZONA/train_047.jpg,ARIZONA,train,train/ARIZONA/047.jpg
3,train/ARIZONA/train_048.jpg,ARIZONA,train,train/ARIZONA/048.jpg
3,train/ARIZONA/train_049.jpg,ARIZONA,train,train/ARIZONA/049.jpg
3,train/ARIZONA/train_050.jpg,ARIZONA,train,train/ARIZONA/050.jpg
3,train/ARIZONA/train_051.jpg,ARIZONA,train,train/ARIZONA/051.jpg
3,train/ARIZONA/train_052.jpg,ARIZONA,train,train/ARIZONA/052.jpg
3,train/ARIZONA/train_055.jpg,ARIZONA,train,train/ARIZONA/055.jpg
3,train/ARIZONA/train_056.jpg,ARIZONA,train,train/ARIZONA/056.jpg
3,train/ARIZONA/train_057.jpg,ARIZONA,train,train/ARIZONA/057.jpg
3,train/ARIZONA/train_058.jpg,ARIZONA,train,train/ARIZONA/058.jpg
3,train/ARIZONA/train_059.jpg,ARIZONA,train,train/ARIZONA/059.jpg
3,train/ARIZONA/train_060.jpg,ARIZONA,train,train/ARIZONA/060.jpg
3,train/ARIZONA/train_061.jpg,ARIZONA,train,train/ARIZONA/061.jpg
3,train/ARIZONA/train_062.jpg,ARIZONA,train,train/ARIZONA/062.jpg
3,train/ARIZONA/train_063.jpg,ARIZONA,train,train/ARIZONA/063.jpg
3,train/ARIZONA/train_065.jpg,ARIZONA,train,train/ARIZONA/065.jpg
3,train/ARIZONA/train_067.jpg,ARIZONA,train,train/ARIZONA/067.jpg
3,train/ARIZONA/train_068.jpg,ARIZONA,train,train/ARIZONA/068.jpg
3,train/ARIZONA/train_069.jpg,ARIZONA,train,train/ARIZONA/069.jpg
3,train/ARIZONA/train_070.jpg,ARIZONA,train,train/ARIZONA/070.jpg
3,train/ARIZONA/train_071.jpg,ARIZONA,train,train/ARIZONA/071.jpg
3,train/ARIZONA/train_072.jpg,ARIZONA,train,train/ARIZONA/072.jpg
3,train/ARIZONA/train_073.jpg,ARIZONA,train,train/ARIZONA/073.jpg
3,train/ARIZONA/train_074.jpg,ARIZONA,train,train/ARIZONA/074.jpg
3,train/ARIZONA/train_078.jpg,ARIZONA,train,train/ARIZONA/078.jpg
3,train/ARIZONA/train_079.jpg,ARIZONA,train,train/ARIZONA/079.jpg
3,train/ARIZONA/train_080.jpg,ARIZONA,train,train/ARIZONA/080.jpg
3,train/ARIZONA/train_081.jpg,ARIZONA,train,train/ARIZONA/081.jpg
3,train/ARIZONA/train_082.jpg,ARIZONA,train,train/ARIZONA/082.jpg
3,train/ARIZONA/train_084.jpg,ARIZONA,train,train/ARIZONA/084.jpg
3,train/ARIZONA/train_086.jpg,ARIZONA,train,train/ARIZONA/086.jpg
3,train/ARIZONA/train_087.jpg,ARIZONA,train,train/ARIZONA/087.jpg
3,train/ARIZONA/train_089.jpg,ARIZONA,train,train/ARIZONA/089.jpg
3,train/ARIZONA/train_090.jpg,ARIZONA,train,train/ARIZONA/090.jpg
3,train/ARIZONA/train_092.jpg,ARIZONA,train,train/ARIZONA/092.jpg
3,train/ARIZONA/train_093.jpg,ARIZONA,train,train/ARIZONA/093.jpg
3,train/ARIZONA/train_094.jpg,ARIZONA,train,train/ARIZONA/094.jpg
3,train/ARIZONA/train_095.jpg,ARIZONA,train,train/ARIZONA/095.jpg
3,train/ARIZONA/train_096.jpg,ARIZONA,train,train/ARIZONA/096.jpg
3,train/ARIZONA/train_097.jpg,ARIZONA,train,train/ARIZONA/097.jpg
3,train/ARIZONA/train_098.jpg,ARIZONA,train,train/ARIZONA/098.jpg
3,train/ARIZONA/train_099.jpg,ARIZONA,train,train/ARIZONA/099.jpg
3,train/ARIZONA/train_100.jpg,ARIZONA,train,train/ARIZONA/100.jpg
3,train/ARIZONA/train_104.jpg,ARIZONA,train,train/ARIZONA/104.jpg
3,train/ARIZONA/train_105.jpg,ARIZONA,train,train/ARIZONA/105.jpg
3,train/ARIZONA/train_107.jpg,ARIZONA,train,train/ARIZONA/107.jpg
3,train/ARIZONA/train_108.jpg,ARIZONA,train,train/ARIZONA/108.jpg
3,train/ARIZONA/train_109.jpg,ARIZONA,train,train/ARIZONA/109.jpg
3,train/ARIZONA/train_111.jpg,ARIZONA,train,train/ARIZONA/111.jpg
3,train/ARIZONA/train_112.jpg,ARIZONA,train,train/ARIZONA/112.jpg
3,train/ARIZONA/train_113.jpg,ARIZONA,train,train/ARIZONA/113.jpg
3,train/ARIZONA/train_114.jpg,ARIZONA,train,train/ARIZONA/114.jpg
3,train/ARIZONA/train_115.jpg,ARIZONA,train,train/ARIZONA/115.jpg
3,train/ARIZONA/train_116.jpg,ARIZONA,train,train/ARIZONA/116.jpg
3,train/ARIZONA/train_118.jpg,ARIZONA,train,train/ARIZONA/118.jpg
3,train/ARIZONA/train_119.jpg,ARIZONA,train,train/ARIZONA/119.jpg
3,train/ARIZONA/train_120.jpg,ARIZONA,train,train/ARIZONA/120.jpg
3,train/ARIZONA/train_123.jpg,ARIZONA,train,train/ARIZONA/123.jpg
3,train/ARIZONA/train_124.jpg,ARIZONA,train,train/ARIZONA/124.jpg
3,train/ARIZONA/train_125.jpg,ARIZONA,train,train/ARIZONA/125.jpg
3,train/ARIZONA/train_126.jpg,ARIZONA,train,train/ARIZONA/126.jpg
3,train/ARIZONA/train_129.jpg,ARIZONA,train,train/ARIZONA/129.jpg
3,train/ARIZONA/train_130.jpg,ARIZONA,train,train/ARIZONA/130.jpg
3,train/ARIZONA/train_131.jpg,ARIZONA,train,train/ARIZONA/131.jpg
3,train/ARIZONA/train_132.jpg,ARIZONA,train,train/ARIZONA/132.jpg
3,train/ARIZONA/train_134.jpg,ARIZONA,train,train/ARIZONA/134.jpg
3,train/ARIZONA/train_135.jpg,ARIZONA,train,train/ARIZONA/135.jpg
3,train/ARIZONA/train_136.jpg,ARIZONA,train,train/ARIZONA/136.jpg
3,train/ARIZONA/train_139.jpg,ARIZONA,train,train/ARIZONA/139.jpg
3,train/ARIZONA/valid_5.jpg,ARIZONA,train,valid/ARIZONA/5.jpg
4,train/ARKANSAS/test_1.jpg,ARKANSAS,train,test/ARKANSAS/1.jpg
4,train/ARKANSAS/test_2.jpg,ARKANSAS,train,test/ARKANSAS/2.jpg
4,train/ARKANSAS/test_3.jpg,ARKANSAS,train,test/ARKANSAS/3.jpg
4,train/ARKANSAS/test_4.jpg,ARKANSAS,train,test/ARKANSAS/4.jpg
4,train/ARKANSAS/test_5.jpg,ARKANSAS,train,test/ARKANSAS/5.jpg
4,train/ARKANSAS/train_001.jpg,ARKANSAS,train,train/ARKANSAS/001.jpg
4,train/ARKANSAS/train_002.jpg,ARKANSAS,train,train/ARKANSAS/002.jpg
4,train/ARKANSAS/train_003.jpg,ARKANSAS,train,train/ARKANSAS/003.jpg
4,train/ARKANSAS/train_004.jpg,ARKANSAS,train,train/ARKANSAS/004.jpg
4,train/ARKANSAS/train_005.jpg,ARKANSAS,train,train/ARKANSAS/005.jpg
4,train/ARKANSAS/train_007.jpg,ARKANSAS,train,train/ARKANSAS/007.jpg
4,train/ARKANSAS/train_008.jpg,ARKANSAS,train,train/ARKANSAS/008.jpg
4,train/ARKANSAS/train_009.jpg,ARKANSAS,train,train/ARKANSAS/009.jpg
4,train/ARKANSAS/train_010.jpg,ARKANSAS,train,train/ARKANSAS/010.jpg
4,train/ARKANSAS/train_015.jpg,ARKANSAS,train,train/ARKANSAS/015.jpg
4,train/ARKANSAS/train_017.jpg,ARKANSAS,train,train/ARKANSAS/017.jpg
4,train/ARKANSAS/train_019.jpg,ARKANSAS,train,train/ARKANSAS/019.jpg
4,train/ARKANSAS/train_020.jpg,ARKANSAS,train,train/ARKANSAS/020.jpg
4,train/ARKANSAS/train_021.jpg,ARKANSAS,train,train/ARKANSAS/021.jpg
4,train/ARKANSAS/train_022.jpg,ARKANSAS,train,train/ARKANSAS/022.jpg
4,train/ARKANSAS/train_023.jpg,ARKANSAS,train,train/ARKANSAS/023.jpg
4,train/ARKANSAS/train_025.jpg,ARKANSAS,train,train/ARKANSAS/025.jpg
4,train/ARKANSAS/train_028.jpg,ARKANSAS,train,train/ARKANSAS/028.jpg
4,train/ARKANSAS/train_029.jpg,ARKANSAS,train,train/ARKANSAS/029.jpg
4,train/ARKANSAS/train_030.jpg,ARKANSAS,train,train/ARKANSAS/030.jpg
4,train/ARKANSAS/train_032.jpg,ARKANSAS,train,train/ARKANSAS/032.jpg
4,train/ARKANSAS/train_033.jpg,ARKANSAS,train,train/ARKANSAS/033.jpg
4,train/ARKANSAS/train_034.jpg,ARKANSAS,train,train/ARKANSAS/034.jpg
4,train/ARKANSAS/train_036.jpg,ARKANSAS,train,train/ARKANSAS/036.jpg
4,train/ARKANSAS/train_037.jpg,ARKANSAS,train,train/ARKANSAS/037.jpg
4,train/ARKANSAS/train_038.jpg,ARKANSAS,train,train/ARKANSAS/038.jpg
4,train/ARKANSAS/train_039.jpg,ARKANSAS,train,train/ARKANSAS/039.jpg
4,train/ARKANSAS/train_040.jpg,ARKANSAS,train,train/ARKANSAS/040.jpg
4,train/ARKANSAS/train_041.jpg,ARKANSAS,train,train/ARKANSAS/041.jpg
4,train/ARKANSAS/train_042.jpg,ARKANSAS,train,train/ARKANSAS/042.jpg
4,train/ARKANSAS/train_044.jpg,ARKANSAS,train,train/ARKANSAS/044.jpg
4,train/ARKANSAS/train_046.jpg,ARKANSAS,train,train/ARKANSAS/046.jpg
4,train/ARKANSAS/train_047.jpg,ARKANSAS,train,train/ARKANSAS/047.jpg
4,train/ARKANSAS/train_048.jpg,ARKANSAS,train,train/ARKANSAS/048.jpg
4,train/ARKANSAS/train_050.jpg,ARKANSAS,train,train/ARKANSAS/050.jpg
4,train/ARKANSAS/train_052.jpg,ARKANSAS,train,train/ARKANSAS/052.jpg
4,train/ARKANSAS/train_053.jpg,ARKANSAS,train,train/ARKANSAS/053.jpg
4,train/ARKANSAS/train_054.jpg,ARKANSAS,train,train/ARKANSAS/054.jpg
4,train/ARKANSAS/train_058.jpg,ARKANSAS,train,train/ARKANSAS/058.jpg
4,train/ARKANSAS/train_059.jpg,ARKANSAS,train,train/ARKANSAS/059.jpg
4,train/ARKANSAS/train_060.jpg,ARKANSAS,train,train/ARKANSAS/060.jpg
4,train/ARKANSAS/train_063.jpg,ARKANSAS,train,train/ARKANSAS/063.jpg
4,train/ARKANSAS/train_064.jpg,ARKANSAS,train,train/ARKANSAS/064.jpg
4,train/ARKANSAS/train_067.jpg,ARKANSAS,train,train/ARKANSAS/067.jpg
4,train/ARKANSAS/train_069.jpg,ARKANSAS,train,train/ARKANSAS/069.jpg
4,train/ARKANSAS/train_070.jpg,ARKANSAS,train,train/ARKANSAS/070.jpg
4,train/ARKANSAS/train_071.jpg,ARKANSAS,train,train/ARKANSAS/071.jpg
4,train/ARKANSAS/train_072.jpg,ARKANSAS,train,train/ARKANSAS/072.jpg
4,train/ARKANSAS/train_073.jpg,ARKANSAS,train,train/ARKANSAS/073.jpg
4,train/ARKANSAS/train_074.jpg,ARKANSAS,train,train/ARKANSAS/074.jpg
4,train/ARKANSAS/train_075.jpg,ARKANSAS,train,train/ARKANSAS/075.jpg
4,train/ARKANSAS/train_076.jpg,ARKANSAS,train,train/ARKANSAS/076.jpg
4,train/ARKANSAS/train_077.jpg,ARKANSAS,train,train/ARKANSAS/077.jpg
4,train/ARKANSAS/train_079.jpg,ARKANSAS,train,train/ARKANSAS/079.jpg
4,train/ARKANSAS/train_080.jpg,ARKANSAS,train,train/ARKANSAS/080.jpg
4,train/ARKANSAS/train_081.jpg,ARKANSAS,train,train/ARKANSAS/081.jpg
4,train/ARKANSAS/train_082.jpg,ARKANSAS,train,train/ARKANSAS/082.jpg
4,train/ARKANSAS/train_084.jpg,ARKANSAS,train,train/ARKANSAS/084.jpg
4,train/ARKANSAS/train_085.jpg,ARKANSAS,train,train/ARKANSAS/085.jpg
4,train/ARKANSAS/train_088.jpg,ARKANSAS,train,train/ARKANSAS/088.jpg
4,train/ARKANSAS/train_089.jpg,ARKANSAS,train,train/ARKANSAS/089.jpg
4,train/ARKANSAS/train_090.jpg,ARKANSAS,train,train/ARKANSAS/090.jpg
4,train/ARKANSAS/train_093.jpg,ARKANSAS,train,train/ARKANSAS/093.jpg
4,train/ARKANSAS/train_094.jpg,ARKANSAS,train,train/ARKANSAS/094.jpg
4,train/ARKANSAS/train_097.jpg,ARKANSAS,train,train/ARKANSAS/097.jpg
4,train/ARKANSAS/train_098.jpg,ARKANSAS,train,train/ARKANSAS/098.jpg
4,train/ARKANSAS/train_099.jpg,ARKANSAS,train,train/ARKANSAS/099.jpg
4,train/ARKANSAS/train_100.jpg,ARKANSAS,train,train/ARKANSAS/100.jpg
4,train/ARKANSAS/train_101.jpg,ARKANSAS,train,train/ARKANSAS/101.jpg
4,train/ARKANSAS/train_102.jpg,ARKANSAS,train,train/ARKANSAS/102.jpg
4,train/ARKANSAS/train_103.jpg,ARKANSAS,train,train/ARKANSAS/103.jpg
4,train/ARKANSAS/train_104.jpg,ARKANSAS,train,train/ARKANSAS/104.jpg
4,train/ARKANSAS/train_105.jpg,ARKANSAS,train,train/ARKANSAS/105.jpg
4,train/ARKANSAS/train_106.jpg,ARKANSAS,train,train/ARKANSAS/106.jpg
4,train/ARKANSAS/train_107.jpg,ARKANSAS,train,train/ARKANSAS/107.jpg
4,train/ARKANSAS/train_108.jpg,ARKANSAS,train,train/ARKANSAS/108.jpg
4,train/ARKANSAS/train_111.jpg,ARKANSAS,train,train/ARKANSAS/111.jpg
4,train/ARKANSAS/train_112.jpg,ARKANSAS,train,train/ARKANSAS/112.jpg
4,train/ARKANSAS/train_113.jpg,ARKANSAS,train,train/ARKANSAS/113.jpg
4,train/ARKANSAS/train_114.jpg,ARKANSAS,train,train/ARKANSAS/114.jpg
4,train/ARKANSAS/train_117.jpg,ARKANSAS,train,train/ARKANSAS/117.jpg
4,train/ARKANSAS/train_119.jpg,ARKANSAS,train,train/ARKANSAS/119.jpg
4,train/ARKANSAS/train_121.jpg,ARKANSAS,train,train/ARKANSAS/121.jpg
4,train/ARKANSAS/train_124.jpg,ARKANSAS,train,train/ARKANSAS/124.jpg
4,train/ARKANSAS/train_127.jpg,ARKANSAS,train,train/ARKANSAS/127.jpg
4,train/ARKANSAS/train_129.jpg,ARKANSAS,train,train/ARKANSAS/129.jpg
4,train/ARKANSAS/train_130.jpg,ARKANSAS,train,train/ARKANSAS/130.jpg
4,train/ARKANSAS/train_131.jpg,ARKANSAS,train,train/ARKANSAS/131.jpg
4,train/ARKANSAS/train_133.jpg,ARKANSAS,train,train/ARKANSAS/133.jpg
4,train/ARKANSAS/train_134.jpg,ARKANSAS,train,train/ARKANSAS/134.jpg
4,train/ARKANSAS/train_135.jpg,ARKANSAS,train,train/ARKANSAS/135.jpg
4,train/ARKANSAS/train_136.jpg,ARKANSAS,train,train/ARKANSAS/136.jpg
4,train/ARKANSAS/train_137.jpg,ARKANSAS,train,train/ARKANSAS/137.jpg
4,train/ARKANSAS/train_138.jpg,ARKANSAS,train,train/ARKANSAS/138.jpg
4,train/ARKANSAS/train_139.jpg,ARKANSAS,train,train/ARKANSAS/139.jpg
4,train/ARKANSAS/train_140.jpg,ARKANSAS,train,train/ARKANSAS/140.jpg
4,train/ARKANSAS/train_141.jpg,ARKANSAS,train,train/ARKANSAS/141.jpg
4,train/ARKANSAS/train_143.jpg,ARKANSAS,train,train/ARKANSAS/143.jpg
4,train/ARKANSAS/train_145.jpg,ARKANSAS,train,train/ARKANSAS/145.jpg
4,train/ARKANSAS/train_150.jpg,ARKANSAS,train,train/ARKANSAS/150.jpg
4,train/ARKANSAS/train_151.jpg,ARKANSAS,train,train/ARKANSAS/151.jpg
4,train/ARKANSAS/train_152.jpg,ARKANSAS,train,train/ARKANSAS/152.jpg
4,train/ARKANSAS/train_153.jpg,ARKANSAS,train,train/ARKANSAS/153.jpg
4,train/ARKANSAS/train_154.jpg,ARKANSAS,train,train/ARKANSAS/154.jpg
4,train/ARKANSAS/train_155.jpg,ARKANSAS,train,train/ARKANSAS/155.jpg
4,train/ARKANSAS/train_156.jpg,ARKANSAS,train,train/ARKANSAS/156.jpg
4,train/ARKANSAS/train_158.jpg,ARKANSAS,train,train/ARKANSAS/158.jpg
4,train/ARKANSAS/train_160.jpg,ARKANSAS,train,train/ARKANSAS/160.jpg
4,train/ARKANSAS/train_162.jpg,ARKANSAS,train,train/ARKANSAS/162.jpg
4,train/ARKANSAS/train_163.jpg,ARKANSAS,train,train/ARKANSAS/163.jpg
4,train/ARKANSAS/train_164.jpg,ARKANSAS,train,train/ARKANSAS/164.jpg
4,train/ARKANSAS/train_165.jpg,ARKANSAS,train,train/ARKANSAS/165.jpg
4,train/ARKANSAS/train_166.jpg,ARKANSAS,train,train/ARKANSAS/166.jpg
4,train/ARKANSAS/train_167.jpg,ARKANSAS,train,train/ARKANSAS/167.jpg
4,train/ARKANSAS/train_168.jpg,ARKANSAS,train,train/ARKANSAS/168.jpg
4,train/ARKANSAS/train_169.jpg,ARKANSAS,train,train/ARKANSAS/169.jpg
4,train/ARKANSAS/valid_1.jpg,ARKANSAS,train,valid/ARKANSAS/1.jpg
4,train/ARKANSAS/valid_3.jpg,ARKANSAS,train,valid/ARKANSAS/3.jpg
4,train/ARKANSAS/valid_4.jpg,ARKANSAS,train,valid/ARKANSAS/4.jpg
4,train/ARKANSAS/valid_5.jpg,ARKANSAS,train,valid/ARKANSAS/5.jpg
5,train/CALIFORNIA/test_1.jpg,CALIFORNIA,train,test/CALIFORNIA/1.jpg
5,train/CALIFORNIA/test_2.jpg,CALIFORNIA,train,test/CALIFORNIA/2.jpg
5,train/CALIFORNIA/test_3.jpg,CALIFORNIA,train,test/CALIFORNIA/3.jpg
5,train/CALIFORNIA/test_4.jpg,CALIFORNIA,train,test/CALIFORNIA/4.jpg
5,train/CALIFORNIA/test_5.jpg,CALIFORNIA,train,test/CALIFORNIA/5.jpg
5,train/CALIFORNIA/train_003.jpg,CALIFORNIA,train,train/CALIFORNIA/003.jpg
5,train/CALIFORNIA/train_005.jpg,CALIFORNIA,train,train/CALIFORNIA/005.jpg
5,train/CALIFORNIA/train_007.jpg,CALIFORNIA,train,train/CALIFORNIA/007.jpg
5,train/CALIFORNIA/train_008.jpg,CALIFORNIA,train,train/CALIFORNIA/008.jpg
5,train/CALIFORNIA/train_009.jpg,CALIFORNIA,train,train/CALIFORNIA/009.jpg
5,train/CALIFORNIA/train_010.jpg,CALIFORNIA,train,train/CALIFORNIA/010.jpg
5,train/CALIFORNIA/train_013.jpg,CALIFORNIA,train,train/CALIFORNIA/013.jpg
5,train/CALIFORNIA/train_014.jpg,CALIFORNIA,train,train/CALIFORNIA/014.jpg
5,train/CALIFORNIA/train_017.jpg,CALIFORNIA,train,train/CALIFORNIA/017.jpg
5,train/CALIFORNIA/train_018.jpg,CALIFORNIA,train,train/CALIFORNIA/018.jpg
5,train/CALIFORNIA/train_020.jpg,CALIFORNIA,train,train/CALIFORNIA/020.jpg
5,train/CALIFORNIA/train_022.jpg,CALIFORNIA,train,train/CALIFORNIA/022.jpg
5,train/CALIFORNIA/train_023.jpg,CALIFORNIA,train,train/CALIFORNIA/023.jpg
5,train/CALIFORNIA/train_024.jpg,CALIFORNIA,train,train/CALIFORNIA/024.jpg
5,train/CALIFORNIA/train_026.jpg,CALIFORNIA,train,train/CALIFORNIA/026.jpg
5,train/CALIFORNIA/train_027.jpg,CALIFORNIA,train,train/CALIFORNIA/027.jpg
5,train/CALIFORNIA/train_028.jpg,CALIFORNIA,train,train/CALIFORNIA/028.jpg
5,train/CALIFORNIA/train_029.jpg,CALIFORNIA,train,train/CALIFORNIA/029.jpg
5,train/CALIFORNIA/train_030.jpg,CALIFORNIA,train,train/CALIFORNIA/030.jpg
5,train/CALIFORNIA/train_031.jpg,CALIFORNIA,train,train/CALIFORNIA/031.jpg
5,train/CALIFORNIA/train_032.jpg,CALIFORNIA,train,train/CALIFORNIA/032.jpg
5,train/CALIFORNIA/train_033.jpg,CALIFORNIA,train,train/CALIFORNIA/033.jpg
5,train/CALIFORNIA/train_034.jpg,CALIFORNIA,train,train/CALIFORNIA/034.jpg
5,train/CALIFORNIA/train_035.jpg,CALIFORNIA,train,train/CALIFORNIA/035.jpg
5,train/CALIFORNIA/train_036.jpg,CALIFORNIA,train,train/CALIFORNIA/036.jpg
5,train/CALIFORNIA/train_041.jpg,CALIFORNIA,train,train/CALIFORNIA/041.jpg
5,train/CALIFORNIA/train_043.jpg,CALIFORNIA,train,train/CALIFORNIA/043.jpg
5,train/CALIFORNIA/train_044.jpg,CALIFORNIA,train,train/CALIFORNIA/044.jpg
5,train/CALIFORNIA/train_045.jpg,CALIFORNIA,train,train/CALIFORNIA/045.jpg
5,train/CALIFORNIA/train_046.jpg,CALIFORNIA,train,train/CALIFORNIA/046.jpg
5,train/CALIFORNIA/train_047.jpg,CALIFORNIA,train,train/CALIFORNIA/047.jpg
5,train/CALIFORNIA/train_052.jpg,CALIFORNIA,train,train/CALIFORNIA/052.jpg
5,train/CALIFORNIA/train_054.jpg,CALIFORNIA,train,train/CALIFORNIA/054.jpg
5,train/CALIFORNIA/train_055.jpg,CALIFORNIA,train,train/CALIFORNIA/055.jpg
5,train/CALIFORNIA/train_056.jpg,CALIFORNIA,train,train/CALIFORNIA/056.jpg
5,train/CALIFORNIA/train_057.jpg,CALIFORNIA,train,train/CALIFORNIA/057.jpg
5,train/CALIFORNIA/train_058.jpg,CALIFORNIA,train,train/CALIFORNIA/058.jpg
5,train/CALIFORNIA/train_060.jpg,CALIFORNIA,train,train/CALIFORNIA/060.jpg
5,train/CALIFORNIA/train_061.jpg,CALIFORNIA,train,train/CALIFORNIA/061.jpg
5,train/CALIFORNIA/train_062.jpg,CALIFORNIA,train,train/CALIFORNIA/062.jpg
5,train/CALIFORNIA/train_064.jpg,CALIFORNIA,train,train/CALIFORNIA/064.jpg
5,train/CALIFORNIA/train_065.jpg,CALIFORNIA,train,train/CALIFORNIA/065.jpg
5,train/CALIFORNIA/train_066.jpg,CALIFORNIA,train,train/CALIFORNIA/066.jpg
5,train/CALIFORNIA/train_072.jpg,CALIFORNIA,train,train/CALIFORNIA/072.jpg
5,train/CALIFORNIA/train_073.jpg,CALIFORNIA,train,train/CALIFORNIA/073.jpg
5,train/CALIFORNIA/train_074.jpg,CALIFORNIA,train,train/CALIFORNIA/074.jpg
5,train/CALIFORNIA/train_075.jpg,CALIFORNIA,train,train/CALIFORNIA/075.jpg
5,train/CALIFORNIA/train_076.jpg,CALIFORNIA,train,train/CALIFORNIA/076.jpg
5,train/CALIFORNIA/train_077.jpg,CALIFORNIA,train,train/CALIFORNIA/077.jpg
5,train/CALIFORNIA/train_078.jpg,CALIFORNIA,train,train/CALIFORNIA/078.jpg
5,train/CALIFORNIA/train_079.jpg,CALIFORNIA,train,train/CALIFORNIA/079.jpg
5,train/CALIFORNIA/train_080.jpg,CALIFORNIA,train,train/CALIFORNIA/080.jpg
5,train/CALIFORNIA/train_081.jpg,CALIFORNIA,train,train/CALIFORNIA/081.jpg
5,train/CALIFORNIA/train_082.jpg,CALIFORNIA,train,train/CALIFORNIA/082.jpg
5,train/CALIFORNIA/train_083.jpg,CALIFORNIA,train,train/CALIFORNIA/083.jpg
5,train/CALIFORNIA/train_084.jpg,CALIFORNIA,train,train/CALIFORNIA/084.jpg
5,train/CALIFORNIA/train_086.jpg,CALIFORNIA,train,train/CALIFORNIA/086.jpg
5,train/CALIFORNIA/train_087.jpg,CALIFORNIA,train,train/CALIFORNIA/087.jpg
5,train/CALIFORNIA/train_088.jpg,CALIFORNIA,train,train/CALIFORNIA/088.jpg
5,train/CALIFORNIA/train_090.jpg,CALIFORNIA,train,train/CALIFORNIA/090.jpg
5,train/CALIFORNIA/train_091.jpg,CALIFORNIA,train,train/CALIFORNIA/091.jpg
5,train/CALIFORNIA/train_092.jpg,CALIFORNIA,train,train/CALIFORNIA/092.jpg
5,train/CALIFORNIA/train_093.jpg,CALIFORNIA,train,train/CALIFORNIA/093.jpg
5,train/CALIFORNIA/train_094.jpg,CALIFORNIA,train,train/CALIFORNIA/094.jpg
5,train/CALIFORNIA/train_096.jpg,CALIFORNIA,train,train/CALIFORNIA/096.jpg
5,train/CALIFORNIA/train_097.jpg,CALIFORNIA,train,train/CALIFORNIA/097.jpg
5,train/CALIFORNIA/train_098.jpg,CALIFORNIA,train,train/CALIFORNIA/098.jpg
5,train/CALIFORNIA/train_099.jpg,CALIFORNIA,train,train/CALIFORNIA/099.jpg
5,train/CALIFORNIA/train_101.jpg,CALIFORNIA,train,train/CALIFORNIA/101.jpg
5,train/CALIFORNIA/train_103.jpg,CALIFORNIA,train,train/CALIFORNIA/103.jpg
5,train/CALIFORNIA/train_104.jpg,CALIFORNIA,train,train/CALIFORNIA/104.jpg
5,train/CALIFORNIA/train_106.jpg,CALIFORNIA,train,train/CALIFORNIA/106.jpg
5,train/CALIFORNIA/train_107.jpg,CALIFORNIA,train,train/CALIFORNIA/107.jpg
5,train/CALIFORNIA/train_108.jpg,CALIFORNIA,train,train/CALIFORNIA/108.jpg
5,train/CALIFORNIA/train_109.jpg,CALIFORNIA,train,train/CALIFORNIA/109.jpg
5,train/CALIFORNIA/train_112.jpg,CALIFORNIA,train,train/CALIFORNIA/112.jpg
5,train/CALIFORNIA/train_113.jpg,CALIFORNIA,train,train/CALIFORNIA/113.jpg
5,train/CALIFORNIA/train_114.jpg,CALIFORNIA,train,train/CALIFORNIA/114.jpg
5,train/CALIFORNIA/train_115.jpg,CALIFORNIA,train,train/CALIFORNIA/115.jpg
5,train/CALIFORNIA/train_116.jpg,CALIFORNIA,train,train/CALIFORNIA/116.jpg
5,train/CALIFORNIA/train_118.jpg,CALIFORNIA,train,train/CALIFORNIA/118.jpg
5,train/CALIFORNIA/train_121.jpg,CALIFORNIA,train,train/CALIFORNIA/121.jpg
5,train/CALIFORNIA/train_122.jpg,CALIFORNIA,train,train/CALIFORNIA/122.jpg
5,train/CALIFORNIA/train_123.jpg,CALIFORNIA,train,train/CALIFORNIA/123.jpg
5,train/CALIFORNIA/train_128.jpg,CALIFORNIA,train,train/CALIFORNIA/128.jpg
5,train/CALIFORNIA/train_129.jpg,CALIFORNIA,train,train/CALIFORNIA/129.jpg
5,train/CALIFORNIA/train_130.jpg,CALIFORNIA,train,train/CALIFORNIA/130.jpg
5,train/CALIFORNIA/train_131.jpg,CALIFORNIA,train,train/CALIFORNIA/131.jpg
5,train/CALIFORNIA/train_132.jpg,CALIFORNIA,train,train/CALIFORNIA/132.jpg
5,train/CALIFORNIA/train_133.jpg,CALIFORNIA,train,train/CALIFORNIA/133.jpg
5,train/CALIFORNIA/train_134.jpg,CALIFORNIA,train,train/CALIFORNIA/134.jpg
5,train/CALIFORNIA/train_136.jpg,CALIFORNIA,train,train/CALIFORNIA/136.jpg
5,train/CALIFORNIA/train_137.jpg,CALIFORNIA,train,train/CALIFORNIA/137.jpg
5,train/CALIFORNIA/train_138.jpg,CALIFORNIA,train,train/CALIFORNIA/138.jpg
5,train/CALIFORNIA/train_141.jpg,CALIFORNIA,train,train/CALIFORNIA/141.jpg
5,train/CALIFORNIA/train_142.jpg,CALIFORNIA,train,train/CALIFORNIA/142.jpg
5,train/CALIFORNIA/train_143.jpg,CALIFORNIA,train,train/CALIFORNIA/143.jpg
5,train/CALIFORNIA/train_144.jpg,CALIFORNIA,train,train/CALIFORNIA/144.jpg
5,train/CALIFORNIA/train_145.jpg,CALIFORNIA,train,train/CALIFORNIA/145.jpg
5,train/CALIFORNIA/train_146.jpg,CALIFORNIA,train,train/CALIFORNIA/146.jpg
5,train/CALIFORNIA/train_147.jpg,CALIFORNIA,train,train/CALIFORNIA/147.jpg
5,train/CALIFORNIA/train_148.jpg,CALIFORNIA,train,train/CALIFORNIA/148.jpg
5,train/CALIFORNIA/train_149.jpg,CALIFORNIA,train,train/CALIFORNIA/149.jpg
5,train/CALIFORNIA/train_150.jpg,CALIFORNIA,train,train/CALIFORNIA/150.jpg
5,train/CALIFORNIA/train_151.jpg,CALIFORNIA,train,train/CALIFORNIA/151.jpg
5,train/CALIFORNIA/train_152.jpg,CALIFORNIA,train,train/CALIFORNIA/152.jpg
5,train/CALIFORNIA/train_154.jpg,CALIFORNIA,train,train/CALIFORNIA/154.jpg
5,train/CALIFORNIA/valid_3.jpg,CALIFORNIA,train,valid/CALIFORNIA/3.jpg
5,train/CALIFORNIA/valid_4.jpg,CALIFORNIA,train,valid/CALIFORNIA/4.jpg
6,train/CNMI/test_1.jpg,CNMI,train,test/CNMI/1.jpg
6,train/CNMI/test_2.jpg,CNMI,train,test/CNMI/2.jpg
6,train/CNMI/test_3.jpg,CNMI,train,test/CNMI/3.jpg
6,train/CNMI/test_4.jpg,CNMI,train,test/CNMI/4.jpg
6,train/CNMI/test_5.jpg,CNMI,train,test/CNMI/5.jpg
6,train/CNMI/train_01.jpg,CNMI,train,train/CNMI/01.jpg
6,train/CNMI/train_03.jpg,CNMI,train,train/CNMI/03.jpg
6,train/CNMI/train_04.jpg,CNMI,train,train/CNMI/04.jpg
6,train/CNMI/train_07.jpg,CNMI,train,train/CNMI/07.jpg
6,train/CNMI/train_08.jpg,CNMI,train,train/CNMI/08.jpg
6,train/CNMI/train_09.jpg,CNMI,train,train/CNMI/09.jpg
6,train/CNMI/train_13.jpg,CNMI,train,train/CNMI/13.jpg
6,train/CNMI/train_14.jpg,CNMI,train,train/CNMI/14.jpg
6,train/CNMI/train_15.jpg,CNMI,train,train/CNMI/15.jpg
6,train/CNMI/train_17.jpg,CNMI,train,train/CNMI/17.jpg
6,train/CNMI/train_18.jpg,CNMI,train,train/CNMI/18.jpg
6,train/CNMI/train_20.jpg,CNMI,train,train/CNMI/20.jpg
6,train/CNMI/train_23.jpg,CNMI,train,train/CNMI/23.jpg
6,train/CNMI/train_24.jpg,CNMI,train,train/CNMI/24.jpg
6,train/CNMI/train_25.jpg,CNMI,train,train/CNMI/25.jpg
6,train/CNMI/train_28.jpg,CNMI,train,train/CNMI/28.jpg
6,train/CNMI/train_29.jpg,CNMI,train,train/CNMI/29.jpg
6,train/CNMI/train_30.jpg,CNMI,train,train/CNMI/30.jpg
6,train/CNMI/train_31.jpg,CNMI,train,train/CNMI/31.jpg
6,train/CNMI/train_32.jpg,CNMI,train,train/CNMI/32.jpg
6,train/CNMI/train_33.jpg,CNMI,train,train/CNMI/33.jpg
6,train/CNMI/train_34.jpg,CNMI,train,train/CNMI/34.jpg
6,train/CNMI/train_36.jpg,CNMI,train,train/CNMI/36.jpg
6,train/CNMI/train_37.jpg,CNMI,train,train/CNMI/37.jpg
6,train/CNMI/train_38.jpg,CNMI,train,train/CNMI/38.jpg
6,train/CNMI/train_40.jpg,CNMI,train,train/CNMI/40.jpg
6,train/CNMI/train_41.jpg,CNMI,train,train/CNMI/41.jpg
6,train/CNMI/train_45.jpg,CNMI,train,train/CNMI/45.jpg
6,train/CNMI/train_46.jpg,CNMI,train,train/CNMI/46.jpg
6,train/CNMI/train_47.jpg,CNMI,train,train/CNMI/47.jpg
6,train/CNMI/train_48.jpg,CNMI,train,train/CNMI/48.jpg
6,train/CNMI/train_49.jpg,CNMI,train,train/CNMI/49.jpg
6,train/CNMI/train_50.jpg,CNMI,train,train/CNMI/50.jpg
6,train/CNMI/train_51.jpg,CNMI,train,train/CNMI/51.jpg
6,train/CNMI/train_52.jpg,CNMI,train,train/CNMI/52.jpg
6,train/CNMI/train_53.jpg,CNMI,train,train/CNMI/53.jpg
6,train/CNMI/train_55.jpg,CNMI,train,train/CNMI/55.jpg
6,train/CNMI/train_57.jpg,CNMI,train,train/CNMI/57.jpg
6,train/CNMI/train_58.jpg,CNMI,train,train/CNMI/58.jpg
6,train/CNMI/train_60.jpg,CNMI,train,train/CNMI/60.jpg
6,train/CNMI/train_63.jpg,CNMI,train,train/CNMI/63.jpg
6,train/CNMI/train_64.jpg,CNMI,train,train/CNMI/64.jpg
6,train/CNMI/train_65.jpg,CNMI,train,train/CNMI/65.jpg
6,train/CNMI/train_66.jpg,CNMI,train,train/CNMI/66.jpg
6,train/CNMI/train_68.jpg,CNMI,train,train/CNMI/68.jpg
6,train/CNMI/train_69.jpg,CNMI,train,train/CNMI/69.jpg
6,train/CNMI/train_70.jpg,CNMI,train,train/CNMI/70.jpg
6,train/CNMI/train_71.jpg,CNMI,train,train/CNMI/71.jpg
6,train/CNMI/train_72.jpg,CNMI,train,train/CNMI/72.jpg
6,train/CNMI/train_73.jpg,CNMI,train,train/CNMI/73.jpg
6,train/CNMI/train_74.jpg,CNMI,train,train/CNMI/74.jpg
6,train/CNMI/train_75.jpg,CNMI,train,train/CNMI/75.jpg
6,train/CNMI/train_76.jpg,CNMI,train,train/CNMI/76.jpg
6,train/CNMI/train_77.jpg,CNMI,train,train/CNMI/77.jpg
6,train/CNMI/train_78.jpg,CNMI,train,train/CNMI/78.jpg
6,train/CNMI/train_80.jpg,CNMI,train,train/CNMI/80.jpg
6,train/CNMI/train_82.jpg,CNMI,train,train/CNMI/82.jpg
6,train/CNMI/train_83.jpg,CNMI,train,train/CNMI/83.jpg
6,train/CNMI/train_84.jpg,CNMI,train,train/CNMI/84.jpg
6,train/CNMI/train_86.jpg,CNMI,train,train/CNMI/86.jpg
6,train/CNMI/valid_1.jpg,CNMI,train,valid/CNMI/1.jpg
6,train/CNMI/valid_2.jpg,CNMI,train,valid/CNMI/2.jpg
6,train/CNMI/valid_4.jpg,CNMI,train,valid/CNMI/4.jpg
7,train/COLORADO/test_2.jpg,COLORADO,train,test/COLORADO/2.jpg
7,train/COLORADO/test_4.jpg,COLORADO,train,test/COLORADO/4.jpg
7,train/COLORADO/train_001.jpg,COLORADO,train,train/COLORADO/001.jpg
7,train/COLORADO/train_004.jpg,COLORADO,train,train/COLORADO/004.jpg
7,train/COLORADO/train_005.jpg,COLORADO,train,train/COLORADO/005.jpg
7,train/COLORADO/train_006.jpg,COLORADO,train,train/COLORADO/006.jpg
7,train/COLORADO/train_007.jpg,COLORADO,train,train/COLORADO/007.jpg
7,train/COLORADO/train_008.jpg,COLORADO,train,train/COLORADO/008.jpg
7,train/COLORADO/train_009.jpg,COLORADO,train,train/COLORADO/009.jpg
7,train/COLORADO/train_010.jpg,COLORADO,train,train/COLORADO/010.jpg
7,train/COLORADO/train_011.jpg,COLORADO,train,train/COLORADO/011.jpg
7,train/COLORADO/train_012.jpg,COLORADO,train,train/COLORADO/012.jpg
7,train/COLORADO/train_013.jpg,COLORADO,train,train/COLORADO/013.jpg
7,train/COLORADO/train_014.jpg,COLORADO,train,train/COLORADO/014.jpg
7,train/COLORADO/train_015.jpg,COLORADO,train,train/COLORADO/015.jpg
7,train/COLORADO/train_016.jpg,COLORADO,train,train/COLORADO/016.jpg
7,train/COLORADO/train_017.jpg,COLORADO,train,train/COLORADO/017.jpg
7,train/COLORADO/train_018.jpg,COLORADO,train,train/COLORADO/018.jpg
7,train/COLORADO/train_019.jpg,COLORADO,train,train/COLORADO/019.jpg
7,train/COLORADO/train_020.jpg,COLORADO,train,train/COLORADO/020.jpg
7,train/COLORADO/train_023.jpg,COLORADO,train,train/COLORADO/023.jpg
7,train/COLORADO/train_028.jpg,COLORADO,train,train/COLORADO/028.jpg
7,train/COLORADO/train_029.jpg,COLORADO,train,train/COLORADO/029.jpg
7,train/COLORADO/train_031.jpg,COLORADO,train,train/COLORADO/031.jpg
7,train/COLORADO/train_033.jpg,COLORADO,train,train/COLORADO/033.jpg
7,train/COLORADO/train_034.jpg,COLORADO,train,train/COLORADO/034.jpg
7,train/COLORADO/train_035.jpg,COLORADO,train,train/COLORADO/035.jpg
7,train/COLORADO/train_037.jpg,COLORADO,train,train/COLORADO/037.jpg
7,train/COLORADO/train_038.jpg,COLORADO,train,train/COLORADO/038.jpg
7,train/COLORADO/train_040.jpg,COLORADO,train,train/COLORADO/040.jpg
7,train/COLORADO/train_041.jpg,COLORADO,train,train/COLORADO/041.jpg
7,train/COLORADO/train_042.jpg,COLORADO,train,train/COLORADO/042.jpg
7,train/COLORADO/train_043.jpg,COLORADO,train,train/COLORADO/043.jpg
7,train/COLORADO/train_044.jpg,COLORADO,train,train/COLORADO/044.jpg
7,train/COLORADO/train_045.jpg,COLORADO,train,train/COLORADO/045.jpg
7,train/COLORADO/train_046.jpg,COLORADO,train,train/COLORADO/046.jpg
7,train/COLORADO/train_047.jpg,COLORADO,train,train/COLORADO/047.jpg
7,train/COLORADO/train_049.jpg,COLORADO,train,train/COLORADO/049.jpg
7,train/COLORADO/train_051.jpg,COLORADO,train,train/COLORADO/051.jpg
7,train/COLORADO/train_052.jpg,COLORADO,train,train/COLORADO/052.jpg
7,train/COLORADO/train_053.jpg,COLORADO,train,train/COLORADO/053.jpg
7,train/COLORADO/train_054.jpg,COLORADO,train,train/COLORADO/054.jpg
7,train/COLORADO/train_055.jpg,COLORADO,train,train/COLORADO/055.jpg
7,train/COLORADO/train_056.jpg,COLORADO,train,train/COLORADO/056.jpg
7,train/COLORADO/train_057.jpg,COLORADO,train,train/COLORADO/057.jpg
7,train/COLORADO/train_058.jpg,COLORADO,train,train/COLORADO/058.jpg
7,train/COLORADO/train_059.jpg,COLORADO,train,train/COLORADO/059.jpg
7,train/COLORADO/train_060.jpg,COLORADO,train,train/COLORADO/060.jpg
7,train/COLORADO/train_061.jpg,COLORADO,train,train/COLORADO/061.jpg
7,train/COLORADO/train_062.jpg,COLORADO,train,train/COLORADO/062.jpg
7,train/COLORADO/train_063.jpg,COLORADO,train,train/COLORADO/063.jpg
7,train/COLORADO/train_064.jpg,COLORADO,train,train/COLORADO/064.jpg
7,train/COLORADO/train_065.jpg,COLORADO,train,train/COLORADO/065.jpg
7,train/COLORADO/train_066.jpg,COLORADO,train,train/COLORADO/066.jpg
7,train/COLORADO/train_067.jpg,COLORADO,train,train/COLORADO/067.jpg
7,train/COLORADO/train_068.jpg,COLORADO,train,train/COLORADO/068.jpg
7,train/COLORADO/train_069.jpg,COLORADO,train,train/COLORADO/069.jpg
7,train/COLORADO/train_071.jpg,COLORADO,train,train/COLORADO/071.jpg
7,train/COLORADO/train_072.jpg,COLORADO,train,train/COLORADO/072.jpg
7,train/COLORADO/train_073.jpg,COLORADO,train,train/COLORADO/073.jpg
7,train/COLORADO/train_074.jpg,COLORADO,train,train/COLORADO/074.jpg
7,train/COLORADO/train_075.jpg,COLORADO,train,train/COLORADO/075.jpg
7,train/COLORADO/train_077.jpg,COLORADO,train,train/COLORADO/077.jpg
7,train/COLORADO/train_078.jpg,COLORADO,train,train/COLORADO/078.jpg
7,train/COLORADO/train_079.jpg,COLORADO,train,train/COLORADO/079.jpg
7,train/COLORADO/train_080.jpg,COLORADO,train,train/COLORADO/080.jpg
7,train/COLORADO/train_081.jpg,COLORADO,train,train/COLORADO/081.jpg
7,train/COLORADO/train_082.jpg,COLORADO,train,train/COLORADO/082.jpg
7,train/COLORADO/train_083.jpg,COLORADO,train,train/COLORADO/083.jpg
7,train/COLORADO/train_084.jpg,COLORADO,train,train/COLORADO/084.jpg
7,train/COLORADO/train_085.jpg,COLORADO,train,train/COLORADO/085.jpg
7,train/COLORADO/train_087.jpg,COLORADO,train,train/COLORADO/087.jpg
7,train/COLORADO/train_089.jpg,COLORADO,train,train/COLORADO/089.jpg
7,train/COLORADO/train_090.jpg,COLORADO,train,train/COLORADO/090.jpg
7,train/COLORADO/train_091.jpg,COLORADO,train,train/COLORADO/091.jpg
7,train/COLORADO/train_092.jpg,COLORADO,train,train/COLORADO/092.jpg
7,train/COLORADO/train_094.jpg,COLORADO,train,train/COLORADO/094.jpg
7,train/COLORADO/train_097.jpg,COLORADO,train,train/COLORADO/097.jpg
7,train/COLORADO/train_098.jpg,COLORADO,train,train/COLORADO/098.jpg
7,train/COLORADO/train_099.jpg,COLORADO,train,train/COLORADO/099.jpg
7,train/COLORADO/train_101.jpg,COLORADO,train,train/COLORADO/101.jpg
7,train/COLORADO/train_104.jpg,COLORADO,train,train/COLORADO/104.jpg
7,train/COLORADO/train_105.jpg,COLORADO,train,train/COLORADO/105.jpg
7,train/COLORADO/train_111.jpg,COLORADO,train,train/COLORADO/111.jpg
7,train/COLORADO/train_112.jpg,COLORADO,train,train/COLORADO/112.jpg
7,train/COLORADO/train_113.jpg,COLORADO,train,train/COLORADO/113.jpg
7,train/COLORADO/train_114.jpg,COLORADO,train,train/COLORADO/114.jpg
7,train/COLORADO/train_115.jpg,COLORADO,train,train/COLORADO/115.jpg
7,train/COLORADO/train_116.jpg,COLORADO,train,train/COLORADO/116.jpg
7,train/COLORADO/train_117.jpg,COLORADO,train,train/COLORADO/117.jpg
7,train/COLORADO/train_121.jpg,COLORADO,train,train/COLORADO/121.jpg
7,train/COLORADO/train_122.jpg,COLORADO,train,train/COLORADO/122.jpg
7,train/COLORADO/train_123.jpg,COLORADO,train,train/COLORADO/123.jpg
7,train/COLORADO/train_125.jpg,COLORADO,train,train/COLORADO/125.jpg
7,train/COLORADO/train_127.jpg,COLORADO,train,train/COLORADO/127.jpg
7,train/COLORADO/train_129.jpg,COLORADO,train,train/COLORADO/129.jpg
7,train/COLORADO/train_132.jpg,COLORADO,train,train/COLORADO/132.jpg
7,train/COLORADO/valid_1.jpg,COLORADO,train,valid/COLORADO/1.jpg
7,train/COLORADO/valid_2.jpg,COLORADO,train,valid/COLORADO/2.jpg
7,train/COLORADO/valid_3.jpg,COLORADO,train,valid/COLORADO/3.jpg
7,train/COLORADO/valid_4.jpg,COLORADO,train,valid/COLORADO/4.jpg
8,train/CONNECTICUT/test_1.jpg,CONNECTICUT,train,test/CONNECTICUT/1.jpg
8,train/CONNECTICUT/test_5.jpg,CONNECTICUT,train,test/CONNECTICUT/5.jpg
8,train/CONNECTICUT/train_001.jpg,CONNECTICUT,train,train/CONNECTICUT/001.jpg
8,train/CONNECTICUT/train_002.jpg,CONNECTICUT,train,train/CONNECTICUT/002.jpg
8,train/CONNECTICUT/train_003.jpg,CONNECTICUT,train,train/CONNECTICUT/003.jpg
8,train/CONNECTICUT/train_004.jpg,CONNECTICUT,train,train/CONNECTICUT/004.jpg
8,train/CONNECTICUT/train_006.jpg,CONNECTICUT,train,train/CONNECTICUT/006.jpg
8,train/CONNECTICUT/train_007.jpg,CONNECTICUT,train,train/CONNECTICUT/007.jpg
8,train/CONNECTICUT/train_008.jpg,CONNECTICUT,train,train/CONNECTICUT/008.jpg
8,train/CONNECTICUT/train_011.jpg,CONNECTICUT,train,train/CONNECTICUT/011.jpg
8,train/CONNECTICUT/train_012.jpg,CONNECTICUT,train,train/CONNECTICUT/012.jpg
8,train/CONNECTICUT/train_013.jpg,CONNECTICUT,train,train/CONNECTICUT/013.jpg
8,train/CONNECTICUT/train_014.jpg,CONNECTICUT,train,train/CONNECTICUT/014.jpg
8,train/CONNECTICUT/train_016.jpg,CONNECTICUT,train,train/CONNECTICUT/016.jpg
8,train/CONNECTICUT/train_017.jpg,CONNECTICUT,train,train/CONNECTICUT/017.jpg
8,train/CONNECTICUT/train_019.jpg,CONNECTICUT,train,train/CONNECTICUT/019.jpg
8,train/CONNECTICUT/train_023.jpg,CONNECTICUT,train,train/CONNECTICUT/023.jpg
8,train/CONNECTICUT/train_026.jpg,CONNECTICUT,train,train/CONNECTICUT/026.jpg
8,train/CONNECTICUT/train_028.jpg,CONNECTICUT,train,train/CONNECTICUT/028.jpg
8,train/CONNECTICUT/train_030.jpg,CONNECTICUT,train,train/CONNECTICUT/030.jpg
8,train/CONNECTICUT/train_031.jpg,CONNECTICUT,train,train/CONNECTICUT/031.jpg
8,train/CONNECTICUT/train_032.jpg,CONNECTICUT,train,train/CONNECTICUT/032.jpg
8,train/CONNECTICUT/train_033.jpg,CONNECTICUT,train,train/CONNECTICUT/033.jpg
8,train/CONNECTICUT/train_034.jpg,CONNECTICUT,train,train/CONNECTICUT/034.jpg
8,train/CONNECTICUT/train_035.jpg,CONNECTICUT,train,train/CONNECTICUT/035.jpg
8,train/CONNECTICUT/train_036.jpg,CONNECTICUT,train,train/CONNECTICUT/036.jpg
8,train/CONNECTICUT/train_037.jpg,CONNECTICUT,train,train/CONNECTICUT/037.jpg
8,train/CONNECTICUT/train_039.jpg,CONNECTICUT,train,train/CONNECTICUT/039.jpg
8,train/CONNECTICUT/train_040.jpg,CONNECTICUT,train,train/CONNECTICUT/040.jpg
8,train/CONNECTICUT/train_041.jpg,CONNECTICUT,train,train/CONNECTICUT/041.jpg
8,train/CONNECTICUT/train_042.jpg,CONNECTICUT,train,train/CONNECTICUT/042.jpg
8,train/CONNECTICUT/train_043.jpg,CONNECTICUT,train,train/CONNECTICUT/043.jpg
8,train/CONNECTICUT/train_045.jpg,CONNECTICUT,train,train/CONNECTICUT/045.jpg
8,train/CONNECTICUT/train_046.jpg,CONNECTICUT,train,train/CONNECTICUT/046.jpg
8,train/CONNECTICUT/train_048.jpg,CONNECTICUT,train,train/CONNECTICUT/048.jpg
8,train/CONNECTICUT/train_049.jpg,CONNECTICUT,train,train/CONNECTICUT/049.jpg
8,train/CONNECTICUT/train_050.jpg,CONNECTICUT,train,train/CONNECTICUT/050.jpg
8,train/CONNECTICUT/train_051.jpg,CONNECTICUT,train,train/CONNECTICUT/051.jpg
8,train/CONNECTICUT/train_052.jpg,CONNECTICUT,train,train/CONNECTICUT/052.jpg
8,train/CONNECTICUT/train_054.jpg,CONNECTICUT,train,train/CONNECTICUT/054.jpg
8,train/CONNECTICUT/train_055.jpg,CONNECTICUT,train,train/CONNECTICUT/055.jpg
8,train/CONNECTICUT/train_056.jpg,CONNECTICUT,train,train/CONNECTICUT/056.jpg
8,train/CONNECTICUT/train_057.jpg,CONNECTICUT,train,train/CONNECTICUT/057.jpg
8,train/CONNECTICUT/train_058.jpg,CONNECTICUT,train,train/CONNECTICUT/058.jpg
8,train/CONNECTICUT/train_059.jpg,CONNECTICUT,train,train/CONNECTICUT/059.jpg
8,train/CONNECTICUT/train_064.jpg,CONNECTICUT,train,train/CONNECTICUT/064.jpg
8,train/CONNECTICUT/train_066.jpg,CONNECTICUT,train,train/CONNECTICUT/066.jpg
8,train/CONNECTICUT/train_067.jpg,CONNECTICUT,train,train/CONNECTICUT/067.jpg
8,train/CONNECTICUT/train_068.jpg,CONNECTICUT,train,train/CONNECTICUT/068.jpg
8,train/CONNECTICUT/train_070.jpg,CONNECTICUT,train,train/CONNECTICUT/070.jpg
8,train/CONNECTICUT/train_071.jpg,CONNECTICUT,train,train/CONNECTICUT/071.jpg
8,train/CONNECTICUT/train_072.jpg,CONNECTICUT,train,train/CONNECTICUT/072.jpg
8,train/CONNECTICUT/train_073.jpg,CONNECTICUT,train,train/CONNECTICUT/073.jpg
8,train/CONNECTICUT/train_074.jpg,CONNECTICUT,train,train/CONNECTICUT/074.jpg
8,train/CONNECTICUT/train_075.jpg,CONNECTICUT,train,train/CONNECTICUT/075.jpg
8,train/CONNECTICUT/train_076.jpg,CONNECTICUT,train,train/CONNECTICUT/076.jpg
8,train/CONNECTICUT/train_077.jpg,CONNECTICUT,train,train/CONNECTICUT/077.jpg
8,train/CONNECTICUT/train_079.jpg,CONNECTICUT,train,train/CONNECTICUT/079.jpg
8,train/CONNECTICUT/train_080.jpg,CONNECTICUT,train,train/CONNECTICUT/080.jpg
8,train/CONNECTICUT/train_081.jpg,CONNECTICUT,train,train/CONNECTICUT/081.jpg
8,train/CONNECTICUT/train_082.jpg,CONNECTICUT,train,train/CONNECTICUT/082.jpg
8,train/CONNECTICUT/train_083.jpg,CONNECTICUT,train,train/CONNECTICUT/083.jpg
8,train/CONNECTICUT/train_086.jpg,CONNECTICUT,train,train/CONNECTICUT/086.jpg
8,train/CONNECTICUT/train_089.jpg,CONNECTICUT,train,train/CONNECTICUT/089.jpg
8,train/CONNECTICUT/train_090.jpg,CONNECTICUT,train,train/CONNECTICUT/090.jpg
8,train/CONNECTICUT/train_092.jpg,CONNECTICUT,train,train/CONNECTICUT/092.jpg
8,train/CONNECTICUT/train_093.jpg,CONNECTICUT,train,train/CONNECTICUT/093.jpg
8,train/CONNECTICUT/train_095.jpg,CONNECTICUT,train,train/CONNECTICUT/095.jpg
8,train/CONNECTICUT/train_098.jpg,CONNECTICUT,train,train/CONNECTICUT/098.jpg
8,train/CONNECTICUT/train_099.jpg,CONNECTICUT,train,train/CONNECTICUT/099.jpg
8,train/CONNECTICUT/train_100.jpg,CONNECTICUT,train,train/CONNECTICUT/100.jpg
8,train/CONNECTICUT/train_101.jpg,CONNECTICUT,train,train/CONNECTICUT/101.jpg
8,train/CONNECTICUT/train_102.jpg,CONNECTICUT,train,train/CONNECTICUT/102.jpg
8,train/CONNECTICUT/train_103.jpg,CONNECTICUT,train,train/CONNECTICUT/103.jpg
8,train/CONNECTICUT/train_104.jpg,CONNECTICUT,train,train/CONNECTICUT/104.jpg
8,train/CONNECTICUT/train_105.jpg,CONNECTICUT,train,train/CONNECTICUT/105.jpg
8,train/CONNECTICUT/train_106.jpg,CONNECTICUT,train,train/CONNECTICUT/106.jpg
8,train/CONNECTICUT/train_108.jpg,CONNECTICUT,train,train/CONNECTICUT/108.jpg
8,train/CONNECTICUT/train_110.jpg,CONNECTICUT,train,train/CONNECTICUT/110.jpg
8,train/CONNECTICUT/train_112.jpg,CONNECTICUT,train,train/CONNECTICUT/112.jpg
8,train/CONNECTICUT/train_113.jpg,CONNECTICUT,train,train/CONNECTICUT/113.jpg
8,train/CONNECTICUT/train_114.jpg,CONNECTICUT,train,train/CONNECTICUT/114.jpg
8,train/CONNECTICUT/train_115.jpg,CONNECTICUT,train,train/CONNECTICUT/115.jpg
8,train/CONNECTICUT/train_118.jpg,CONNECTICUT,train,train/CONNECTICUT/118.jpg
8,train/CONNECTICUT/train_120.jpg,CONNECTICUT,train,train/CONNECTICUT/120.jpg
8,train/CONNECTICUT/train_121.jpg,CONNECTICUT,train,train/CONNECTICUT/121.jpg
8,train/CONNECTICUT/train_123.jpg,CONNECTICUT,train,train/CONNECTICUT/123.jpg
8,train/CONNECTICUT/train_124.jpg,CONNECTICUT,train,train/CONNECTICUT/124.jpg
8,train/CONNECTICUT/train_125.jpg,CONNECTICUT,train,train/CONNECTICUT/125.jpg
8,train/CONNECTICUT/train_126.jpg,CONNECTICUT,train,train/CONNECTICUT/126.jpg
8,train/CONNECTICUT/train_127.jpg,CONNECTICUT,train,train/CONNECTICUT/127.jpg
8,train/CONNECTICUT/train_129.jpg,CONNECTICUT,train,train/CONNECTICUT/129.jpg
8,train/CONNECTICUT/train_130.jpg,CONNECTICUT,train,train/CONNECTICUT/130.jpg
8,train/CONNECTICUT/train_131.jpg,CONNECTICUT,train,train/CONNECTICUT/131.jpg
8,train/CONNECTICUT/train_132.jpg,CONNECTICUT,train,train/CONNECTICUT/132.jpg
8,train/CONNECTICUT/train_134.jpg,CONNECTICUT,train,train/CONNECTICUT/134.jpg
8,train/CONNECTICUT/train_135.jpg,CONNECTICUT,train,train/CONNECTICUT/135.jpg
8,train/CONNECTICUT/train_136.jpg,CONNECTICUT,train,train/CONNECTICUT/136.jpg
8,train/CONNECTICUT/train_138.jpg,CONNECTICUT,train,train/CONNECTICUT/138.jpg
8,train/CONNECTICUT/train_139.jpg,CONNECTICUT,train,train/CONNECTICUT/139.jpg
8,train/CONNECTICUT/train_140.jpg,CONNECTICUT,train,train/CONNECTICUT/140.jpg
8,train/CONNECTICUT/train_142.jpg,CONNECTICUT,train,train/CONNECTICUT/142.jpg
8,train/CONNECTICUT/train_143.jpg,CONNECTICUT,train,train/CONNECTICUT/143.jpg
8,train/CONNECTICUT/valid_1.jpg,CONNECTICUT,train,valid/CONNECTICUT/1.jpg
8,train/CONNECTICUT/valid_2.jpg,CONNECTICUT,train,valid/CONNECTICUT/2.jpg
8,train/CONNECTICUT/valid_3.jpg,CONNECTICUT,train,valid/CONNECTICUT/3.jpg
8,train/CONNECTICUT/valid_4.jpg,CONNECTICUT,train,valid/CONNECTICUT/4.jpg
9,train/DELAWARE/test_1.jpg,DELAWARE,train,test/DELAWARE/1.jpg
9,train/DELAWARE/test_2.jpg,DELAWARE,train,test/DELAWARE/2.jpg
9,train/DELAWARE/test_4.jpg,DELAWARE,train,test/DELAWARE/4.jpg
9,train/DELAWARE/test_5.jpg,DELAWARE,train,test/DELAWARE/5.jpg
9,train/DELAWARE/train_001.jpg,DELAWARE,train,train/DELAWARE/001.jpg
9,train/DELAWARE/train_002.jpg,DELAWARE,train,train/DELAWARE/002.jpg
9,train/DELAWARE/train_004.jpg,DELAWARE,train,train/DELAWARE/004.jpg
9,train/DELAWARE/train_006.jpg,DELAWARE,train,train/DELAWARE/006.jpg
9,train/DELAWARE/train_007.jpg,DELAWARE,train,train/DELAWARE/007.jpg
9,train/DELAWARE/train_008.jpg,DELAWARE,train,train/DELAWARE/008.jpg
9,train/DELAWARE/train_009.jpg,DELAWARE,train,train/DELAWARE/009.jpg
9,train/DELAWARE/train_010.jpg,DELAWARE,train,train/DELAWARE/010.jpg
9,train/DELAWARE/train_011.jpg,DELAWARE,train,train/DELAWARE/011.jpg
9,train/DELAWARE/train_012.jpg,DELAWARE,train,train/DELAWARE/012.jpg
9,train/DELAWARE/train_014.jpg,DELAWARE,train,train/DELAWARE/014.jpg
9,train/DELAWARE/train_015.jpg,DELAWARE,train,train/DELAWARE/015.jpg
9,train/DELAWARE/train_016.jpg,DELAWARE,train,train/DELAWARE/016.jpg
9,train/DELAWARE/train_019.jpg,DELAWARE,train,train/DELAWARE/019.jpg
9,train/DELAWARE/train_020.jpg,DELAWARE,train,train/DELAWARE/020.jpg
9,train/DELAWARE/train_021.jpg,DELAWARE,train,train/DELAWARE/021.jpg
9,train/DELAWARE/train_022.jpg,DELAWARE,train,train/DELAWARE/022.jpg
9,train/DELAWARE/train_023.jpg,DELAWARE,train,train/DELAWARE/023.jpg
9,train/DELAWARE/train_025.jpg,DELAWARE,train,train/DELAWARE/025.jpg
9,train/DELAWARE/train_026.jpg,DELAWARE,train,train/DELAWARE/026.jpg
9,train/DELAWARE/train_027.jpg,DELAWARE,train,train/DELAWARE/027.jpg
9,train/DELAWARE/train_028.jpg,DELAWARE,train,train/DELAWARE/028.jpg
9,train/DELAWARE/train_029.jpg,DELAWARE,train,train/DELAWARE/029.jpg
9,train/DELAWARE/train_030.jpg,DELAWARE,train,train/DELAWARE/030.jpg
9,train/DELAWARE/train_031.jpg,DELAWARE,train,train/DELAWARE/031.jpg
9,train/DELAWARE/train_032.jpg,DELAWARE,train,train/DELAWARE/032.jpg
9,train/DELAWARE/train_033.jpg,DELAWARE,train,train/DELAWARE/033.jpg
9,train/DELAWARE/train_037.jpg,DELAWARE,train,train/DELAWARE/037.jpg
9,train/DELAWARE/train_038.jpg,DELAWARE,train,train/DELAWARE/038.jpg
9,train/DELAWARE/train_039.jpg,DELAWARE,train,train/DELAWARE/039.jpg
9,train/DELAWARE/train_040.jpg,DELAWARE,train,train/DELAWARE/040.jpg
9,train/DELAWARE/train_041.jpg,DELAWARE,train,train/DELAWARE/041.jpg
9,train/DELAWARE/train_042.jpg,DELAWARE,train,train/DELAWARE/042.jpg
9,train/DELAWARE/train_043.jpg,DELAWARE,train,train/DELAWARE/043.jpg
9,train/DELAWARE/train_044.jpg,DELAWARE,train,train/DELAWARE/044.jpg
9,train/DELAWARE/train_047.jpg,DELAWARE,train,train/DELAWARE/047.jpg
9,train/DELAWARE/train_048.jpg,DELAWARE,train,train/DELAWARE/048.jpg
9,train/DELAWARE/train_050.jpg,DELAWARE,train,train/DELAWARE/050.jpg
9,train/DELAWARE/train_051.jpg,DELAWARE,train,train/DELAWARE/051.jpg
9,train/DELAWARE/train_052.jpg,DELAWARE,train,train/DELAWARE/052.jpg
9,train/DELAWARE/train_053.jpg,DELAWARE,train,train/DELAWARE/053.jpg
9,train/DELAWARE/train_054.jpg,DELAWARE,train,train/DELAWARE/054.jpg
9,train/DELAWARE/train_056.jpg,DELAWARE,train,train/DELAWARE/056.jpg
9,train/DELAWARE/train_057.jpg,DELAWARE,train,train/DELAWARE/057.jpg
9,train/DELAWARE/train_058.jpg,DELAWARE,train,train/DELAWARE/058.jpg
9,train/DELAWARE/train_059.jpg,DELAWARE,train,train/DELAWARE/059.jpg
9,train/DELAWARE/train_060.jpg,DELAWARE,train,train/DELAWARE/060.jpg
9,train/DELAWARE/train_061.jpg,DELAWARE,train,train/DELAWARE/061.jpg
9,train/DELAWARE/train_062.jpg,DELAWARE,train,train/DELAWARE/062.jpg
9,train/DELAWARE/train_065.jpg,DELAWARE,train,train/DELAWARE/065.jpg
9,train/DELAWARE/train_066.jpg,DELAWARE,train,train/DELAWARE/066.jpg
9,train/DELAWARE/train_067.jpg,DELAWARE,train,train/DELAWARE/067.jpg
9,train/DELAWARE/train_068.jpg,DELAWARE,train,train/DELAWARE/068.jpg
9,train/DELAWARE/train_069.jpg,DELAWARE,train,train/DELAWARE/069.jpg
9,train/DELAWARE/train_070.jpg,DELAWARE,train,train/DELAWARE/070.jpg
9,train/DELAWARE/train_071.jpg,DELAWARE,train,train/DELAWARE/071.jpg
9,train/DELAWARE/train_072.jpg,DELAWARE,train,train/DELAWARE/072.jpg
9,train/DELAWARE/train_073.jpg,DELAWARE,train,train/DELAWARE/073.jpg
9,train/DELAWARE/train_075.jpg,DELAWARE,train,train/DELAWARE/075.jpg
9,train/DELAWARE/train_080.jpg,DELAWARE,train,train/DELAWARE/080.jpg
9,train/DELAWARE/train_081.jpg,DELAWARE,train,train/DELAWARE/081.jpg
9,train/DELAWARE/train_083.jpg,DELAWARE,train,train/DELAWARE/083.jpg
9,train/DELAWARE/train_084.jpg,DELAWARE,train,train/DELAWARE/084.jpg
9,train/DELAWARE/train_085.jpg,DELAWARE,train,train/DELAWARE/085.jpg
9,train/DELAWARE/train_087.jpg,DELAWARE,train,train/DELAWARE/087.jpg
9,train/DELAWARE/train_089.jpg,DELAWARE,train,train/DELAWARE/089.jpg
9,train/DELAWARE/train_090.jpg,DELAWARE,train,train/DELAWARE/090.jpg
9,train/DELAWARE/train_091.jpg,DELAWARE,train,train/DELAWARE/091.jpg
9,train/DELAWARE/train_093.jpg,DELAWARE,train,train/DELAWARE/093.jpg
9,train/DELAWARE/train_097.jpg,DELAWARE,train,train/DELAWARE/097.jpg
9,train/DELAWARE/train_100.jpg,DELAWARE,train,train/DELAWARE/100.jpg
9,train/DELAWARE/train_104.jpg,DELAWARE,train,train/DELAWARE/104.jpg
9,train/DELAWARE/train_105.jpg,DELAWARE,train,train/DELAWARE/105.jpg
9,train/DELAWARE/train_106.jpg,DELAWARE,train,train/DELAWARE/106.jpg
9,train/DELAWARE/train_107.jpg,DELAWARE,train,train/DELAWARE/107.jpg
9,train/DELAWARE/train_108.jpg,DELAWARE,train,train/DELAWARE/108.jpg
9,train/DELAWARE/train_110.jpg,DELAWARE,train,train/DELAWARE/110.jpg
9,train/DELAWARE/train_111.jpg,DELAWARE,train,train/DELAWARE/111.jpg
9,train/DELAWARE/train_113.jpg,DELAWARE,train,train/DELAWARE/113.jpg
9,train/DELAWARE/train_114.jpg,DELAWARE,train,train/DELAWARE/114.jpg
9,train/DELAWARE/train_116.jpg,DELAWARE,train,train/DELAWARE/116.jpg
9,train/DELAWARE/train_117.jpg,DELAWARE,train,train/DELAWARE/117.jpg
9,train/DELAWARE/train_118.jpg,DELAWARE,train,train/DELAWARE/118.jpg
9,train/DELAWARE/train_121.jpg,DELAWARE,train,train/DELAWARE/121.jpg
9,train/DELAWARE/train_122.jpg,DELAWARE,train,train/DELAWARE/122.jpg
9,train/DELAWARE/train_123.jpg,DELAWARE,train,train/DELAWARE/123.jpg
9,train/DELAWARE/train_125.jpg,DELAWARE,train,train/DELAWARE/125.jpg
9,train/DELAWARE/train_126.jpg,DELAWARE,train,train/DELAWARE/126.jpg
9,train/DELAWARE/train_128.jpg,DELAWARE,train,train/DELAWARE/128.jpg
9,train/DELAWARE/train_129.jpg,DELAWARE,train,train/DELAWARE/129.jpg
9,train/DELAWARE/train_130.jpg,DELAWARE,train,train/DELAWARE/130.jpg
9,train/DELAWARE/train_131.jpg,DELAWARE,train,train/DELAWARE/131.jpg
9,train/DELAWARE/train_132.jpg,DELAWARE,train,train/DELAWARE/132.jpg
9,train/DELAWARE/train_136.jpg,DELAWARE,train,train/DELAWARE/136.jpg
9,train/DELAWARE/train_139.jpg,DELAWARE,train,train/DELAWARE/139.jpg
9,train/DELAWARE/train_140.jpg,DELAWARE,train,train/DELAWARE/140.jpg
9,train/DELAWARE/train_141.jpg,DELAWARE,train,train/DELAWARE/141.jpg
9,train/DELAWARE/valid_1.jpg,DELAWARE,train,valid/DELAWARE/1.jpg
9,train/DELAWARE/valid_2.jpg,DELAWARE,train,valid/DELAWARE/2.jpg
9,train/DELAWARE/valid_3.jpg,DELAWARE,train,valid/DELAWARE/3.jpg
9,train/DELAWARE/valid_4.jpg,DELAWARE,train,valid/DELAWARE/4.jpg
10,train/FLORIDA/test_1.jpg,FLORIDA,train,test/FLORIDA/1.jpg
10,train/FLORIDA/test_2.jpg,FLORIDA,train,test/FLORIDA/2.jpg
10,train/FLORIDA/test_3.jpg,FLORIDA,train,test/FLORIDA/3.jpg
10,train/FLORIDA/test_4.jpg,FLORIDA,train,test/FLORIDA/4.jpg
10,train/FLORIDA/test_5.jpg,FLORIDA,train,test/FLORIDA/5.jpg
10,train/FLORIDA/train_001.jpg,FLORIDA,train,train/FLORIDA/001.jpg
10,train/FLORIDA/train_002.jpg,FLORIDA,train,train/FLORIDA/002.jpg
10,train/FLORIDA/train_003.jpg,FLORIDA,train,train/FLORIDA/003.jpg
10,train/FLORIDA/train_006.jpg,FLORIDA,train,train/FLORIDA/006.jpg
10,train/FLORIDA/train_007.jpg,FLORIDA,train,train/FLORIDA/007.jpg
10,train/FLORIDA/train_008.jpg,FLORIDA,train,train/FLORIDA/008.jpg
10,train/FLORIDA/train_010.jpg,FLORIDA,train,train/FLORIDA/010.jpg
10,train/FLORIDA/train_011.jpg,FLORIDA,train,train/FLORIDA/011.jpg
10,train/FLORIDA/train_012.jpg,FLORIDA,train,train/FLORIDA/012.jpg
10,train/FLORIDA/train_013.jpg,FLORIDA,train,train/FLORIDA/013.jpg
10,train/FLORIDA/train_014.jpg,FLORIDA,train,train/FLORIDA/014.jpg
10,train/FLORIDA/train_015.jpg,FLORIDA,train,train/FLORIDA/015.jpg
10,train/FLORIDA/train_016.jpg,FLORIDA,train,train/FLORIDA/016.jpg
10,train/FLORIDA/train_017.jpg,FLORIDA,train,train/FLORIDA/017.jpg
10,train/FLORIDA/train_018.jpg,FLORIDA,train,train/FLORIDA/018.jpg
10,train/FLORIDA/train_019.jpg,FLORIDA,train,train/FLORIDA/019.jpg
10,train/FLORIDA/train_021.jpg,FLORIDA,train,train/FLORIDA/021.jpg
10,train/FLORIDA/train_022.jpg,FLORIDA,train,train/FLORIDA/022.jpg
10,train/FLORIDA/train_023.jpg,FLORIDA,train,train/FLORIDA/023.jpg
10,train/FLORIDA/train_026.jpg,FLORIDA,train,train/FLORIDA/026.jpg
10,train/FLORIDA/train_027.jpg,FLORIDA,train,train/FLORIDA/027.jpg
10,train/FLORIDA/train_029.jpg,FLORIDA,train,train/FLORIDA/029.jpg
10,train/FLORIDA/train_030.jpg,FLORIDA,train,train/FLORIDA/030.jpg
10,train/FLORIDA/train_031.jpg,FLORIDA,train,train/FLORIDA/031.jpg
10,train/FLORIDA/train_032.jpg,FLORIDA,train,train/FLORIDA/032.jpg
10,train/FLORIDA/train_033.jpg,FLORIDA,train,train/FLORIDA/033.jpg
10,train/FLORIDA/train_034.jpg,FLORIDA,train,train/FLORIDA/034.jpg
10,train/FLORIDA/train_035.jpg,FLORIDA,train,train/FLORIDA/035.jpg
10,train/FLORIDA/train_036.jpg,FLORIDA,train,train/FLORIDA/036.jpg
10,train/FLORIDA/train_037.jpg,FLORIDA,train,train/FLORIDA/037.jpg
10,train/FLORIDA/train_038.jpg,FLORIDA,train,train/FLORIDA/038.jpg
10,train/FLORIDA/train_040.jpg,FLORIDA,train,train/FLORIDA/040.jpg
10,train/FLORIDA/train_041.jpg,FLORIDA,train,train/FLORIDA/041.jpg
10,train/FLORIDA/train_042.jpg,FLORIDA,train,train/FLORIDA/042.jpg
10,train/FLORIDA/train_044.jpg,FLORIDA,train,train/FLORIDA/044.jpg
10,train/FLORIDA/train_047.jpg,FLORIDA,train,train/FLORIDA/047.jpg
10,train/FLORIDA/train_048.jpg,FLORIDA,train,train/FLORIDA/048.jpg
10,train/FLORIDA/train_049.jpg,FLORIDA,train,train/FLORIDA/049.jpg
10,train/FLORIDA/train_050.jpg,FLORIDA,train,train/FLORIDA/050.jpg
10,train/FLORIDA/train_051.jpg,FLORIDA,train,train/FLORIDA/051.jpg
10,train/FLORIDA/train_052.jpg,FLORIDA,train,train/FLORIDA/052.jpg
10,train/FLORIDA/train_056.jpg,FLORIDA,train,train/FLORIDA/056.jpg
10,train/FLORIDA/train_057.jpg,FLORIDA,train,train/FLORIDA/057.jpg
10,train/FLORIDA/train_059.jpg,FLORIDA,train,train/FLORIDA/059.jpg
10,train/FLORIDA/train_061.jpg,FLORIDA,train,train/FLORIDA/061.jpg
10,train/FLORIDA/train_063.jpg,FLORIDA,train,train/FLORIDA/063.jpg
10,train/FLORIDA/train_065.jpg,FLORIDA,train,train/FLORIDA/065.jpg
10,train/FLORIDA/train_066.jpg,FLORIDA,train,train/FLORIDA/066.jpg
10,train/FLORIDA/train_067.jpg,FLORIDA,train,train/FLORIDA/067.jpg
10,train/FLORIDA/train_069.jpg,FLORIDA,train,train/FLORIDA/069.jpg
10,train/FLORIDA/train_073.jpg,FLORIDA,train,train/FLORIDA/073.jpg
10,train/FLORIDA/train_075.jpg,FLORIDA,train,train/FLORIDA/075.jpg
10,train/FLORIDA/train_076.jpg,FLORIDA,train,train/FLORIDA/076.jpg
10,train/FLORIDA/train_077.jpg,FLORIDA,train,train/FLORIDA/077.jpg
10,train/FLORIDA/train_079.jpg,FLORIDA,train,train/FLORIDA/079.jpg
10,train/FLORIDA/train_083.jpg,FLORIDA,train,train/FLORIDA/083.jpg
10,train/FLORIDA/train_084.jpg,FLORIDA,train,train/FLORIDA/084.jpg
10,train/FLORIDA/train_085.jpg,FLORIDA,train,train/FLORIDA/085.jpg
10,train/FLORIDA/train_086.jpg,FLORIDA,train,train/FLORIDA/086.jpg
10,train/FLORIDA/train_087.jpg,FLORIDA,train,train/FLORIDA/087.jpg
10,train/FLORIDA/train_088.jpg,FLORIDA,train,train/FLORIDA/088.jpg
10,train/FLORIDA/train_089.jpg,FLORIDA,train,train/FLORIDA/089.jpg
10,train/FLORIDA/train_090.jpg,FLORIDA,train,train/FLORIDA/090.jpg
10,train/FLORIDA/train_091.jpg,FLORIDA,train,train/FLORIDA/091.jpg
10,train/FLORIDA/train_092.jpg,FLORIDA,train,train/FLORIDA/092.jpg
10,train/FLORIDA/train_093.jpg,FLORIDA,train,train/FLORIDA/093.jpg
10,train/FLORIDA/train_094.jpg,FLORIDA,train,train/FLORIDA/094.jpg
10,train/FLORIDA/train_095.jpg,FLORIDA,train,train/FLORIDA/095.jpg
10,train/FLORIDA/train_098.jpg,FLORIDA,train,train/FLORIDA/098.jpg
10,train/FLORIDA/train_099.jpg,FLORIDA,train,train/FLORIDA/099.jpg
10,train/FLORIDA/train_100.jpg,FLORIDA,train,train/FLORIDA/100.jpg
10,train/FLORIDA/train_104.jpg,FLORIDA,train,train/FLORIDA/104.jpg
10,train/FLORIDA/train_105.jpg,FLORIDA,train,train/FLORIDA/105.jpg
10,train/FLORIDA/train_106.jpg,FLORIDA,train,train/FLORIDA/106.jpg
10,train/FLORIDA/train_108.jpg,FLORIDA,train,train/FLORIDA/108.jpg
10,train/FLORIDA/train_109.jpg,FLORIDA,train,train/FLORIDA/109.jpg
10,train/FLORIDA/train_111.jpg,FLORIDA,train,train/FLORIDA/111.jpg
10,train/FLORIDA/train_112.jpg,FLORIDA,train,train/FLORIDA/112.jpg
10,train/FLORIDA/train_117.jpg,FLORIDA,train,train/FLORIDA/117.jpg
10,train/FLORIDA/train_118.jpg,FLORIDA,train,train/FLORIDA/118.jpg
10,train/FLORIDA/train_119.jpg,FLORIDA,train,train/FLORIDA/119.jpg
10,train/FLORIDA/train_120.jpg,FLORIDA,train,train/FLORIDA/120.jpg
10,train/FLORIDA/train_121.jpg,FLORIDA,train,train/FLORIDA/121.jpg
10,train/FLORIDA/train_122.jpg,FLORIDA,train,train/FLORIDA/122.jpg
10,train/FLORIDA/train_123.jpg,FLORIDA,train,train/FLORIDA/123.jpg
10,train/FLORIDA/train_127.jpg,FLORIDA,train,train/FLORIDA/127.jpg
10,train/FLORIDA/train_129.jpg,FLORIDA,train,train/FLORIDA/129.jpg
10,train/FLORIDA/train_130.jpg,FLORIDA,train,train/FLORIDA/130.jpg
10,train/FLORIDA/train_132.jpg,FLORIDA,train,train/FLORIDA/132.jpg
10,train/FLORIDA/train_133.jpg,FLORIDA,train,train/FLORIDA/133.jpg
10,train/FLORIDA/train_134.jpg,FLORIDA,train,train/FLORIDA/134.jpg
10,train/FLORIDA/train_135.jpg,FLORIDA,train,train/FLORIDA/135.jpg
10,train/FLORIDA/train_138.jpg,FLORIDA,train,train/FLORIDA/138.jpg
10,train/FLORIDA/train_139.jpg,FLORIDA,train,train/FLORIDA/139.jpg
10,train/FLORIDA/train_140.jpg,FLORIDA,train,train/FLORIDA/140.jpg
10,train/FLORIDA/train_141.jpg,FLORIDA,train,train/FLORIDA/141.jpg
10,train/FLORIDA/train_142.jpg,FLORIDA,train,train/FLORIDA/142.jpg
10,train/FLORIDA/train_144.jpg,FLORIDA,train,train/FLORIDA/144.jpg
10,train/FLORIDA/train_145.jpg,FLORIDA,train,train/FLORIDA/145.jpg
10,train/FLORIDA/train_146.jpg,FLORIDA,train,train/FLORIDA/146.jpg
10,train/FLORIDA/train_147.jpg,FLORIDA,train,train/FLORIDA/147.jpg
10,train/FLORIDA/train_148.jpg,FLORIDA,train,train/FLORIDA/148.jpg
10,train/FLORIDA/train_149.jpg,FLORIDA,train,train/FLORIDA/149.jpg
10,train/FLORIDA/valid_1.jpg,FLORIDA,train,valid/FLORIDA/1.jpg
10,train/FLORIDA/valid_2.jpg,FLORIDA,train,valid/FLORIDA/2.jpg
10,train/FLORIDA/valid_5.jpg,FLORIDA,train,valid/FLORIDA/5.jpg
11,train/GEORGIA/test_2.jpg,GEORGIA,train,test/GEORGIA/2.jpg
11,train/GEORGIA/test_4.jpg,GEORGIA,train,test/GEORGIA/4.jpg
11,train/GEORGIA/test_5.jpg,GEORGIA,train,test/GEORGIA/5.jpg
11,train/GEORGIA/train_003.jpg,GEORGIA,train,train/GEORGIA/003.jpg
11,train/GEORGIA/train_005.jpg,GEORGIA,train,train/GEORGIA/005.jpg
11,train/GEORGIA/train_006.jpg,GEORGIA,train,train/GEORGIA/006.jpg
11,train/GEORGIA/train_007.jpg,GEORGIA,train,train/GEORGIA/007.jpg
11,train/GEORGIA/train_008.jpg,GEORGIA,train,train/GEORGIA/008.jpg
11,train/GEORGIA/train_010.jpg,GEORGIA,train,train/GEORGIA/010.jpg
11,train/GEORGIA/train_011.jpg,GEORGIA,train,train/GEORGIA/011.jpg
11,train/GEORGIA/train_012.jpg,GEORGIA,train,train/GEORGIA/012.jpg
11,train/GEORGIA/train_013.jpg,GEORGIA,train,train/GEORGIA/013.jpg
11,train/GEORGIA/train_014.jpg,GEORGIA,train,train/GEORGIA/014.jpg
11,train/GEORGIA/train_015.jpg,GEORGIA,train,train/GEORGIA/015.jpg
11,train/GEORGIA/train_016.jpg,GEORGIA,train,train/GEORGIA/016.jpg
11,train/GEORGIA/train_017.jpg,GEORGIA,train,train/GEORGIA/017.jpg
11,train/GEORGIA/train_018.jpg,GEORGIA,train,train/GEORGIA/018.jpg
11,train/GEORGIA/train_019.jpg,GEORGIA,train,train/GEORGIA/019.jpg
11,train/GEORGIA/train_020.jpg,GEORGIA,train,train/GEORGIA/020.jpg
11,train/GEORGIA/train_023.jpg,GEORGIA,train,train/GEORGIA/023.jpg
11,train/GEORGIA/train_024.jpg,GEORGIA,train,train/GEORGIA/024.jpg
11,train/GEORGIA/train_025.jpg,GEORGIA,train,train/GEORGIA/025.jpg
11,train/GEORGIA/train_027.jpg,GEORGIA,train,train/GEORGIA/027.jpg
11,train/GEORGIA/train_028.jpg,GEORGIA,train,train/GEORGIA/028.jpg
11,train/GEORGIA/train_029.jpg,GEORGIA,train,train/GEORGIA/029.jpg
11,train/GEORGIA/train_031.jpg,GEORGIA,train,train/GEORGIA/031.jpg
11,train/GEORGIA/train_034.jpg,GEORGIA,train,train/GEORGIA/034.jpg
11,train/GEORGIA/train_035.jpg,GEORGIA,train,train/GEORGIA/035.jpg
11,train/GEORGIA/train_036.jpg,GEORGIA,train,train/GEORGIA/036.jpg
11,train/GEORGIA/train_037.jpg,GEORGIA,train,train/GEORGIA/037.jpg
11,train/GEORGIA/train_038.jpg,GEORGIA,train,train/GEORGIA/038.jpg
11,train/GEORGIA/train_040.jpg,GEORGIA,train,train/GEORGIA/040.jpg
11,train/GEORGIA/train_041.jpg,GEORGIA,train,train/GEORGIA/041.jpg
11,train/GEORGIA/train_042.jpg,GEORGIA,train,train/GEORGIA/042.jpg
11,train/GEORGIA/train_045.jpg,GEORGIA,train,train/GEORGIA/045.jpg
11,train/GEORGIA/train_046.jpg,GEORGIA,train,train/GEORGIA/046.jpg
11,train/GEORGIA/train_047.jpg,GEORGIA,train,train/GEORGIA/047.jpg
11,train/GEORGIA/train_048.jpg,GEORGIA,train,train/GEORGIA/048.jpg
11,train/GEORGIA/train_049.jpg,GEORGIA,train,train/GEORGIA/049.jpg
11,train/GEORGIA/train_050.jpg,GEORGIA,train,train/GEORGIA/050.jpg
11,train/GEORGIA/train_053.jpg,GEORGIA,train,train/GEORGIA/053.jpg
11,train/GEORGIA/train_054.jpg,GEORGIA,train,train/GEORGIA/054.jpg
11,train/GEORGIA/train_056.jpg,GEORGIA,train,train/GEORGIA/056.jpg
11,train/GEORGIA/train_057.jpg,GEORGIA,train,train/GEORGIA/057.jpg
11,train/GEORGIA/train_058.jpg,GEORGIA,train,train/GEORGIA/058.jpg
11,train/GEORGIA/train_060.jpg,GEORGIA,train,train/GEORGIA/060.jpg
11,train/GEORGIA/train_061.jpg,GEORGIA,train,train/GEORGIA/061.jpg
11,train/GEORGIA/train_062.jpg,GEORGIA,train,train/GEORGIA/062.jpg
11,train/GEORGIA/train_063.jpg,GEORGIA,train,train/GEORGIA/063.jpg
11,train/GEORGIA/train_064.jpg,GEORGIA,train,train/GEORGIA/064.jpg
11,train/GEORGIA/train_065.jpg,GEORGIA,train,train/GEORGIA/065.jpg
11,train/GEORGIA/train_067.jpg,GEORGIA,train,train/GEORGIA/067.jpg
11,train/GEORGIA/train_068.jpg,GEORGIA,train,train/GEORGIA/068.jpg
11,train/GEORGIA/train_072.jpg,GEORGIA,train,train/GEORGIA/072.jpg
11,train/GEORGIA/train_073.jpg,GEORGIA,train,train/GEORGIA/073.jpg
11,train/GEORGIA/train_075.jpg,GEORGIA,train,train/GEORGIA/075.jpg
11,train/GEORGIA/train_076.jpg,GEORGIA,train,train/GEORGIA/076.jpg
11,train/GEORGIA/train_077.jpg,GEORGIA,train,train/GEORGIA/077.jpg
11,train/GEORGIA/train_078.jpg,GEORGIA,train,train/GEORGIA/078.jpg
11,train/GEORGIA/train_079.jpg,GEORGIA,train,train/GEORGIA/079.jpg
11,train/GEORGIA/train_080.jpg,GEORGIA,train,train/GEORGIA/080.jpg
11,train/GEORGIA/train_081.jpg,GEORGIA,train,train/GEORGIA/081.jpg
11,train/GEORGIA/train_083.jpg,GEORGIA,train,train/GEORGIA/083.jpg
11,train/GEORGIA/train_086.jpg,GEORGIA,train,train/GEORGIA/086.jpg
11,train/GEORGIA/train_087.jpg,GEORGIA,train,train/GEORGIA/087.jpg
11,train/GEORGIA/train_088.jpg,GEORGIA,train,train/GEORGIA/088.jpg
11,train/GEORGIA/train_090.jpg,GEORGIA,train,train/GEORGIA/090.jpg
11,train/GEORGIA/train_091.jpg,GEORGIA,train,train/GEORGIA/091.jpg
11,train/GEORGIA/train_092.jpg,GEORGIA,train,train/GEORGIA/092.jpg
11,train/GEORGIA/train_093.jpg,GEORGIA,train,train/GEORGIA/093.jpg
11,train/GEORGIA/train_095.jpg,GEORGIA,train,train/GEORGIA/095.jpg
11,train/GEORGIA/train_096.jpg,GEORGIA,train,train/GEORGIA/096.jpg
11,train/GEORGIA/train_097.jpg,GEORGIA,train,train/GEORGIA/097.jpg
11,train/GEORGIA/train_098.jpg,GEORGIA,train,train/GEORGIA/098.jpg
11,train/GEORGIA/train_100.jpg,GEORGIA,train,train/GEORGIA/100.jpg
11,train/GEORGIA/train_101.jpg,GEORGIA,train,train/GEORGIA/101.jpg
11,train/GEORGIA/train_103.jpg,GEORGIA,train,train/GEORGIA/103.jpg
11,train/GEORGIA/train_105.jpg,GEORGIA,train,train/GEORGIA/105.jpg
11,train/GEORGIA/train_106.jpg,GEORGIA,train,train/GEORGIA/106.jpg
11,train/GEORGIA/train_109.jpg,GEORGIA,train,train/GEORGIA/109.jpg
11,train/GEORGIA/train_110.jpg,GEORGIA,train,train/GEORGIA/110.jpg
11,train/GEORGIA/train_112.jpg,GEORGIA,train,train/GEORGIA/112.jpg
11,train/GEORGIA/train_115.jpg,GEORGIA,train,train/GEORGIA/115.jpg
11,train/GEORGIA/train_117.jpg,GEORGIA,train,train/GEORGIA/117.jpg
11,train/GEORGIA/train_119.jpg,GEORGIA,train,train/GEORGIA/119.jpg
11,train/GEORGIA/train_120.jpg,GEORGIA,train,train/GEORGIA/120.jpg
11,train/GEORGIA/train_121.jpg,GEORGIA,train,train/GEORGIA/121.jpg
11,train/GEORGIA/train_122.jpg,GEORGIA,train,train/GEORGIA/122.jpg
11,train/GEORGIA/train_123.jpg,GEORGIA,train,train/GEORGIA/123.jpg
11,train/GEORGIA/train_124.jpg,GEORGIA,train,train/GEORGIA/124.jpg
11,train/GEORGIA/train_127.jpg,GEORGIA,train,train/GEORGIA/127.jpg
11,train/GEORGIA/train_128.jpg,GEORGIA,train,train/GEORGIA/128.jpg
11,train/GEORGIA/train_129.jpg,GEORGIA,train,train/GEORGIA/129.jpg
11,train/GEORGIA/train_130.jpg,GEORGIA,train,train/GEORGIA/130.jpg
11,train/GEORGIA/train_131.jpg,GEORGIA,train,train/GEORGIA/131.jpg
11,train/GEORGIA/train_133.jpg,GEORGIA,train,train/GEORGIA/133.jpg
11,train/GEORGIA/train_134.jpg,GEORGIA,train,train/GEORGIA/134.jpg
11,train/GEORGIA/train_135.jpg,GEORGIA,train,train/GEORGIA/135.jpg
11,train/GEORGIA/train_136.jpg,GEORGIA,train,train/GEORGIA/136.jpg
11,train/GEORGIA/valid_2.jpg,GEORGIA,train,valid/GEORGIA/2.jpg
11,train/GEORGIA/valid_3.jpg,GEORGIA,train,valid/GEORGIA/3.jpg
11,train/GEORGIA/valid_4.jpg,GEORGIA,train,valid/GEORGIA/4.jpg
12,train/GUAM/test_1.jpg,GUAM,train,test/GUAM/1.jpg
12,train/GUAM/test_3.jpg,GUAM,train,test/GUAM/3.jpg
12,train/GUAM/test_4.jpg,GUAM,train,test/GUAM/4.jpg
12,train/GUAM/train_002.jpg,GUAM,train,train/GUAM/002.jpg
12,train/GUAM/train_003.jpg,GUAM,train,train/GUAM/003.jpg
12,train/GUAM/train_004.jpg,GUAM,train,train/GUAM/004.jpg
12,train/GUAM/train_005.jpg,GUAM,train,train/GUAM/005.jpg
12,train/GUAM/train_007.jpg,GUAM,train,train/GUAM/007.jpg
12,train/GUAM/train_008.jpg,GUAM,train,train/GUAM/008.jpg
12,train/GUAM/train_009.jpg,GUAM,train,train/GUAM/009.jpg
12,train/GUAM/train_010.jpg,GUAM,train,train/GUAM/010.jpg
12,train/GUAM/train_011.jpg,GUAM,train,train/GUAM/011.jpg
12,train/GUAM/train_014.jpg,GUAM,train,train/GUAM/014.jpg
12,train/GUAM/train_015.jpg,GUAM,train,train/GUAM/015.jpg
12,train/GUAM/train_016.jpg,GUAM,train,train/GUAM/016.jpg
12,train/GUAM/train_017.jpg,GUAM,train,train/GUAM/017.jpg
12,train/GUAM/train_018.jpg,GUAM,train,train/GUAM/018.jpg
12,train/GUAM/train_019.jpg,GUAM,train,train/GUAM/019.jpg
12,train/GUAM/train_020.jpg,GUAM,train,train/GUAM/020.jpg
12,train/GUAM/train_021.jpg,GUAM,train,train/GUAM/021.jpg
12,train/GUAM/train_022.jpg,GUAM,train,train/GUAM/022.jpg
12,train/GUAM/train_024.jpg,GUAM,train,train/GUAM/024.jpg
12,train/GUAM/train_025.jpg,GUAM,train,train/GUAM/025.jpg
12,train/GUAM/train_026.jpg,GUAM,train,train/GUAM/026.jpg
12,train/GUAM/train_027.jpg,GUAM,train,train/GUAM/027.jpg
12,train/GUAM/train_028.jpg,GUAM,train,train/GUAM/028.jpg
12,train/GUAM/train_029.jpg,GUAM,train,train/GUAM/029.jpg
12,train/GUAM/train_030.jpg,GUAM,train,train/GUAM/030.jpg
12,train/GUAM/train_031.jpg,GUAM,train,train/GUAM/031.jpg
12,train/GUAM/train_032.jpg,GUAM,train,train/GUAM/032.jpg
12,train/GUAM/train_033.jpg,GUAM,train,train/GUAM/033.jpg
12,train/GUAM/train_035.jpg,GUAM,train,train/GUAM/035.jpg
12,train/GUAM/train_038.jpg,GUAM,train,train/GUAM/038.jpg
12,train/GUAM/train_039.jpg,GUAM,train,train/GUAM/039.jpg
12,train/GUAM/train_040.jpg,GUAM,train,train/GUAM/040.jpg
12,train/GUAM/train_041.jpg,GUAM,train,train/GUAM/041.jpg
12,train/GUAM/train_042.jpg,GUAM,train,train/GUAM/042.jpg
12,train/GUAM/train_043.jpg,GUAM,train,train/GUAM/043.jpg
12,train/GUAM/train_045.jpg,GUAM,train,train/GUAM/045.jpg
12,train/GUAM/train_048.jpg,GUAM,train,train/GUAM/048.jpg
12,train/GUAM/train_050.jpg,GUAM,train,train/GUAM/050.jpg
12,train/GUAM/train_051.jpg,GUAM,train,train/GUAM/051.jpg
12,train/GUAM/train_052.jpg,GUAM,train,train/GUAM/052.jpg
12,train/GUAM/train_053.jpg,GUAM,train,train/GUAM/053.jpg
12,train/GUAM/train_055.jpg,GUAM,train,train/GUAM/055.jpg
12,train/GUAM/train_056.jpg,GUAM,train,train/GUAM/056.jpg
12,train/GUAM/train_058.jpg,GUAM,train,train/GUAM/058.jpg
12,train/GUAM/train_059.jpg,GUAM,train,train/GUAM/059.jpg
12,train/GUAM/train_060.jpg,GUAM,train,train/GUAM/060.jpg
12,train/GUAM/train_061.jpg,GUAM,train,train/GUAM/061.jpg
12,train/GUAM/train_062.jpg,GUAM,train,train/GUAM/062.jpg
12,train/GUAM/train_063.jpg,GUAM,train,train/GUAM/063.jpg
12,train/GUAM/train_064.jpg,GUAM,train,train/GUAM/064.jpg
12,train/GUAM/train_065.jpg,GUAM,train,train/GUAM/065.jpg
12,train/GUAM/train_066.jpg,GUAM,train,train/GUAM/066.jpg
12,train/GUAM/train_067.jpg,GUAM,train,train/GUAM/067.jpg
12,train/GUAM/train_068.jpg,GUAM,train,train/GUAM/068.jpg
12,train/GUAM/train_069.jpg,GUAM,train,train/GUAM/069.jpg
12,train/GUAM/train_070.jpg,GUAM,train,train/GUAM/070.jpg
12,train/GUAM/train_071.jpg,GUAM,train,train/GUAM/071.jpg
12,train/GUAM/train_072.jpg,GUAM,train,train/GUAM/072.jpg
12,train/GUAM/train_073.jpg,GUAM,train,train/GUAM/073.jpg
12,train/GUAM/train_074.jpg,GUAM,train,train/GUAM/074.jpg
12,train/GUAM/train_075.jpg,GUAM,train,train/GUAM/075.jpg
12,train/GUAM/train_076.jpg,GUAM,train,train/GUAM/076.jpg
12,train/GUAM/train_077.jpg,GUAM,train,train/GUAM/077.jpg
12,train/GUAM/train_078.jpg,GUAM,train,train/GUAM/078.jpg
12,train/GUAM/train_080.jpg,GUAM,train,train/GUAM/080.jpg
12,train/GUAM/train_081.jpg,GUAM,train,train/GUAM/081.jpg
12,train/GUAM/train_083.jpg,GUAM,train,train/GUAM/083.jpg
12,train/GUAM/train_084.jpg,GUAM,train,train/GUAM/084.jpg
12,train/GUAM/train_085.jpg,GUAM,train,train/GUAM/085.jpg
12,train/GUAM/train_086.jpg,GUAM,train,train/GUAM/086.jpg
12,train/GUAM/train_088.jpg,GUAM,train,train/GUAM/088.jpg
12,train/GUAM/train_091.jpg,GUAM,train,train/GUAM/091.jpg
12,train/GUAM/train_092.jpg,GUAM,train,train/GUAM/092.jpg
12,train/GUAM/train_093.jpg,GUAM,train,train/GUAM/093.jpg
12,train/GUAM/train_096.jpg,GUAM,train,train/GUAM/096.jpg
12,train/GUAM/train_097.jpg,GUAM,train,train/GUAM/097.jpg
12,train/GUAM/train_098.jpg,GUAM,train,train/GUAM/098.jpg
12,train/GUAM/train_099.jpg,GUAM,train,train/GUAM/099.jpg
12,train/GUAM/train_102.jpg,GUAM,train,train/GUAM/102.jpg
12,train/GUAM/train_103.jpg,GUAM,train,train/GUAM/103.jpg
12,train/GUAM/train_104.jpg,GUAM,train,train/GUAM/104.jpg
12,train/GUAM/train_107.jpg,GUAM,train,train/GUAM/107.jpg
12,train/GUAM/train_108.jpg,GUAM,train,train/GUAM/108.jpg
12,train/GUAM/train_110.jpg,GUAM,train,train/GUAM/110.jpg
12,train/GUAM/train_113.jpg,GUAM,train,train/GUAM/113.jpg
12,train/GUAM/train_114.jpg,GUAM,train,train/GUAM/114.jpg
12,train/GUAM/train_115.jpg,GUAM,train,train/GUAM/115.jpg
12,train/GUAM/train_117.jpg,GUAM,train,train/GUAM/117.jpg
12,train/GUAM/train_118.jpg,GUAM,train,train/GUAM/118.jpg
12,train/GUAM/train_119.jpg,GUAM,train,train/GUAM/119.jpg
12,train/GUAM/train_120.jpg,GUAM,train,train/GUAM/120.jpg
12,train/GUAM/train_123.jpg,GUAM,train,train/GUAM/123.jpg
12,train/GUAM/train_124.jpg,GUAM,train,train/GUAM/124.jpg
12,train/GUAM/train_125.jpg,GUAM,train,train/GUAM/125.jpg
12,train/GUAM/train_127.jpg,GUAM,train,train/GUAM/127.jpg
12,train/GUAM/train_128.jpg,GUAM,train,train/GUAM/128.jpg
12,train/GUAM/train_129.jpg,GUAM,train,train/GUAM/129.jpg
12,train/GUAM/train_132.jpg,GUAM,train,train/GUAM/132.jpg
12,train/GUAM/train_134.jpg,GUAM,train,train/GUAM/134.jpg
12,train/GUAM/train_137.jpg,GUAM,train,train/GUAM/137.jpg
12,train/GUAM/train_144.jpg,GUAM,train,train/GUAM/144.jpg
12,train/GUAM/train_145.jpg,GUAM,train,train/GUAM/145.jpg
12,train/GUAM/train_146.jpg,GUAM,train,train/GUAM/146.jpg
12,train/GUAM/train_147.jpg,GUAM,train,train/GUAM/147.jpg
12,train/GUAM/train_148.jpg,GUAM,train,train/GUAM/148.jpg
12,train/GUAM/train_149.jpg,GUAM,train,train/GUAM/149.jpg
12,train/GUAM/train_151.jpg,GUAM,train,train/GUAM/151.jpg
12,train/GUAM/train_152.jpg,GUAM,train,train/GUAM/152.jpg
12,train/GUAM/train_153.jpg,GUAM,train,train/GUAM/153.jpg
12,train/GUAM/train_154.jpg,GUAM,train,train/GUAM/154.jpg
12,train/GUAM/train_156.jpg,GUAM,train,train/GUAM/156.jpg
12,train/GUAM/train_157.jpg,GUAM,train,train/GUAM/157.jpg
12,train/GUAM/train_158.jpg,GUAM,train,train/GUAM/158.jpg
12,train/GUAM/train_159.jpg,GUAM,train,train/GUAM/159.jpg
12,train/GUAM/train_160.jpg,GUAM,train,train/GUAM/160.jpg
12,train/GUAM/valid_1.jpg,GUAM,train,valid/GUAM/1.jpg
12,train/GUAM/valid_4.jpg,GUAM,train,valid/GUAM/4.jpg
13,train/HAWAII/test_2.jpg,HAWAII,train,test/HAWAI/2.jpg
13,train/HAWAII/test_4.jpg,HAWAII,train,test/HAWAI/4.jpg
13,train/HAWAII/train_001.jpg,HAWAII,train,train/HAWAI/001.jpg
13,train/HAWAII/train_003.jpg,HAWAII,train,train/HAWAI/003.jpg
13,train/HAWAII/train_008.jpg,HAWAII,train,train/HAWAI/008.jpg
13,train/HAWAII/train_011.jpg,HAWAII,train,train/HAWAI/011.jpg
13,train/HAWAII/train_012.jpg,HAWAII,train,train/HAWAI/012.jpg
13,train/HAWAII/train_013.jpg,HAWAII,train,train/HAWAI/013.jpg
13,train/HAWAII/train_014.jpg,HAWAII,train,train/HAWAI/014.jpg
13,train/HAWAII/train_016.jpg,HAWAII,train,train/HAWAI/016.jpg
13,train/HAWAII/train_019.jpg,HAWAII,train,train/HAWAI/019.jpg
13,train/HAWAII/train_020.jpg,HAWAII,train,train/HAWAI/020.jpg
13,train/HAWAII/train_022.jpg,HAWAII,train,train/HAWAI/022.jpg
13,train/HAWAII/train_025.jpg,HAWAII,train,train/HAWAI/025.jpg
13,train/HAWAII/train_026.jpg,HAWAII,train,train/HAWAI/026.jpg
13,train/HAWAII/train_027.jpg,HAWAII,train,train/HAWAI/027.jpg
13,train/HAWAII/train_029.jpg,HAWAII,train,train/HAWAI/029.jpg
13,train/HAWAII/train_031.jpg,HAWAII,train,train/HAWAI/031.jpg
13,train/HAWAII/train_032.jpg,HAWAII,train,train/HAWAI/032.jpg
13,train/HAWAII/train_033.jpg,HAWAII,train,train/HAWAI/033.jpg
13,train/HAWAII/train_034.jpg,HAWAII,train,train/HAWAI/034.jpg
13,train/HAWAII/train_035.jpg,HAWAII,train,train/HAWAI/035.jpg
13,train/HAWAII/train_036.jpg,HAWAII,train,train/HAWAI/036.jpg
13,train/HAWAII/train_037.jpg,HAWAII,train,train/HAWAI/037.jpg
13,train/HAWAII/train_038.jpg,HAWAII,train,train/HAWAI/038.jpg
13,train/HAWAII/train_039.jpg,HAWAII,train,train/HAWAI/039.jpg
13,train/HAWAII/train_040.jpg,HAWAII,train,train/HAWAI/040.jpg
13,train/HAWAII/train_041.jpg,HAWAII,train,train/HAWAI/041.jpg
13,train/HAWAII/train_042.jpg,HAWAII,train,train/HAWAI/042.jpg
13,train/HAWAII/train_044.jpg,HAWAII,train,train/HAWAI/044.jpg
13,train/HAWAII/train_045.jpg,HAWAII,train,train/HAWAI/045.jpg
13,train/HAWAII/train_047.jpg,HAWAII,train,train/HAWAI/047.jpg
13,train/HAWAII/train_050.jpg,HAWAII,train,train/HAWAI/050.jpg
13,train/HAWAII/train_051.jpg,HAWAII,train,train/HAWAI/051.jpg
13,train/HAWAII/train_052.jpg,HAWAII,train,train/HAWAI/052.jpg
13,train/HAWAII/train_053.jpg,HAWAII,train,train/HAWAI/053.jpg
13,train/HAWAII/train_054.jpg,HAWAII,train,train/HAWAI/054.jpg
13,train/HAWAII/train_055.jpg,HAWAII,train,train/HAWAI/055.jpg
13,train/HAWAII/train_057.jpg,HAWAII,train,train/HAWAI/057.jpg
13,train/HAWAII/train_058.jpg,HAWAII,train,train/HAWAI/058.jpg
13,train/HAWAII/train_059.jpg,HAWAII,train,train/HAWAI/059.jpg
13,train/HAWAII/train_060.jpg,HAWAII,train,train/HAWAI/060.jpg
13,train/HAWAII/train_061.jpg,HAWAII,train,train/HAWAI/061.jpg
13,train/HAWAII/train_062.jpg,HAWAII,train,train/HAWAI/062.jpg
13,train/HAWAII/train_063.jpg,HAWAII,train,train/HAWAI/063.jpg
13,train/HAWAII/train_064.jpg,HAWAII,train,train/HAWAI/064.jpg
13,train/HAWAII/train_065.jpg,HAWAII,train,train/HAWAI/065.jpg
13,train/HAWAII/train_066.jpg,HAWAII,train,train/HAWAI/066.jpg
13,train/HAWAII/train_067.jpg,HAWAII,train,train/HAWAI/067.jpg
13,train/HAWAII/train_068.jpg,HAWAII,train,train/HAWAI/068.jpg
13,train/HAWAII/train_069.jpg,HAWAII,train,train/HAWAI/069.jpg
13,train/HAWAII/train_071.jpg,HAWAII,train,train/HAWAI/071.jpg
13,train/HAWAII/train_072.jpg,HAWAII,train,train/HAWAI/072.jpg
13,train/HAWAII/train_073.jpg,HAWAII,train,train/HAWAI/073.jpg
13,train/HAWAII/train_074.jpg,HAWAII,train,train/HAWAI/074.jpg
13,train/HAWAII/train_075.jpg,HAWAII,train,train/HAWAI/075.jpg
13,train/HAWAII/train_076.jpg,HAWAII,train,train/HAWAI/076.jpg
13,train/HAWAII/train_078.jpg,HAWAII,train,train/HAWAI/078.jpg
13,train/HAWAII/train_079.jpg,HAWAII,train,train/HAWAI/079.jpg
13,train/HAWAII/train_080.jpg,HAWAII,train,train/HAWAI/080.jpg
13,train/HAWAII/train_082.jpg,HAWAII,train,train/HAWAI/082.jpg
13,train/HAWAII/train_085.jpg,HAWAII,train,train/HAWAI/085.jpg
13,train/HAWAII/train_086.jpg,HAWAII,train,train/HAWAI/086.jpg
13,train/HAWAII/train_087.jpg,HAWAII,train,train/HAWAI/087.jpg
13,train/HAWAII/train_088.jpg,HAWAII,train,train/HAWAI/088.jpg
13,train/HAWAII/train_089.jpg,HAWAII,train,train/HAWAI/089.jpg
13,train/HAWAII/train_090.jpg,HAWAII,train,train/HAWAI/090.jpg
13,train/HAWAII/train_091.jpg,HAWAII,train,train/HAWAI/091.jpg
13,train/HAWAII/train_094.jpg,HAWAII,train,train/HAWAI/094.jpg
13,train/HAWAII/train_095.jpg,HAWAII,train,train/HAWAI/095.jpg
13,train/HAWAII/train_096.jpg,HAWAII,train,train/HAWAI/096.jpg
13,train/HAWAII/train_097.jpg,HAWAII,train,train/HAWAI/097.jpg
13,train/HAWAII/train_099.jpg,HAWAII,train,train/HAWAI/099.jpg
13,train/HAWAII/train_101.jpg,HAWAII,train,train/HAWAI/101.jpg
13,train/HAWAII/train_102.jpg,HAWAII,train,train/HAWAI/102.jpg
13,train/HAWAII/train_104.jpg,HAWAII,train,train/HAWAI/104.jpg
13,train/HAWAII/train_105.jpg,HAWAII,train,train/HAWAI/105.jpg
13,train/HAWAII/train_108.jpg,HAWAII,train,train/HAWAI/108.jpg
13,train/HAWAII/train_109.jpg,HAWAII,train,train/HAWAI/109.jpg
13,train/HAWAII/train_110.jpg,HAWAII,train,train/HAWAI/110.jpg
13,train/HAWAII/train_111.jpg,HAWAII,train,train/HAWAI/111.jpg
13,train/HAWAII/train_113.jpg,HAWAII,train,train/HAWAI/113.jpg
13,train/HAWAII/train_114.jpg,HAWAII,train,train/HAWAI/114.jpg
13,train/HAWAII/train_115.jpg,HAWAII,train,train/HAWAI/115.jpg
13,train/HAWAII/train_116.jpg,HAWAII,train,train/HAWAI/116.jpg
13,train/HAWAII/train_117.jpg,HAWAII,train,train/HAWAI/117.jpg
13,train/HAWAII/train_119.jpg,HAWAII,train,train/HAWAI/119.jpg
13,train/HAWAII/train_120.jpg,HAWAII,train,train/HAWAI/120.jpg
13,train/HAWAII/train_121.jpg,HAWAII,train,train/HAWAI/121.jpg
13,train/HAWAII/train_122.jpg,HAWAII,train,train/HAWAI/122.jpg
13,train/HAWAII/train_123.jpg,HAWAII,train,train/HAWAI/123.jpg
13,train/HAWAII/train_124.jpg,HAWAII,train,train/HAWAI/124.jpg
13,train/HAWAII/train_125.jpg,HAWAII,train,train/HAWAI/125.jpg
13,train/HAWAII/train_127.jpg,HAWAII,train,train/HAWAI/127.jpg
13,train/HAWAII/train_128.jpg,HAWAII,train,train/HAWAI/128.jpg
13,train/HAWAII/train_131.jpg,HAWAII,train,train/HAWAI/131.jpg
13,train/HAWAII/train_132.jpg,HAWAII,train,train/HAWAI/132.jpg
13,train/HAWAII/train_135.jpg,HAWAII,train,train/HAWAI/135.jpg
13,train/HAWAII/train_137.jpg,HAWAII,train,train/HAWAI/137.jpg
13,train/HAWAII/train_138.jpg,HAWAII,train,train/HAWAI/138.jpg
13,train/HAWAII/train_139.jpg,HAWAII,train,train/HAWAI/139.jpg
13,train/HAWAII/train_140.jpg,HAWAII,train,train/HAWAI/140.jpg
13,train/HAWAII/train_141.jpg,HAWAII,train,train/HAWAI/141.jpg
13,train/HAWAII/train_142.jpg,HAWAII,train,train/HAWAI/142.jpg
13,train/HAWAII/train_144.jpg,HAWAII,train,train/HAWAI/144.jpg
13,train/HAWAII/valid_2.jpg,HAWAII,train,valid/HAWAI/2.jpg
13,train/HAWAII/valid_4.jpg,HAWAII,train,valid/HAWAI/4.jpg
13,train/HAWAII/valid_5.jpg,HAWAII,train,valid/HAWAI/5.jpg
14,train/IDAHO/test_3.jpg,IDAHO,train,test/IDAHO/3.jpg
14,train/IDAHO/test_4.jpg,IDAHO,train,test/IDAHO/4.jpg
14,train/IDAHO/test_5.jpg,IDAHO,train,test/IDAHO/5.jpg
14,train/IDAHO/train_002.jpg,IDAHO,train,train/IDAHO/002.jpg
14,train/IDAHO/train_003.jpg,IDAHO,train,train/IDAHO/003.jpg
14,train/IDAHO/train_004.jpg,IDAHO,train,train/IDAHO/004.jpg
14,train/IDAHO/train_005.jpg,IDAHO,train,train/IDAHO/005.jpg
14,train/IDAHO/train_006.jpg,IDAHO,train,train/IDAHO/006.jpg
14,train/IDAHO/train_011.jpg,IDAHO,train,train/IDAHO/011.jpg
14,train/IDAHO/train_012.jpg,IDAHO,train,train/IDAHO/012.jpg
14,train/IDAHO/train_014.jpg,IDAHO,train,train/IDAHO/014.jpg
14,train/IDAHO/train_015.jpg,IDAHO,train,train/IDAHO/015.jpg
14,train/IDAHO/train_016.jpg,IDAHO,train,train/IDAHO/016.jpg
14,train/IDAHO/train_017.jpg,IDAHO,train,train/IDAHO/017.jpg
14,train/IDAHO/train_019.jpg,IDAHO,train,train/IDAHO/019.jpg
14,train/IDAHO/train_020.jpg,IDAHO,train,train/IDAHO/020.jpg
14,train/IDAHO/train_021.jpg,IDAHO,train,train/IDAHO/021.jpg
14,train/IDAHO/train_022.jpg,IDAHO,train,train/IDAHO/022.jpg
14,train/IDAHO/train_023.jpg,IDAHO,train,train/IDAHO/023.jpg
14,train/IDAHO/train_025.jpg,IDAHO,train,train/IDAHO/025.jpg
14,train/IDAHO/train_026.jpg,IDAHO,train,train/IDAHO/026.jpg
14,train/IDAHO/train_028.jpg,IDAHO,train,train/IDAHO/028.jpg
14,train/IDAHO/train_029.jpg,IDAHO,train,train/IDAHO/029.jpg
14,train/IDAHO/train_030.jpg,IDAHO,train,train/IDAHO/030.jpg
14,train/IDAHO/train_031.jpg,IDAHO,train,train/IDAHO/031.jpg
14,train/IDAHO/train_032.jpg,IDAHO,train,train/IDAHO/032.jpg
14,train/IDAHO/train_034.jpg,IDAHO,train,train/IDAHO/034.jpg
14,train/IDAHO/train_035.jpg,IDAHO,train,train/IDAHO/035.jpg
14,train/IDAHO/train_036.jpg,IDAHO,train,train/IDAHO/036.jpg
14,train/IDAHO/train_038.jpg,IDAHO,train,train/IDAHO/038.jpg
14,train/IDAHO/train_039.jpg,IDAHO,train,train/IDAHO/039.jpg
14,train/IDAHO/train_040.jpg,IDAHO,train,train/IDAHO/040.jpg
14,train/IDAHO/train_041.jpg,IDAHO,train,train/IDAHO/041.jpg
14,train/IDAHO/train_044.jpg,IDAHO,train,train/IDAHO/044.jpg
14,train/IDAHO/train_046.jpg,IDAHO,train,train/IDAHO/046.jpg
14,train/IDAHO/train_047.jpg,IDAHO,train,train/IDAHO/047.jpg
14,train/IDAHO/train_048.jpg,IDAHO,train,train/IDAHO/048.jpg
14,train/IDAHO/train_050.jpg,IDAHO,train,train/IDAHO/050.jpg
14,train/IDAHO/train_051.jpg,IDAHO,train,train/IDAHO/051.jpg
14,train/IDAHO/train_053.jpg,IDAHO,train,train/IDAHO/053.jpg
14,train/IDAHO/train_056.jpg,IDAHO,train,train/IDAHO/056.jpg
14,train/IDAHO/train_057.jpg,IDAHO,train,train/IDAHO/057.jpg
14,train/IDAHO/train_058.jpg,IDAHO,train,train/IDAHO/058.jpg
14,train/IDAHO/train_059.jpg,IDAHO,train,train/IDAHO/059.jpg
14,train/IDAHO/train_060.jpg,IDAHO,train,train/IDAHO/060.jpg
14,train/IDAHO/train_062.jpg,IDAHO,train,train/IDAHO/062.jpg
14,train/IDAHO/train_063.jpg,IDAHO,train,train/IDAHO/063.jpg
14,train/IDAHO/train_064.jpg,IDAHO,train,train/IDAHO/064.jpg
14,train/IDAHO/train_065.jpg,IDAHO,train,train/IDAHO/065.jpg
14,train/IDAHO/train_066.jpg,IDAHO,train,train/IDAHO/066.jpg
14,train/IDAHO/train_068.jpg,IDAHO,train,train/IDAHO/068.jpg
14,train/IDAHO/train_072.jpg,IDAHO,train,train/IDAHO/072.jpg
14,train/IDAHO/train_075.jpg,IDAHO,train,train/IDAHO/075.jpg
14,train/IDAHO/train_076.jpg,IDAHO,train,train/IDAHO/076.jpg
14,train/IDAHO/train_077.jpg,IDAHO,train,train/IDAHO/077.jpg
14,train/IDAHO/train_078.jpg,IDAHO,train,train/IDAHO/078.jpg
14,train/IDAHO/train_079.jpg,IDAHO,train,train/IDAHO/079.jpg
14,train/IDAHO/train_081.jpg,IDAHO,train,train/IDAHO/081.jpg
14,train/IDAHO/train_082.jpg,IDAHO,train,train/IDAHO/082.jpg
14,train/IDAHO/train_084.jpg,IDAHO,train,train/IDAHO/084.jpg
14,train/IDAHO/train_085.jpg,IDAHO,train,train/IDAHO/085.jpg
14,train/IDAHO/train_086.jpg,IDAHO,train,train/IDAHO/086.jpg
14,train/IDAHO/train_088.jpg,IDAHO,train,train/IDAHO/088.jpg
14,train/IDAHO/train_089.jpg,IDAHO,train,train/IDAHO/089.jpg
14,train/IDAHO/train_090.jpg,IDAHO,train,train/IDAHO/090.jpg
14,train/IDAHO/train_091.jpg,IDAHO,train,train/IDAHO/091.jpg
14,train/IDAHO/train_092.jpg,IDAHO,train,train/IDAHO/092.jpg
14,train/IDAHO/train_093.jpg,IDAHO,train,train/IDAHO/093.jpg
14,train/IDAHO/train_094.jpg,IDAHO,train,train/IDAHO/094.jpg
14,train/IDAHO/train_096.jpg,IDAHO,train,train/IDAHO/096.jpg
14,train/IDAHO/train_098.jpg,IDAHO,train,train/IDAHO/098.jpg
14,train/IDAHO/train_099.jpg,IDAHO,train,train/IDAHO/099.jpg
14,train/IDAHO/train_100.jpg,IDAHO,train,train/IDAHO/100.jpg
14,train/IDAHO/train_101.jpg,IDAHO,train,train/IDAHO/101.jpg
14,train/IDAHO/train_102.jpg,IDAHO,train,train/IDAHO/102.jpg
14,train/IDAHO/train_105.jpg,IDAHO,train,train/IDAHO/105.jpg
14,train/IDAHO/train_106.jpg,IDAHO,train,train/IDAHO/106.jpg
14,train/IDAHO/train_107.jpg,IDAHO,train,train/IDAHO/107.jpg
14,train/IDAHO/train_111.jpg,IDAHO,train,train/IDAHO/111.jpg
14,train/IDAHO/train_112.jpg,IDAHO,train,train/IDAHO/112.jpg
14,train/IDAHO/train_113.jpg,IDAHO,train,train/IDAHO/113.jpg
14,train/IDAHO/train_114.jpg,IDAHO,train,train/IDAHO/114.jpg
14,train/IDAHO/train_115.jpg,IDAHO,train,train/IDAHO/115.jpg
14,train/IDAHO/train_117.jpg,IDAHO,train,train/IDAHO/117.jpg
14,train/IDAHO/train_118.jpg,IDAHO,train,train/IDAHO/118.jpg
14,train/IDAHO/train_119.jpg,IDAHO,train,train/IDAHO/119.jpg
14,train/IDAHO/train_121.jpg,IDAHO,train,train/IDAHO/121.jpg
14,train/IDAHO/train_122.jpg,IDAHO,train,train/IDAHO/122.jpg
14,train/IDAHO/train_123.jpg,IDAHO,train,train/IDAHO/123.jpg
14,train/IDAHO/train_124.jpg,IDAHO,train,train/IDAHO/124.jpg
14,train/IDAHO/train_125.jpg,IDAHO,train,train/IDAHO/125.jpg
14,train/IDAHO/train_126.jpg,IDAHO,train,train/IDAHO/126.jpg
14,train/IDAHO/train_127.jpg,IDAHO,train,train/IDAHO/127.jpg
14,train/IDAHO/train_129.jpg,IDAHO,train,train/IDAHO/129.jpg
14,train/IDAHO/train_130.jpg,IDAHO,train,train/IDAHO/130.jpg
14,train/IDAHO/train_131.jpg,IDAHO,train,train/IDAHO/131.jpg
14,train/IDAHO/train_132.jpg,IDAHO,train,train/IDAHO/132.jpg
14,train/IDAHO/train_133.jpg,IDAHO,train,train/IDAHO/133.jpg
14,train/IDAHO/train_134.jpg,IDAHO,train,train/IDAHO/134.jpg
14,train/IDAHO/train_135.jpg,IDAHO,train,train/IDAHO/135.jpg
14,train/IDAHO/train_136.jpg,IDAHO,train,train/IDAHO/136.jpg
14,train/IDAHO/train_137.jpg,IDAHO,train,train/IDAHO/137.jpg
14,train/IDAHO/train_138.jpg,IDAHO,train,train/IDAHO/138.jpg
14,train/IDAHO/train_141.jpg,IDAHO,train,train/IDAHO/141.jpg
14,train/IDAHO/train_142.jpg,IDAHO,train,train/IDAHO/142.jpg
14,train/IDAHO/train_144.jpg,IDAHO,train,train/IDAHO/144.jpg
14,train/IDAHO/valid_4.jpg,IDAHO,train,valid/IDAHO/4.jpg
14,train/IDAHO/valid_5.jpg,IDAHO,train,valid/IDAHO/5.jpg
15,train/ILLINOIS/test_1.jpg,ILLINOIS,train,test/ILLINOIS/1.jpg
15,train/ILLINOIS/test_2.jpg,ILLINOIS,train,test/ILLINOIS/2.jpg
15,train/ILLINOIS/test_3.jpg,ILLINOIS,train,test/ILLINOIS/3.jpg
15,train/ILLINOIS/test_4.jpg,ILLINOIS,train,test/ILLINOIS/4.jpg
15,train/ILLINOIS/test_5.jpg,ILLINOIS,train,test/ILLINOIS/5.jpg
15,train/ILLINOIS/train_002.jpg,ILLINOIS,train,train/ILLINOIS/002.jpg
15,train/ILLINOIS/train_003.jpg,ILLINOIS,train,train/ILLINOIS/003.jpg
15,train/ILLINOIS/train_005.jpg,ILLINOIS,train,train/ILLINOIS/005.jpg
15,train/ILLINOIS/train_006.jpg,ILLINOIS,train,train/ILLINOIS/006.jpg
15,train/ILLINOIS/train_007.jpg,ILLINOIS,train,train/ILLINOIS/007.jpg
15,train/ILLINOIS/train_008.jpg,ILLINOIS,train,train/ILLINOIS/008.jpg
15,train/ILLINOIS/train_011.jpg,ILLINOIS,train,train/ILLINOIS/011.jpg
15,train/ILLINOIS/train_012.jpg,ILLINOIS,train,train/ILLINOIS/012.jpg
15,train/ILLINOIS/train_013.jpg,ILLINOIS,train,train/ILLINOIS/013.jpg
15,train/ILLINOIS/train_014.jpg,ILLINOIS,train,train/ILLINOIS/014.jpg
15,train/ILLINOIS/train_015.jpg,ILLINOIS,train,train/ILLINOIS/015.jpg
15,train/ILLINOIS/train_016.jpg,ILLINOIS,train,train/ILLINOIS/016.jpg
15,train/ILLINOIS/train_018.jpg,ILLINOIS,train,train/ILLINOIS/018.jpg
15,train/ILLINOIS/train_019.jpg,ILLINOIS,train,train/ILLINOIS/019.jpg
15,train/ILLINOIS/train_021.jpg,ILLINOIS,train,train/ILLINOIS/021.jpg
15,train/ILLINOIS/train_024.jpg,ILLINOIS,train,train/ILLINOIS/024.jpg
15,train/ILLINOIS/train_025.jpg,ILLINOIS,train,train/ILLINOIS/025.jpg
15,train/ILLINOIS/train_026.jpg,ILLINOIS,train,train/ILLINOIS/026.jpg
15,train/ILLINOIS/train_028.jpg,ILLINOIS,train,train/ILLINOIS/028.jpg
15,train/ILLINOIS/train_029.jpg,ILLINOIS,train,train/ILLINOIS/029.jpg
15,train/ILLINOIS/train_030.jpg,ILLINOIS,train,train/ILLINOIS/030.jpg
15,train/ILLINOIS/train_031.jpg,ILLINOIS,train,train/ILLINOIS/031.jpg
15,train/ILLINOIS/train_032.jpg,ILLINOIS,train,train/ILLINOIS/032.jpg
15,train/ILLINOIS/train_033.jpg,ILLINOIS,train,train/ILLINOIS/033.jpg
15,train/ILLINOIS/train_034.jpg,ILLINOIS,train,train/ILLINOIS/034.jpg
15,train/ILLINOIS/train_037.jpg,ILLINOIS,train,train/ILLINOIS/037.jpg
15,train/ILLINOIS/train_038.jpg,ILLINOIS,train,train/ILLINOIS/038.jpg
15,train/ILLINOIS/train_039.jpg,ILLINOIS,train,train/ILLINOIS/039.jpg
15,train/ILLINOIS/train_040.jpg,ILLINOIS,train,train/ILLINOIS/040.jpg
15,train/ILLINOIS/train_041.jpg,ILLINOIS,train,train/ILLINOIS/041.jpg
15,train/ILLINOIS/train_042.jpg,ILLINOIS,train,train/ILLINOIS/042.jpg
15,train/ILLINOIS/train_043.jpg,ILLINOIS,train,train/ILLINOIS/043.jpg
15,train/ILLINOIS/train_044.jpg,ILLINOIS,train,train/ILLINOIS/044.jpg
15,train/ILLINOIS/train_046.jpg,ILLINOIS,train,train/ILLINOIS/046.jpg
15,train/ILLINOIS/train_049.jpg,ILLINOIS,train,train/ILLINOIS/049.jpg
15,train/ILLINOIS/train_050.jpg,ILLINOIS,train,train/ILLINOIS/050.jpg
15,train/ILLINOIS/train_053.jpg,ILLINOIS,train,train/ILLINOIS/053.jpg
15,train/ILLINOIS/train_056.jpg,ILLINOIS,train,train/ILLINOIS/056.jpg
15,train/ILLINOIS/train_058.jpg,ILLINOIS,train,train/ILLINOIS/058.jpg
15,train/ILLINOIS/train_059.jpg,ILLINOIS,train,train/ILLINOIS/059.jpg
15,train/ILLINOIS/train_060.jpg,ILLINOIS,train,train/ILLINOIS/060.jpg
15,train/ILLINOIS/train_061.jpg,ILLINOIS,train,train/ILLINOIS/061.jpg
15,train/ILLINOIS/train_062.jpg,ILLINOIS,train,train/ILLINOIS/062.jpg
15,train/ILLINOIS/train_063.jpg,ILLINOIS,train,train/ILLINOIS/063.jpg
15,train/ILLINOIS/train_064.jpg,ILLINOIS,train,train/ILLINOIS/064.jpg
15,train/ILLINOIS/train_065.jpg,ILLINOIS,train,train/ILLINOIS/065.jpg
15,train/ILLINOIS/train_066.jpg,ILLINOIS,train,train/ILLINOIS/066.jpg
15,train/ILLINOIS/train_067.jpg,ILLINOIS,train,train/ILLINOIS/067.jpg
15,train/ILLINOIS/train_068.jpg,ILLINOIS,train,train/ILLINOIS/068.jpg
15,train/ILLINOIS/train_069.jpg,ILLINOIS,train,train/ILLINOIS/069.jpg
15,train/ILLINOIS/train_071.jpg,ILLINOIS,train,train/ILLINOIS/071.jpg
15,train/ILLINOIS/train_075.jpg,ILLINOIS,train,train/ILLINOIS/075.jpg
15,train/ILLINOIS/train_077.jpg,ILLINOIS,train,train/ILLINOIS/077.jpg
15,train/ILLINOIS/train_078.jpg,ILLINOIS,train,train/ILLINOIS/078.jpg
15,train/ILLINOIS/train_080.jpg,ILLINOIS,train,train/ILLINOIS/080.jpg
15,train/ILLINOIS/train_081.jpg,ILLINOIS,train,train/ILLINOIS/081.jpg
15,train/ILLINOIS/train_083.jpg,ILLINOIS,train,train/ILLINOIS/083.jpg
15,train/ILLINOIS/train_084.jpg,ILLINOIS,train,train/ILLINOIS/084.jpg
15,train/ILLINOIS/train_085.jpg,ILLINOIS,train,train/ILLINOIS/085.jpg
15,train/ILLINOIS/train_086.jpg,ILLINOIS,train,train/ILLINOIS/086.jpg
15,train/ILLINOIS/train_087.jpg,ILLINOIS,train,train/ILLINOIS/087.jpg
15,train/ILLINOIS/train_088.jpg,ILLINOIS,train,train/ILLINOIS/088.jpg
15,train/ILLINOIS/train_089.jpg,ILLINOIS,train,train/ILLINOIS/089.jpg
15,train/ILLINOIS/train_090.jpg,ILLINOIS,train,train/ILLINOIS/090.jpg
15,train/ILLINOIS/train_092.jpg,ILLINOIS,train,train/ILLINOIS/092.jpg
15,train/ILLINOIS/train_093.jpg,ILLINOIS,train,train/ILLINOIS/093.jpg
15,train/ILLINOIS/train_094.jpg,ILLINOIS,train,train/ILLINOIS/094.jpg
15,train/ILLINOIS/train_096.jpg,ILLINOIS,train,train/ILLINOIS/096.jpg
15,train/ILLINOIS/train_097.jpg,ILLINOIS,train,train/ILLINOIS/097.jpg
15,train/ILLINOIS/train_098.jpg,ILLINOIS,train,train/ILLINOIS/098.jpg
15,train/ILLINOIS/train_099.jpg,ILLINOIS,train,train/ILLINOIS/099.jpg
15,train/ILLINOIS/train_100.jpg,ILLINOIS,train,train/ILLINOIS/100.jpg
15,train/ILLINOIS/train_101.jpg,ILLINOIS,train,train/ILLINOIS/101.jpg
15,train/ILLINOIS/train_102.jpg,ILLINOIS,train,train/ILLINOIS/102.jpg
15,train/ILLINOIS/train_103.jpg,ILLINOIS,train,train/ILLINOIS/103.jpg
15,train/ILLINOIS/train_105.jpg,ILLINOIS,train,train/ILLINOIS/105.jpg
15,train/ILLINOIS/train_106.jpg,ILLINOIS,train,train/ILLINOIS/106.jpg
15,train/ILLINOIS/train_107.jpg,ILLINOIS,train,train/ILLINOIS/107.jpg
15,train/ILLINOIS/train_108.jpg,ILLINOIS,train,train/ILLINOIS/108.jpg
15,train/ILLINOIS/train_109.jpg,ILLINOIS,train,train/ILLINOIS/109.jpg
15,train/ILLINOIS/train_110.jpg,ILLINOIS,train,train/ILLINOIS/110.jpg
15,train/ILLINOIS/train_112.jpg,ILLINOIS,train,train/ILLINOIS/112.jpg
15,train/ILLINOIS/train_113.jpg,ILLINOIS,train,train/ILLINOIS/113.jpg
15,train/ILLINOIS/train_115.jpg,ILLINOIS,train,train/ILLINOIS/115.jpg
15,train/ILLINOIS/train_116.jpg,ILLINOIS,train,train/ILLINOIS/116.jpg
15,train/ILLINOIS/train_118.jpg,ILLINOIS,train,train/ILLINOIS/118.jpg
15,train/ILLINOIS/train_119.jpg,ILLINOIS,train,train/ILLINOIS/119.jpg
15,train/ILLINOIS/train_121.jpg,ILLINOIS,train,train/ILLINOIS/121.jpg
15,train/ILLINOIS/train_123.jpg,ILLINOIS,train,train/ILLINOIS/123.jpg
15,train/ILLINOIS/train_125.jpg,ILLINOIS,train,train/ILLINOIS/125.jpg
15,train/ILLINOIS/train_126.jpg,ILLINOIS,train,train/ILLINOIS/126.jpg
15,train/ILLINOIS/train_127.jpg,ILLINOIS,train,train/ILLINOIS/127.jpg
15,train/ILLINOIS/train_128.jpg,ILLINOIS,train,train/ILLINOIS/128.jpg
15,train/ILLINOIS/train_129.jpg,ILLINOIS,train,train/ILLINOIS/129.jpg
15,train/ILLINOIS/train_131.jpg,ILLINOIS,train,train/ILLINOIS/131.jpg
15,train/ILLINOIS/train_134.jpg,ILLINOIS,train,train/ILLINOIS/134.jpg
15,train/ILLINOIS/train_136.jpg,ILLINOIS,train,train/ILLINOIS/136.jpg
15,train/ILLINOIS/train_138.jpg,ILLINOIS,train,train/ILLINOIS/138.jpg
15,train/ILLINOIS/train_139.jpg,ILLINOIS,train,train/ILLINOIS/139.jpg
15,train/ILLINOIS/train_140.jpg,ILLINOIS,train,train/ILLINOIS/140.jpg
15,train/ILLINOIS/train_144.jpg,ILLINOIS,train,train/ILLINOIS/144.jpg
15,train/ILLINOIS/valid_1.jpg,ILLINOIS,train,valid/ILLINOIS/1.jpg
15,train/ILLINOIS/valid_4.jpg,ILLINOIS,train,valid/ILLINOIS/4.jpg
16,train/INDIANA/test_1.jpg,INDIANA,train,test/INDIANA/1.jpg
16,train/INDIANA/test_2.jpg,INDIANA,train,test/INDIANA/2.jpg
16,train/INDIANA/test_3.jpg,INDIANA,train,test/INDIANA/3.jpg
16,train/INDIANA/test_5.jpg,INDIANA,train,test/INDIANA/5.jpg
16,train/INDIANA/train_001.jpg,INDIANA,train,train/INDIANA/001.jpg
16,train/INDIANA/train_002.jpg,INDIANA,train,train/INDIANA/002.jpg
16,train/INDIANA/train_003.jpg,INDIANA,train,train/INDIANA/003.jpg
16,train/INDIANA/train_004.jpg,INDIANA,train,train/INDIANA/004.jpg
16,train/INDIANA/train_005.jpg,INDIANA,train,train/INDIANA/005.jpg
16,train/INDIANA/train_006.jpg,INDIANA,train,train/INDIANA/006.jpg
16,train/INDIANA/train_008.jpg,INDIANA,train,train/INDIANA/008.jpg
16,train/INDIANA/train_009.jpg,INDIANA,train,train/INDIANA/009.jpg
16,train/INDIANA/train_010.jpg,INDIANA,train,train/INDIANA/010.jpg
16,train/INDIANA/train_011.jpg,INDIANA,train,train/INDIANA/011.jpg
16,train/INDIANA/train_012.jpg,INDIANA,train,train/INDIANA/012.jpg
16,train/INDIANA/train_013.jpg,INDIANA,train,train/INDIANA/013.jpg
16,train/INDIANA/train_015.jpg,INDIANA,train,train/INDIANA/015.jpg
16,train/INDIANA/train_016.jpg,INDIANA,train,train/INDIANA/016.jpg
16,train/INDIANA/train_017.jpg,INDIANA,train,train/INDIANA/017.jpg
16,train/INDIANA/train_019.jpg,INDIANA,train,train/INDIANA/019.jpg
16,train/INDIANA/train_020.jpg,INDIANA,train,train/INDIANA/020.jpg
16,train/INDIANA/train_021.jpg,INDIANA,train,train/INDIANA/021.jpg
16,train/INDIANA/train_023.jpg,INDIANA,train,train/INDIANA/023.jpg
16,train/INDIANA/train_024.jpg,INDIANA,train,train/INDIANA/024.jpg
16,train/INDIANA/train_025.jpg,INDIANA,train,train/INDIANA/025.jpg
16,train/INDIANA/train_026.jpg,INDIANA,train,train/INDIANA/026.jpg
16,train/INDIANA/train_028.jpg,INDIANA,train,train/INDIANA/028.jpg
16,train/INDIANA/train_029.jpg,INDIANA,train,train/INDIANA/029.jpg
16,train/INDIANA/train_030.jpg,INDIANA,train,train/INDIANA/030.jpg
16,train/INDIANA/train_032.jpg,INDIANA,train,train/INDIANA/032.jpg
16,train/INDIANA/train_033.jpg,INDIANA,train,train/INDIANA/033.jpg
16,train/INDIANA/train_034.jpg,INDIANA,train,train/INDIANA/034.jpg
16,train/INDIANA/train_035.jpg,INDIANA,train,train/INDIANA/035.jpg
16,train/INDIANA/train_036.jpg,INDIANA,train,train/INDIANA/036.jpg
16,train/INDIANA/train_037.jpg,INDIANA,train,train/INDIANA/037.jpg
16,train/INDIANA/train_038.jpg,INDIANA,train,train/INDIANA/038.jpg
16,train/INDIANA/train_039.jpg,INDIANA,train,train/INDIANA/039.jpg
16,train/INDIANA/train_040.jpg,INDIANA,train,train/INDIANA/040.jpg
16,train/INDIANA/train_044.jpg,INDIANA,train,train/INDIANA/044.jpg
16,train/INDIANA/train_045.jpg,INDIANA,train,train/INDIANA/045.jpg
16,train/INDIANA/train_046.jpg,INDIANA,train,train/INDIANA/046.jpg
16,train/INDIANA/train_048.jpg,INDIANA,train,train/INDIANA/048.jpg
16,train/INDIANA/train_051.jpg,INDIANA,train,train/INDIANA/051.jpg
16,train/INDIANA/train_052.jpg,INDIANA,train,train/INDIANA/052.jpg
16,train/INDIANA/train_053.jpg,INDIANA,train,train/INDIANA/053.jpg
16,train/INDIANA/train_054.jpg,INDIANA,train,train/INDIANA/054.jpg
16,train/INDIANA/train_055.jpg,INDIANA,train,train/INDIANA/055.jpg
16,train/INDIANA/train_056.jpg,INDIANA,train,train/INDIANA/056.jpg
16,train/INDIANA/train_057.jpg,INDIANA,train,train/INDIANA/057.jpg
16,train/INDIANA/train_059.jpg,INDIANA,train,train/INDIANA/059.jpg
16,train/INDIANA/train_060.jpg,INDIANA,train,train/INDIANA/060.jpg
16,train/INDIANA/train_062.jpg,INDIANA,train,train/INDIANA/062.jpg
16,train/INDIANA/train_064.jpg,INDIANA,train,train/INDIANA/064.jpg
16,train/INDIANA/train_067.jpg,INDIANA,train,train/INDIANA/067.jpg
16,train/INDIANA/train_068.jpg,INDIANA,train,train/INDIANA/068.jpg
16,train/INDIANA/train_070.jpg,INDIANA,train,train/INDIANA/070.jpg
16,train/INDIANA/train_071.jpg,INDIANA,train,train/INDIANA/071.jpg
16,train/INDIANA/train_072.jpg,INDIANA,train,train/INDIANA/072.jpg
16,train/INDIANA/train_075.jpg,INDIANA,train,train/INDIANA/075.jpg
16,train/INDIANA/train_076.jpg,INDIANA,train,train/INDIANA/076.jpg
16,train/INDIANA/train_077.jpg,INDIANA,train,train/INDIANA/077.jpg
16,train/INDIANA/train_080.jpg,INDIANA,train,train/INDIANA/080.jpg
16,train/INDIANA/train_081.jpg,INDIANA,train,train/INDIANA/081.jpg
16,train/INDIANA/train_082.jpg,INDIANA,train,train/INDIANA/082.jpg
16,train/INDIANA/train_084.jpg,INDIANA,train,train/INDIANA/084.jpg
16,train/INDIANA/train_090.jpg,INDIANA,train,train/INDIANA/090.jpg
16,train/INDIANA/train_091.jpg,INDIANA,train,train/INDIANA/091.jpg
16,train/INDIANA/train_092.jpg,INDIANA,train,train/INDIANA/092.jpg
16,train/INDIANA/train_094.jpg,INDIANA,train,train/INDIANA/094.jpg
16,train/INDIANA/train_095.jpg,INDIANA,train,train/INDIANA/095.jpg
16,train/INDIANA/train_096.jpg,INDIANA,train,train/INDIANA/096.jpg
16,train/INDIANA/train_097.jpg,INDIANA,train,train/INDIANA/097.jpg
16,train/INDIANA/train_098.jpg,INDIANA,train,train/INDIANA/098.jpg
16,train/INDIANA/train_099.jpg,INDIANA,train,train/INDIANA/099.jpg
16,train/INDIANA/train_100.jpg,INDIANA,train,train/INDIANA/100.jpg
16,train/INDIANA/train_101.jpg,INDIANA,train,train/INDIANA/101.jpg
16,train/INDIANA/train_102.jpg,INDIANA,train,train/INDIANA/102.jpg
16,train/INDIANA/train_103.jpg,INDIANA,train,train/INDIANA/103.jpg
16,train/INDIANA/train_104.jpg,INDIANA,train,train/INDIANA/104.jpg
16,train/INDIANA/train_105.jpg,INDIANA,train,train/INDIANA/105.jpg
16,train/INDIANA/train_106.jpg,INDIANA,train,train/INDIANA/106.jpg
16,train/INDIANA/train_107.jpg,INDIANA,train,train/INDIANA/107.jpg
16,train/INDIANA/train_108.jpg,INDIANA,train,train/INDIANA/108.jpg
16,train/INDIANA/train_109.jpg,INDIANA,train,train/INDIANA/109.jpg
16,train/INDIANA/train_111.jpg,INDIANA,train,train/INDIANA/111.jpg
16,train/INDIANA/train_112.jpg,INDIANA,train,train/INDIANA/112.jpg
16,train/INDIANA/train_114.jpg,INDIANA,train,train/INDIANA/114.jpg
16,train/INDIANA/train_115.jpg,INDIANA,train,train/INDIANA/115.jpg
16,train/INDIANA/train_116.jpg,INDIANA,train,train/INDIANA/116.jpg
16,train/INDIANA/train_117.jpg,INDIANA,train,train/INDIANA/117.jpg
16,train/INDIANA/train_119.jpg,INDIANA,train,train/INDIANA/119.jpg
16,train/INDIANA/train_121.jpg,INDIANA,train,train/INDIANA/121.jpg
16,train/INDIANA/train_123.jpg,INDIANA,train,train/INDIANA/123.jpg
16,train/INDIANA/train_124.jpg,INDIANA,train,train/INDIANA/124.jpg
16,train/INDIANA/train_125.jpg,INDIANA,train,train/INDIANA/125.jpg
16,train/INDIANA/train_126.jpg,INDIANA,train,train/INDIANA/126.jpg
16,train/INDIANA/train_127.jpg,INDIANA,train,train/INDIANA/127.jpg
16,train/INDIANA/train_132.jpg,INDIANA,train,train/INDIANA/132.jpg
16,train/INDIANA/train_133.jpg,INDIANA,train,train/INDIANA/133.jpg
16,train/INDIANA/train_135.jpg,INDIANA,train,train/INDIANA/135.jpg
16,train/INDIANA/train_136.jpg,INDIANA,train,train/INDIANA/136.jpg
16,train/INDIANA/train_138.jpg,INDIANA,train,train/INDIANA/138.jpg
16,train/INDIANA/train_139.jpg,INDIANA,train,train/INDIANA/139.jpg
16,train/INDIANA/train_140.jpg,INDIANA,train,train/INDIANA/140.jpg
16,train/INDIANA/train_141.jpg,INDIANA,train,train/INDIANA/141.jpg
16,train/INDIANA/train_143.jpg,INDIANA,train,train/INDIANA/143.jpg
16,train/INDIANA/train_145.jpg,INDIANA,train,train/INDIANA/145.jpg
16,train/INDIANA/train_147.jpg,INDIANA,train,train/INDIANA/147.jpg
16,train/INDIANA/train_151.jpg,INDIANA,train,train/INDIANA/151.jpg
16,train/INDIANA/train_152.jpg,INDIANA,train,train/INDIANA/152.jpg
16,train/INDIANA/valid_2.jpg,INDIANA,train,valid/INDIANA/2.jpg
16,train/INDIANA/valid_3.jpg,INDIANA,train,valid/INDIANA/3.jpg
16,train/INDIANA/valid_4.jpg,INDIANA,train,valid/INDIANA/4.jpg
16,train/INDIANA/valid_5.jpg,INDIANA,train,valid/INDIANA/5.jpg
17,train/IOWA/test_1.jpg,IOWA,train,test/IOWA/1.jpg
17,train/IOWA/train_002.jpg,IOWA,train,train/IOWA/002.jpg
17,train/IOWA/train_003.jpg,IOWA,train,train/IOWA/003.jpg
17,train/IOWA/train_004.jpg,IOWA,train,train/IOWA/004.jpg
17,train/IOWA/train_005.jpg,IOWA,train,train/IOWA/005.jpg
17,train/IOWA/train_006.jpg,IOWA,train,train/IOWA/006.jpg
17,train/IOWA/train_007.jpg,IOWA,train,train/IOWA/007.jpg
17,train/IOWA/train_008.jpg,IOWA,train,train/IOWA/008.jpg
17,train/IOWA/train_009.jpg,IOWA,train,train/IOWA/009.jpg
17,train/IOWA/train_010.jpg,IOWA,train,train/IOWA/010.jpg
17,train/IOWA/train_012.jpg,IOWA,train,train/IOWA/012.jpg
17,train/IOWA/train_014.jpg,IOWA,train,train/IOWA/014.jpg
17,train/IOWA/train_016.jpg,IOWA,train,train/IOWA/016.jpg
17,train/IOWA/train_017.jpg,IOWA,train,train/IOWA/017.jpg
17,train/IOWA/train_018.jpg,IOWA,train,train/IOWA/018.jpg
17,train/IOWA/train_019.jpg,IOWA,train,train/IOWA/019.jpg
17,train/IOWA/train_021.jpg,IOWA,train,train/IOWA/021.jpg
17,train/IOWA/train_025.jpg,IOWA,train,train/IOWA/025.jpg
17,train/IOWA/train_028.jpg,IOWA,train,train/IOWA/028.jpg
17,train/IOWA/train_029.jpg,IOWA,train,train/IOWA/029.jpg
17,train/IOWA/train_033.jpg,IOWA,train,train/IOWA/033.jpg
17,train/IOWA/train_036.jpg,IOWA,train,train/IOWA/036.jpg
17,train/IOWA/train_037.jpg,IOWA,train,train/IOWA/037.jpg
17,train/IOWA/train_038.jpg,IOWA,train,train/IOWA/038.jpg
17,train/IOWA/train_039.jpg,IOWA,train,train/IOWA/039.jpg
17,train/IOWA/train_041.jpg,IOWA,train,train/IOWA/041.jpg
17,train/IOWA/train_042.jpg,IOWA,train,train/IOWA/042.jpg
17,train/IOWA/train_043.jpg,IOWA,train,train/IOWA/043.jpg
17,train/IOWA/train_044.jpg,IOWA,train,train/IOWA/044.jpg
17,train/IOWA/train_045.jpg,IOWA,train,train/IOWA/045.jpg
17,train/IOWA/train_046.jpg,IOWA,train,train/IOWA/046.jpg
17,train/IOWA/train_047.jpg,IOWA,train,train/IOWA/047.jpg
17,train/IOWA/train_048.jpg,IOWA,train,train/IOWA/048.jpg
17,train/IOWA/train_050.jpg,IOWA,train,train/IOWA/050.jpg
17,train/IOWA/train_051.jpg,IOWA,train,train/IOWA/051.jpg
17,train/IOWA/train_052.jpg,IOWA,train,train/IOWA/052.jpg
17,train/IOWA/train_056.jpg,IOWA,train,train/IOWA/056.jpg
17,train/IOWA/train_057.jpg,IOWA,train,train/IOWA/057.jpg
17,train/IOWA/train_058.jpg,IOWA,train,train/IOWA/058.jpg
17,train/IOWA/train_059.jpg,IOWA,train,train/IOWA/059.jpg
17,train/IOWA/train_060.jpg,IOWA,train,train/IOWA/060.jpg
17,train/IOWA/train_061.jpg,IOWA,train,train/IOWA/061.jpg
17,train/IOWA/train_062.jpg,IOWA,train,train/IOWA/062.jpg
17,train/IOWA/train_063.jpg,IOWA,train,train/IOWA/063.jpg
17,train/IOWA/train_065.jpg,IOWA,train,train/IOWA/065.jpg
17,train/IOWA/train_066.jpg,IOWA,train,train/IOWA/066.jpg
17,train/IOWA/train_067.jpg,IOWA,train,train/IOWA/067.jpg
17,train/IOWA/train_068.jpg,IOWA,train,train/IOWA/068.jpg
17,train/IOWA/train_071.jpg,IOWA,train,train/IOWA/071.jpg
17,train/IOWA/train_072.jpg,IOWA,train,train/IOWA/072.jpg
17,train/IOWA/train_074.jpg,IOWA,train,train/IOWA/074.jpg
17,train/IOWA/train_075.jpg,IOWA,train,train/IOWA/075.jpg
17,train/IOWA/train_076.jpg,IOWA,train,train/IOWA/076.jpg
17,train/IOWA/train_077.jpg,IOWA,train,train/IOWA/077.jpg
17,train/IOWA/train_078.jpg,IOWA,train,train/IOWA/078.jpg
17,train/IOWA/train_080.jpg,IOWA,train,train/IOWA/080.jpg
17,train/IOWA/train_081.jpg,IOWA,train,train/IOWA/081.jpg
17,train/IOWA/train_082.jpg,IOWA,train,train/IOWA/082.jpg
17,train/IOWA/train_083.jpg,IOWA,train,train/IOWA/083.jpg
17,train/IOWA/train_084.jpg,IOWA,train,train/IOWA/084.jpg
17,train/IOWA/train_085.jpg,IOWA,train,train/IOWA/085.jpg
17,train/IOWA/train_086.jpg,IOWA,train,train/IOWA/086.jpg
17,train/IOWA/train_087.jpg,IOWA,train,train/IOWA/087.jpg
17,train/IOWA/train_088.jpg,IOWA,train,train/IOWA/088.jpg
17,train/IOWA/train_090.jpg,IOWA,train,train/IOWA/090.jpg
17,train/IOWA/train_091.jpg,IOWA,train,train/IOWA/091.jpg
17,train/IOWA/train_092.jpg,IOWA,train,train/IOWA/092.jpg
17,train/IOWA/train_093.jpg,IOWA,train,train/IOWA/093.jpg
17,train/IOWA/train_095.jpg,IOWA,train,train/IOWA/095.jpg
17,train/IOWA/train_096.jpg,IOWA,train,train/IOWA/096.jpg
17,train/IOWA/train_097.jpg,IOWA,train,train/IOWA/097.jpg
17,train/IOWA/train_099.jpg,IOWA,train,train/IOWA/099.jpg
17,train/IOWA/train_100.jpg,IOWA,train,train/IOWA/100.jpg
17,train/IOWA/train_101.jpg,IOWA,train,train/IOWA/101.jpg
17,train/IOWA/train_102.jpg,IOWA,train,train/IOWA/102.jpg
17,train/IOWA/train_103.jpg,IOWA,train,train/IOWA/103.jpg
17,train/IOWA/train_104.jpg,IOWA,train,train/IOWA/104.jpg
17,train/IOWA/train_105.jpg,IOWA,train,train/IOWA/105.jpg
17,train/IOWA/train_107.jpg,IOWA,train,train/IOWA/107.jpg
17,train/IOWA/train_111.jpg,IOWA,train,train/IOWA/111.jpg
17,train/IOWA/train_113.jpg,IOWA,train,train/IOWA/113.jpg
17,train/IOWA/train_115.jpg,IOWA,train,train/IOWA/115.jpg
17,train/IOWA/train_116.jpg,IOWA,train,train/IOWA/116.jpg
17,train/IOWA/train_117.jpg,IOWA,train,train/IOWA/117.jpg
17,train/IOWA/train_118.jpg,IOWA,train,train/IOWA/118.jpg
17,train/IOWA/train_119.jpg,IOWA,train,train/IOWA/119.jpg
17,train/IOWA/train_120.jpg,IOWA,train,train/IOWA/120.jpg
17,train/IOWA/train_121.jpg,IOWA,train,train/IOWA/121.jpg
17,train/IOWA/train_122.jpg,IOWA,train,train/IOWA/122.jpg
17,train/IOWA/train_124.jpg,IOWA,train,train/IOWA/124.jpg
17,train/IOWA/train_125.jpg,IOWA,train,train/IOWA/125.jpg
17,train/IOWA/train_129.jpg,IOWA,train,train/IOWA/129.jpg
17,train/IOWA/train_130.jpg,IOWA,train,train/IOWA/130.jpg
17,train/IOWA/train_131.jpg,IOWA,train,train/IOWA/131.jpg
17,train/IOWA/train_132.jpg,IOWA,train,train/IOWA/132.jpg
17,train/IOWA/train_133.jpg,IOWA,train,train/IOWA/133.jpg
17,train/IOWA/train_135.jpg,IOWA,train,train/IOWA/135.jpg
17,train/IOWA/train_136.jpg,IOWA,train,train/IOWA/136.jpg
17,train/IOWA/train_137.jpg,IOWA,train,train/IOWA/137.jpg
17,train/IOWA/train_138.jpg,IOWA,train,train/IOWA/138.jpg
17,train/IOWA/train_140.jpg,IOWA,train,train/IOWA/140.jpg
17,train/IOWA/train_141.jpg,IOWA,train,train/IOWA/141.jpg
17,train/IOWA/train_142.jpg,IOWA,train,train/IOWA/142.jpg
17,train/IOWA/train_143.jpg,IOWA,train,train/IOWA/143.jpg
17,train/IOWA/train_144.jpg,IOWA,train,train/IOWA/144.jpg
17,train/IOWA/valid_2.jpg,IOWA,train,valid/IOWA/2.jpg
17,train/IOWA/valid_4.jpg,IOWA,train,valid/IOWA/4.jpg
17,train/IOWA/valid_5.jpg,IOWA,train,valid/IOWA/5.jpg
18,train/KANSAS/test_2.jpg,KANSAS,train,test/KANSAS/2.jpg
18,train/KANSAS/test_5.jpg,KANSAS,train,test/KANSAS/5.jpg
18,train/KANSAS/train_003.jpg,KANSAS,train,train/KANSAS/003.jpg
18,train/KANSAS/train_006.jpg,KANSAS,train,train/KANSAS/006.jpg
18,train/KANSAS/train_007.jpg,KANSAS,train,train/KANSAS/007.jpg
18,train/KANSAS/train_008.jpg,KANSAS,train,train/KANSAS/008.jpg
18,train/KANSAS/train_009.jpg,KANSAS,train,train/KANSAS/009.jpg
18,train/KANSAS/train_010.jpg,KANSAS,train,train/KANSAS/010.jpg
18,train/KANSAS/train_011.jpg,KANSAS,train,train/KANSAS/011.jpg
18,train/KANSAS/train_012.jpg,KANSAS,train,train/KANSAS/012.jpg
18,train/KANSAS/train_013.jpg,KANSAS,train,train/KANSAS/013.jpg
18,train/KANSAS/train_014.jpg,KANSAS,train,train/KANSAS/014.jpg
18,train/KANSAS/train_017.jpg,KANSAS,train,train/KANSAS/017.jpg
18,train/KANSAS/train_018.jpg,KANSAS,train,train/KANSAS/018.jpg
18,train/KANSAS/train_019.jpg,KANSAS,train,train/KANSAS/019.jpg
18,train/KANSAS/train_021.jpg,KANSAS,train,train/KANSAS/021.jpg
18,train/KANSAS/train_022.jpg,KANSAS,train,train/KANSAS/022.jpg
18,train/KANSAS/train_025.jpg,KANSAS,train,train/KANSAS/025.jpg
18,train/KANSAS/train_026.jpg,KANSAS,train,train/KANSAS/026.jpg
18,train/KANSAS/train_027.jpg,KANSAS,train,train/KANSAS/027.jpg
18,train/KANSAS/train_028.jpg,KANSAS,train,train/KANSAS/028.jpg
18,train/KANSAS/train_029.jpg,KANSAS,train,train/KANSAS/029.jpg
18,train/KANSAS/train_032.jpg,KANSAS,train,train/KANSAS/032.jpg
18,train/KANSAS/train_033.jpg,KANSAS,train,train/KANSAS/033.jpg
18,train/KANSAS/train_035.jpg,KANSAS,train,train/KANSAS/035.jpg
18,train/KANSAS/train_039.jpg,KANSAS,train,train/KANSAS/039.jpg
18,train/KANSAS/train_040.jpg,KANSAS,train,train/KANSAS/040.jpg
18,train/KANSAS/train_041.jpg,KANSAS,train,train/KANSAS/041.jpg
18,train/KANSAS/train_042.jpg,KANSAS,train,train/KANSAS/042.jpg
18,train/KANSAS/train_044.jpg,KANSAS,train,train/KANSAS/044.jpg
18,train/KANSAS/train_045.jpg,KANSAS,train,train/KANSAS/045.jpg
18,train/KANSAS/train_047.jpg,KANSAS,train,train/KANSAS/047.jpg
18,train/KANSAS/train_048.jpg,KANSAS,train,train/KANSAS/048.jpg
18,train/KANSAS/train_050.jpg,KANSAS,train,train/KANSAS/050.jpg
18,train/KANSAS/train_051.jpg,KANSAS,train,train/KANSAS/051.jpg
18,train/KANSAS/train_052.jpg,KANSAS,train,train/KANSAS/052.jpg
18,train/KANSAS/train_055.jpg,KANSAS,train,train/KANSAS/055.jpg
18,train/KANSAS/train_056.jpg,KANSAS,train,train/KANSAS/056.jpg
18,train/KANSAS/train_058.jpg,KANSAS,train,train/KANSAS/058.jpg
18,train/KANSAS/train_060.jpg,KANSAS,train,train/KANSAS/060.jpg
18,train/KANSAS/train_061.jpg,KANSAS,train,train/KANSAS/061.jpg
18,train/KANSAS/train_062.jpg,KANSAS,train,train/KANSAS/062.jpg
18,train/KANSAS/train_064.jpg,KANSAS,train,train/KANSAS/064.jpg
18,train/KANSAS/train_065.jpg,KANSAS,train,train/KANSAS/065.jpg
18,train/KANSAS/train_066.jpg,KANSAS,train,train/KANSAS/066.jpg
18,train/KANSAS/train_067.jpg,KANSAS,train,train/KANSAS/067.jpg
18,train/KANSAS/train_068.jpg,KANSAS,train,train/KANSAS/068.jpg
18,train/KANSAS/train_072.jpg,KANSAS,train,train/KANSAS/072.jpg
18,train/KANSAS/train_073.jpg,KANSAS,train,train/KANSAS/073.jpg
18,train/KANSAS/train_075.jpg,KANSAS,train,train/KANSAS/075.jpg
18,train/KANSAS/train_077.jpg,KANSAS,train,train/KANSAS/077.jpg
18,train/KANSAS/train_078.jpg,KANSAS,train,train/KANSAS/078.jpg
18,train/KANSAS/train_079.jpg,KANSAS,train,train/KANSAS/079.jpg
18,train/KANSAS/train_082.jpg,KANSAS,train,train/KANSAS/082.jpg
18,train/KANSAS/train_083.jpg,KANSAS,train,train/KANSAS/083.jpg
18,train/KANSAS/train_084.jpg,KANSAS,train,train/KANSAS/084.jpg
18,train/KANSAS/train_085.jpg,KANSAS,train,train/KANSAS/085.jpg
18,train/KANSAS/train_086.jpg,KANSAS,train,train/KANSAS/086.jpg
18,train/KANSAS/train_087.jpg,KANSAS,train,train/KANSAS/087.jpg
18,train/KANSAS/train_088.jpg,KANSAS,train,train/KANSAS/088.jpg
18,train/KANSAS/train_089.jpg,KANSAS,train,train/KANSAS/089.jpg
18,train/KANSAS/train_090.jpg,KANSAS,train,train/KANSAS/090.jpg
18,train/KANSAS/train_091.jpg,KANSAS,train,train/KANSAS/091.jpg
18,train/KANSAS/train_092.jpg,KANSAS,train,train/KANSAS/092.jpg
18,train/KANSAS/train_095.jpg,KANSAS,train,train/KANSAS/095.jpg
18,train/KANSAS/train_096.jpg,KANSAS,train,train/KANSAS/096.jpg
18,train/KANSAS/train_097.jpg,KANSAS,train,train/KANSAS/097.jpg
18,train/KANSAS/train_098.jpg,KANSAS,train,train/KANSAS/098.jpg
18,train/KANSAS/train_099.jpg,KANSAS,train,train/KANSAS/099.jpg
18,train/KANSAS/train_100.jpg,KANSAS,train,train/KANSAS/100.jpg
18,train/KANSAS/train_101.jpg,KANSAS,train,train/KANSAS/101.jpg
18,train/KANSAS/train_102.jpg,KANSAS,train,train/KANSAS/102.jpg
18,train/KANSAS/train_103.jpg,KANSAS,train,train/KANSAS/103.jpg
18,train/KANSAS/train_105.jpg,KANSAS,train,train/KANSAS/105.jpg
18,train/KANSAS/train_106.jpg,KANSAS,train,train/KANSAS/106.jpg
18,train/KANSAS/train_107.jpg,KANSAS,train,train/KANSAS/107.jpg
18,train/KANSAS/train_108.jpg,KANSAS,train,train/KANSAS/108.jpg
18,train/KANSAS/train_109.jpg,KANSAS,train,train/KANSAS/109.jpg
18,train/KANSAS/train_110.jpg,KANSAS,train,train/KANSAS/110.jpg
18,train/KANSAS/train_111.jpg,KANSAS,train,train/KANSAS/111.jpg
18,train/KANSAS/train_112.jpg,KANSAS,train,train/KANSAS/112.jpg
18,train/KANSAS/train_113.jpg,KANSAS,train,train/KANSAS/113.jpg
18,train/KANSAS/train_114.jpg,KANSAS,train,train/KANSAS/114.jpg
18,train/KANSAS/train_118.jpg,KANSAS,train,train/KANSAS/118.jpg
18,train/KANSAS/train_119.jpg,KANSAS,train,train/KANSAS/119.jpg
18,train/KANSAS/train_120.jpg,KANSAS,train,train/KANSAS/120.jpg
18,train/KANSAS/train_121.jpg,KANSAS,train,train/KANSAS/121.jpg
18,train/KANSAS/train_122.jpg,KANSAS,train,train/KANSAS/122.jpg
18,train/KANSAS/train_124.jpg,KANSAS,train,train/KANSAS/124.jpg
18,train/KANSAS/train_125.jpg,KANSAS,train,train/KANSAS/125.jpg
18,train/KANSAS/train_126.jpg,KANSAS,train,train/KANSAS/126.jpg
18,train/KANSAS/train_127.jpg,KANSAS,train,train/KANSAS/127.jpg
18,train/KANSAS/train_128.jpg,KANSAS,train,train/KANSAS/128.jpg
18,train/KANSAS/train_129.jpg,KANSAS,train,train/KANSAS/129.jpg
18,train/KANSAS/train_130.jpg,KANSAS,train,train/KANSAS/130.jpg
18,train/KANSAS/train_131.jpg,KANSAS,train,train/KANSAS/131.jpg
18,train/KANSAS/train_132.jpg,KANSAS,train,train/KANSAS/132.jpg
18,train/KANSAS/train_134.jpg,KANSAS,train,train/KANSAS/134.jpg
18,train/KANSAS/train_136.jpg,KANSAS,train,train/KANSAS/136.jpg
18,train/KANSAS/train_137.jpg,KANSAS,train,train/KANSAS/137.jpg
18,train/KANSAS/train_139.jpg,KANSAS,train,train/KANSAS/139.jpg
18,train/KANSAS/train_142.jpg,KANSAS,train,train/KANSAS/142.jpg
18,train/KANSAS/train_143.jpg,KANSAS,train,train/KANSAS/143.jpg
18,train/KANSAS/train_144.jpg,KANSAS,train,train/KANSAS/144.jpg
18,train/KANSAS/train_145.jpg,KANSAS,train,train/KANSAS/145.jpg
18,train/KANSAS/train_147.jpg,KANSAS,train,train/KANSAS/147.jpg
18,train/KANSAS/train_148.jpg,KANSAS,train,train/KANSAS/148.jpg
18,train/KANSAS/valid_1.jpg,KANSAS,train,valid/KANSAS/1.jpg
18,train/KANSAS/valid_3.jpg,KANSAS,train,valid/KANSAS/3.jpg
18,train/KANSAS/valid_4.jpg,KANSAS,train,valid/KANSAS/4.jpg
18,train/KANSAS/valid_5.jpg,KANSAS,train,valid/KANSAS/5.jpg
19,train/KENTUCKY/test_2.jpg,KENTUCKY,train,test/KENTUCKY/2.jpg
19,train/KENTUCKY/test_4.jpg,KENTUCKY,train,test/KENTUCKY/4.jpg
19,train/KENTUCKY/test_5.jpg,KENTUCKY,train,test/KENTUCKY/5.jpg
19,train/KENTUCKY/train_002.jpg,KENTUCKY,train,train/KENTUCKY/002.jpg
19,train/KENTUCKY/train_005.jpg,KENTUCKY,train,train/KENTUCKY/005.jpg
19,train/KENTUCKY/train_006.jpg,KENTUCKY,train,train/KENTUCKY/006.jpg
19,train/KENTUCKY/train_007.jpg,KENTUCKY,train,train/KENTUCKY/007.jpg
19,train/KENTUCKY/train_008.jpg,KENTUCKY,train,train/KENTUCKY/008.jpg
19,train/KENTUCKY/train_009.jpg,KENTUCKY,train,train/KENTUCKY/009.jpg
19,train/KENTUCKY/train_010.jpg,KENTUCKY,train,train/KENTUCKY/010.jpg
19,train/KENTUCKY/train_012.jpg,KENTUCKY,train,train/KENTUCKY/012.jpg
19,train/KENTUCKY/train_014.jpg,KENTUCKY,train,train/KENTUCKY/014.jpg
19,train/KENTUCKY/train_015.jpg,KENTUCKY,train,train/KENTUCKY/015.jpg
19,train/KENTUCKY/train_017.jpg,KENTUCKY,train,train/KENTUCKY/017.jpg
19,train/KENTUCKY/train_018.jpg,KENTUCKY,train,train/KENTUCKY/018.jpg
19,train/KENTUCKY/train_019.jpg,KENTUCKY,train,train/KENTUCKY/019.jpg
19,train/KENTUCKY/train_021.jpg,KENTUCKY,train,train/KENTUCKY/021.jpg
19,train/KENTUCKY/train_022.jpg,KENTUCKY,train,train/KENTUCKY/022.jpg
19,train/KENTUCKY/train_023.jpg,KENTUCKY,train,train/KENTUCKY/023.jpg
19,train/KENTUCKY/train_025.jpg,KENTUCKY,train,train/KENTUCKY/025.jpg
19,train/KENTUCKY/train_026.jpg,KENTUCKY,train,train/KENTUCKY/026.jpg
19,train/KENTUCKY/train_028.jpg,KENTUCKY,train,train/KENTUCKY/028.jpg
19,train/KENTUCKY/train_030.jpg,KENTUCKY,train,train/KENTUCKY/030.jpg
19,train/KENTUCKY/train_031.jpg,KENTUCKY,train,train/KENTUCKY/031.jpg
19,train/KENTUCKY/train_032.jpg,KENTUCKY,train,train/KENTUCKY/032.jpg
19,train/KENTUCKY/train_033.jpg,KENTUCKY,train,train/KENTUCKY/033.jpg
19,train/KENTUCKY/train_036.jpg,KENTUCKY,train,train/KENTUCKY/036.jpg
19,train/KENTUCKY/train_040.jpg,KENTUCKY,train,train/KENTUCKY/040.jpg
19,train/KENTUCKY/train_041.jpg,KENTUCKY,train,train/KENTUCKY/041.jpg
19,train/KENTUCKY/train_042.jpg,KENTUCKY,train,train/KENTUCKY/042.jpg
19,train/KENTUCKY/train_043.jpg,KENTUCKY,train,train/KENTUCKY/043.jpg
19,train/KENTUCKY/train_045.jpg,KENTUCKY,train,train/KENTUCKY/045.jpg
19,train/KENTUCKY/train_046.jpg,KENTUCKY,train,train/KENTUCKY/046.jpg
19,train/KENTUCKY/train_047.jpg,KENTUCKY,train,train/KENTUCKY/047.jpg
19,train/KENTUCKY/train_048.jpg,KENTUCKY,train,train/KENTUCKY/048.jpg
19,train/KENTUCKY/train_049.jpg,KENTUCKY,train,train/KENTUCKY/049.jpg
19,train/KENTUCKY/train_050.jpg,KENTUCKY,train,train/KENTUCKY/050.jpg
19,train/KENTUCKY/train_051.jpg,KENTUCKY,train,train/KENTUCKY/051.jpg
19,train/KENTUCKY/train_053.jpg,KENTUCKY,train,train/KENTUCKY/053.jpg
19,train/KENTUCKY/train_054.jpg,KENTUCKY,train,train/KENTUCKY/054.jpg
19,train/KENTUCKY/train_055.jpg,KENTUCKY,train,train/KENTUCKY/055.jpg
19,train/KENTUCKY/train_056.jpg,KENTUCKY,train,train/KENTUCKY/056.jpg
19,train/KENTUCKY/train_058.jpg,KENTUCKY,train,train/KENTUCKY/058.jpg
19,train/KENTUCKY/train_059.jpg,KENTUCKY,train,train/KENTUCKY/059.jpg
19,train/KENTUCKY/train_060.jpg,KENTUCKY,train,train/KENTUCKY/060.jpg
19,train/KENTUCKY/train_061.jpg,KENTUCKY,train,train/KENTUCKY/061.jpg
19,train/KENTUCKY/train_062.jpg,KENTUCKY,train,train/KENTUCKY/062.jpg
19,train/KENTUCKY/train_064.jpg,KENTUCKY,train,train/KENTUCKY/064.jpg
19,train/KENTUCKY/train_065.jpg,KENTUCKY,train,train/KENTUCKY/065.jpg
19,train/KENTUCKY/train_068.jpg,KENTUCKY,train,train/KENTUCKY/068.jpg
19,train/KENTUCKY/train_069.jpg,KENTUCKY,train,train/KENTUCKY/069.jpg
19,train/KENTUCKY/train_071.jpg,KENTUCKY,train,train/KENTUCKY/071.jpg
19,train/KENTUCKY/train_072.jpg,KENTUCKY,train,train/KENTUCKY/072.jpg
19,train/KENTUCKY/train_073.jpg,KENTUCKY,train,train/KENTUCKY/073.jpg
19,train/KENTUCKY/train_075.jpg,KENTUCKY,train,train/KENTUCKY/075.jpg
19,train/KENTUCKY/train_077.jpg,KENTUCKY,train,train/KENTUCKY/077.jpg
19,train/KENTUCKY/train_080.jpg,KENTUCKY,train,train/KENTUCKY/080.jpg
19,train/KENTUCKY/train_081.jpg,KENTUCKY,train,train/KENTUCKY/081.jpg
19,train/KENTUCKY/train_083.jpg,KENTUCKY,train,train/KENTUCKY/083.jpg
19,train/KENTUCKY/train_084.jpg,KENTUCKY,train,train/KENTUCKY/084.jpg
19,train/KENTUCKY/train_085.jpg,KENTUCKY,train,train/KENTUCKY/085.jpg
19,train/KENTUCKY/train_086.jpg,KENTUCKY,train,train/KENTUCKY/086.jpg
19,train/KENTUCKY/train_088.jpg,KENTUCKY,train,train/KENTUCKY/088.jpg
19,train/KENTUCKY/train_089.jpg,KENTUCKY,train,train/KENTUCKY/089.jpg
19,train/KENTUCKY/train_090.jpg,KENTUCKY,train,train/KENTUCKY/090.jpg
19,train/KENTUCKY/train_091.jpg,KENTUCKY,train,train/KENTUCKY/091.jpg
19,train/KENTUCKY/train_092.jpg,KENTUCKY,train,train/KENTUCKY/092.jpg
19,train/KENTUCKY/train_093.jpg,KENTUCKY,train,train/KENTUCKY/093.jpg
19,train/KENTUCKY/train_094.jpg,KENTUCKY,train,train/KENTUCKY/094.jpg
19,train/KENTUCKY/train_095.jpg,KENTUCKY,train,train/KENTUCKY/095.jpg
19,train/KENTUCKY/train_096.jpg,KENTUCKY,train,train/KENTUCKY/096.jpg
19,train/KENTUCKY/train_097.jpg,KENTUCKY,train,train/KENTUCKY/097.jpg
19,train/KENTUCKY/train_100.jpg,KENTUCKY,train,train/KENTUCKY/100.jpg
19,train/KENTUCKY/train_101.jpg,KENTUCKY,train,train/KENTUCKY/101.jpg
19,train/KENTUCKY/train_102.jpg,KENTUCKY,train,train/KENTUCKY/102.jpg
19,train/KENTUCKY/train_103.jpg,KENTUCKY,train,train/KENTUCKY/103.jpg
19,train/KENTUCKY/train_105.jpg,KENTUCKY,train,train/KENTUCKY/105.jpg
19,train/KENTUCKY/train_110.jpg,KENTUCKY,train,train/KENTUCKY/110.jpg
19,train/KENTUCKY/train_111.jpg,KENTUCKY,train,train/KENTUCKY/111.jpg
19,train/KENTUCKY/train_112.jpg,KENTUCKY,train,train/KENTUCKY/112.jpg
19,train/KENTUCKY/train_113.jpg,KENTUCKY,train,train/KENTUCKY/113.jpg
19,train/KENTUCKY/train_114.jpg,KENTUCKY,train,train/KENTUCKY/114.jpg
19,train/KENTUCKY/train_116.jpg,KENTUCKY,train,train/KENTUCKY/116.jpg
19,train/KENTUCKY/train_117.jpg,KENTUCKY,train,train/KENTUCKY/117.jpg
19,train/KENTUCKY/train_119.jpg,KENTUCKY,train,train/KENTUCKY/119.jpg
19,train/KENTUCKY/train_120.jpg,KENTUCKY,train,train/KENTUCKY/120.jpg
19,train/KENTUCKY/train_121.jpg,KENTUCKY,train,train/KENTUCKY/121.jpg
19,train/KENTUCKY/train_122.jpg,KENTUCKY,train,train/KENTUCKY/122.jpg
19,train/KENTUCKY/train_123.jpg,KENTUCKY,train,train/KENTUCKY/123.jpg
19,train/KENTUCKY/train_124.jpg,KENTUCKY,train,train/KENTUCKY/124.jpg
19,train/KENTUCKY/train_125.jpg,KENTUCKY,train,train/KENTUCKY/125.jpg
19,train/KENTUCKY/train_127.jpg,KENTUCKY,train,train/KENTUCKY/127.jpg
19,train/KENTUCKY/train_128.jpg,KENTUCKY,train,train/KENTUCKY/128.jpg
19,train/KENTUCKY/train_130.jpg,KENTUCKY,train,train/KENTUCKY/130.jpg
19,train/KENTUCKY/train_131.jpg,KENTUCKY,train,train/KENTUCKY/131.jpg
19,train/KENTUCKY/train_133.jpg,KENTUCKY,train,train/KENTUCKY/133.jpg
19,train/KENTUCKY/train_134.jpg,KENTUCKY,train,train/KENTUCKY/134.jpg
19,train/KENTUCKY/train_136.jpg,KENTUCKY,train,train/KENTUCKY/136.jpg
19,train/KENTUCKY/train_137.jpg,KENTUCKY,train,train/KENTUCKY/137.jpg
19,train/KENTUCKY/train_138.jpg,KENTUCKY,train,train/KENTUCKY/138.jpg
19,train/KENTUCKY/train_140.jpg,KENTUCKY,train,train/KENTUCKY/140.jpg
19,train/KENTUCKY/train_141.jpg,KENTUCKY,train,train/KENTUCKY/141.jpg
19,train/KENTUCKY/train_142.jpg,KENTUCKY,train,train/KENTUCKY/142.jpg
19,train/KENTUCKY/train_145.jpg,KENTUCKY,train,train/KENTUCKY/145.jpg
19,train/KENTUCKY/train_146.jpg,KENTUCKY,train,train/KENTUCKY/146.jpg
19,train/KENTUCKY/valid_1.jpg,KENTUCKY,train,valid/KENTUCKY/1.jpg
19,train/KENTUCKY/valid_2.jpg,KENTUCKY,train,valid/KENTUCKY/2.jpg
19,train/KENTUCKY/valid_3.jpg,KENTUCKY,train,valid/KENTUCKY/3.jpg
19,train/KENTUCKY/valid_4.jpg,KENTUCKY,train,valid/KENTUCKY/4.jpg
19,train/KENTUCKY/valid_5.jpg,KENTUCKY,train,valid/KENTUCKY/5.jpg
20,train/LOUISIANA/test_1.jpg,LOUISIANA,train,test/LOUISIANA/1.jpg
20,train/LOUISIANA/test_2.jpg,LOUISIANA,train,test/LOUISIANA/2.jpg
20,train/LOUISIANA/test_3.jpg,LOUISIANA,train,test/LOUISIANA/3.jpg
20,train/LOUISIANA/test_4.jpg,LOUISIANA,train,test/LOUISIANA/4.jpg
20,train/LOUISIANA/train_001.jpg,LOUISIANA,train,train/LOUISIANA/001.jpg
20,train/LOUISIANA/train_002.jpg,LOUISIANA,train,train/LOUISIANA/002.jpg
20,train/LOUISIANA/train_004.jpg,LOUISIANA,train,train/LOUISIANA/004.jpg
20,train/LOUISIANA/train_005.jpg,LOUISIANA,train,train/LOUISIANA/005.jpg
20,train/LOUISIANA/train_006.jpg,LOUISIANA,train,train/LOUISIANA/006.jpg
20,train/LOUISIANA/train_009.jpg,LOUISIANA,train,train/LOUISIANA/009.jpg
20,train/LOUISIANA/train_011.jpg,LOUISIANA,train,train/LOUISIANA/011.jpg
20,train/LOUISIANA/train_012.jpg,LOUISIANA,train,train/LOUISIANA/012.jpg
20,train/LOUISIANA/train_013.jpg,LOUISIANA,train,train/LOUISIANA/013.jpg
20,train/LOUISIANA/train_014.jpg,LOUISIANA,train,train/LOUISIANA/014.jpg
20,train/LOUISIANA/train_015.jpg,LOUISIANA,train,train/LOUISIANA/015.jpg
20,train/LOUISIANA/train_017.jpg,LOUISIANA,train,train/LOUISIANA/017.jpg
20,train/LOUISIANA/train_018.jpg,LOUISIANA,train,train/LOUISIANA/018.jpg
20,train/LOUISIANA/train_019.jpg,LOUISIANA,train,train/LOUISIANA/019.jpg
20,train/LOUISIANA/train_020.jpg,LOUISIANA,train,train/LOUISIANA/020.jpg
20,train/LOUISIANA/train_022.jpg,LOUISIANA,train,train/LOUISIANA/022.jpg
20,train/LOUISIANA/train_023.jpg,LOUISIANA,train,train/LOUISIANA/023.jpg
20,train/LOUISIANA/train_024.jpg,LOUISIANA,train,train/LOUISIANA/024.jpg
20,train/LOUISIANA/train_025.jpg,LOUISIANA,train,train/LOUISIANA/025.jpg
20,train/LOUISIANA/train_026.jpg,LOUISIANA,train,train/LOUISIANA/026.jpg
20,train/LOUISIANA/train_030.jpg,LOUISIANA,train,train/LOUISIANA/030.jpg
20,train/LOUISIANA/train_032.jpg,LOUISIANA,train,train/LOUISIANA/032.jpg
20,train/LOUISIANA/train_035.jpg,LOUISIANA,train,train/LOUISIANA/035.jpg
20,train/LOUISIANA/train_036.jpg,LOUISIANA,train,train/LOUISIANA/036.jpg
20,train/LOUISIANA/train_037.jpg,LOUISIANA,train,train/LOUISIANA/037.jpg
20,train/LOUISIANA/train_038.jpg,LOUISIANA,train,train/LOUISIANA/038.jpg
20,train/LOUISIANA/train_041.jpg,LOUISIANA,train,train/LOUISIANA/041.jpg
20,train/LOUISIANA/train_042.jpg,LOUISIANA,train,train/LOUISIANA/042.jpg
20,train/LOUISIANA/train_043.jpg,LOUISIANA,train,train/LOUISIANA/043.jpg
20,train/LOUISIANA/train_045.jpg,LOUISIANA,train,train/LOUISIANA/045.jpg
20,train/LOUISIANA/train_046.jpg,LOUISIANA,train,train/LOUISIANA/046.jpg
20,train/LOUISIANA/train_047.jpg,LOUISIANA,train,train/LOUISIANA/047.jpg
20,train/LOUISIANA/train_049.jpg,LOUISIANA,train,train/LOUISIANA/049.jpg
20,train/LOUISIANA/train_051.jpg,LOUISIANA,train,train/LOUISIANA/051.jpg
20,train/LOUISIANA/train_054.jpg,LOUISIANA,train,train/LOUISIANA/054.jpg
20,train/LOUISIANA/train_055.jpg,LOUISIANA,train,train/LOUISIANA/055.jpg
20,train/LOUISIANA/train_057.jpg,LOUISIANA,train,train/LOUISIANA/057.jpg
20,train/LOUISIANA/train_058.jpg,LOUISIANA,train,train/LOUISIANA/058.jpg
20,train/LOUISIANA/train_059.jpg,LOUISIANA,train,train/LOUISIANA/059.jpg
20,train/LOUISIANA/train_061.jpg,LOUISIANA,train,train/LOUISIANA/061.jpg
20,train/LOUISIANA/train_062.jpg,LOUISIANA,train,train/LOUISIANA/062.jpg
20,train/LOUISIANA/train_064.jpg,LOUISIANA,train,train/LOUISIANA/064.jpg
20,train/LOUISIANA/train_065.jpg,LOUISIANA,train,train/LOUISIANA/065.jpg
20,train/LOUISIANA/train_066.jpg,LOUISIANA,train,train/LOUISIANA/066.jpg
20,train/LOUISIANA/train_067.jpg,LOUISIANA,train,train/LOUISIANA/067.jpg
20,train/LOUISIANA/train_071.jpg,LOUISIANA,train,train/LOUISIANA/071.jpg
20,train/LOUISIANA/train_073.jpg,LOUISIANA,train,train/LOUISIANA/073.jpg
20,train/LOUISIANA/train_074.jpg,LOUISIANA,train,train/LOUISIANA/074.jpg
20,train/LOUISIANA/train_075.jpg,LOUISIANA,train,train/LOUISIANA/075.jpg
20,train/LOUISIANA/train_076.jpg,LOUISIANA,train,train/LOUISIANA/076.jpg
20,train/LOUISIANA/train_078.jpg,LOUISIANA,train,train/LOUISIANA/078.jpg
20,train/LOUISIANA/train_079.jpg,LOUISIANA,train,train/LOUISIANA/079.jpg
20,train/LOUISIANA/train_080.jpg,LOUISIANA,train,train/LOUISIANA/080.jpg
20,train/LOUISIANA/train_081.jpg,LOUISIANA,train,train/LOUISIANA/081.jpg
20,train/LOUISIANA/train_082.jpg,LOUISIANA,train,train/LOUISIANA/082.jpg
20,train/LOUISIANA/train_083.jpg,LOUISIANA,train,train/LOUISIANA/083.jpg
20,train/LOUISIANA/train_085.jpg,LOUISIANA,train,train/LOUISIANA/085.jpg
20,train/LOUISIANA/train_086.jpg,LOUISIANA,train,train/LOUISIANA/086.jpg
20,train/LOUISIANA/train_087.jpg,LOUISIANA,train,train/LOUISIANA/087.jpg
20,train/LOUISIANA/train_088.jpg,LOUISIANA,train,train/LOUISIANA/088.jpg
20,train/LOUISIANA/train_089.jpg,LOUISIANA,train,train/LOUISIANA/089.jpg
20,train/LOUISIANA/train_090.jpg,LOUISIANA,train,train/LOUISIANA/090.jpg
20,train/LOUISIANA/train_093.jpg,LOUISIANA,train,train/LOUISIANA/093.jpg
20,train/LOUISIANA/train_094.jpg,LOUISIANA,train,train/LOUISIANA/094.jpg
20,train/LOUISIANA/train_095.jpg,LOUISIANA,train,train/LOUISIANA/095.jpg
20,train/LOUISIANA/train_096.jpg,LOUISIANA,train,train/LOUISIANA/096.jpg
20,train/LOUISIANA/train_097.jpg,LOUISIANA,train,train/LOUISIANA/097.jpg
20,train/LOUISIANA/train_100.jpg,LOUISIANA,train,train/LOUISIANA/100.jpg
20,train/LOUISIANA/train_101.jpg,LOUISIANA,train,train/LOUISIANA/101.jpg
20,train/LOUISIANA/train_103.jpg,LOUISIANA,train,train/LOUISIANA/103.jpg
20,train/LOUISIANA/train_104.jpg,LOUISIANA,train,train/LOUISIANA/104.jpg
20,train/LOUISIANA/train_105.jpg,LOUISIANA,train,train/LOUISIANA/105.jpg
20,train/LOUISIANA/train_107.jpg,LOUISIANA,train,train/LOUISIANA/107.jpg
20,train/LOUISIANA/train_108.jpg,LOUISIANA,train,train/LOUISIANA/108.jpg
20,train/LOUISIANA/train_109.jpg,LOUISIANA,train,train/LOUISIANA/109.jpg
20,train/LOUISIANA/train_110.jpg,LOUISIANA,train,train/LOUISIANA/110.jpg
20,train/LOUISIANA/train_111.jpg,LOUISIANA,train,train/LOUISIANA/111.jpg
20,train/LOUISIANA/train_115.jpg,LOUISIANA,train,train/LOUISIANA/115.jpg
20,train/LOUISIANA/train_116.jpg,LOUISIANA,train,train/LOUISIANA/116.jpg
20,train/LOUISIANA/train_117.jpg,LOUISIANA,train,train/LOUISIANA/117.jpg
20,train/LOUISIANA/train_118.jpg,LOUISIANA,train,train/LOUISIANA/118.jpg
20,train/LOUISIANA/train_121.jpg,LOUISIANA,train,train/LOUISIANA/121.jpg
20,train/LOUISIANA/train_122.jpg,LOUISIANA,train,train/LOUISIANA/122.jpg
20,train/LOUISIANA/train_123.jpg,LOUISIANA,train,train/LOUISIANA/123.jpg
20,train/LOUISIANA/train_125.jpg,LOUISIANA,train,train/LOUISIANA/125.jpg
20,train/LOUISIANA/train_126.jpg,LOUISIANA,train,train/LOUISIANA/126.jpg
20,train/LOUISIANA/train_127.jpg,LOUISIANA,train,train/LOUISIANA/127.jpg
20,train/LOUISIANA/train_128.jpg,LOUISIANA,train,train/LOUISIANA/128.jpg
20,train/LOUISIANA/train_129.jpg,LOUISIANA,train,train/LOUISIANA/129.jpg
20,train/LOUISIANA/train_132.jpg,LOUISIANA,train,train/LOUISIANA/132.jpg
20,train/LOUISIANA/train_134.jpg,LOUISIANA,train,train/LOUISIANA/134.jpg
20,train/LOUISIANA/train_135.jpg,LOUISIANA,train,train/LOUISIANA/135.jpg
20,train/LOUISIANA/train_136.jpg,LOUISIANA,train,train/LOUISIANA/136.jpg
20,train/LOUISIANA/train_137.jpg,LOUISIANA,train,train/LOUISIANA/137.jpg
20,train/LOUISIANA/train_138.jpg,LOUISIANA,train,train/LOUISIANA/138.jpg
20,train/LOUISIANA/train_139.jpg,LOUISIANA,train,train/LOUISIANA/139.jpg
20,train/LOUISIANA/train_140.jpg,LOUISIANA,train,train/LOUISIANA/140.jpg
20,train/LOUISIANA/train_141.jpg,LOUISIANA,train,train/LOUISIANA/141.jpg
20,train/LOUISIANA/train_142.jpg,LOUISIANA,train,train/LOUISIANA/142.jpg
20,train/LOUISIANA/train_143.jpg,LOUISIANA,train,train/LOUISIANA/143.jpg
20,train/LOUISIANA/train_145.jpg,LOUISIANA,train,train/LOUISIANA/145.jpg
20,train/LOUISIANA/train_146.jpg,LOUISIANA,train,train/LOUISIANA/146.jpg
20,train/LOUISIANA/valid_1.jpg,LOUISIANA,train,valid/LOUISIANA/1.jpg
20,train/LOUISIANA/valid_3.jpg,LOUISIANA,train,valid/LOUISIANA/3.jpg
20,train/LOUISIANA/valid_4.jpg,LOUISIANA,train,valid/LOUISIANA/4.jpg
20,train/LOUISIANA/valid_5.jpg,LOUISIANA,train,valid/LOUISIANA/5.jpg
21,train/MAINE/test_1.jpg,MAINE,train,test/MAINE/1.jpg
21,train/MAINE/test_2.jpg,MAINE,train,test/MAINE/2.jpg
21,train/MAINE/test_4.jpg,MAINE,train,test/MAINE/4.jpg
21,train/MAINE/test_5.jpg,MAINE,train,test/MAINE/5.jpg
21,train/MAINE/train_001.jpg,MAINE,train,train/MAINE/001.jpg
21,train/MAINE/train_002.jpg,MAINE,train,train/MAINE/002.jpg
21,train/MAINE/train_005.jpg,MAINE,train,train/MAINE/005.jpg
21,train/MAINE/train_006.jpg,MAINE,train,train/MAINE/006.jpg
21,train/MAINE/train_008.jpg,MAINE,train,train/MAINE/008.jpg
21,train/MAINE/train_009.jpg,MAINE,train,train/MAINE/009.jpg
21,train/MAINE/train_010.jpg,MAINE,train,train/MAINE/010.jpg
21,train/MAINE/train_011.jpg,MAINE,train,train/MAINE/011.jpg
21,train/MAINE/train_014.jpg,MAINE,train,train/MAINE/014.jpg
21,train/MAINE/train_015.jpg,MAINE,train,train/MAINE/015.jpg
21,train/MAINE/train_016.jpg,MAINE,train,train/MAINE/016.jpg
21,train/MAINE/train_017.jpg,MAINE,train,train/MAINE/017.jpg
21,train/MAINE/train_018.jpg,MAINE,train,train/MAINE/018.jpg
21,train/MAINE/train_020.jpg,MAINE,train,train/MAINE/020.jpg
21,train/MAINE/train_021.jpg,MAINE,train,train/MAINE/021.jpg
21,train/MAINE/train_022.jpg,MAINE,train,train/MAINE/022.jpg
21,train/MAINE/train_023.jpg,MAINE,train,train/MAINE/023.jpg
21,train/MAINE/train_024.jpg,MAINE,train,train/MAINE/024.jpg
21,train/MAINE/train_026.jpg,MAINE,train,train/MAINE/026.jpg
21,train/MAINE/train_027.jpg,MAINE,train,train/MAINE/027.jpg
21,train/MAINE/train_030.jpg,MAINE,train,train/MAINE/030.jpg
21,train/MAINE/train_031.jpg,MAINE,train,train/MAINE/031.jpg
21,train/MAINE/train_033.jpg,MAINE,train,train/MAINE/033.jpg
21,train/MAINE/train_034.jpg,MAINE,train,train/MAINE/034.jpg
21,train/MAINE/train_035.jpg,MAINE,train,train/MAINE/035.jpg
21,train/MAINE/train_036.jpg,MAINE,train,train/MAINE/036.jpg
21,train/MAINE/train_037.jpg,MAINE,train,train/MAINE/037.jpg
21,train/MAINE/train_038.jpg,MAINE,train,train/MAINE/038.jpg
21,train/MAINE/train_039.jpg,MAINE,train,train/MAINE/039.jpg
21,train/MAINE/train_040.jpg,MAINE,train,train/MAINE/040.jpg
21,train/MAINE/train_042.jpg,MAINE,train,train/MAINE/042.jpg
21,train/MAINE/train_044.jpg,MAINE,train,train/MAINE/044.jpg
21,train/MAINE/train_045.jpg,MAINE,train,train/MAINE/045.jpg
21,train/MAINE/train_047.jpg,MAINE,train,train/MAINE/047.jpg
21,train/MAINE/train_048.jpg,MAINE,train,train/MAINE/048.jpg
21,train/MAINE/train_049.jpg,MAINE,train,train/MAINE/049.jpg
21,train/MAINE/train_050.jpg,MAINE,train,train/MAINE/050.jpg
21,train/MAINE/train_051.jpg,MAINE,train,train/MAINE/051.jpg
21,train/MAINE/train_052.jpg,MAINE,train,train/MAINE/052.jpg
21,train/MAINE/train_054.jpg,MAINE,train,train/MAINE/054.jpg
21,train/MAINE/train_055.jpg,MAINE,train,train/MAINE/055.jpg
21,train/MAINE/train_056.jpg,MAINE,train,train/MAINE/056.jpg
21,train/MAINE/train_057.jpg,MAINE,train,train/MAINE/057.jpg
21,train/MAINE/train_058.jpg,MAINE,train,train/MAINE/058.jpg
21,train/MAINE/train_059.jpg,MAINE,train,train/MAINE/059.jpg
21,train/MAINE/train_061.jpg,MAINE,train,train/MAINE/061.jpg
21,train/MAINE/train_062.jpg,MAINE,train,train/MAINE/062.jpg
21,train/MAINE/train_063.jpg,MAINE,train,train/MAINE/063.jpg
21,train/MAINE/train_064.jpg,MAINE,train,train/MAINE/064.jpg
21,train/MAINE/train_066.jpg,MAINE,train,train/MAINE/066.jpg
21,train/MAINE/train_068.jpg,MAINE,train,train/MAINE/068.jpg
21,train/MAINE/train_071.jpg,MAINE,train,train/MAINE/071.jpg
21,train/MAINE/train_074.jpg,MAINE,train,train/MAINE/074.jpg
21,train/MAINE/train_075.jpg,MAINE,train,train/MAINE/075.jpg
21,train/MAINE/train_078.jpg,MAINE,train,train/MAINE/078.jpg
21,train/MAINE/train_079.jpg,MAINE,train,train/MAINE/079.jpg
21,train/MAINE/train_080.jpg,MAINE,train,train/MAINE/080.jpg
21,train/MAINE/train_081.jpg,MAINE,train,train/MAINE/081.jpg
21,train/MAINE/train_083.jpg,MAINE,train,train/MAINE/083.jpg
21,train/MAINE/train_084.jpg,MAINE,train,train/MAINE/084.jpg
21,train/MAINE/train_085.jpg,MAINE,train,train/MAINE/085.jpg
21,train/MAINE/train_086.jpg,MAINE,train,train/MAINE/086.jpg
21,train/MAINE/train_087.jpg,MAINE,train,train/MAINE/087.jpg
21,train/MAINE/train_088.jpg,MAINE,train,train/MAINE/088.jpg
21,train/MAINE/train_089.jpg,MAINE,train,train/MAINE/089.jpg
21,train/MAINE/train_090.jpg,MAINE,train,train/MAINE/090.jpg
21,train/MAINE/train_091.jpg,MAINE,train,train/MAINE/091.jpg
21,train/MAINE/train_093.jpg,MAINE,train,train/MAINE/093.jpg
21,train/MAINE/train_095.jpg,MAINE,train,train/MAINE/095.jpg
21,train/MAINE/train_096.jpg,MAINE,train,train/MAINE/096.jpg
21,train/MAINE/train_097.jpg,MAINE,train,train/MAINE/097.jpg
21,train/MAINE/train_098.jpg,MAINE,train,train/MAINE/098.jpg
21,train/MAINE/train_099.jpg,MAINE,train,train/MAINE/099.jpg
21,train/MAINE/train_100.jpg,MAINE,train,train/MAINE/100.jpg
21,train/MAINE/train_101.jpg,MAINE,train,train/MAINE/101.jpg
21,train/MAINE/train_102.jpg,MAINE,train,train/MAINE/102.jpg
21,train/MAINE/train_103.jpg,MAINE,train,train/MAINE/103.jpg
21,train/MAINE/train_104.jpg,MAINE,train,train/MAINE/104.jpg
21,train/MAINE/train_105.jpg,MAINE,train,train/MAINE/105.jpg
21,train/MAINE/train_106.jpg,MAINE,train,train/MAINE/106.jpg
21,train/MAINE/train_107.jpg,MAINE,train,train/MAINE/107.jpg
21,train/MAINE/train_108.jpg,MAINE,train,train/MAINE/108.jpg
21,train/MAINE/train_113.jpg,MAINE,train,train/MAINE/113.jpg
21,train/MAINE/train_115.jpg,MAINE,train,train/MAINE/115.jpg
21,train/MAINE/train_116.jpg,MAINE,train,train/MAINE/116.jpg
21,train/MAINE/train_117.jpg,MAINE,train,train/MAINE/117.jpg
21,train/MAINE/train_118.jpg,MAINE,train,train/MAINE/118.jpg
21,train/MAINE/train_119.jpg,MAINE,train,train/MAINE/119.jpg
21,train/MAINE/train_120.jpg,MAINE,train,train/MAINE/120.jpg
21,train/MAINE/train_122.jpg,MAINE,train,train/MAINE/122.jpg
21,train/MAINE/train_124.jpg,MAINE,train,train/MAINE/124.jpg
21,train/MAINE/train_125.jpg,MAINE,train,train/MAINE/125.jpg
21,train/MAINE/train_126.jpg,MAINE,train,train/MAINE/126.jpg
21,train/MAINE/train_129.jpg,MAINE,train,train/MAINE/129.jpg
21,train/MAINE/train_131.jpg,MAINE,train,train/MAINE/131.jpg
21,train/MAINE/train_133.jpg,MAINE,train,train/MAINE/133.jpg
21,train/MAINE/train_134.jpg,MAINE,train,train/MAINE/134.jpg
21,train/MAINE/train_136.jpg,MAINE,train,train/MAINE/136.jpg
21,train/MAINE/train_137.jpg,MAINE,train,train/MAINE/137.jpg
21,train/MAINE/train_139.jpg,MAINE,train,train/MAINE/139.jpg
21,train/MAINE/train_140.jpg,MAINE,train,train/MAINE/140.jpg
21,train/MAINE/train_141.jpg,MAINE,train,train/MAINE/141.jpg
21,train/MAINE/train_142.jpg,MAINE,train,train/MAINE/142.jpg
21,train/MAINE/train_144.jpg,MAINE,train,train/MAINE/144.jpg
21,train/MAINE/valid_4.jpg,MAINE,train,valid/MAINE/4.jpg
22,train/MARYLAND/test_2.jpg,MARYLAND,train,test/MARYLAND/2.jpg
22,train/MARYLAND/train_001.jpg,MARYLAND,train,train/MARYLAND/001.jpg
22,train/MARYLAND/train_002.jpg,MARYLAND,train,train/MARYLAND/002.jpg
22,train/MARYLAND/train_003.jpg,MARYLAND,train,train/MARYLAND/003.jpg
22,train/MARYLAND/train_005.jpg,MARYLAND,train,train/MARYLAND/005.jpg
22,train/MARYLAND/train_007.jpg,MARYLAND,train,train/MARYLAND/007.jpg
22,train/MARYLAND/train_009.jpg,MARYLAND,train,train/MARYLAND/009.jpg
22,train/MARYLAND/train_010.jpg,MARYLAND,train,train/MARYLAND/010.jpg
22,train/MARYLAND/train_011.jpg,MARYLAND,train,train/MARYLAND/011.jpg
22,train/MARYLAND/train_012.jpg,MARYLAND,train,train/MARYLAND/012.jpg
22,train/MARYLAND/train_013.jpg,MARYLAND,train,train/MARYLAND/013.jpg
22,train/MARYLAND/train_014.jpg,MARYLAND,train,train/MARYLAND/014.jpg
22,train/MARYLAND/train_015.jpg,MARYLAND,train,train/MARYLAND/015.jpg
22,train/MARYLAND/train_017.jpg,MARYLAND,train,train/MARYLAND/017.jpg
22,train/MARYLAND/train_018.jpg,MARYLAND,train,train/MARYLAND/018.jpg
22,train/MARYLAND/train_019.jpg,MARYLAND,train,train/MARYLAND/019.jpg
22,train/MARYLAND/train_020.jpg,MARYLAND,train,train/MARYLAND/020.jpg
22,train/MARYLAND/train_021.jpg,MARYLAND,train,train/MARYLAND/021.jpg
22,train/MARYLAND/train_022.jpg,MARYLAND,train,train/MARYLAND/022.jpg
22,train/MARYLAND/train_023.jpg,MARYLAND,train,train/MARYLAND/023.jpg
22,train/MARYLAND/train_025.jpg,MARYLAND,train,train/MARYLAND/025.jpg
22,train/MARYLAND/train_027.jpg,MARYLAND,train,train/MARYLAND/027.jpg
22,train/MARYLAND/train_028.jpg,MARYLAND,train,train/MARYLAND/028.jpg
22,train/MARYLAND/train_029.jpg,MARYLAND,train,train/MARYLAND/029.jpg
22,train/MARYLAND/train_030.jpg,MARYLAND,train,train/MARYLAND/030.jpg
22,train/MARYLAND/train_033.jpg,MARYLAND,train,train/MARYLAND/033.jpg
22,train/MARYLAND/train_034.jpg,MARYLAND,train,train/MARYLAND/034.jpg
22,train/MARYLAND/train_035.jpg,MARYLAND,train,train/MARYLAND/035.jpg
22,train/MARYLAND/train_036.jpg,MARYLAND,train,train/MARYLAND/036.jpg
22,train/MARYLAND/train_040.jpg,MARYLAND,train,train/MARYLAND/040.jpg
22,train/MARYLAND/train_041.jpg,MARYLAND,train,train/MARYLAND/041.jpg
22,train/MARYLAND/train_043.jpg,MARYLAND,train,train/MARYLAND/043.jpg
22,train/MARYLAND/train_044.jpg,MARYLAND,train,train/MARYLAND/044.jpg
22,train/MARYLAND/train_045.jpg,MARYLAND,train,train/MARYLAND/045.jpg
22,train/MARYLAND/train_046.jpg,MARYLAND,train,train/MARYLAND/046.jpg
22,train/MARYLAND/train_047.jpg,MARYLAND,train,train/MARYLAND/047.jpg
22,train/MARYLAND/train_048.jpg,MARYLAND,train,train/MARYLAND/048.jpg
22,train/MARYLAND/train_049.jpg,MARYLAND,train,train/MARYLAND/049.jpg
22,train/MARYLAND/train_050.jpg,MARYLAND,train,train/MARYLAND/050.jpg
22,train/MARYLAND/train_051.jpg,MARYLAND,train,train/MARYLAND/051.jpg
22,train/MARYLAND/train_052.jpg,MARYLAND,train,train/MARYLAND/052.jpg
22,train/MARYLAND/train_053.jpg,MARYLAND,train,train/MARYLAND/053.jpg
22,train/MARYLAND/train_054.jpg,MARYLAND,train,train/MARYLAND/054.jpg
22,train/MARYLAND/train_055.jpg,MARYLAND,train,train/MARYLAND/055.jpg
22,train/MARYLAND/train_056.jpg,MARYLAND,train,train/MARYLAND/056.jpg
22,train/MARYLAND/train_057.jpg,MARYLAND,train,train/MARYLAND/057.jpg
22,train/MARYLAND/train_058.jpg,MARYLAND,train,train/MARYLAND/058.jpg
22,train/MARYLAND/train_059.jpg,MARYLAND,train,train/MARYLAND/059.jpg
22,train/MARYLAND/train_060.jpg,MARYLAND,train,train/MARYLAND/060.jpg
22,train/MARYLAND/train_062.jpg,MARYLAND,train,train/MARYLAND/062.jpg
22,train/MARYLAND/train_064.jpg,MARYLAND,train,train/MARYLAND/064.jpg
22,train/MARYLAND/train_065.jpg,MARYLAND,train,train/MARYLAND/065.jpg
22,train/MARYLAND/train_066.jpg,MARYLAND,train,train/MARYLAND/066.jpg
22,train/MARYLAND/train_068.jpg,MARYLAND,train,train/MARYLAND/068.jpg
22,train/MARYLAND/train_069.jpg,MARYLAND,train,train/MARYLAND/069.jpg
22,train/MARYLAND/train_070.jpg,MARYLAND,train,train/MARYLAND/070.jpg
22,train/MARYLAND/train_071.jpg,MARYLAND,train,train/MARYLAND/071.jpg
22,train/MARYLAND/train_072.jpg,MARYLAND,train,train/MARYLAND/072.jpg
22,train/MARYLAND/train_073.jpg,MARYLAND,train,train/MARYLAND/073.jpg
22,train/MARYLAND/train_074.jpg,MARYLAND,train,train/MARYLAND/074.jpg
22,train/MARYLAND/train_076.jpg,MARYLAND,train,train/MARYLAND/076.jpg
22,train/MARYLAND/train_077.jpg,MARYLAND,train,train/MARYLAND/077.jpg
22,train/MARYLAND/train_078.jpg,MARYLAND,train,train/MARYLAND/078.jpg
22,train/MARYLAND/train_080.jpg,MARYLAND,train,train/MARYLAND/080.jpg
22,train/MARYLAND/train_081.jpg,MARYLAND,train,train/MARYLAND/081.jpg
22,train/MARYLAND/train_085.jpg,MARYLAND,train,train/MARYLAND/085.jpg
22,train/MARYLAND/train_087.jpg,MARYLAND,train,train/MARYLAND/087.jpg
22,train/MARYLAND/train_088.jpg,MARYLAND,train,train/MARYLAND/088.jpg
22,train/MARYLAND/train_089.jpg,MARYLAND,train,train/MARYLAND/089.jpg
22,train/MARYLAND/train_091.jpg,MARYLAND,train,train/MARYLAND/091.jpg
22,train/MARYLAND/train_096.jpg,MARYLAND,train,train/MARYLAND/096.jpg
22,train/MARYLAND/train_097.jpg,MARYLAND,train,train/MARYLAND/097.jpg
22,train/MARYLAND/train_099.jpg,MARYLAND,train,train/MARYLAND/099.jpg
22,train/MARYLAND/train_102.jpg,MARYLAND,train,train/MARYLAND/102.jpg
22,train/MARYLAND/train_104.jpg,MARYLAND,train,train/MARYLAND/104.jpg
22,train/MARYLAND/train_105.jpg,MARYLAND,train,train/MARYLAND/105.jpg
22,train/MARYLAND/train_106.jpg,MARYLAND,train,train/MARYLAND/106.jpg
22,train/MARYLAND/train_108.jpg,MARYLAND,train,train/MARYLAND/108.jpg
22,train/MARYLAND/train_110.jpg,MARYLAND,train,train/MARYLAND/110.jpg
22,train/MARYLAND/train_112.jpg,MARYLAND,train,train/MARYLAND/112.jpg
22,train/MARYLAND/train_113.jpg,MARYLAND,train,train/MARYLAND/113.jpg
22,train/MARYLAND/train_114.jpg,MARYLAND,train,train/MARYLAND/114.jpg
22,train/MARYLAND/train_115.jpg,MARYLAND,train,train/MARYLAND/115.jpg
22,train/MARYLAND/train_116.jpg,MARYLAND,train,train/MARYLAND/116.jpg
22,train/MARYLAND/train_119.jpg,MARYLAND,train,train/MARYLAND/119.jpg
22,train/MARYLAND/train_120.jpg,MARYLAND,train,train/MARYLAND/120.jpg
22,train/MARYLAND/train_121.jpg,MARYLAND,train,train/MARYLAND/121.jpg
22,train/MARYLAND/train_124.jpg,MARYLAND,train,train/MARYLAND/124.jpg
22,train/MARYLAND/train_126.jpg,MARYLAND,train,train/MARYLAND/126.jpg
22,train/MARYLAND/train_128.jpg,MARYLAND,train,train/MARYLAND/128.jpg
22,train/MARYLAND/train_129.jpg,MARYLAND,train,train/MARYLAND/129.jpg
22,train/MARYLAND/train_130.jpg,MARYLAND,train,train/MARYLAND/130.jpg
22,train/MARYLAND/train_131.jpg,MARYLAND,train,train/MARYLAND/131.jpg
22,train/MARYLAND/train_132.jpg,MARYLAND,train,train/MARYLAND/132.jpg
22,train/MARYLAND/train_133.jpg,MARYLAND,train,train/MARYLAND/133.jpg
22,train/MARYLAND/train_134.jpg,MARYLAND,train,train/MARYLAND/134.jpg
22,train/MARYLAND/train_136.jpg,MARYLAND,train,train/MARYLAND/136.jpg
22,train/MARYLAND/train_137.jpg,MARYLAND,train,train/MARYLAND/137.jpg
22,train/MARYLAND/train_138.jpg,MARYLAND,train,train/MARYLAND/138.jpg
22,train/MARYLAND/train_139.jpg,MARYLAND,train,train/MARYLAND/139.jpg
22,train/MARYLAND/train_140.jpg,MARYLAND,train,train/MARYLAND/140.jpg
22,train/MARYLAND/train_141.jpg,MARYLAND,train,train/MARYLAND/141.jpg
22,train/MARYLAND/train_143.jpg,MARYLAND,train,train/MARYLAND/143.jpg
22,train/MARYLAND/train_144.jpg,MARYLAND,train,train/MARYLAND/144.jpg
22,train/MARYLAND/train_145.jpg,MARYLAND,train,train/MARYLAND/145.jpg
22,train/MARYLAND/train_146.jpg,MARYLAND,train,train/MARYLAND/146.jpg
22,train/MARYLAND/train_147.jpg,MARYLAND,train,train/MARYLAND/147.jpg
22,train/MARYLAND/train_148.jpg,MARYLAND,train,train/MARYLAND/148.jpg
22,train/MARYLAND/train_151.jpg,MARYLAND,train,train/MARYLAND/151.jpg
22,train/MARYLAND/train_155.jpg,MARYLAND,train,train/MARYLAND/155.jpg
22,train/MARYLAND/train_156.jpg,MARYLAND,train,train/MARYLAND/156.jpg
22,train/MARYLAND/train_157.jpg,MARYLAND,train,train/MARYLAND/157.jpg
22,train/MARYLAND/train_158.jpg,MARYLAND,train,train/MARYLAND/158.jpg
22,train/MARYLAND/train_159.jpg,MARYLAND,train,train/MARYLAND/159.jpg
22,train/MARYLAND/train_160.jpg,MARYLAND,train,train/MARYLAND/160.jpg
22,train/MARYLAND/train_162.jpg,MARYLAND,train,train/MARYLAND/162.jpg
22,train/MARYLAND/train_163.jpg,MARYLAND,train,train/MARYLAND/163.jpg
22,train/MARYLAND/train_164.jpg,MARYLAND,train,train/MARYLAND/164.jpg
22,train/MARYLAND/train_165.jpg,MARYLAND,train,train/MARYLAND/165.jpg
22,train/MARYLAND/train_166.jpg,MARYLAND,train,train/MARYLAND/166.jpg
22,train/MARYLAND/train_167.jpg,MARYLAND,train,train/MARYLAND/167.jpg
22,train/MARYLAND/train_168.jpg,MARYLAND,train,train/MARYLAND/168.jpg
22,train/MARYLAND/train_170.jpg,MARYLAND,train,train/MARYLAND/170.jpg
22,train/MARYLAND/train_171.jpg,MARYLAND,train,train/MARYLAND/171.jpg
22,train/MARYLAND/train_175.jpg,MARYLAND,train,train/MARYLAND/175.jpg
22,train/MARYLAND/valid_1.jpg,MARYLAND,train,valid/MARYLAND/1.jpg
22,train/MARYLAND/valid_2.jpg,MARYLAND,train,valid/MARYLAND/2.jpg
22,train/MARYLAND/valid_3.jpg,MARYLAND,train,valid/MARYLAND/3.jpg
22,train/MARYLAND/valid_5.jpg,MARYLAND,train,valid/MARYLAND/5.jpg
23,train/MASSACHUSETTS/test_1.jpg,MASSACHUSETTS,train,test/MASSACHUSETTS/1.jpg
23,train/MASSACHUSETTS/test_2.jpg,MASSACHUSETTS,train,test/MASSACHUSETTS/2.jpg
23,train/MASSACHUSETTS/test_3.jpg,MASSACHUSETTS,train,test/MASSACHUSETTS/3.jpg
23,train/MASSACHUSETTS/test_4.jpg,MASSACHUSETTS,train,test/MASSACHUSETTS/4.jpg
23,train/MASSACHUSETTS/test_5.jpg,MASSACHUSETTS,train,test/MASSACHUSETTS/5.jpg
23,train/MASSACHUSETTS/train_001.jpg,MASSACHUSETTS,train,train/MASSACHUSETTS/001.jpg
23,train/MASSACHUSETTS/train_002.jpg,MASSACHUSETTS,train,train/MASSACHUSETTS/002.jpg
23,train/MASSACHUSETTS/train_003.jpg,MASSACHUSETTS,train,train/MASSACHUSETTS/003.jpg
23,train/MASSACHUSETTS/train_005.jpg,MASSACHUSETTS,train,train/MASSACHUSETTS/005.jpg
23,train/MASSACHUSETTS/train_006.jpg,MASSACHUSETTS,train,train/MASSACHUSETTS/006.jpg
23,train/MASSACHUSETTS/train_007.jpg,MASSACHUSETTS,train,train/MASSACHUSETTS/007.jpg
23,train/MASSACHUSETTS/train_008.jpg,MASSACHUSETTS,train,train/MASSACHUSETTS/008.jpg
23,train/MASSACHUSETTS/train_011.jpg,MASSACHUSETTS,train,train/MASSACHUSETTS/011.jpg
23,train/MASSACHUSETTS/train_012.jpg,MASSACHUSETTS,train,train/MASSACHUSETTS/012.jpg
23,train/MASSACHUSETTS/train_014.jpg,MASSACHUSETTS,train,train/MASSACHUSETTS/014.jpg
23,train/MASSACHUSETTS/train_015.jpg,MASSACHUSETTS,train,train/MASSACHUSETTS/015.jpg
23,train/MASSACHUSETTS/train_016.jpg,MASSACHUSETTS,train,train/MASSACHUSETTS/016.jpg
23,train/MASSACHUSETTS/train_017.jpg,MASSACHUSETTS,train,train/MASSACHUSETTS/017.jpg
23,train/MASSACHUSETTS/train_019.jpg,MASSACHUSETTS,train,train/MASSACHUSETTS/019.jpg
23,train/MASSACHUSETTS/train_020.jpg,MASSACHUSETTS,train,train/MASSACHUSETTS/020.jpg
23,train/MASSACHUSETTS/train_024.jpg,MASSACHUSETTS,train,train/MASSACHUSETTS/024.jpg
23,train/MASSACHUSETTS/train_026.jpg,MASSACHUSETTS,train,train/MASSACHUSETTS/026.jpg
23,train/MASSACHUSETTS/train_027.jpg,MASSACHUSETTS,train,train/MASSACHUSETTS/027.jpg
23,train/MASSACHUSETTS/train_028.jpg,MASSACHUSETTS,train,train/MASSACHUSETTS/028.jpg
23,train/MASSACHUSETTS/train_030.jpg,MASSACHUSETTS,train,train/MASSACHUSETTS/030.jpg
23,train/MASSACHUSETTS/train_031.jpg,MASSACHUSETTS,train,train/MASSACHUSETTS/031.jpg
23,train/MASSACHUSETTS/train_033.jpg,MASSACHUSETTS,train,train/MASSACHUSETTS/033.jpg
23,train/MASSACHUSETTS/train_035.jpg,MASSACHUSETTS,train,train/MASSACHUSETTS/035.jpg
23,train/MASSACHUSETTS/train_036.jpg,MASSACHUSETTS,train,train/MASSACHUSETTS/036.jpg
23,train/MASSACHUSETTS/train_037.jpg,MASSACHUSETTS,train,train/MASSACHUSETTS/037.jpg
23,train/MASSACHUSETTS/train_038.jpg,MASSACHUSETTS,train,train/MASSACHUSETTS/038.jpg
23,train/MASSACHUSETTS/train_041.jpg,MASSACHUSETTS,train,train/MASSACHUSETTS/041.jpg
23,train/MASSACHUSETTS/train_042.jpg,MASSACHUSETTS,train,train/MASSACHUSETTS/042.jpg
23,train/MASSACHUSETTS/train_043.jpg,MASSACHUSETTS,train,train/MASSACHUSETTS/043.jpg
23,train/MASSACHUSETTS/train_045.jpg,MASSACHUSETTS,train,train/MASSACHUSETTS/045.jpg
23,train/MASSACHUSETTS/train_046.jpg,MASSACHUSETTS,train,train/MASSACHUSETTS/046.jpg
23,train/MASSACHUSETTS/train_047.jpg,MASSACHUSETTS,train,train/MASSACHUSETTS/047.jpg
23,train/MASSACHUSETTS/train_048.jpg,MASSACHUSETTS,train,train/MASSACHUSETTS/048.jpg
23,train/MASSACHUSETTS/train_049.jpg,MASSACHUSETTS,train,train/MASSACHUSETTS/049.jpg
23,train/MASSACHUSETTS/train_050.jpg,MASSACHUSETTS,train,train/MASSACHUSETTS/050.jpg
23,train/MASSACHUSETTS/train_051.jpg,MASSACHUSETTS,train,train/MASSACHUSETTS/051.jpg
23,train/MASSACHUSETTS/train_052.jpg,MASSACHUSETTS,train,train/MASSACHUSETTS/052.jpg
23,train/MASSACHUSETTS/train_053.jpg,MASSACHUSETTS,train,train/MASSACHUSETTS/053.jpg
23,train/MASSACHUSETTS/train_055.jpg,MASSACHUSETTS,train,train/MASSACHUSETTS/055.jpg
23,train/MASSACHUSETTS/train_057.jpg,MASSACHUSETTS,train,train/MASSACHUSETTS/057.jpg
23,train/MASSACHUSETTS/train_058.jpg,MASSACHUSETTS,train,train/MASSACHUSETTS/058.jpg
23,train/MASSACHUSETTS/train_059.jpg,MASSACHUSETTS,train,train/MASSACHUSETTS/059.jpg
23,train/MASSACHUSETTS/train_060.jpg,MASSACHUSETTS,train,train/MASSACHUSETTS/060.jpg
23,train/MASSACHUSETTS/train_062.jpg,MASSACHUSETTS,train,train/MASSACHUSETTS/062.jpg
23,train/MASSACHUSETTS/train_063.jpg,MASSACHUSETTS,train,train/MASSACHUSETTS/063.jpg
23,train/MASSACHUSETTS/train_065.jpg,MASSACHUSETTS,train,train/MASSACHUSETTS/065.jpg
23,train/MASSACHUSETTS/train_066.jpg,MASSACHUSETTS,train,train/MASSACHUSETTS/066.jpg
23,train/MASSACHUSETTS/train_067.jpg,MASSACHUSETTS,train,train/MASSACHUSETTS/067.jpg
23,train/MASSACHUSETTS/train_068.jpg,MASSACHUSETTS,train,train/MASSACHUSETTS/068.jpg
23,train/MASSACHUSETTS/train_071.jpg,MASSACHUSETTS,train,train/MASSACHUSETTS/071.jpg
23,train/MASSACHUSETTS/train_073.jpg,MASSACHUSETTS,train,train/MASSACHUSETTS/073.jpg
23,train/MASSACHUSETTS/train_074.jpg,MASSACHUSETTS,train,train/MASSACHUSETTS/074.jpg
23,train/MASSACHUSETTS/train_075.jpg,MASSACHUSETTS,train,train/MASSACHUSETTS/075.jpg
23,train/MASSACHUSETTS/train_077.jpg,MASSACHUSETTS,train,train/MASSACHUSETTS/077.jpg
23,train/MASSACHUSETTS/train_078.jpg,MASSACHUSETTS,train,train/MASSACHUSETTS/078.jpg
23,train/MASSACHUSETTS/train_079.jpg,MASSACHUSETTS,train,train/MASSACHUSETTS/079.jpg
23,train/MASSACHUSETTS/train_080.jpg,MASSACHUSETTS,train,train/MASSACHUSETTS/080.jpg
23,train/MASSACHUSETTS/train_082.jpg,MASSACHUSETTS,train,train/MASSACHUSETTS/082.jpg
23,train/MASSACHUSETTS/train_083.jpg,MASSACHUSETTS,train,train/MASSACHUSETTS/083.jpg
23,train/MASSACHUSETTS/train_084.jpg,MASSACHUSETTS,train,train/MASSACHUSETTS/084.jpg
23,train/MASSACHUSETTS/train_085.jpg,MASSACHUSETTS,train,train/MASSACHUSETTS/085.jpg
23,train/MASSACHUSETTS/train_086.jpg,MASSACHUSETTS,train,train/MASSACHUSETTS/086.jpg
23,train/MASSACHUSETTS/train_087.jpg,MASSACHUSETTS,train,train/MASSACHUSETTS/087.jpg
23,train/MASSACHUSETTS/train_088.jpg,MASSACHUSETTS,train,train/MASSACHUSETTS/088.jpg
23,train/MASSACHUSETTS/train_089.jpg,MASSACHUSETTS,train,train/MASSACHUSETTS/089.jpg
23,train/MASSACHUSETTS/train_091.jpg,MASSACHUSETTS,train,train/MASSACHUSETTS/091.jpg
23,train/MASSACHUSETTS/train_095.jpg,MASSACHUSETTS,train,train/MASSACHUSETTS/095.jpg
23,train/MASSACHUSETTS/train_096.jpg,MASSACHUSETTS,train,train/MASSACHUSETTS/096.jpg
23,train/MASSACHUSETTS/train_097.jpg,MASSACHUSETTS,train,train/MASSACHUSETTS/097.jpg
23,train/MASSACHUSETTS/train_098.jpg,MASSACHUSETTS,train,train/MASSACHUSETTS/098.jpg
23,train/MASSACHUSETTS/train_100.jpg,MASSACHUSETTS,train,train/MASSACHUSETTS/100.jpg
23,train/MASSACHUSETTS/train_101.jpg,MASSACHUSETTS,train,train/MASSACHUSETTS/101.jpg
23,train/MASSACHUSETTS/train_103.jpg,MASSACHUSETTS,train,train/MASSACHUSETTS/103.jpg
23,train/MASSACHUSETTS/train_104.jpg,MASSACHUSETTS,train,train/MASSACHUSETTS/104.jpg
23,train/MASSACHUSETTS/train_105.jpg,MASSACHUSETTS,train,train/MASSACHUSETTS/105.jpg
23,train/MASSACHUSETTS/train_106.jpg,MASSACHUSETTS,train,train/MASSACHUSETTS/106.jpg
23,train/MASSACHUSETTS/train_107.jpg,MASSACHUSETTS,train,train/MASSACHUSETTS/107.jpg
23,train/MASSACHUSETTS/train_111.jpg,MASSACHUSETTS,train,train/MASSACHUSETTS/111.jpg
23,train/MASSACHUSETTS/train_113.jpg,MASSACHUSETTS,train,train/MASSACHUSETTS/113.jpg
23,train/MASSACHUSETTS/train_116.jpg,MASSACHUSETTS,train,train/MASSACHUSETTS/116.jpg
23,train/MASSACHUSETTS/train_117.jpg,MASSACHUSETTS,train,train/MASSACHUSETTS/117.jpg
23,train/MASSACHUSETTS/train_118.jpg,MASSACHUSETTS,train,train/MASSACHUSETTS/118.jpg
23,train/MASSACHUSETTS/train_120.jpg,MASSACHUSETTS,train,train/MASSACHUSETTS/120.jpg
23,train/MASSACHUSETTS/train_123.jpg,MASSACHUSETTS,train,train/MASSACHUSETTS/123.jpg
23,train/MASSACHUSETTS/train_124.jpg,MASSACHUSETTS,train,train/MASSACHUSETTS/124.jpg
23,train/MASSACHUSETTS/train_125.jpg,MASSACHUSETTS,train,train/MASSACHUSETTS/125.jpg
23,train/MASSACHUSETTS/train_126.jpg,MASSACHUSETTS,train,train/MASSACHUSETTS/126.jpg
23,train/MASSACHUSETTS/train_127.jpg,MASSACHUSETTS,train,train/MASSACHUSETTS/127.jpg
23,train/MASSACHUSETTS/train_129.jpg,MASSACHUSETTS,train,train/MASSACHUSETTS/129.jpg
23,train/MASSACHUSETTS/train_131.jpg,MASSACHUSETTS,train,train/MASSACHUSETTS/131.jpg
23,train/MASSACHUSETTS/train_132.jpg,MASSACHUSETTS,train,train/MASSACHUSETTS/132.jpg
23,train/MASSACHUSETTS/train_133.jpg,MASSACHUSETTS,train,train/MASSACHUSETTS/133.jpg
23,train/MASSACHUSETTS/train_134.jpg,MASSACHUSETTS,train,train/MASSACHUSETTS/134.jpg
23,train/MASSACHUSETTS/train_135.jpg,MASSACHUSETTS,train,train/MASSACHUSETTS/135.jpg
23,train/MASSACHUSETTS/train_137.jpg,MASSACHUSETTS,train,train/MASSACHUSETTS/137.jpg
23,train/MASSACHUSETTS/train_138.jpg,MASSACHUSETTS,train,train/MASSACHUSETTS/138.jpg
23,train/MASSACHUSETTS/train_139.jpg,MASSACHUSETTS,train,train/MASSACHUSETTS/139.jpg
23,train/MASSACHUSETTS/train_140.jpg,MASSACHUSETTS,train,train/MASSACHUSETTS/140.jpg
23,train/MASSACHUSETTS/train_141.jpg,MASSACHUSETTS,train,train/MASSACHUSETTS/141.jpg
23,train/MASSACHUSETTS/train_143.jpg,MASSACHUSETTS,train,train/MASSACHUSETTS/143.jpg
23,train/MASSACHUSETTS/train_144.jpg,MASSACHUSETTS,train,train/MASSACHUSETTS/144.jpg
23,train/MASSACHUSETTS/train_145.jpg,MASSACHUSETTS,train,train/MASSACHUSETTS/145.jpg
23,train/MASSACHUSETTS/train_147.jpg,MASSACHUSETTS,train,train/MASSACHUSETTS/147.jpg
23,train/MASSACHUSETTS/train_148.jpg,MASSACHUSETTS,train,train/MASSACHUSETTS/148.jpg
23,train/MASSACHUSETTS/train_150.jpg,MASSACHUSETTS,train,train/MASSACHUSETTS/150.jpg
23,train/MASSACHUSETTS/train_152.jpg,MASSACHUSETTS,train,train/MASSACHUSETTS/152.jpg
23,train/MASSACHUSETTS/train_154.jpg,MASSACHUSETTS,train,train/MASSACHUSETTS/154.jpg
23,train/MASSACHUSETTS/train_156.jpg,MASSACHUSETTS,train,train/MASSACHUSETTS/156.jpg
23,train/MASSACHUSETTS/valid_1.jpg,MASSACHUSETTS,train,valid/MASSACHUSETTS/1.jpg
23,train/MASSACHUSETTS/valid_2.jpg,MASSACHUSETTS,train,valid/MASSACHUSETTS/2.jpg
23,train/MASSACHUSETTS/valid_3.jpg,MASSACHUSETTS,train,valid/MASSACHUSETTS/3.jpg
24,train/MICHIGAN/test_1.jpg,MICHIGAN,train,test/MICHIGAN/1.jpg
24,train/MICHIGAN/test_2.jpg,MICHIGAN,train,test/MICHIGAN/2.jpg
24,train/MICHIGAN/test_3.jpg,MICHIGAN,train,test/MICHIGAN/3.jpg
24,train/MICHIGAN/test_4.jpg,MICHIGAN,train,test/MICHIGAN/4.jpg
24,train/MICHIGAN/test_5.jpg,MICHIGAN,train,test/MICHIGAN/5.jpg
24,train/MICHIGAN/train_002.jpg,MICHIGAN,train,train/MICHIGAN/002.jpg
24,train/MICHIGAN/train_003.jpg,MICHIGAN,train,train/MICHIGAN/003.jpg
24,train/MICHIGAN/train_004.jpg,MICHIGAN,train,train/MICHIGAN/004.jpg
24,train/MICHIGAN/train_007.jpg,MICHIGAN,train,train/MICHIGAN/007.jpg
24,train/MICHIGAN/train_008.jpg,MICHIGAN,train,train/MICHIGAN/008.jpg
24,train/MICHIGAN/train_010.jpg,MICHIGAN,train,train/MICHIGAN/010.jpg
24,train/MICHIGAN/train_011.jpg,MICHIGAN,train,train/MICHIGAN/011.jpg
24,train/MICHIGAN/train_012.jpg,MICHIGAN,train,train/MICHIGAN/012.jpg
24,train/MICHIGAN/train_013.jpg,MICHIGAN,train,train/MICHIGAN/013.jpg
24,train/MICHIGAN/train_016.jpg,MICHIGAN,train,train/MICHIGAN/016.jpg
24,train/MICHIGAN/train_017.jpg,MICHIGAN,train,train/MICHIGAN/017.jpg
24,train/MICHIGAN/train_018.jpg,MICHIGAN,train,train/MICHIGAN/018.jpg
24,train/MICHIGAN/train_021.jpg,MICHIGAN,train,train/MICHIGAN/021.jpg
24,train/MICHIGAN/train_023.jpg,MICHIGAN,train,train/MICHIGAN/023.jpg
24,train/MICHIGAN/train_024.jpg,MICHIGAN,train,train/MICHIGAN/024.jpg
24,train/MICHIGAN/train_025.jpg,MICHIGAN,train,train/MICHIGAN/025.jpg
24,train/MICHIGAN/train_028.jpg,MICHIGAN,train,train/MICHIGAN/028.jpg
24,train/MICHIGAN/train_029.jpg,MICHIGAN,train,train/MICHIGAN/029.jpg
24,train/MICHIGAN/train_030.jpg,MICHIGAN,train,train/MICHIGAN/030.jpg
24,train/MICHIGAN/train_031.jpg,MICHIGAN,train,train/MICHIGAN/031.jpg
24,train/MICHIGAN/train_032.jpg,MICHIGAN,train,train/MICHIGAN/032.jpg
24,train/MICHIGAN/train_033.jpg,MICHIGAN,train,train/MICHIGAN/033.jpg
24,train/MICHIGAN/train_035.jpg,MICHIGAN,train,train/MICHIGAN/035.jpg
24,train/MICHIGAN/train_036.jpg,MICHIGAN,train,train/MICHIGAN/036.jpg
24,train/MICHIGAN/train_037.jpg,MICHIGAN,train,train/MICHIGAN/037.jpg
24,train/MICHIGAN/train_038.jpg,MICHIGAN,train,train/MICHIGAN/038.jpg
24,train/MICHIGAN/train_039.jpg,MICHIGAN,train,train/MICHIGAN/039.jpg
24,train/MICHIGAN/train_040.jpg,MICHIGAN,train,train/MICHIGAN/040.jpg
24,train/MICHIGAN/train_041.jpg,MICHIGAN,train,train/MICHIGAN/041.jpg
24,train/MICHIGAN/train_043.jpg,MICHIGAN,train,train/MICHIGAN/043.jpg
24,train/MICHIGAN/train_044.jpg,MICHIGAN,train,train/MICHIGAN/044.jpg
24,train/MICHIGAN/train_045.jpg,MICHIGAN,train,train/MICHIGAN/045.jpg
24,train/MICHIGAN/train_046.jpg,MICHIGAN,train,train/MICHIGAN/046.jpg
24,train/MICHIGAN/train_048.jpg,MICHIGAN,train,train/MICHIGAN/048.jpg
24,train/MICHIGAN/train_051.jpg,MICHIGAN,train,train/MICHIGAN/051.jpg
24,train/MICHIGAN/train_052.jpg,MICHIGAN,train,train/MICHIGAN/052.jpg
24,train/MICHIGAN/train_054.jpg,MICHIGAN,train,train/MICHIGAN/054.jpg
24,train/MICHIGAN/train_056.jpg,MICHIGAN,train,train/MICHIGAN/056.jpg
24,train/MICHIGAN/train_058.jpg,MICHIGAN,train,train/MICHIGAN/058.jpg
24,train/MICHIGAN/train_060.jpg,MICHIGAN,train,train/MICHIGAN/060.jpg
24,train/MICHIGAN/train_061.jpg,MICHIGAN,train,train/MICHIGAN/061.jpg
24,train/MICHIGAN/train_062.jpg,MICHIGAN,train,train/MICHIGAN/062.jpg
24,train/MICHIGAN/train_063.jpg,MICHIGAN,train,train/MICHIGAN/063.jpg
24,train/MICHIGAN/train_065.jpg,MICHIGAN,train,train/MICHIGAN/065.jpg
24,train/MICHIGAN/train_066.jpg,MICHIGAN,train,train/MICHIGAN/066.jpg
24,train/MICHIGAN/train_067.jpg,MICHIGAN,train,train/MICHIGAN/067.jpg
24,train/MICHIGAN/train_068.jpg,MICHIGAN,train,train/MICHIGAN/068.jpg
24,train/MICHIGAN/train_071.jpg,MICHIGAN,train,train/MICHIGAN/071.jpg
24,train/MICHIGAN/train_072.jpg,MICHIGAN,train,train/MICHIGAN/072.jpg
24,train/MICHIGAN/train_073.jpg,MICHIGAN,train,train/MICHIGAN/073.jpg
24,train/MICHIGAN/train_075.jpg,MICHIGAN,train,train/MICHIGAN/075.jpg
24,train/MICHIGAN/train_076.jpg,MICHIGAN,train,train/MICHIGAN/076.jpg
24,train/MICHIGAN/train_079.jpg,MICHIGAN,train,train/MICHIGAN/079.jpg
24,train/MICHIGAN/train_080.jpg,MICHIGAN,train,train/MICHIGAN/080.jpg
24,train/MICHIGAN/train_083.jpg,MICHIGAN,train,train/MICHIGAN/083.jpg
24,train/MICHIGAN/train_084.jpg,MICHIGAN,train,train/MICHIGAN/084.jpg
24,train/MICHIGAN/train_085.jpg,MICHIGAN,train,train/MICHIGAN/085.jpg
24,train/MICHIGAN/train_087.jpg,MICHIGAN,train,train/MICHIGAN/087.jpg
24,train/MICHIGAN/train_088.jpg,MICHIGAN,train,train/MICHIGAN/088.jpg
24,train/MICHIGAN/train_089.jpg,MICHIGAN,train,train/MICHIGAN/089.jpg
24,train/MICHIGAN/train_091.jpg,MICHIGAN,train,train/MICHIGAN/091.jpg
24,train/MICHIGAN/train_092.jpg,MICHIGAN,train,train/MICHIGAN/092.jpg
24,train/MICHIGAN/train_093.jpg,MICHIGAN,train,train/MICHIGAN/093.jpg
24,train/MICHIGAN/train_095.jpg,MICHIGAN,train,train/MICHIGAN/095.jpg
24,train/MICHIGAN/train_096.jpg,MICHIGAN,train,train/MICHIGAN/096.jpg
24,train/MICHIGAN/train_098.jpg,MICHIGAN,train,train/MICHIGAN/098.jpg
24,train/MICHIGAN/train_099.jpg,MICHIGAN,train,train/MICHIGAN/099.jpg
24,train/MICHIGAN/train_101.jpg,MICHIGAN,train,train/MICHIGAN/101.jpg
24,train/MICHIGAN/train_104.jpg,MICHIGAN,train,train/MICHIGAN/104.jpg
24,train/MICHIGAN/train_105.jpg,MICHIGAN,train,train/MICHIGAN/105.jpg
24,train/MICHIGAN/train_106.jpg,MICHIGAN,train,train/MICHIGAN/106.jpg
24,train/MICHIGAN/train_107.jpg,MICHIGAN,train,train/MICHIGAN/107.jpg
24,train/MICHIGAN/train_108.jpg,MICHIGAN,train,train/MICHIGAN/108.jpg
24,train/MICHIGAN/train_110.jpg,MICHIGAN,train,train/MICHIGAN/110.jpg
24,train/MICHIGAN/train_112.jpg,MICHIGAN,train,train/MICHIGAN/112.jpg
24,train/MICHIGAN/train_114.jpg,MICHIGAN,train,train/MICHIGAN/114.jpg
24,train/MICHIGAN/train_115.jpg,MICHIGAN,train,train/MICHIGAN/115.jpg
24,train/MICHIGAN/train_116.jpg,MICHIGAN,train,train/MICHIGAN/116.jpg
24,train/MICHIGAN/train_118.jpg,MICHIGAN,train,train/MICHIGAN/118.jpg
24,train/MICHIGAN/train_119.jpg,MICHIGAN,train,train/MICHIGAN/119.jpg
24,train/MICHIGAN/train_120.jpg,MICHIGAN,train,train/MICHIGAN/120.jpg
24,train/MICHIGAN/train_122.jpg,MICHIGAN,train,train/MICHIGAN/122.jpg
24,train/MICHIGAN/train_123.jpg,MICHIGAN,train,train/MICHIGAN/123.jpg
24,train/MICHIGAN/train_124.jpg,MICHIGAN,train,train/MICHIGAN/124.jpg
24,train/MICHIGAN/train_125.jpg,MICHIGAN,train,train/MICHIGAN/125.jpg
24,train/MICHIGAN/train_127.jpg,MICHIGAN,train,train/MICHIGAN/127.jpg
24,train/MICHIGAN/train_129.jpg,MICHIGAN,train,train/MICHIGAN/129.jpg
24,train/MICHIGAN/train_130.jpg,MICHIGAN,train,train/MICHIGAN/130.jpg
24,train/MICHIGAN/train_131.jpg,MICHIGAN,train,train/MICHIGAN/131.jpg
24,train/MICHIGAN/train_132.jpg,MICHIGAN,train,train/MICHIGAN/132.jpg
24,train/MICHIGAN/train_134.jpg,MICHIGAN,train,train/MICHIGAN/134.jpg
24,train/MICHIGAN/train_136.jpg,MICHIGAN,train,train/MICHIGAN/136.jpg
24,train/MICHIGAN/train_137.jpg,MICHIGAN,train,train/MICHIGAN/137.jpg
24,train/MICHIGAN/train_138.jpg,MICHIGAN,train,train/MICHIGAN/138.jpg
24,train/MICHIGAN/train_139.jpg,MICHIGAN,train,train/MICHIGAN/139.jpg
24,train/MICHIGAN/train_141.jpg,MICHIGAN,train,train/MICHIGAN/141.jpg
24,train/MICHIGAN/train_142.jpg,MICHIGAN,train,train/MICHIGAN/142.jpg
24,train/MICHIGAN/train_143.jpg,MICHIGAN,train,train/MICHIGAN/143.jpg
24,train/MICHIGAN/train_144.jpg,MICHIGAN,train,train/MICHIGAN/144.jpg
24,train/MICHIGAN/train_145.jpg,MICHIGAN,train,train/MICHIGAN/145.jpg
24,train/MICHIGAN/train_146.jpg,MICHIGAN,train,train/MICHIGAN/146.jpg
24,train/MICHIGAN/train_147.jpg,MICHIGAN,train,train/MICHIGAN/147.jpg
24,train/MICHIGAN/valid_1.jpg,MICHIGAN,train,valid/MICHIGAN/1.jpg
24,train/MICHIGAN/valid_2.jpg,MICHIGAN,train,valid/MICHIGAN/2.jpg
24,train/MICHIGAN/valid_4.jpg,MICHIGAN,train,valid/MICHIGAN/4.jpg
25,train/MINNESOTA/test_1.jpg,MINNESOTA,train,test/MINNESOTA/1.jpg
25,train/MINNESOTA/test_2.jpg,MINNESOTA,train,test/MINNESOTA/2.jpg
25,train/MINNESOTA/test_3.jpg,MINNESOTA,train,test/MINNESOTA/3.jpg
25,train/MINNESOTA/test_4.jpg,MINNESOTA,train,test/MINNESOTA/4.jpg
25,train/MINNESOTA/train_001.jpg,MINNESOTA,train,train/MINNESOTA/001.jpg
25,train/MINNESOTA/train_002.jpg,MINNESOTA,train,train/MINNESOTA/002.jpg
25,train/MINNESOTA/train_003.jpg,MINNESOTA,train,train/MINNESOTA/003.jpg
25,train/MINNESOTA/train_006.jpg,MINNESOTA,train,train/MINNESOTA/006.jpg
25,train/MINNESOTA/train_008.jpg,MINNESOTA,train,train/MINNESOTA/008.jpg
25,train/MINNESOTA/train_010.jpg,MINNESOTA,train,train/MINNESOTA/010.jpg
25,train/MINNESOTA/train_011.jpg,MINNESOTA,train,train/MINNESOTA/011.jpg
25,train/MINNESOTA/train_013.jpg,MINNESOTA,train,train/MINNESOTA/013.jpg
25,train/MINNESOTA/train_015.jpg,MINNESOTA,train,train/MINNESOTA/015.jpg
25,train/MINNESOTA/train_016.jpg,MINNESOTA,train,train/MINNESOTA/016.jpg
25,train/MINNESOTA/train_017.jpg,MINNESOTA,train,train/MINNESOTA/017.jpg
25,train/MINNESOTA/train_019.jpg,MINNESOTA,train,train/MINNESOTA/019.jpg
25,train/MINNESOTA/train_020.jpg,MINNESOTA,train,train/MINNESOTA/020.jpg
25,train/MINNESOTA/train_022.jpg,MINNESOTA,train,train/MINNESOTA/022.jpg
25,train/MINNESOTA/train_023.jpg,MINNESOTA,train,train/MINNESOTA/023.jpg
25,train/MINNESOTA/train_024.jpg,MINNESOTA,train,train/MINNESOTA/024.jpg
25,train/MINNESOTA/train_025.jpg,MINNESOTA,train,train/MINNESOTA/025.jpg
25,train/MINNESOTA/train_026.jpg,MINNESOTA,train,train/MINNESOTA/026.jpg
25,train/MINNESOTA/train_027.jpg,MINNESOTA,train,train/MINNESOTA/027.jpg
25,train/MINNESOTA/train_028.jpg,MINNESOTA,train,train/MINNESOTA/028.jpg
25,train/MINNESOTA/train_030.jpg,MINNESOTA,train,train/MINNESOTA/030.jpg
25,train/MINNESOTA/train_031.jpg,MINNESOTA,train,train/MINNESOTA/031.jpg
25,train/MINNESOTA/train_032.jpg,MINNESOTA,train,train/MINNESOTA/032.jpg
25,train/MINNESOTA/train_033.jpg,MINNESOTA,train,train/MINNESOTA/033.jpg
25,train/MINNESOTA/train_034.jpg,MINNESOTA,train,train/MINNESOTA/034.jpg
25,train/MINNESOTA/train_035.jpg,MINNESOTA,train,train/MINNESOTA/035.jpg
25,train/MINNESOTA/train_038.jpg,MINNESOTA,train,train/MINNESOTA/038.jpg
25,train/MINNESOTA/train_039.jpg,MINNESOTA,train,train/MINNESOTA/039.jpg
25,train/MINNESOTA/train_040.jpg,MINNESOTA,train,train/MINNESOTA/040.jpg
25,train/MINNESOTA/train_041.jpg,MINNESOTA,train,train/MINNESOTA/041.jpg
25,train/MINNESOTA/train_042.jpg,MINNESOTA,train,train/MINNESOTA/042.jpg
25,train/MINNESOTA/train_044.jpg,MINNESOTA,train,train/MINNESOTA/044.jpg
25,train/MINNESOTA/train_045.jpg,MINNESOTA,train,train/MINNESOTA/045.jpg
25,train/MINNESOTA/train_046.jpg,MINNESOTA,train,train/MINNESOTA/046.jpg
25,train/MINNESOTA/train_047.jpg,MINNESOTA,train,train/MINNESOTA/047.jpg
25,train/MINNESOTA/train_049.jpg,MINNESOTA,train,train/MINNESOTA/049.jpg
25,train/MINNESOTA/train_050.jpg,MINNESOTA,train,train/MINNESOTA/050.jpg
25,train/MINNESOTA/train_051.jpg,MINNESOTA,train,train/MINNESOTA/051.jpg
25,train/MINNESOTA/train_054.jpg,MINNESOTA,train,train/MINNESOTA/054.jpg
25,train/MINNESOTA/train_057.jpg,MINNESOTA,train,train/MINNESOTA/057.jpg
25,train/MINNESOTA/train_058.jpg,MINNESOTA,train,train/MINNESOTA/058.jpg
25,train/MINNESOTA/train_060.jpg,MINNESOTA,train,train/MINNESOTA/060.jpg
25,train/MINNESOTA/train_061.jpg,MINNESOTA,train,train/MINNESOTA/061.jpg
25,train/MINNESOTA/train_062.jpg,MINNESOTA,train,train/MINNESOTA/062.jpg
25,train/MINNESOTA/train_063.jpg,MINNESOTA,train,train/MINNESOTA/063.jpg
25,train/MINNESOTA/train_064.jpg,MINNESOTA,train,train/MINNESOTA/064.jpg
25,train/MINNESOTA/train_065.jpg,MINNESOTA,train,train/MINNESOTA/065.jpg
25,train/MINNESOTA/train_066.jpg,MINNESOTA,train,train/MINNESOTA/066.jpg
25,train/MINNESOTA/train_069.jpg,MINNESOTA,train,train/MINNESOTA/069.jpg
25,train/MINNESOTA/train_072.jpg,MINNESOTA,train,train/MINNESOTA/072.jpg
25,train/MINNESOTA/train_073.jpg,MINNESOTA,train,train/MINNESOTA/073.jpg
25,train/MINNESOTA/train_074.jpg,MINNESOTA,train,train/MINNESOTA/074.jpg
25,train/MINNESOTA/train_077.jpg,MINNESOTA,train,train/MINNESOTA/077.jpg
25,train/MINNESOTA/train_080.jpg,MINNESOTA,train,train/MINNESOTA/080.jpg
25,train/MINNESOTA/train_084.jpg,MINNESOTA,train,train/MINNESOTA/084.jpg
25,train/MINNESOTA/train_085.jpg,MINNESOTA,train,train/MINNESOTA/085.jpg
25,train/MINNESOTA/train_086.jpg,MINNESOTA,train,train/MINNESOTA/086.jpg
25,train/MINNESOTA/train_088.jpg,MINNESOTA,train,train/MINNESOTA/088.jpg
25,train/MINNESOTA/train_090.jpg,MINNESOTA,train,train/MINNESOTA/090.jpg
25,train/MINNESOTA/train_091.jpg,MINNESOTA,train,train/MINNESOTA/091.jpg
25,train/MINNESOTA/train_092.jpg,MINNESOTA,train,train/MINNESOTA/092.jpg
25,train/MINNESOTA/train_094.jpg,MINNESOTA,train,train/MINNESOTA/094.jpg
25,train/MINNESOTA/train_096.jpg,MINNESOTA,train,train/MINNESOTA/096.jpg
25,train/MINNESOTA/train_098.jpg,MINNESOTA,train,train/MINNESOTA/098.jpg
25,train/MINNESOTA/train_099.jpg,MINNESOTA,train,train/MINNESOTA/099.jpg
25,train/MINNESOTA/train_101.jpg,MINNESOTA,train,train/MINNESOTA/101.jpg
25,train/MINNESOTA/train_102.jpg,MINNESOTA,train,train/MINNESOTA/102.jpg
25,train/MINNESOTA/train_103.jpg,MINNESOTA,train,train/MINNESOTA/103.jpg
25,train/MINNESOTA/train_104.jpg,MINNESOTA,train,train/MINNESOTA/104.jpg
25,train/MINNESOTA/train_106.jpg,MINNESOTA,train,train/MINNESOTA/106.jpg
25,train/MINNESOTA/train_107.jpg,MINNESOTA,train,train/MINNESOTA/107.jpg
25,train/MINNESOTA/train_108.jpg,MINNESOTA,train,train/MINNESOTA/108.jpg
25,train/MINNESOTA/train_109.jpg,MINNESOTA,train,train/MINNESOTA/109.jpg
25,train/MINNESOTA/train_112.jpg,MINNESOTA,train,train/MINNESOTA/112.jpg
25,train/MINNESOTA/train_113.jpg,MINNESOTA,train,train/MINNESOTA/113.jpg
25,train/MINNESOTA/train_114.jpg,MINNESOTA,train,train/MINNESOTA/114.jpg
25,train/MINNESOTA/train_115.jpg,MINNESOTA,train,train/MINNESOTA/115.jpg
25,train/MINNESOTA/train_116.jpg,MINNESOTA,train,train/MINNESOTA/116.jpg
25,train/MINNESOTA/train_118.jpg,MINNESOTA,train,train/MINNESOTA/118.jpg
25,train/MINNESOTA/train_120.jpg,MINNESOTA,train,train/MINNESOTA/120.jpg
25,train/MINNESOTA/train_121.jpg,MINNESOTA,train,train/MINNESOTA/121.jpg
25,train/MINNESOTA/train_122.jpg,MINNESOTA,train,train/MINNESOTA/122.jpg
25,train/MINNESOTA/train_123.jpg,MINNESOTA,train,train/MINNESOTA/123.jpg
25,train/MINNESOTA/train_124.jpg,MINNESOTA,train,train/MINNESOTA/124.jpg
25,train/MINNESOTA/train_127.jpg,MINNESOTA,train,train/MINNESOTA/127.jpg
25,train/MINNESOTA/train_128.jpg,MINNESOTA,train,train/MINNESOTA/128.jpg
25,train/MINNESOTA/train_129.jpg,MINNESOTA,train,train/MINNESOTA/129.jpg
25,train/MINNESOTA/train_130.jpg,MINNESOTA,train,train/MINNESOTA/130.jpg
25,train/MINNESOTA/train_131.jpg,MINNESOTA,train,train/MINNESOTA/131.jpg
25,train/MINNESOTA/train_132.jpg,MINNESOTA,train,train/MINNESOTA/132.jpg
25,train/MINNESOTA/train_134.jpg,MINNESOTA,train,train/MINNESOTA/134.jpg
25,train/MINNESOTA/train_135.jpg,MINNESOTA,train,train/MINNESOTA/135.jpg
25,train/MINNESOTA/train_136.jpg,MINNESOTA,train,train/MINNESOTA/136.jpg
25,train/MINNESOTA/train_137.jpg,MINNESOTA,train,train/MINNESOTA/137.jpg
25,train/MINNESOTA/train_138.jpg,MINNESOTA,train,train/MINNESOTA/138.jpg
25,train/MINNESOTA/train_139.jpg,MINNESOTA,train,train/MINNESOTA/139.jpg
25,train/MINNESOTA/train_140.jpg,MINNESOTA,train,train/MINNESOTA/140.jpg
25,train/MINNESOTA/train_142.jpg,MINNESOTA,train,train/MINNESOTA/142.jpg
25,train/MINNESOTA/valid_1.jpg,MINNESOTA,train,valid/MINNESOTA/1.jpg
25,train/MINNESOTA/valid_3.jpg,MINNESOTA,train,valid/MINNESOTA/3.jpg
25,train/MINNESOTA/valid_4.jpg,MINNESOTA,train,valid/MINNESOTA/4.jpg
25,train/MINNESOTA/valid_5.jpg,MINNESOTA,train,valid/MINNESOTA/5.jpg
26,train/MISSISSIPPI/test_2.jpg,MISSISSIPPI,train,test/MISSIPPI/2.jpg
26,train/MISSISSIPPI/test_3.jpg,MISSISSIPPI,train,test/MISSIPPI/3.jpg
26,train/MISSISSIPPI/test_4.jpg,MISSISSIPPI,train,test/MISSIPPI/4.jpg
26,train/MISSISSIPPI/test_5.jpg,MISSISSIPPI,train,test/MISSIPPI/5.jpg
26,train/MISSISSIPPI/train_001.jpg,MISSISSIPPI,train,train/MISSIPPI/001.jpg
26,train/MISSISSIPPI/train_002.jpg,MISSISSIPPI,train,train/MISSIPPI/002.jpg
26,train/MISSISSIPPI/train_003.jpg,MISSISSIPPI,train,train/MISSIPPI/003.jpg
26,train/MISSISSIPPI/train_004.jpg,MISSISSIPPI,train,train/MISSIPPI/004.jpg
26,train/MISSISSIPPI/train_005.jpg,MISSISSIPPI,train,train/MISSIPPI/005.jpg
26,train/MISSISSIPPI/train_007.jpg,MISSISSIPPI,train,train/MISSIPPI/007.jpg
26,train/MISSISSIPPI/train_008.jpg,MISSISSIPPI,train,train/MISSIPPI/008.jpg
26,train/MISSISSIPPI/train_009.jpg,MISSISSIPPI,train,train/MISSIPPI/009.jpg
26,train/MISSISSIPPI/train_010.jpg,MISSISSIPPI,train,train/MISSIPPI/010.jpg
26,train/MISSISSIPPI/train_011.jpg,MISSISSIPPI,train,train/MISSIPPI/011.jpg
26,train/MISSISSIPPI/train_012.jpg,MISSISSIPPI,train,train/MISSIPPI/012.jpg
26,train/MISSISSIPPI/train_014.jpg,MISSISSIPPI,train,train/MISSIPPI/014.jpg
26,train/MISSISSIPPI/train_015.jpg,MISSISSIPPI,train,train/MISSIPPI/015.jpg
26,train/MISSISSIPPI/train_017.jpg,MISSISSIPPI,train,train/MISSIPPI/017.jpg
26,train/MISSISSIPPI/train_018.jpg,MISSISSIPPI,train,train/MISSIPPI/018.jpg
26,train/MISSISSIPPI/train_019.jpg,MISSISSIPPI,train,train/MISSIPPI/019.jpg
26,train/MISSISSIPPI/train_023.jpg,MISSISSIPPI,train,train/MISSIPPI/023.jpg
26,train/MISSISSIPPI/train_024.jpg,MISSISSIPPI,train,train/MISSIPPI/024.jpg
26,train/MISSISSIPPI/train_026.jpg,MISSISSIPPI,train,train/MISSIPPI/026.jpg
26,train/MISSISSIPPI/train_027.jpg,MISSISSIPPI,train,train/MISSIPPI/027.jpg
26,train/MISSISSIPPI/train_028.jpg,MISSISSIPPI,train,train/MISSIPPI/028.jpg
26,train/MISSISSIPPI/train_029.jpg,MISSISSIPPI,train,train/MISSIPPI/029.jpg
26,train/MISSISSIPPI/train_031.jpg,MISSISSIPPI,train,train/MISSIPPI/031.jpg
26,train/MISSISSIPPI/train_032.jpg,MISSISSIPPI,train,train/MISSIPPI/032.jpg
26,train/MISSISSIPPI/train_034.jpg,MISSISSIPPI,train,train/MISSIPPI/034.jpg
26,train/MISSISSIPPI/train_035.jpg,MISSISSIPPI,train,train/MISSIPPI/035.jpg
26,train/MISSISSIPPI/train_037.jpg,MISSISSIPPI,train,train/MISSIPPI/037.jpg
26,train/MISSISSIPPI/train_038.jpg,MISSISSIPPI,train,train/MISSIPPI/038.jpg
26,train/MISSISSIPPI/train_041.jpg,MISSISSIPPI,train,train/MISSIPPI/041.jpg
26,train/MISSISSIPPI/train_043.jpg,MISSISSIPPI,train,train/MISSIPPI/043.jpg
26,train/MISSISSIPPI/train_044.jpg,MISSISSIPPI,train,train/MISSIPPI/044.jpg
26,train/MISSISSIPPI/train_045.jpg,MISSISSIPPI,train,train/MISSIPPI/045.jpg
26,train/MISSISSIPPI/train_047.jpg,MISSISSIPPI,train,train/MISSIPPI/047.jpg
26,train/MISSISSIPPI/train_049.jpg,MISSISSIPPI,train,train/MISSIPPI/049.jpg
26,train/MISSISSIPPI/train_050.jpg,MISSISSIPPI,train,train/MISSIPPI/050.jpg
26,train/MISSISSIPPI/train_051.jpg,MISSISSIPPI,train,train/MISSIPPI/051.jpg
26,train/MISSISSIPPI/train_052.jpg,MISSISSIPPI,train,train/MISSIPPI/052.jpg
26,train/MISSISSIPPI/train_053.jpg,MISSISSIPPI,train,train/MISSIPPI/053.jpg
26,train/MISSISSIPPI/train_054.jpg,MISSISSIPPI,train,train/MISSIPPI/054.jpg
26,train/MISSISSIPPI/train_055.jpg,MISSISSIPPI,train,train/MISSIPPI/055.jpg
26,train/MISSISSIPPI/train_056.jpg,MISSISSIPPI,train,train/MISSIPPI/056.jpg
26,train/MISSISSIPPI/train_058.jpg,MISSISSIPPI,train,train/MISSIPPI/058.jpg
26,train/MISSISSIPPI/train_060.jpg,MISSISSIPPI,train,train/MISSIPPI/060.jpg
26,train/MISSISSIPPI/train_061.jpg,MISSISSIPPI,train,train/MISSIPPI/061.jpg
26,train/MISSISSIPPI/train_062.jpg,MISSISSIPPI,train,train/MISSIPPI/062.jpg
26,train/MISSISSIPPI/train_066.jpg,MISSISSIPPI,train,train/MISSIPPI/066.jpg
26,train/MISSISSIPPI/train_067.jpg,MISSISSIPPI,train,train/MISSIPPI/067.jpg
26,train/MISSISSIPPI/train_068.jpg,MISSISSIPPI,train,train/MISSIPPI/068.jpg
26,train/MISSISSIPPI/train_070.jpg,MISSISSIPPI,train,train/MISSIPPI/070.jpg
26,train/MISSISSIPPI/train_073.jpg,MISSISSIPPI,train,train/MISSIPPI/073.jpg
26,train/MISSISSIPPI/train_074.jpg,MISSISSIPPI,train,train/MISSIPPI/074.jpg
26,train/MISSISSIPPI/train_075.jpg,MISSISSIPPI,train,train/MISSIPPI/075.jpg
26,train/MISSISSIPPI/train_076.jpg,MISSISSIPPI,train,train/MISSIPPI/076.jpg
26,train/MISSISSIPPI/train_077.jpg,MISSISSIPPI,train,train/MISSIPPI/077.jpg
26,train/MISSISSIPPI/train_078.jpg,MISSISSIPPI,train,train/MISSIPPI/078.jpg
26,train/MISSISSIPPI/train_080.jpg,MISSISSIPPI,train,train/MISSIPPI/080.jpg
26,train/MISSISSIPPI/train_081.jpg,MISSISSIPPI,train,train/MISSIPPI/081.jpg
26,train/MISSISSIPPI/train_082.jpg,MISSISSIPPI,train,train/MISSIPPI/082.jpg
26,train/MISSISSIPPI/train_083.jpg,MISSISSIPPI,train,train/MISSIPPI/083.jpg
26,train/MISSISSIPPI/train_086.jpg,MISSISSIPPI,train,train/MISSIPPI/086.jpg
26,train/MISSISSIPPI/train_087.jpg,MISSISSIPPI,train,train/MISSIPPI/087.jpg
26,train/MISSISSIPPI/train_088.jpg,MISSISSIPPI,train,train/MISSIPPI/088.jpg
26,train/MISSISSIPPI/train_090.jpg,MISSISSIPPI,train,train/MISSIPPI/090.jpg
26,train/MISSISSIPPI/train_091.jpg,MISSISSIPPI,train,train/MISSIPPI/091.jpg
26,train/MISSISSIPPI/train_095.jpg,MISSISSIPPI,train,train/MISSIPPI/095.jpg
26,train/MISSISSIPPI/train_096.jpg,MISSISSIPPI,train,train/MISSIPPI/096.jpg
26,train/MISSISSIPPI/train_098.jpg,MISSISSIPPI,train,train/MISSIPPI/098.jpg
26,train/MISSISSIPPI/train_100.jpg,MISSISSIPPI,train,train/MISSIPPI/100.jpg
26,train/MISSISSIPPI/train_101.jpg,MISSISSIPPI,train,train/MISSIPPI/101.jpg
26,train/MISSISSIPPI/train_103.jpg,MISSISSIPPI,train,train/MISSIPPI/103.jpg
26,train/MISSISSIPPI/train_104.jpg,MISSISSIPPI,train,train/MISSIPPI/104.jpg
26,train/MISSISSIPPI/train_105.jpg,MISSISSIPPI,train,train/MISSIPPI/105.jpg
26,train/MISSISSIPPI/train_106.jpg,MISSISSIPPI,train,train/MISSIPPI/106.jpg
26,train/MISSISSIPPI/train_107.jpg,MISSISSIPPI,train,train/MISSIPPI/107.jpg
26,train/MISSISSIPPI/train_108.jpg,MISSISSIPPI,train,train/MISSIPPI/108.jpg
26,train/MISSISSIPPI/train_109.jpg,MISSISSIPPI,train,train/MISSIPPI/109.jpg
26,train/MISSISSIPPI/train_111.jpg,MISSISSIPPI,train,train/MISSIPPI/111.jpg
26,train/MISSISSIPPI/train_113.jpg,MISSISSIPPI,train,train/MISSIPPI/113.jpg
26,train/MISSISSIPPI/train_115.jpg,MISSISSIPPI,train,train/MISSIPPI/115.jpg
26,train/MISSISSIPPI/train_116.jpg,MISSISSIPPI,train,train/MISSIPPI/116.jpg
26,train/MISSISSIPPI/train_120.jpg,MISSISSIPPI,train,train/MISSIPPI/120.jpg
26,train/MISSISSIPPI/train_122.jpg,MISSISSIPPI,train,train/MISSIPPI/122.jpg
26,train/MISSISSIPPI/train_123.jpg,MISSISSIPPI,train,train/MISSIPPI/123.jpg
26,train/MISSISSIPPI/train_124.jpg,MISSISSIPPI,train,train/MISSIPPI/124.jpg
26,train/MISSISSIPPI/train_125.jpg,MISSISSIPPI,train,train/MISSIPPI/125.jpg
26,train/MISSISSIPPI/train_126.jpg,MISSISSIPPI,train,train/MISSIPPI/126.jpg
26,train/MISSISSIPPI/train_127.jpg,MISSISSIPPI,train,train/MISSIPPI/127.jpg
26,train/MISSISSIPPI/train_128.jpg,MISSISSIPPI,train,train/MISSIPPI/128.jpg
26,train/MISSISSIPPI/train_129.jpg,MISSISSIPPI,train,train/MISSIPPI/129.jpg
26,train/MISSISSIPPI/train_130.jpg,MISSISSIPPI,train,train/MISSIPPI/130.jpg
26,train/MISSISSIPPI/train_132.jpg,MISSISSIPPI,train,train/MISSIPPI/132.jpg
26,train/MISSISSIPPI/train_133.jpg,MISSISSIPPI,train,train/MISSIPPI/133.jpg
26,train/MISSISSIPPI/train_134.jpg,MISSISSIPPI,train,train/MISSIPPI/134.jpg
26,train/MISSISSIPPI/train_135.jpg,MISSISSIPPI,train,train/MISSIPPI/135.jpg
26,train/MISSISSIPPI/train_136.jpg,MISSISSIPPI,train,train/MISSIPPI/136.jpg
26,train/MISSISSIPPI/train_137.jpg,MISSISSIPPI,train,train/MISSIPPI/137.jpg
26,train/MISSISSIPPI/train_139.jpg,MISSISSIPPI,train,train/MISSIPPI/139.jpg
26,train/MISSISSIPPI/train_140.jpg,MISSISSIPPI,train,train/MISSIPPI/140.jpg
26,train/MISSISSIPPI/train_142.jpg,MISSISSIPPI,train,train/MISSIPPI/142.jpg
26,train/MISSISSIPPI/train_143.jpg,MISSISSIPPI,train,train/MISSIPPI/143.jpg
26,train/MISSISSIPPI/train_144.jpg,MISSISSIPPI,train,train/MISSIPPI/144.jpg
26,train/MISSISSIPPI/train_145.jpg,MISSISSIPPI,train,train/MISSIPPI/145.jpg
26,train/MISSISSIPPI/train_146.jpg,MISSISSIPPI,train,train/MISSIPPI/146.jpg
26,train/MISSISSIPPI/valid_3.jpg,MISSISSIPPI,train,valid/MISSIPPI/3.jpg
26,train/MISSISSIPPI/valid_4.jpg,MISSISSIPPI,train,valid/MISSIPPI/4.jpg
26,train/MISSISSIPPI/valid_5.jpg,MISSISSIPPI,train,valid/MISSIPPI/5.jpg
27,train/MISSOURI/test_2.jpg,MISSOURI,train,test/MISSOURI/2.jpg
27,train/MISSOURI/test_3.jpg,MISSOURI,train,test/MISSOURI/3.jpg
27,train/MISSOURI/test_4.jpg,MISSOURI,train,test/MISSOURI/4.jpg
27,train/MISSOURI/train_001.jpg,MISSOURI,train,train/MISSOURI/001.jpg
27,train/MISSOURI/train_002.jpg,MISSOURI,train,train/MISSOURI/002.jpg
27,train/MISSOURI/train_003.jpg,MISSOURI,train,train/MISSOURI/003.jpg
27,train/MISSOURI/train_004.jpg,MISSOURI,train,train/MISSOURI/004.jpg
27,train/MISSOURI/train_006.jpg,MISSOURI,train,train/MISSOURI/006.jpg
27,train/MISSOURI/train_007.jpg,MISSOURI,train,train/MISSOURI/007.jpg
27,train/MISSOURI/train_008.jpg,MISSOURI,train,train/MISSOURI/008.jpg
27,train/MISSOURI/train_009.jpg,MISSOURI,train,train/MISSOURI/009.jpg
27,train/MISSOURI/train_011.jpg,MISSOURI,train,train/MISSOURI/011.jpg
27,train/MISSOURI/train_013.jpg,MISSOURI,train,train/MISSOURI/013.jpg
27,train/MISSOURI/train_014.jpg,MISSOURI,train,train/MISSOURI/014.jpg
27,train/MISSOURI/train_016.jpg,MISSOURI,train,train/MISSOURI/016.jpg
27,train/MISSOURI/train_018.jpg,MISSOURI,train,train/MISSOURI/018.jpg
27,train/MISSOURI/train_020.jpg,MISSOURI,train,train/MISSOURI/020.jpg
27,train/MISSOURI/train_023.jpg,MISSOURI,train,train/MISSOURI/023.jpg
27,train/MISSOURI/train_024.jpg,MISSOURI,train,train/MISSOURI/024.jpg
27,train/MISSOURI/train_025.jpg,MISSOURI,train,train/MISSOURI/025.jpg
27,train/MISSOURI/train_026.jpg,MISSOURI,train,train/MISSOURI/026.jpg
27,train/MISSOURI/train_027.jpg,MISSOURI,train,train/MISSOURI/027.jpg
27,train/MISSOURI/train_028.jpg,MISSOURI,train,train/MISSOURI/028.jpg
27,train/MISSOURI/train_029.jpg,MISSOURI,train,train/MISSOURI/029.jpg
27,train/MISSOURI/train_030.jpg,MISSOURI,train,train/MISSOURI/030.jpg
27,train/MISSOURI/train_031.jpg,MISSOURI,train,train/MISSOURI/031.jpg
27,train/MISSOURI/train_037.jpg,MISSOURI,train,train/MISSOURI/037.jpg
27,train/MISSOURI/train_038.jpg,MISSOURI,train,train/MISSOURI/038.jpg
27,train/MISSOURI/train_039.jpg,MISSOURI,train,train/MISSOURI/039.jpg
27,train/MISSOURI/train_041.jpg,MISSOURI,train,train/MISSOURI/041.jpg
27,train/MISSOURI/train_042.jpg,MISSOURI,train,train/MISSOURI/042.jpg
27,train/MISSOURI/train_043.jpg,MISSOURI,train,train/MISSOURI/043.jpg
27,train/MISSOURI/train_044.jpg,MISSOURI,train,train/MISSOURI/044.jpg
27,train/MISSOURI/train_045.jpg,MISSOURI,train,train/MISSOURI/045.jpg
27,train/MISSOURI/train_046.jpg,MISSOURI,train,train/MISSOURI/046.jpg
27,train/MISSOURI/train_047.jpg,MISSOURI,train,train/MISSOURI/047.jpg
27,train/MISSOURI/train_049.jpg,MISSOURI,train,train/MISSOURI/049.jpg
27,train/MISSOURI/train_050.jpg,MISSOURI,train,train/MISSOURI/050.jpg
27,train/MISSOURI/train_051.jpg,MISSOURI,train,train/MISSOURI/051.jpg
27,train/MISSOURI/train_052.jpg,MISSOURI,train,train/MISSOURI/052.jpg
27,train/MISSOURI/train_054.jpg,MISSOURI,train,train/MISSOURI/054.jpg
27,train/MISSOURI/train_055.jpg,MISSOURI,train,train/MISSOURI/055.jpg
27,train/MISSOURI/train_057.jpg,MISSOURI,train,train/MISSOURI/057.jpg
27,train/MISSOURI/train_059.jpg,MISSOURI,train,train/MISSOURI/059.jpg
27,train/MISSOURI/train_060.jpg,MISSOURI,train,train/MISSOURI/060.jpg
27,train/MISSOURI/train_061.jpg,MISSOURI,train,train/MISSOURI/061.jpg
27,train/MISSOURI/train_062.jpg,MISSOURI,train,train/MISSOURI/062.jpg
27,train/MISSOURI/train_066.jpg,MISSOURI,train,train/MISSOURI/066.jpg
27,train/MISSOURI/train_067.jpg,MISSOURI,train,train/MISSOURI/067.jpg
27,train/MISSOURI/train_068.jpg,MISSOURI,train,train/MISSOURI/068.jpg
27,train/MISSOURI/train_069.jpg,MISSOURI,train,train/MISSOURI/069.jpg
27,train/MISSOURI/train_070.jpg,MISSOURI,train,train/MISSOURI/070.jpg
27,train/MISSOURI/train_071.jpg,MISSOURI,train,train/MISSOURI/071.jpg
27,train/MISSOURI/train_074.jpg,MISSOURI,train,train/MISSOURI/074.jpg
27,train/MISSOURI/train_075.jpg,MISSOURI,train,train/MISSOURI/075.jpg
27,train/MISSOURI/train_076.jpg,MISSOURI,train,train/MISSOURI/076.jpg
27,train/MISSOURI/train_077.jpg,MISSOURI,train,train/MISSOURI/077.jpg
27,train/MISSOURI/train_078.jpg,MISSOURI,train,train/MISSOURI/078.jpg
27,train/MISSOURI/train_081.jpg,MISSOURI,train,train/MISSOURI/081.jpg
27,train/MISSOURI/train_082.jpg,MISSOURI,train,train/MISSOURI/082.jpg
27,train/MISSOURI/train_083.jpg,MISSOURI,train,train/MISSOURI/083.jpg
27,train/MISSOURI/train_084.jpg,MISSOURI,train,train/MISSOURI/084.jpg
27,train/MISSOURI/train_085.jpg,MISSOURI,train,train/MISSOURI/085.jpg
27,train/MISSOURI/train_086.jpg,MISSOURI,train,train/MISSOURI/086.jpg
27,train/MISSOURI/train_087.jpg,MISSOURI,train,train/MISSOURI/087.jpg
27,train/MISSOURI/train_088.jpg,MISSOURI,train,train/MISSOURI/088.jpg
27,train/MISSOURI/train_090.jpg,MISSOURI,train,train/MISSOURI/090.jpg
27,train/MISSOURI/train_091.jpg,MISSOURI,train,train/MISSOURI/091.jpg
27,train/MISSOURI/train_092.jpg,MISSOURI,train,train/MISSOURI/092.jpg
27,train/MISSOURI/train_095.jpg,MISSOURI,train,train/MISSOURI/095.jpg
27,train/MISSOURI/train_096.jpg,MISSOURI,train,train/MISSOURI/096.jpg
27,train/MISSOURI/train_097.jpg,MISSOURI,train,train/MISSOURI/097.jpg
27,train/MISSOURI/train_098.jpg,MISSOURI,train,train/MISSOURI/098.jpg
27,train/MISSOURI/train_099.jpg,MISSOURI,train,train/MISSOURI/099.jpg
27,train/MISSOURI/train_100.jpg,MISSOURI,train,train/MISSOURI/100.jpg
27,train/MISSOURI/train_101.jpg,MISSOURI,train,train/MISSOURI/101.jpg
27,train/MISSOURI/train_102.jpg,MISSOURI,train,train/MISSOURI/102.jpg
27,train/MISSOURI/train_105.jpg,MISSOURI,train,train/MISSOURI/105.jpg
27,train/MISSOURI/train_106.jpg,MISSOURI,train,train/MISSOURI/106.jpg
27,train/MISSOURI/train_107.jpg,MISSOURI,train,train/MISSOURI/107.jpg
27,train/MISSOURI/train_108.jpg,MISSOURI,train,train/MISSOURI/108.jpg
27,train/MISSOURI/train_111.jpg,MISSOURI,train,train/MISSOURI/111.jpg
27,train/MISSOURI/train_114.jpg,MISSOURI,train,train/MISSOURI/114.jpg
27,train/MISSOURI/train_115.jpg,MISSOURI,train,train/MISSOURI/115.jpg
27,train/MISSOURI/train_116.jpg,MISSOURI,train,train/MISSOURI/116.jpg
27,train/MISSOURI/train_117.jpg,MISSOURI,train,train/MISSOURI/117.jpg
27,train/MISSOURI/train_118.jpg,MISSOURI,train,train/MISSOURI/118.jpg
27,train/MISSOURI/train_119.jpg,MISSOURI,train,train/MISSOURI/119.jpg
27,train/MISSOURI/train_120.jpg,MISSOURI,train,train/MISSOURI/120.jpg
27,train/MISSOURI/train_121.jpg,MISSOURI,train,train/MISSOURI/121.jpg
27,train/MISSOURI/train_123.jpg,MISSOURI,train,train/MISSOURI/123.jpg
27,train/MISSOURI/train_126.jpg,MISSOURI,train,train/MISSOURI/126.jpg
27,train/MISSOURI/train_130.jpg,MISSOURI,train,train/MISSOURI/130.jpg
27,train/MISSOURI/train_131.jpg,MISSOURI,train,train/MISSOURI/131.jpg
27,train/MISSOURI/train_132.jpg,MISSOURI,train,train/MISSOURI/132.jpg
27,train/MISSOURI/train_133.jpg,MISSOURI,train,train/MISSOURI/133.jpg
27,train/MISSOURI/train_134.jpg,MISSOURI,train,train/MISSOURI/134.jpg
27,train/MISSOURI/train_135.jpg,MISSOURI,train,train/MISSOURI/135.jpg
27,train/MISSOURI/train_137.jpg,MISSOURI,train,train/MISSOURI/137.jpg
27,train/MISSOURI/train_139.jpg,MISSOURI,train,train/MISSOURI/139.jpg
27,train/MISSOURI/train_141.jpg,MISSOURI,train,train/MISSOURI/141.jpg
27,train/MISSOURI/train_142.jpg,MISSOURI,train,train/MISSOURI/142.jpg
27,train/MISSOURI/train_143.jpg,MISSOURI,train,train/MISSOURI/143.jpg
27,train/MISSOURI/train_144.jpg,MISSOURI,train,train/MISSOURI/144.jpg
27,train/MISSOURI/train_145.jpg,MISSOURI,train,train/MISSOURI/145.jpg
27,train/MISSOURI/train_146.jpg,MISSOURI,train,train/MISSOURI/146.jpg
27,train/MISSOURI/train_148.jpg,MISSOURI,train,train/MISSOURI/148.jpg
27,train/MISSOURI/train_149.jpg,MISSOURI,train,train/MISSOURI/149.jpg
27,train/MISSOURI/valid_1.jpg,MISSOURI,train,valid/MISSOURI/1.jpg
27,train/MISSOURI/valid_2.jpg,MISSOURI,train,valid/MISSOURI/2.jpg
27,train/MISSOURI/valid_5.jpg,MISSOURI,train,valid/MISSOURI/5.jpg
28,train/MONTANA/test_1.jpg,MONTANA,train,test/MONTANA/1.jpg
28,train/MONTANA/test_2.jpg,MONTANA,train,test/MONTANA/2.jpg
28,train/MONTANA/test_4.jpg,MONTANA,train,test/MONTANA/4.jpg
28,train/MONTANA/test_5.jpg,MONTANA,train,test/MONTANA/5.jpg
28,train/MONTANA/train_001.jpg,MONTANA,train,train/MONTANA/001.jpg
28,train/MONTANA/train_002.jpg,MONTANA,train,train/MONTANA/002.jpg
28,train/MONTANA/train_004.jpg,MONTANA,train,train/MONTANA/004.jpg
28,train/MONTANA/train_005.jpg,MONTANA,train,train/MONTANA/005.jpg
28,train/MONTANA/train_006.jpg,MONTANA,train,train/MONTANA/006.jpg
28,train/MONTANA/train_007.jpg,MONTANA,train,train/MONTANA/007.jpg
28,train/MONTANA/train_009.jpg,MONTANA,train,train/MONTANA/009.jpg
28,train/MONTANA/train_010.jpg,MONTANA,train,train/MONTANA/010.jpg
28,train/MONTANA/train_011.jpg,MONTANA,train,train/MONTANA/011.jpg
28,train/MONTANA/train_012.jpg,MONTANA,train,train/MONTANA/012.jpg
28,train/MONTANA/train_013.jpg,MONTANA,train,train/MONTANA/013.jpg
28,train/MONTANA/train_014.jpg,MONTANA,train,train/MONTANA/014.jpg
28,train/MONTANA/train_016.jpg,MONTANA,train,train/MONTANA/016.jpg
28,train/MONTANA/train_022.jpg,MONTANA,train,train/MONTANA/022.jpg
28,train/MONTANA/train_024.jpg,MONTANA,train,train/MONTANA/024.jpg
28,train/MONTANA/train_025.jpg,MONTANA,train,train/MONTANA/025.jpg
28,train/MONTANA/train_026.jpg,MONTANA,train,train/MONTANA/026.jpg
28,train/MONTANA/train_027.jpg,MONTANA,train,train/MONTANA/027.jpg
28,train/MONTANA/train_028.jpg,MONTANA,train,train/MONTANA/028.jpg
28,train/MONTANA/train_030.jpg,MONTANA,train,train/MONTANA/030.jpg
28,train/MONTANA/train_031.jpg,MONTANA,train,train/MONTANA/031.jpg
28,train/MONTANA/train_032.jpg,MONTANA,train,train/MONTANA/032.jpg
28,train/MONTANA/train_033.jpg,MONTANA,train,train/MONTANA/033.jpg
28,train/MONTANA/train_036.jpg,MONTANA,train,train/MONTANA/036.jpg
28,train/MONTANA/train_037.jpg,MONTANA,train,train/MONTANA/037.jpg
28,train/MONTANA/train_038.jpg,MONTANA,train,train/MONTANA/038.jpg
28,train/MONTANA/train_039.jpg,MONTANA,train,train/MONTANA/039.jpg
28,train/MONTANA/train_040.jpg,MONTANA,train,train/MONTANA/040.jpg
28,train/MONTANA/train_041.jpg,MONTANA,train,train/MONTANA/041.jpg
28,train/MONTANA/train_043.jpg,MONTANA,train,train/MONTANA/043.jpg
28,train/MONTANA/train_044.jpg,MONTANA,train,train/MONTANA/044.jpg
28,train/MONTANA/train_045.jpg,MONTANA,train,train/MONTANA/045.jpg
28,train/MONTANA/train_046.jpg,MONTANA,train,train/MONTANA/046.jpg
28,train/MONTANA/train_047.jpg,MONTANA,train,train/MONTANA/047.jpg
28,train/MONTANA/train_050.jpg,MONTANA,train,train/MONTANA/050.jpg
28,train/MONTANA/train_052.jpg,MONTANA,train,train/MONTANA/052.jpg
28,train/MONTANA/train_055.jpg,MONTANA,train,train/MONTANA/055.jpg
28,train/MONTANA/train_056.jpg,MONTANA,train,train/MONTANA/056.jpg
28,train/MONTANA/train_057.jpg,MONTANA,train,train/MONTANA/057.jpg
28,train/MONTANA/train_058.jpg,MONTANA,train,train/MONTANA/058.jpg
28,train/MONTANA/train_060.jpg,MONTANA,train,train/MONTANA/060.jpg
28,train/MONTANA/train_063.jpg,MONTANA,train,train/MONTANA/063.jpg
28,train/MONTANA/train_064.jpg,MONTANA,train,train/MONTANA/064.jpg
28,train/MONTANA/train_065.jpg,MONTANA,train,train/MONTANA/065.jpg
28,train/MONTANA/train_067.jpg,MONTANA,train,train/MONTANA/067.jpg
28,train/MONTANA/train_068.jpg,MONTANA,train,train/MONTANA/068.jpg
28,train/MONTANA/train_069.jpg,MONTANA,train,train/MONTANA/069.jpg
28,train/MONTANA/train_070.jpg,MONTANA,train,train/MONTANA/070.jpg
28,train/MONTANA/train_071.jpg,MONTANA,train,train/MONTANA/071.jpg
28,train/MONTANA/train_075.jpg,MONTANA,train,train/MONTANA/075.jpg
28,train/MONTANA/train_076.jpg,MONTANA,train,train/MONTANA/076.jpg
28,train/MONTANA/train_077.jpg,MONTANA,train,train/MONTANA/077.jpg
28,train/MONTANA/train_078.jpg,MONTANA,train,train/MONTANA/078.jpg
28,train/MONTANA/train_079.jpg,MONTANA,train,train/MONTANA/079.jpg
28,train/MONTANA/train_082.jpg,MONTANA,train,train/MONTANA/082.jpg
28,train/MONTANA/train_083.jpg,MONTANA,train,train/MONTANA/083.jpg
28,train/MONTANA/train_084.jpg,MONTANA,train,train/MONTANA/084.jpg
28,train/MONTANA/train_085.jpg,MONTANA,train,train/MONTANA/085.jpg
28,train/MONTANA/train_086.jpg,MONTANA,train,train/MONTANA/086.jpg
28,train/MONTANA/train_087.jpg,MONTANA,train,train/MONTANA/087.jpg
28,train/MONTANA/train_088.jpg,MONTANA,train,train/MONTANA/088.jpg
28,train/MONTANA/train_089.jpg,MONTANA,train,train/MONTANA/089.jpg
28,train/MONTANA/train_090.jpg,MONTANA,train,train/MONTANA/090.jpg
28,train/MONTANA/train_092.jpg,MONTANA,train,train/MONTANA/092.jpg
28,train/MONTANA/train_095.jpg,MONTANA,train,train/MONTANA/095.jpg
28,train/MONTANA/train_096.jpg,MONTANA,train,train/MONTANA/096.jpg
28,train/MONTANA/train_098.jpg,MONTANA,train,train/MONTANA/098.jpg
28,train/MONTANA/train_099.jpg,MONTANA,train,train/MONTANA/099.jpg
28,train/MONTANA/train_101.jpg,MONTANA,train,train/MONTANA/101.jpg
28,train/MONTANA/train_104.jpg,MONTANA,train,train/MONTANA/104.jpg
28,train/MONTANA/train_108.jpg,MONTANA,train,train/MONTANA/108.jpg
28,train/MONTANA/train_109.jpg,MONTANA,train,train/MONTANA/109.jpg
28,train/MONTANA/train_110.jpg,MONTANA,train,train/MONTANA/110.jpg
28,train/MONTANA/train_112.jpg,MONTANA,train,train/MONTANA/112.jpg
28,train/MONTANA/train_113.jpg,MONTANA,train,train/MONTANA/113.jpg
28,train/MONTANA/train_116.jpg,MONTANA,train,train/MONTANA/116.jpg
28,train/MONTANA/train_117.jpg,MONTANA,train,train/MONTANA/117.jpg
28,train/MONTANA/train_118.jpg,MONTANA,train,train/MONTANA/118.jpg
28,train/MONTANA/train_119.jpg,MONTANA,train,train/MONTANA/119.jpg
28,train/MONTANA/train_120.jpg,MONTANA,train,train/MONTANA/120.jpg
28,train/MONTANA/train_122.jpg,MONTANA,train,train/MONTANA/122.jpg
28,train/MONTANA/train_123.jpg,MONTANA,train,train/MONTANA/123.jpg
28,train/MONTANA/train_124.jpg,MONTANA,train,train/MONTANA/124.jpg
28,train/MONTANA/train_125.jpg,MONTANA,train,train/MONTANA/125.jpg
28,train/MONTANA/train_127.jpg,MONTANA,train,train/MONTANA/127.jpg
28,train/MONTANA/train_129.jpg,MONTANA,train,train/MONTANA/129.jpg
28,train/MONTANA/train_132.jpg,MONTANA,train,train/MONTANA/132.jpg
28,train/MONTANA/train_133.jpg,MONTANA,train,train/MONTANA/133.jpg
28,train/MONTANA/train_134.jpg,MONTANA,train,train/MONTANA/134.jpg
28,train/MONTANA/train_135.jpg,MONTANA,train,train/MONTANA/135.jpg
28,train/MONTANA/train_136.jpg,MONTANA,train,train/MONTANA/136.jpg
28,train/MONTANA/train_137.jpg,MONTANA,train,train/MONTANA/137.jpg
28,train/MONTANA/train_138.jpg,MONTANA,train,train/MONTANA/138.jpg
28,train/MONTANA/train_139.jpg,MONTANA,train,train/MONTANA/139.jpg
28,train/MONTANA/train_140.jpg,MONTANA,train,train/MONTANA/140.jpg
28,train/MONTANA/train_142.jpg,MONTANA,train,train/MONTANA/142.jpg
28,train/MONTANA/train_143.jpg,MONTANA,train,train/MONTANA/143.jpg
28,train/MONTANA/train_144.jpg,MONTANA,train,train/MONTANA/144.jpg
28,train/MONTANA/train_145.jpg,MONTANA,train,train/MONTANA/145.jpg
28,train/MONTANA/train_146.jpg,MONTANA,train,train/MONTANA/146.jpg
28,train/MONTANA/train_147.jpg,MONTANA,train,train/MONTANA/147.jpg
28,train/MONTANA/valid_1.jpg,MONTANA,train,valid/MONTANA/1.jpg
28,train/MONTANA/valid_3.jpg,MONTANA,train,valid/MONTANA/3.jpg
28,train/MONTANA/valid_4.jpg,MONTANA,train,valid/MONTANA/4.jpg
28,train/MONTANA/valid_5.jpg,MONTANA,train,valid/MONTANA/5.jpg
29,train/NEBRASKA/test_1.jpg,NEBRASKA,train,test/NEBRASKA/1.jpg
29,train/NEBRASKA/test_4.jpg,NEBRASKA,train,test/NEBRASKA/4.jpg
29,train/NEBRASKA/test_5.jpg,NEBRASKA,train,test/NEBRASKA/5.jpg
29,train/NEBRASKA/train_001.jpg,NEBRASKA,train,train/NEBRASKA/001.jpg
29,train/NEBRASKA/train_002.jpg,NEBRASKA,train,train/NEBRASKA/002.jpg
29,train/NEBRASKA/train_003.jpg,NEBRASKA,train,train/NEBRASKA/003.jpg
29,train/NEBRASKA/train_004.jpg,NEBRASKA,train,train/NEBRASKA/004.jpg
29,train/NEBRASKA/train_005.jpg,NEBRASKA,train,train/NEBRASKA/005.jpg
29,train/NEBRASKA/train_006.jpg,NEBRASKA,train,train/NEBRASKA/006.jpg
29,train/NEBRASKA/train_009.jpg,NEBRASKA,train,train/NEBRASKA/009.jpg
29,train/NEBRASKA/train_011.jpg,NEBRASKA,train,train/NEBRASKA/011.jpg
29,train/NEBRASKA/train_012.jpg,NEBRASKA,train,train/NEBRASKA/012.jpg
29,train/NEBRASKA/train_013.jpg,NEBRASKA,train,train/NEBRASKA/013.jpg
29,train/NEBRASKA/train_014.jpg,NEBRASKA,train,train/NEBRASKA/014.jpg
29,train/NEBRASKA/train_015.jpg,NEBRASKA,train,train/NEBRASKA/015.jpg
29,train/NEBRASKA/train_016.jpg,NEBRASKA,train,train/NEBRASKA/016.jpg
29,train/NEBRASKA/train_017.jpg,NEBRASKA,train,train/NEBRASKA/017.jpg
29,train/NEBRASKA/train_018.jpg,NEBRASKA,train,train/NEBRASKA/018.jpg
29,train/NEBRASKA/train_019.jpg,NEBRASKA,train,train/NEBRASKA/019.jpg
29,train/NEBRASKA/train_021.jpg,NEBRASKA,train,train/NEBRASKA/021.jpg
29,train/NEBRASKA/train_023.jpg,NEBRASKA,train,train/NEBRASKA/023.jpg
29,train/NEBRASKA/train_024.jpg,NEBRASKA,train,train/NEBRASKA/024.jpg
29,train/NEBRASKA/train_025.jpg,NEBRASKA,train,train/NEBRASKA/025.jpg
29,train/NEBRASKA/train_026.jpg,NEBRASKA,train,train/NEBRASKA/026.jpg
29,train/NEBRASKA/train_027.jpg,NEBRASKA,train,train/NEBRASKA/027.jpg
29,train/NEBRASKA/train_028.jpg,NEBRASKA,train,train/NEBRASKA/028.jpg
29,train/NEBRASKA/train_029.jpg,NEBRASKA,train,train/NEBRASKA/029.jpg
29,train/NEBRASKA/train_030.jpg,NEBRASKA,train,train/NEBRASKA/030.jpg
29,train/NEBRASKA/train_031.jpg,NEBRASKA,train,train/NEBRASKA/031.jpg
29,train/NEBRASKA/train_033.jpg,NEBRASKA,train,train/NEBRASKA/033.jpg
29,train/NEBRASKA/train_034.jpg,NEBRASKA,train,train/NEBRASKA/034.jpg
29,train/NEBRASKA/train_035.jpg,NEBRASKA,train,train/NEBRASKA/035.jpg
29,train/NEBRASKA/train_036.jpg,NEBRASKA,train,train/NEBRASKA/036.jpg
29,train/NEBRASKA/train_037.jpg,NEBRASKA,train,train/NEBRASKA/037.jpg
29,train/NEBRASKA/train_039.jpg,NEBRASKA,train,train/NEBRASKA/039.jpg
29,train/NEBRASKA/train_040.jpg,NEBRASKA,train,train/NEBRASKA/040.jpg
29,train/NEBRASKA/train_041.jpg,NEBRASKA,train,train/NEBRASKA/041.jpg
29,train/NEBRASKA/train_043.jpg,NEBRASKA,train,train/NEBRASKA/043.jpg
29,train/NEBRASKA/train_044.jpg,NEBRASKA,train,train/NEBRASKA/044.jpg
29,train/NEBRASKA/train_045.jpg,NEBRASKA,train,train/NEBRASKA/045.jpg
29,train/NEBRASKA/train_047.jpg,NEBRASKA,train,train/NEBRASKA/047.jpg
29,train/NEBRASKA/train_049.jpg,NEBRASKA,train,train/NEBRASKA/049.jpg
29,train/NEBRASKA/train_050.jpg,NEBRASKA,train,train/NEBRASKA/050.jpg
29,train/NEBRASKA/train_052.jpg,NEBRASKA,train,train/NEBRASKA/052.jpg
29,train/NEBRASKA/train_053.jpg,NEBRASKA,train,train/NEBRASKA/053.jpg
29,train/NEBRASKA/train_054.jpg,NEBRASKA,train,train/NEBRASKA/054.jpg
29,train/NEBRASKA/train_055.jpg,NEBRASKA,train,train/NEBRASKA/055.jpg
29,train/NEBRASKA/train_056.jpg,NEBRASKA,train,train/NEBRASKA/056.jpg
29,train/NEBRASKA/train_057.jpg,NEBRASKA,train,train/NEBRASKA/057.jpg
29,train/NEBRASKA/train_059.jpg,NEBRASKA,train,train/NEBRASKA/059.jpg
29,train/NEBRASKA/train_060.jpg,NEBRASKA,train,train/NEBRASKA/060.jpg
29,train/NEBRASKA/train_061.jpg,NEBRASKA,train,train/NEBRASKA/061.jpg
29,train/NEBRASKA/train_063.jpg,NEBRASKA,train,train/NEBRASKA/063.jpg
29,train/NEBRASKA/train_064.jpg,NEBRASKA,train,train/NEBRASKA/064.jpg
29,train/NEBRASKA/train_065.jpg,NEBRASKA,train,train/NEBRASKA/065.jpg
29,train/NEBRASKA/train_067.jpg,NEBRASKA,train,train/NEBRASKA/067.jpg
29,train/NEBRASKA/train_068.jpg,NEBRASKA,train,train/NEBRASKA/068.jpg
29,train/NEBRASKA/train_069.jpg,NEBRASKA,train,train/NEBRASKA/069.jpg
29,train/NEBRASKA/train_070.jpg,NEBRASKA,train,train/NEBRASKA/070.jpg
29,train/NEBRASKA/train_072.jpg,NEBRASKA,train,train/NEBRASKA/072.jpg
29,train/NEBRASKA/train_073.jpg,NEBRASKA,train,train/NEBRASKA/073.jpg
29,train/NEBRASKA/train_074.jpg,NEBRASKA,train,train/NEBRASKA/074.jpg
29,train/NEBRASKA/train_075.jpg,NEBRASKA,train,train/NEBRASKA/075.jpg
29,train/NEBRASKA/train_077.jpg,NEBRASKA,train,train/NEBRASKA/077.jpg
29,train/NEBRASKA/train_081.jpg,NEBRASKA,train,train/NEBRASKA/081.jpg
29,train/NEBRASKA/train_082.jpg,NEBRASKA,train,train/NEBRASKA/082.jpg
29,train/NEBRASKA/train_083.jpg,NEBRASKA,train,train/NEBRASKA/083.jpg
29,train/NEBRASKA/train_084.jpg,NEBRASKA,train,train/NEBRASKA/084.jpg
29,train/NEBRASKA/train_085.jpg,NEBRASKA,train,train/NEBRASKA/085.jpg
29,train/NEBRASKA/train_087.jpg,NEBRASKA,train,train/NEBRASKA/087.jpg
29,train/NEBRASKA/train_088.jpg,NEBRASKA,train,train/NEBRASKA/088.jpg
29,train/NEBRASKA/train_089.jpg,NEBRASKA,train,train/NEBRASKA/089.jpg
29,train/NEBRASKA/train_093.jpg,NEBRASKA,train,train/NEBRASKA/093.jpg
29,train/NEBRASKA/train_094.jpg,NEBRASKA,train,train/NEBRASKA/094.jpg
29,train/NEBRASKA/train_096.jpg,NEBRASKA,train,train/NEBRASKA/096.jpg
29,train/NEBRASKA/train_097.jpg,NEBRASKA,train,train/NEBRASKA/097.jpg
29,train/NEBRASKA/train_099.jpg,NEBRASKA,train,train/NEBRASKA/099.jpg
29,train/NEBRASKA/train_100.jpg,NEBRASKA,train,train/NEBRASKA/100.jpg
29,train/NEBRASKA/train_101.jpg,NEBRASKA,train,train/NEBRASKA/101.jpg
29,train/NEBRASKA/train_104.jpg,NEBRASKA,train,train/NEBRASKA/104.jpg
29,train/NEBRASKA/train_106.jpg,NEBRASKA,train,train/NEBRASKA/106.jpg
29,train/NEBRASKA/train_108.jpg,NEBRASKA,train,train/NEBRASKA/108.jpg
29,train/NEBRASKA/train_114.jpg,NEBRASKA,train,train/NEBRASKA/114.jpg
29,train/NEBRASKA/train_115.jpg,NEBRASKA,train,train/NEBRASKA/115.jpg
29,train/NEBRASKA/train_117.jpg,NEBRASKA,train,train/NEBRASKA/117.jpg
29,train/NEBRASKA/train_120.jpg,NEBRASKA,train,train/NEBRASKA/120.jpg
29,train/NEBRASKA/train_122.jpg,NEBRASKA,train,train/NEBRASKA/122.jpg
29,train/NEBRASKA/train_123.jpg,NEBRASKA,train,train/NEBRASKA/123.jpg
29,train/NEBRASKA/train_125.jpg,NEBRASKA,train,train/NEBRASKA/125.jpg
29,train/NEBRASKA/train_126.jpg,NEBRASKA,train,train/NEBRASKA/126.jpg
29,train/NEBRASKA/train_127.jpg,NEBRASKA,train,train/NEBRASKA/127.jpg
29,train/NEBRASKA/train_128.jpg,NEBRASKA,train,train/NEBRASKA/128.jpg
29,train/NEBRASKA/train_131.jpg,NEBRASKA,train,train/NEBRASKA/131.jpg
29,train/NEBRASKA/train_133.jpg,NEBRASKA,train,train/NEBRASKA/133.jpg
29,train/NEBRASKA/train_135.jpg,NEBRASKA,train,train/NEBRASKA/135.jpg
29,train/NEBRASKA/train_136.jpg,NEBRASKA,train,train/NEBRASKA/136.jpg
29,train/NEBRASKA/train_137.jpg,NEBRASKA,train,train/NEBRASKA/137.jpg
29,train/NEBRASKA/train_138.jpg,NEBRASKA,train,train/NEBRASKA/138.jpg
29,train/NEBRASKA/train_139.jpg,NEBRASKA,train,train/NEBRASKA/139.jpg
29,train/NEBRASKA/train_141.jpg,NEBRASKA,train,train/NEBRASKA/141.jpg
29,train/NEBRASKA/train_142.jpg,NEBRASKA,train,train/NEBRASKA/142.jpg
29,train/NEBRASKA/train_143.jpg,NEBRASKA,train,train/NEBRASKA/143.jpg
29,train/NEBRASKA/valid_1.jpg,NEBRASKA,train,valid/NEBRASKA/1.jpg
29,train/NEBRASKA/valid_2.jpg,NEBRASKA,train,valid/NEBRASKA/2.jpg
29,train/NEBRASKA/valid_3.jpg,NEBRASKA,train,valid/NEBRASKA/3.jpg
29,train/NEBRASKA/valid_4.jpg,NEBRASKA,train,valid/NEBRASKA/4.jpg
29,train/NEBRASKA/valid_5.jpg,NEBRASKA,train,valid/NEBRASKA/5.jpg
30,train/NEVADA/test_2.jpg,NEVADA,train,test/NEVADA/2.jpg
30,train/NEVADA/test_4.jpg,NEVADA,train,test/NEVADA/4.jpg
30,train/NEVADA/train_001.jpg,NEVADA,train,train/NEVADA/001.jpg
30,train/NEVADA/train_002.jpg,NEVADA,train,train/NEVADA/002.jpg
30,train/NEVADA/train_003.jpg,NEVADA,train,train/NEVADA/003.jpg
30,train/NEVADA/train_004.jpg,NEVADA,train,train/NEVADA/004.jpg
30,train/NEVADA/train_008.jpg,NEVADA,train,train/NEVADA/008.jpg
30,train/NEVADA/train_009.jpg,NEVADA,train,train/NEVADA/009.jpg
30,train/NEVADA/train_011.jpg,NEVADA,train,train/NEVADA/011.jpg
30,train/NEVADA/train_013.jpg,NEVADA,train,train/NEVADA/013.jpg
30,train/NEVADA/train_014.jpg,NEVADA,train,train/NEVADA/014.jpg
30,train/NEVADA/train_016.jpg,NEVADA,train,train/NEVADA/016.jpg
30,train/NEVADA/train_018.jpg,NEVADA,train,train/NEVADA/018.jpg
30,train/NEVADA/train_020.jpg,NEVADA,train,train/NEVADA/020.jpg
30,train/NEVADA/train_022.jpg,NEVADA,train,train/NEVADA/022.jpg
30,train/NEVADA/train_026.jpg,NEVADA,train,train/NEVADA/026.jpg
30,train/NEVADA/train_027.jpg,NEVADA,train,train/NEVADA/027.jpg
30,train/NEVADA/train_030.jpg,NEVADA,train,train/NEVADA/030.jpg
30,train/NEVADA/train_031.jpg,NEVADA,train,train/NEVADA/031.jpg
30,train/NEVADA/train_032.jpg,NEVADA,train,train/NEVADA/032.jpg
30,train/NEVADA/train_033.jpg,NEVADA,train,train/NEVADA/033.jpg
30,train/NEVADA/train_035.jpg,NEVADA,train,train/NEVADA/035.jpg
30,train/NEVADA/train_036.jpg,NEVADA,train,train/NEVADA/036.jpg
30,train/NEVADA/train_038.jpg,NEVADA,train,train/NEVADA/038.jpg
30,train/NEVADA/train_039.jpg,NEVADA,train,train/NEVADA/039.jpg
30,train/NEVADA/train_040.jpg,NEVADA,train,train/NEVADA/040.jpg
30,train/NEVADA/train_041.jpg,NEVADA,train,train/NEVADA/041.jpg
30,train/NEVADA/train_042.jpg,NEVADA,train,train/NEVADA/042.jpg
30,train/NEVADA/train_043.jpg,NEVADA,train,train/NEVADA/043.jpg
30,train/NEVADA/train_044.jpg,NEVADA,train,train/NEVADA/044.jpg
30,train/NEVADA/train_046.jpg,NEVADA,train,train/NEVADA/046.jpg
30,train/NEVADA/train_047.jpg,NEVADA,train,train/NEVADA/047.jpg
30,train/NEVADA/train_048.jpg,NEVADA,train,train/NEVADA/048.jpg
30,train/NEVADA/train_050.jpg,NEVADA,train,train/NEVADA/050.jpg
30,train/NEVADA/train_051.jpg,NEVADA,train,train/NEVADA/051.jpg
30,train/NEVADA/train_052.jpg,NEVADA,train,train/NEVADA/052.jpg
30,train/NEVADA/train_053.jpg,NEVADA,train,train/NEVADA/053.jpg
30,train/NEVADA/train_054.jpg,NEVADA,train,train/NEVADA/054.jpg
30,train/NEVADA/train_055.jpg,NEVADA,train,train/NEVADA/055.jpg
30,train/NEVADA/train_056.jpg,NEVADA,train,train/NEVADA/056.jpg
30,train/NEVADA/train_058.jpg,NEVADA,train,train/NEVADA/058.jpg
30,train/NEVADA/train_059.jpg,NEVADA,train,train/NEVADA/059.jpg
30,train/NEVADA/train_060.jpg,NEVADA,train,train/NEVADA/060.jpg
30,train/NEVADA/train_061.jpg,NEVADA,train,train/NEVADA/061.jpg
30,train/NEVADA/train_063.jpg,NEVADA,train,train/NEVADA/063.jpg
30,train/NEVADA/train_064.jpg,NEVADA,train,train/NEVADA/064.jpg
30,train/NEVADA/train_065.jpg,NEVADA,train,train/NEVADA/065.jpg
30,train/NEVADA/train_067.jpg,NEVADA,train,train/NEVADA/067.jpg
30,train/NEVADA/train_068.jpg,NEVADA,train,train/NEVADA/068.jpg
30,train/NEVADA/train_069.jpg,NEVADA,train,train/NEVADA/069.jpg
30,train/NEVADA/train_071.jpg,NEVADA,train,train/NEVADA/071.jpg
30,train/NEVADA/train_072.jpg,NEVADA,train,train/NEVADA/072.jpg
30,train/NEVADA/train_073.jpg,NEVADA,train,train/NEVADA/073.jpg
30,train/NEVADA/train_074.jpg,NEVADA,train,train/NEVADA/074.jpg
30,train/NEVADA/train_075.jpg,NEVADA,train,train/NEVADA/075.jpg
30,train/NEVADA/train_076.jpg,NEVADA,train,train/NEVADA/076.jpg
30,train/NEVADA/train_078.jpg,NEVADA,train,train/NEVADA/078.jpg
30,train/NEVADA/train_079.jpg,NEVADA,train,train/NEVADA/079.jpg
30,train/NEVADA/train_080.jpg,NEVADA,train,train/NEVADA/080.jpg
30,train/NEVADA/train_081.jpg,NEVADA,train,train/NEVADA/081.jpg
30,train/NEVADA/train_082.jpg,NEVADA,train,train/NEVADA/082.jpg
30,train/NEVADA/train_085.jpg,NEVADA,train,train/NEVADA/085.jpg
30,train/NEVADA/train_086.jpg,NEVADA,train,train/NEVADA/086.jpg
30,train/NEVADA/train_087.jpg,NEVADA,train,train/NEVADA/087.jpg
30,train/NEVADA/train_088.jpg,NEVADA,train,train/NEVADA/088.jpg
30,train/NEVADA/train_089.jpg,NEVADA,train,train/NEVADA/089.jpg
30,train/NEVADA/train_090.jpg,NEVADA,train,train/NEVADA/090.jpg
30,train/NEVADA/train_091.jpg,NEVADA,train,train/NEVADA/091.jpg
30,train/NEVADA/train_093.jpg,NEVADA,train,train/NEVADA/093.jpg
30,train/NEVADA/train_094.jpg,NEVADA,train,train/NEVADA/094.jpg
30,train/NEVADA/train_096.jpg,NEVADA,train,train/NEVADA/096.jpg
30,train/NEVADA/train_097.jpg,NEVADA,train,train/NEVADA/097.jpg
30,train/NEVADA/train_098.jpg,NEVADA,train,train/NEVADA/098.jpg
30,train/NEVADA/train_099.jpg,NEVADA,train,train/NEVADA/099.jpg
30,train/NEVADA/train_100.jpg,NEVADA,train,train/NEVADA/100.jpg
30,train/NEVADA/train_101.jpg,NEVADA,train,train/NEVADA/101.jpg
30,train/NEVADA/train_102.jpg,NEVADA,train,train/NEVADA/102.jpg
30,train/NEVADA/train_103.jpg,NEVADA,train,train/NEVADA/103.jpg
30,train/NEVADA/train_104.jpg,NEVADA,train,train/NEVADA/104.jpg
30,train/NEVADA/train_105.jpg,NEVADA,train,train/NEVADA/105.jpg
30,train/NEVADA/train_107.jpg,NEVADA,train,train/NEVADA/107.jpg
30,train/NEVADA/train_109.jpg,NEVADA,train,train/NEVADA/109.jpg
30,train/NEVADA/train_110.jpg,NEVADA,train,train/NEVADA/110.jpg
30,train/NEVADA/train_112.jpg,NEVADA,train,train/NEVADA/112.jpg
30,train/NEVADA/train_114.jpg,NEVADA,train,train/NEVADA/114.jpg
30,train/NEVADA/train_115.jpg,NEVADA,train,train/NEVADA/115.jpg
30,train/NEVADA/train_116.jpg,NEVADA,train,train/NEVADA/116.jpg
30,train/NEVADA/train_117.jpg,NEVADA,train,train/NEVADA/117.jpg
30,train/NEVADA/train_118.jpg,NEVADA,train,train/NEVADA/118.jpg
30,train/NEVADA/train_119.jpg,NEVADA,train,train/NEVADA/119.jpg
30,train/NEVADA/train_120.jpg,NEVADA,train,train/NEVADA/120.jpg
30,train/NEVADA/train_121.jpg,NEVADA,train,train/NEVADA/121.jpg
30,train/NEVADA/train_122.jpg,NEVADA,train,train/NEVADA/122.jpg
30,train/NEVADA/train_124.jpg,NEVADA,train,train/NEVADA/124.jpg
30,train/NEVADA/train_125.jpg,NEVADA,train,train/NEVADA/125.jpg
30,train/NEVADA/train_126.jpg,NEVADA,train,train/NEVADA/126.jpg
30,train/NEVADA/train_128.jpg,NEVADA,train,train/NEVADA/128.jpg
30,train/NEVADA/train_130.jpg,NEVADA,train,train/NEVADA/130.jpg
30,train/NEVADA/train_131.jpg,NEVADA,train,train/NEVADA/131.jpg
30,train/NEVADA/train_132.jpg,NEVADA,train,train/NEVADA/132.jpg
30,train/NEVADA/train_134.jpg,NEVADA,train,train/NEVADA/134.jpg
30,train/NEVADA/train_137.jpg,NEVADA,train,train/NEVADA/137.jpg
30,train/NEVADA/train_139.jpg,NEVADA,train,train/NEVADA/139.jpg
30,train/NEVADA/valid_1.jpg,NEVADA,train,valid/NEVADA/1.jpg
30,train/NEVADA/valid_4.jpg,NEVADA,train,valid/NEVADA/4.jpg
31,train/NEW HAMPSHIRE/test_1.jpg,NEW HAMPSHIRE,train,test/NEW HAMPSHIRE/1.jpg
31,train/NEW HAMPSHIRE/test_2.jpg,NEW HAMPSHIRE,train,test/NEW HAMPSHIRE/2.jpg
31,train/NEW HAMPSHIRE/test_3.jpg,NEW HAMPSHIRE,train,test/NEW HAMPSHIRE/3.jpg
31,train/NEW HAMPSHIRE/test_5.jpg,NEW HAMPSHIRE,train,test/NEW HAMPSHIRE/5.jpg
31,train/NEW HAMPSHIRE/train_002.jpg,NEW HAMPSHIRE,train,train/NEW HAMPSHIRE/002.jpg
31,train/NEW HAMPSHIRE/train_004.jpg,NEW HAMPSHIRE,train,train/NEW HAMPSHIRE/004.jpg
31,train/NEW HAMPSHIRE/train_006.jpg,NEW HAMPSHIRE,train,train/NEW HAMPSHIRE/006.jpg
31,train/NEW HAMPSHIRE/train_007.jpg,NEW HAMPSHIRE,train,train/NEW HAMPSHIRE/007.jpg
31,train/NEW HAMPSHIRE/train_009.jpg,NEW HAMPSHIRE,train,train/NEW HAMPSHIRE/009.jpg
31,train/NEW HAMPSHIRE/train_011.jpg,NEW HAMPSHIRE,train,train/NEW HAMPSHIRE/011.jpg
31,train/NEW HAMPSHIRE/train_012.jpg,NEW HAMPSHIRE,train,train/NEW HAMPSHIRE/012.jpg
31,train/NEW HAMPSHIRE/train_013.jpg,NEW HAMPSHIRE,train,train/NEW HAMPSHIRE/013.jpg
31,train/NEW HAMPSHIRE/train_014.jpg,NEW HAMPSHIRE,train,train/NEW HAMPSHIRE/014.jpg
31,train/NEW HAMPSHIRE/train_015.jpg,NEW HAMPSHIRE,train,train/NEW HAMPSHIRE/015.jpg
31,train/NEW HAMPSHIRE/train_017.jpg,NEW HAMPSHIRE,train,train/NEW HAMPSHIRE/017.jpg
31,train/NEW HAMPSHIRE/train_018.jpg,NEW HAMPSHIRE,train,train/NEW HAMPSHIRE/018.jpg
31,train/NEW HAMPSHIRE/train_019.jpg,NEW HAMPSHIRE,train,train/NEW HAMPSHIRE/019.jpg
31,train/NEW HAMPSHIRE/train_023.jpg,NEW HAMPSHIRE,train,train/NEW HAMPSHIRE/023.jpg
31,train/NEW HAMPSHIRE/train_024.jpg,NEW HAMPSHIRE,train,train/NEW HAMPSHIRE/024.jpg
31,train/NEW HAMPSHIRE/train_026.jpg,NEW HAMPSHIRE,train,train/NEW HAMPSHIRE/026.jpg
31,train/NEW HAMPSHIRE/train_027.jpg,NEW HAMPSHIRE,train,train/NEW HAMPSHIRE/027.jpg
31,train/NEW HAMPSHIRE/train_028.jpg,NEW HAMPSHIRE,train,train/NEW HAMPSHIRE/028.jpg
31,train/NEW HAMPSHIRE/train_030.jpg,NEW HAMPSHIRE,train,train/NEW HAMPSHIRE/030.jpg
31,train/NEW HAMPSHIRE/train_031.jpg,NEW HAMPSHIRE,train,train/NEW HAMPSHIRE/031.jpg
31,train/NEW HAMPSHIRE/train_032.jpg,NEW HAMPSHIRE,train,train/NEW HAMPSHIRE/032.jpg
31,train/NEW HAMPSHIRE/train_034.jpg,NEW HAMPSHIRE,train,train/NEW HAMPSHIRE/034.jpg
31,train/NEW HAMPSHIRE/train_035.jpg,NEW HAMPSHIRE,train,train/NEW HAMPSHIRE/035.jpg
31,train/NEW HAMPSHIRE/train_037.jpg,NEW HAMPSHIRE,train,train/NEW HAMPSHIRE/037.jpg
31,train/NEW HAMPSHIRE/train_038.jpg,NEW HAMPSHIRE,train,train/NEW HAMPSHIRE/038.jpg
31,train/NEW HAMPSHIRE/train_039.jpg,NEW HAMPSHIRE,train,train/NEW HAMPSHIRE/039.jpg
31,train/NEW HAMPSHIRE/train_040.jpg,NEW HAMPSHIRE,train,train/NEW HAMPSHIRE/040.jpg
31,train/NEW HAMPSHIRE/train_042.jpg,NEW HAMPSHIRE,train,train/NEW HAMPSHIRE/042.jpg
31,train/NEW HAMPSHIRE/train_043.jpg,NEW HAMPSHIRE,train,train/NEW HAMPSHIRE/043.jpg
31,train/NEW HAMPSHIRE/train_044.jpg,NEW HAMPSHIRE,train,train/NEW HAMPSHIRE/044.jpg
31,train/NEW HAMPSHIRE/train_046.jpg,NEW HAMPSHIRE,train,train/NEW HAMPSHIRE/046.jpg
31,train/NEW HAMPSHIRE/train_047.jpg,NEW HAMPSHIRE,train,train/NEW HAMPSHIRE/047.jpg
31,train/NEW HAMPSHIRE/train_048.jpg,NEW HAMPSHIRE,train,train/NEW HAMPSHIRE/048.jpg
31,train/NEW HAMPSHIRE/train_049.jpg,NEW HAMPSHIRE,train,train/NEW HAMPSHIRE/049.jpg
31,train/NEW HAMPSHIRE/train_050.jpg,NEW HAMPSHIRE,train,train/NEW HAMPSHIRE/050.jpg
31,train/NEW HAMPSHIRE/train_051.jpg,NEW HAMPSHIRE,train,train/NEW HAMPSHIRE/051.jpg
31,train/NEW HAMPSHIRE/train_052.jpg,NEW HAMPSHIRE,train,train/NEW HAMPSHIRE/052.jpg
31,train/NEW HAMPSHIRE/train_053.jpg,NEW HAMPSHIRE,train,train/NEW HAMPSHIRE/053.jpg
31,train/NEW HAMPSHIRE/train_055.jpg,NEW HAMPSHIRE,train,train/NEW HAMPSHIRE/055.jpg
31,train/NEW HAMPSHIRE/train_056.jpg,NEW HAMPSHIRE,train,train/NEW HAMPSHIRE/056.jpg
31,train/NEW HAMPSHIRE/train_057.jpg,NEW HAMPSHIRE,train,train/NEW HAMPSHIRE/057.jpg
31,train/NEW HAMPSHIRE/train_059.jpg,NEW HAMPSHIRE,train,train/NEW HAMPSHIRE/059.jpg
31,train/NEW HAMPSHIRE/train_060.jpg,NEW HAMPSHIRE,train,train/NEW HAMPSHIRE/060.jpg
31,train/NEW HAMPSHIRE/train_061.jpg,NEW HAMPSHIRE,train,train/NEW HAMPSHIRE/061.jpg
31,train/NEW HAMPSHIRE/train_062.jpg,NEW HAMPSHIRE,train,train/NEW HAMPSHIRE/062.jpg
31,train/NEW HAMPSHIRE/train_063.jpg,NEW HAMPSHIRE,train,train/NEW HAMPSHIRE/063.jpg
31,train/NEW HAMPSHIRE/train_064.jpg,NEW HAMPSHIRE,train,train/NEW HAMPSHIRE/064.jpg
31,train/NEW HAMPSHIRE/train_067.jpg,NEW HAMPSHIRE,train,train/NEW HAMPSHIRE/067.jpg
31,train/NEW HAMPSHIRE/train_068.jpg,NEW HAMPSHIRE,train,train/NEW HAMPSHIRE/068.jpg
31,train/NEW HAMPSHIRE/train_069.jpg,NEW HAMPSHIRE,train,train/NEW HAMPSHIRE/069.jpg
31,train/NEW HAMPSHIRE/train_071.jpg,NEW HAMPSHIRE,train,train/NEW HAMPSHIRE/071.jpg
31,train/NEW HAMPSHIRE/train_072.jpg,NEW HAMPSHIRE,train,train/NEW HAMPSHIRE/072.jpg
31,train/NEW HAMPSHIRE/train_073.jpg,NEW HAMPSHIRE,train,train/NEW HAMPSHIRE/073.jpg
31,train/NEW HAMPSHIRE/train_074.jpg,NEW HAMPSHIRE,train,train/NEW HAMPSHIRE/074.jpg
31,train/NEW HAMPSHIRE/train_077.jpg,NEW HAMPSHIRE,train,train/NEW HAMPSHIRE/077.jpg
31,train/NEW HAMPSHIRE/train_078.jpg,NEW HAMPSHIRE,train,train/NEW HAMPSHIRE/078.jpg
31,train/NEW HAMPSHIRE/train_079.jpg,NEW HAMPSHIRE,train,train/NEW HAMPSHIRE/079.jpg
31,train/NEW HAMPSHIRE/train_080.jpg,NEW HAMPSHIRE,train,train/NEW HAMPSHIRE/080.jpg
31,train/NEW HAMPSHIRE/train_081.jpg,NEW HAMPSHIRE,train,train/NEW HAMPSHIRE/081.jpg
31,train/NEW HAMPSHIRE/train_082.jpg,NEW HAMPSHIRE,train,train/NEW HAMPSHIRE/082.jpg
31,train/NEW HAMPSHIRE/train_088.jpg,NEW HAMPSHIRE,train,train/NEW HAMPSHIRE/088.jpg
31,train/NEW HAMPSHIRE/train_089.jpg,NEW HAMPSHIRE,train,train/NEW HAMPSHIRE/089.jpg
31,train/NEW HAMPSHIRE/train_090.jpg,NEW HAMPSHIRE,train,train/NEW HAMPSHIRE/090.jpg
31,train/NEW HAMPSHIRE/train_092.jpg,NEW HAMPSHIRE,train,train/NEW HAMPSHIRE/092.jpg
31,train/NEW HAMPSHIRE/train_093.jpg,NEW HAMPSHIRE,train,train/NEW HAMPSHIRE/093.jpg
31,train/NEW HAMPSHIRE/train_095.jpg,NEW HAMPSHIRE,train,train/NEW HAMPSHIRE/095.jpg
31,train/NEW HAMPSHIRE/train_097.jpg,NEW HAMPSHIRE,train,train/NEW HAMPSHIRE/097.jpg
31,train/NEW HAMPSHIRE/train_098.jpg,NEW HAMPSHIRE,train,train/NEW HAMPSHIRE/098.jpg
31,train/NEW HAMPSHIRE/train_099.jpg,NEW HAMPSHIRE,train,train/NEW HAMPSHIRE/099.jpg
31,train/NEW HAMPSHIRE/train_100.jpg,NEW HAMPSHIRE,train,train/NEW HAMPSHIRE/100.jpg
31,train/NEW HAMPSHIRE/train_101.jpg,NEW HAMPSHIRE,train,train/NEW HAMPSHIRE/101.jpg
31,train/NEW HAMPSHIRE/train_102.jpg,NEW HAMPSHIRE,train,train/NEW HAMPSHIRE/102.jpg
31,train/NEW HAMPSHIRE/train_104.jpg,NEW HAMPSHIRE,train,train/NEW HAMPSHIRE/104.jpg
31,train/NEW HAMPSHIRE/train_105.jpg,NEW HAMPSHIRE,train,train/NEW HAMPSHIRE/105.jpg
31,train/NEW HAMPSHIRE/train_108.jpg,NEW HAMPSHIRE,train,train/NEW HAMPSHIRE/108.jpg
31,train/NEW HAMPSHIRE/train_111.jpg,NEW HAMPSHIRE,train,train/NEW HAMPSHIRE/111.jpg
31,train/NEW HAMPSHIRE/train_112.jpg,NEW HAMPSHIRE,train,train/NEW HAMPSHIRE/112.jpg
31,train/NEW HAMPSHIRE/train_113.jpg,NEW HAMPSHIRE,train,train/NEW HAMPSHIRE/113.jpg
31,train/NEW HAMPSHIRE/train_115.jpg,NEW HAMPSHIRE,train,train/NEW HAMPSHIRE/115.jpg
31,train/NEW HAMPSHIRE/train_116.jpg,NEW HAMPSHIRE,train,train/NEW HAMPSHIRE/116.jpg
31,train/NEW HAMPSHIRE/train_118.jpg,NEW HAMPSHIRE,train,train/NEW HAMPSHIRE/118.jpg
31,train/NEW HAMPSHIRE/train_119.jpg,NEW HAMPSHIRE,train,train/NEW HAMPSHIRE/119.jpg
31,train/NEW HAMPSHIRE/train_120.jpg,NEW HAMPSHIRE,train,train/NEW HAMPSHIRE/120.jpg
31,train/NEW HAMPSHIRE/train_122.jpg,NEW HAMPSHIRE,train,train/NEW HAMPSHIRE/122.jpg
31,train/NEW HAMPSHIRE/train_123.jpg,NEW HAMPSHIRE,train,train/NEW HAMPSHIRE/123.jpg
31,train/NEW HAMPSHIRE/train_126.jpg,NEW HAMPSHIRE,train,train/NEW HAMPSHIRE/126.jpg
31,train/NEW HAMPSHIRE/train_129.jpg,NEW HAMPSHIRE,train,train/NEW HAMPSHIRE/129.jpg
31,train/NEW HAMPSHIRE/train_131.jpg,NEW HAMPSHIRE,train,train/NEW HAMPSHIRE/131.jpg
31,train/NEW HAMPSHIRE/train_132.jpg,NEW HAMPSHIRE,train,train/NEW HAMPSHIRE/132.jpg
31,train/NEW HAMPSHIRE/train_133.jpg,NEW HAMPSHIRE,train,train/NEW HAMPSHIRE/133.jpg
31,train/NEW HAMPSHIRE/train_135.jpg,NEW HAMPSHIRE,train,train/NEW HAMPSHIRE/135.jpg
31,train/NEW HAMPSHIRE/train_136.jpg,NEW HAMPSHIRE,train,train/NEW HAMPSHIRE/136.jpg
31,train/NEW HAMPSHIRE/train_137.jpg,NEW HAMPSHIRE,train,train/NEW HAMPSHIRE/137.jpg
31,train/NEW HAMPSHIRE/train_138.jpg,NEW HAMPSHIRE,train,train/NEW HAMPSHIRE/138.jpg
31,train/NEW HAMPSHIRE/train_139.jpg,NEW HAMPSHIRE,train,train/NEW HAMPSHIRE/139.jpg
31,train/NEW HAMPSHIRE/train_140.jpg,NEW HAMPSHIRE,train,train/NEW HAMPSHIRE/140.jpg
31,train/NEW HAMPSHIRE/train_142.jpg,NEW HAMPSHIRE,train,train/NEW HAMPSHIRE/142.jpg
31,train/NEW HAMPSHIRE/train_143.jpg,NEW HAMPSHIRE,train,train/NEW HAMPSHIRE/143.jpg
31,train/NEW HAMPSHIRE/train_144.jpg,NEW HAMPSHIRE,train,train/NEW HAMPSHIRE/144.jpg
31,train/NEW HAMPSHIRE/train_145.jpg,NEW HAMPSHIRE,train,train/NEW HAMPSHIRE/145.jpg
31,train/NEW HAMPSHIRE/train_146.jpg,NEW HAMPSHIRE,train,train/NEW HAMPSHIRE/146.jpg
31,train/NEW HAMPSHIRE/train_147.jpg,NEW HAMPSHIRE,train,train/NEW HAMPSHIRE/147.jpg
31,train/NEW HAMPSHIRE/train_149.jpg,NEW HAMPSHIRE,train,train/NEW HAMPSHIRE/149.jpg
31,train/NEW HAMPSHIRE/train_150.jpg,NEW HAMPSHIRE,train,train/NEW HAMPSHIRE/150.jpg
31,train/NEW HAMPSHIRE/train_151.jpg,NEW HAMPSHIRE,train,train/NEW HAMPSHIRE/151.jpg
31,train/NEW HAMPSHIRE/train_152.jpg,NEW HAMPSHIRE,train,train/NEW HAMPSHIRE/152.jpg
31,train/NEW HAMPSHIRE/train_153.jpg,NEW HAMPSHIRE,train,train/NEW HAMPSHIRE/153.jpg
31,train/NEW HAMPSHIRE/train_155.jpg,NEW HAMPSHIRE,train,train/NEW HAMPSHIRE/155.jpg
31,train/NEW HAMPSHIRE/train_156.jpg,NEW HAMPSHIRE,train,train/NEW HAMPSHIRE/156.jpg
31,train/NEW HAMPSHIRE/train_157.jpg,NEW HAMPSHIRE,train,train/NEW HAMPSHIRE/157.jpg
31,train/NEW HAMPSHIRE/train_158.jpg,NEW HAMPSHIRE,train,train/NEW HAMPSHIRE/158.jpg
31,train/NEW HAMPSHIRE/valid_3.jpg,NEW HAMPSHIRE,train,valid/NEW HAMPSHIRE/3.jpg
31,train/NEW HAMPSHIRE/valid_4.jpg,NEW HAMPSHIRE,train,valid/NEW HAMPSHIRE/4.jpg
31,train/NEW HAMPSHIRE/valid_5.jpg,NEW HAMPSHIRE,train,valid/NEW HAMPSHIRE/5.jpg
32,train/NEW JERSEY/test_3.jpg,NEW JERSEY,train,test/NEW JERSEY/3.jpg
32,train/NEW JERSEY/test_4.jpg,NEW JERSEY,train,test/NEW JERSEY/4.jpg
32,train/NEW JERSEY/train_001.jpg,NEW JERSEY,train,train/NEW JERSEY/001.jpg
32,train/NEW JERSEY/train_002.jpg,NEW JERSEY,train,train/NEW JERSEY/002.jpg
32,train/NEW JERSEY/train_004.jpg,NEW JERSEY,train,train/NEW JERSEY/004.jpg
32,train/NEW JERSEY/train_005.jpg,NEW JERSEY,train,train/NEW JERSEY/005.jpg
32,train/NEW JERSEY/train_006.jpg,NEW JERSEY,train,train/NEW JERSEY/006.jpg
32,train/NEW JERSEY/train_007.jpg,NEW JERSEY,train,train/NEW JERSEY/007.jpg
32,train/NEW JERSEY/train_010.jpg,NEW JERSEY,train,train/NEW JERSEY/010.jpg
32,train/NEW JERSEY/train_012.jpg,NEW JERSEY,train,train/NEW JERSEY/012.jpg
32,train/NEW JERSEY/train_019.jpg,NEW JERSEY,train,train/NEW JERSEY/019.jpg
32,train/NEW JERSEY/train_020.jpg,NEW JERSEY,train,train/NEW JERSEY/020.jpg
32,train/NEW JERSEY/train_022.jpg,NEW JERSEY,train,train/NEW JERSEY/022.jpg
32,train/NEW JERSEY/train_023.jpg,NEW JERSEY,train,train/NEW JERSEY/023.jpg
32,train/NEW JERSEY/train_024.jpg,NEW JERSEY,train,train/NEW JERSEY/024.jpg
32,train/NEW JERSEY/train_025.jpg,NEW JERSEY,train,train/NEW JERSEY/025.jpg
32,train/NEW JERSEY/train_026.jpg,NEW JERSEY,train,train/NEW JERSEY/026.jpg
32,train/NEW JERSEY/train_028.jpg,NEW JERSEY,train,train/NEW JERSEY/028.jpg
32,train/NEW JERSEY/train_029.jpg,NEW JERSEY,train,train/NEW JERSEY/029.jpg
32,train/NEW JERSEY/train_030.jpg,NEW JERSEY,train,train/NEW JERSEY/030.jpg
32,train/NEW JERSEY/train_032.jpg,NEW JERSEY,train,train/NEW JERSEY/032.jpg
32,train/NEW JERSEY/train_033.jpg,NEW JERSEY,train,train/NEW JERSEY/033.jpg
32,train/NEW JERSEY/train_034.jpg,NEW JERSEY,train,train/NEW JERSEY/034.jpg
32,train/NEW JERSEY/train_035.jpg,NEW JERSEY,train,train/NEW JERSEY/035.jpg
32,train/NEW JERSEY/train_036.jpg,NEW JERSEY,train,train/NEW JERSEY/036.jpg
32,train/NEW JERSEY/train_037.jpg,NEW JERSEY,train,train/NEW JERSEY/037.jpg
32,train/NEW JERSEY/train_038.jpg,NEW JERSEY,train,train/NEW JERSEY/038.jpg
32,train/NEW JERSEY/train_039.jpg,NEW JERSEY,train,train/NEW JERSEY/039.jpg
32,train/NEW JERSEY/train_040.jpg,NEW JERSEY,train,train/NEW JERSEY/040.jpg
32,train/NEW JERSEY/train_041.jpg,NEW JERSEY,train,train/NEW JERSEY/041.jpg
32,train/NEW JERSEY/train_042.jpg,NEW JERSEY,train,train/NEW JERSEY/042.jpg
32,train/NEW JERSEY/train_043.jpg,NEW JERSEY,train,train/NEW JERSEY/043.jpg
32,train/NEW JERSEY/train_044.jpg,NEW JERSEY,train,train/NEW JERSEY/044.jpg
32,train/NEW JERSEY/train_047.jpg,NEW JERSEY,train,train/NEW JERSEY/047.jpg
32,train/NEW JERSEY/train_048.jpg,NEW JERSEY,train,train/NEW JERSEY/048.jpg
32,train/NEW JERSEY/train_049.jpg,NEW JERSEY,train,train/NEW JERSEY/049.jpg
32,train/NEW JERSEY/train_050.jpg,NEW JERSEY,train,train/NEW JERSEY/050.jpg
32,train/NEW JERSEY/train_051.jpg,NEW JERSEY,train,train/NEW JERSEY/051.jpg
32,train/NEW JERSEY/train_052.jpg,NEW JERSEY,train,train/NEW JERSEY/052.jpg
32,train/NEW JERSEY/train_054.jpg,NEW JERSEY,train,train/NEW JERSEY/054.jpg
32,train/NEW JERSEY/train_055.jpg,NEW JERSEY,train,train/NEW JERSEY/055.jpg
32,train/NEW JERSEY/train_056.jpg,NEW JERSEY,train,train/NEW JERSEY/056.jpg
32,train/NEW JERSEY/train_057.jpg,NEW JERSEY,train,train/NEW JERSEY/057.jpg
32,train/NEW JERSEY/train_058.jpg,NEW JERSEY,train,train/NEW JERSEY/058.jpg
32,train/NEW JERSEY/train_060.jpg,NEW JERSEY,train,train/NEW JERSEY/060.jpg
32,train/NEW JERSEY/train_061.jpg,NEW JERSEY,train,train/NEW JERSEY/061.jpg
32,train/NEW JERSEY/train_062.jpg,NEW JERSEY,train,train/NEW JERSEY/062.jpg
32,train/NEW JERSEY/train_063.jpg,NEW JERSEY,train,train/NEW JERSEY/063.jpg
32,train/NEW JERSEY/train_064.jpg,NEW JERSEY,train,train/NEW JERSEY/064.jpg
32,train/NEW JERSEY/train_066.jpg,NEW JERSEY,train,train/NEW JERSEY/066.jpg
32,train/NEW JERSEY/train_067.jpg,NEW JERSEY,train,train/NEW JERSEY/067.jpg
32,train/NEW JERSEY/train_068.jpg,NEW JERSEY,train,train/NEW JERSEY/068.jpg
32,train/NEW JERSEY/train_070.jpg,NEW JERSEY,train,train/NEW JERSEY/070.jpg
32,train/NEW JERSEY/train_073.jpg,NEW JERSEY,train,train/NEW JERSEY/073.jpg
32,train/NEW JERSEY/train_075.jpg,NEW JERSEY,train,train/NEW JERSEY/075.jpg
32,train/NEW JERSEY/train_076.jpg,NEW JERSEY,train,train/NEW JERSEY/076.jpg
32,train/NEW JERSEY/train_077.jpg,NEW JERSEY,train,train/NEW JERSEY/077.jpg
32,train/NEW JERSEY/train_078.jpg,NEW JERSEY,train,train/NEW JERSEY/078.jpg
32,train/NEW JERSEY/train_079.jpg,NEW JERSEY,train,train/NEW JERSEY/079.jpg
32,train/NEW JERSEY/train_081.jpg,NEW JERSEY,train,train/NEW JERSEY/081.jpg
32,train/NEW JERSEY/train_083.jpg,NEW JERSEY,train,train/NEW JERSEY/083.jpg
32,train/NEW JERSEY/train_086.jpg,NEW JERSEY,train,train/NEW JERSEY/086.jpg
32,train/NEW JERSEY/train_087.jpg,NEW JERSEY,train,train/NEW JERSEY/087.jpg
32,train/NEW JERSEY/train_088.jpg,NEW JERSEY,train,train/NEW JERSEY/088.jpg
32,train/NEW JERSEY/train_089.jpg,NEW JERSEY,train,train/NEW JERSEY/089.jpg
32,train/NEW JERSEY/train_090.jpg,NEW JERSEY,train,train/NEW JERSEY/090.jpg
32,train/NEW JERSEY/train_091.jpg,NEW JERSEY,train,train/NEW JERSEY/091.jpg
32,train/NEW JERSEY/train_093.jpg,NEW JERSEY,train,train/NEW JERSEY/093.jpg
32,train/NEW JERSEY/train_094.jpg,NEW JERSEY,train,train/NEW JERSEY/094.jpg
32,train/NEW JERSEY/train_096.jpg,NEW JERSEY,train,train/NEW JERSEY/096.jpg
32,train/NEW JERSEY/train_098.jpg,NEW JERSEY,train,train/NEW JERSEY/098.jpg
32,train/NEW JERSEY/train_099.jpg,NEW JERSEY,train,train/NEW JERSEY/099.jpg
32,train/NEW JERSEY/train_100.jpg,NEW JERSEY,train,train/NEW JERSEY/100.jpg
32,train/NEW JERSEY/train_101.jpg,NEW JERSEY,train,train/NEW JERSEY/101.jpg
32,train/NEW JERSEY/train_102.jpg,NEW JERSEY,train,train/NEW JERSEY/102.jpg
32,train/NEW JERSEY/train_103.jpg,NEW JERSEY,train,train/NEW JERSEY/103.jpg
32,train/NEW JERSEY/train_104.jpg,NEW JERSEY,train,train/NEW JERSEY/104.jpg
32,train/NEW JERSEY/train_105.jpg,NEW JERSEY,train,train/NEW JERSEY/105.jpg
32,train/NEW JERSEY/train_108.jpg,NEW JERSEY,train,train/NEW JERSEY/108.jpg
32,train/NEW JERSEY/train_109.jpg,NEW JERSEY,train,train/NEW JERSEY/109.jpg
32,train/NEW JERSEY/train_110.jpg,NEW JERSEY,train,train/NEW JERSEY/110.jpg
32,train/NEW JERSEY/train_112.jpg,NEW JERSEY,train,train/NEW JERSEY/112.jpg
32,train/NEW JERSEY/train_114.jpg,NEW JERSEY,train,train/NEW JERSEY/114.jpg
32,train/NEW JERSEY/train_115.jpg,NEW JERSEY,train,train/NEW JERSEY/115.jpg
32,train/NEW JERSEY/train_116.jpg,NEW JERSEY,train,train/NEW JERSEY/116.jpg
32,train/NEW JERSEY/train_117.jpg,NEW JERSEY,train,train/NEW JERSEY/117.jpg
32,train/NEW JERSEY/train_118.jpg,NEW JERSEY,train,train/NEW JERSEY/118.jpg
32,train/NEW JERSEY/train_119.jpg,NEW JERSEY,train,train/NEW JERSEY/119.jpg
32,train/NEW JERSEY/train_120.jpg,NEW JERSEY,train,train/NEW JERSEY/120.jpg
32,train/NEW JERSEY/train_122.jpg,NEW JERSEY,train,train/NEW JERSEY/122.jpg
32,train/NEW JERSEY/train_123.jpg,NEW JERSEY,train,train/NEW JERSEY/123.jpg
32,train/NEW JERSEY/train_124.jpg,NEW JERSEY,train,train/NEW JERSEY/124.jpg
32,train/NEW JERSEY/train_127.jpg,NEW JERSEY,train,train/NEW JERSEY/127.jpg
32,train/NEW JERSEY/train_128.jpg,NEW JERSEY,train,train/NEW JERSEY/128.jpg
32,train/NEW JERSEY/train_130.jpg,NEW JERSEY,train,train/NEW JERSEY/130.jpg
32,train/NEW JERSEY/train_131.jpg,NEW JERSEY,train,train/NEW JERSEY/131.jpg
32,train/NEW JERSEY/train_132.jpg,NEW JERSEY,train,train/NEW JERSEY/132.jpg
32,train/NEW JERSEY/train_133.jpg,NEW JERSEY,train,train/NEW JERSEY/133.jpg
32,train/NEW JERSEY/train_135.jpg,NEW JERSEY,train,train/NEW JERSEY/135.jpg
32,train/NEW JERSEY/train_136.jpg,NEW JERSEY,train,train/NEW JERSEY/136.jpg
32,train/NEW JERSEY/train_138.jpg,NEW JERSEY,train,train/NEW JERSEY/138.jpg
32,train/NEW JERSEY/train_140.jpg,NEW JERSEY,train,train/NEW JERSEY/140.jpg
32,train/NEW JERSEY/train_141.jpg,NEW JERSEY,train,train/NEW JERSEY/141.jpg
32,train/NEW JERSEY/train_146.jpg,NEW JERSEY,train,train/NEW JERSEY/146.jpg
32,train/NEW JERSEY/train_148.jpg,NEW JERSEY,train,train/NEW JERSEY/148.jpg
32,train/NEW JERSEY/train_149.jpg,NEW JERSEY,train,train/NEW JERSEY/149.jpg
32,train/NEW JERSEY/valid_1.jpg,NEW JERSEY,train,valid/NEW JERSEY/1.jpg
32,train/NEW JERSEY/valid_2.jpg,NEW JERSEY,train,valid/NEW JERSEY/2.jpg
32,train/NEW JERSEY/valid_3.jpg,NEW JERSEY,train,valid/NEW JERSEY/3.jpg
32,train/NEW JERSEY/valid_4.jpg,NEW JERSEY,train,valid/NEW JERSEY/4.jpg
32,train/NEW JERSEY/valid_5.jpg,NEW JERSEY,train,valid/NEW JERSEY/5.jpg
33,train/NEW MEXICO/test_2.jpg,NEW MEXICO,train,test/NEW MEXICO/2.jpg
33,train/NEW MEXICO/test_5.jpg,NEW MEXICO,train,test/NEW MEXICO/5.jpg
33,train/NEW MEXICO/train_001.jpg,NEW MEXICO,train,train/NEW MEXICO/001.jpg
33,train/NEW MEXICO/train_002.jpg,NEW MEXICO,train,train/NEW MEXICO/002.jpg
33,train/NEW MEXICO/train_004.jpg,NEW MEXICO,train,train/NEW MEXICO/004.jpg
33,train/NEW MEXICO/train_005.jpg,NEW MEXICO,train,train/NEW MEXICO/005.jpg
33,train/NEW MEXICO/train_006.jpg,NEW MEXICO,train,train/NEW MEXICO/006.jpg
33,train/NEW MEXICO/train_008.jpg,NEW MEXICO,train,train/NEW MEXICO/008.jpg
33,train/NEW MEXICO/train_010.jpg,NEW MEXICO,train,train/NEW MEXICO/010.jpg
33,train/NEW MEXICO/train_012.jpg,NEW MEXICO,train,train/NEW MEXICO/012.jpg
33,train/NEW MEXICO/train_013.jpg,NEW MEXICO,train,train/NEW MEXICO/013.jpg
33,train/NEW MEXICO/train_014.jpg,NEW MEXICO,train,train/NEW MEXICO/014.jpg
33,train/NEW MEXICO/train_015.jpg,NEW MEXICO,train,train/NEW MEXICO/015.jpg
33,train/NEW MEXICO/train_016.jpg,NEW MEXICO,train,train/NEW MEXICO/016.jpg
33,train/NEW MEXICO/train_017.jpg,NEW MEXICO,train,train/NEW MEXICO/017.jpg
33,train/NEW MEXICO/train_019.jpg,NEW MEXICO,train,train/NEW MEXICO/019.jpg
33,train/NEW MEXICO/train_020.jpg,NEW MEXICO,train,train/NEW MEXICO/020.jpg
33,train/NEW MEXICO/train_021.jpg,NEW MEXICO,train,train/NEW MEXICO/021.jpg
33,train/NEW MEXICO/train_022.jpg,NEW MEXICO,train,train/NEW MEXICO/022.jpg
33,train/NEW MEXICO/train_023.jpg,NEW MEXICO,train,train/NEW MEXICO/023.jpg
33,train/NEW MEXICO/train_024.jpg,NEW MEXICO,train,train/NEW MEXICO/024.jpg
33,train/NEW MEXICO/train_025.jpg,NEW MEXICO,train,train/NEW MEXICO/025.jpg
33,train/NEW MEXICO/train_027.jpg,NEW MEXICO,train,train/NEW MEXICO/027.jpg
33,train/NEW MEXICO/train_029.jpg,NEW MEXICO,train,train/NEW MEXICO/029.jpg
33,train/NEW MEXICO/train_030.jpg,NEW MEXICO,train,train/NEW MEXICO/030.jpg
33,train/NEW MEXICO/train_033.jpg,NEW MEXICO,train,train/NEW MEXICO/033.jpg
33,train/NEW MEXICO/train_034.jpg,NEW MEXICO,train,train/NEW MEXICO/034.jpg
33,train/NEW MEXICO/train_035.jpg,NEW MEXICO,train,train/NEW MEXICO/035.jpg
33,train/NEW MEXICO/train_036.jpg,NEW MEXICO,train,train/NEW MEXICO/036.jpg
33,train/NEW MEXICO/train_037.jpg,NEW MEXICO,train,train/NEW MEXICO/037.jpg
33,train/NEW MEXICO/train_038.jpg,NEW MEXICO,train,train/NEW MEXICO/038.jpg
33,train/NEW MEXICO/train_041.jpg,NEW MEXICO,train,train/NEW MEXICO/041.jpg
33,train/NEW MEXICO/train_042.jpg,NEW MEXICO,train,train/NEW MEXICO/042.jpg
33,train/NEW MEXICO/train_045.jpg,NEW MEXICO,train,train/NEW MEXICO/045.jpg
33,train/NEW MEXICO/train_046.jpg,NEW MEXICO,train,train/NEW MEXICO/046.jpg
33,train/NEW MEXICO/train_047.jpg,NEW MEXICO,train,train/NEW MEXICO/047.jpg
33,train/NEW MEXICO/train_048.jpg,NEW MEXICO,train,train/NEW MEXICO/048.jpg
33,train/NEW MEXICO/train_051.jpg,NEW MEXICO,train,train/NEW MEXICO/051.jpg
33,train/NEW MEXICO/train_052.jpg,NEW MEXICO,train,train/NEW MEXICO/052.jpg
33,train/NEW MEXICO/train_053.jpg,NEW MEXICO,train,train/NEW MEXICO/053.jpg
33,train/NEW MEXICO/train_057.jpg,NEW MEXICO,train,train/NEW MEXICO/057.jpg
33,train/NEW MEXICO/train_059.jpg,NEW MEXICO,train,train/NEW MEXICO/059.jpg
33,train/NEW MEXICO/train_060.jpg,NEW MEXICO,train,train/NEW MEXICO/060.jpg
33,train/NEW MEXICO/train_062.jpg,NEW MEXICO,train,train/NEW MEXICO/062.jpg
33,train/NEW MEXICO/train_063.jpg,NEW MEXICO,train,train/NEW MEXICO/063.jpg
33,train/NEW MEXICO/train_065.jpg,NEW MEXICO,train,train/NEW MEXICO/065.jpg
33,train/NEW MEXICO/train_066.jpg,NEW MEXICO,train,train/NEW MEXICO/066.jpg
33,train/NEW MEXICO/train_067.jpg,NEW MEXICO,train,train/NEW MEXICO/067.jpg
33,train/NEW MEXICO/train_068.jpg,NEW MEXICO,train,train/NEW MEXICO/068.jpg
33,train/NEW MEXICO/train_069.jpg,NEW MEXICO,train,train/NEW MEXICO/069.jpg
33,train/NEW MEXICO/train_070.jpg,NEW MEXICO,train,train/NEW MEXICO/070.jpg
33,train/NEW MEXICO/train_072.jpg,NEW MEXICO,train,train/NEW MEXICO/072.jpg
33,train/NEW MEXICO/train_073.jpg,NEW MEXICO,train,train/NEW MEXICO/073.jpg
33,train/NEW MEXICO/train_075.jpg,NEW MEXICO,train,train/NEW MEXICO/075.jpg
33,train/NEW MEXICO/train_076.jpg,NEW MEXICO,train,train/NEW MEXICO/076.jpg
33,train/NEW MEXICO/train_077.jpg,NEW MEXICO,train,train/NEW MEXICO/077.jpg
33,train/NEW MEXICO/train_079.jpg,NEW MEXICO,train,train/NEW MEXICO/079.jpg
33,train/NEW MEXICO/train_080.jpg,NEW MEXICO,train,train/NEW MEXICO/080.jpg
33,train/NEW MEXICO/train_081.jpg,NEW MEXICO,train,train/NEW MEXICO/081.jpg
33,train/NEW MEXICO/train_082.jpg,NEW MEXICO,train,train/NEW MEXICO/082.jpg
33,train/NEW MEXICO/train_084.jpg,NEW MEXICO,train,train/NEW MEXICO/084.jpg
33,train/NEW MEXICO/train_086.jpg,NEW MEXICO,train,train/NEW MEXICO/086.jpg
33,train/NEW MEXICO/train_087.jpg,NEW MEXICO,train,train/NEW MEXICO/087.jpg
33,train/NEW MEXICO/train_088.jpg,NEW MEXICO,train,train/NEW MEXICO/088.jpg
33,train/NEW MEXICO/train_089.jpg,NEW MEXICO,train,train/NEW MEXICO/089.jpg
33,train/NEW MEXICO/train_090.jpg,NEW MEXICO,train,train/NEW MEXICO/090.jpg
33,train/NEW MEXICO/train_091.jpg,NEW MEXICO,train,train/NEW MEXICO/091.jpg
33,train/NEW MEXICO/train_093.jpg,NEW MEXICO,train,train/NEW MEXICO/093.jpg
33,train/NEW MEXICO/train_096.jpg,NEW MEXICO,train,train/NEW MEXICO/096.jpg
33,train/NEW MEXICO/train_098.jpg,NEW MEXICO,train,train/NEW MEXICO/098.jpg
33,train/NEW MEXICO/train_099.jpg,NEW MEXICO,train,train/NEW MEXICO/099.jpg
33,train/NEW MEXICO/train_100.jpg,NEW MEXICO,train,train/NEW MEXICO/100.jpg
33,train/NEW MEXICO/train_101.jpg,NEW MEXICO,train,train/NEW MEXICO/101.jpg
33,train/NEW MEXICO/train_103.jpg,NEW MEXICO,train,train/NEW MEXICO/103.jpg
33,train/NEW MEXICO/train_105.jpg,NEW MEXICO,train,train/NEW MEXICO/105.jpg
33,train/NEW MEXICO/train_106.jpg,NEW MEXICO,train,train/NEW MEXICO/106.jpg
33,train/NEW MEXICO/train_107.jpg,NEW MEXICO,train,train/NEW MEXICO/107.jpg
33,train/NEW MEXICO/train_111.jpg,NEW MEXICO,train,train/NEW MEXICO/111.jpg
33,train/NEW MEXICO/train_113.jpg,NEW MEXICO,train,train/NEW MEXICO/113.jpg
33,train/NEW MEXICO/train_114.jpg,NEW MEXICO,train,train/NEW MEXICO/114.jpg
33,train/NEW MEXICO/train_116.jpg,NEW MEXICO,train,train/NEW MEXICO/116.jpg
33,train/NEW MEXICO/train_117.jpg,NEW MEXICO,train,train/NEW MEXICO/117.jpg
33,train/NEW MEXICO/train_118.jpg,NEW MEXICO,train,train/NEW MEXICO/118.jpg
33,train/NEW MEXICO/train_119.jpg,NEW MEXICO,train,train/NEW MEXICO/119.jpg
33,train/NEW MEXICO/train_120.jpg,NEW MEXICO,train,train/NEW MEXICO/120.jpg
33,train/NEW MEXICO/train_121.jpg,NEW MEXICO,train,train/NEW MEXICO/121.jpg
33,train/NEW MEXICO/train_122.jpg,NEW MEXICO,train,train/NEW MEXICO/122.jpg
33,train/NEW MEXICO/train_123.jpg,NEW MEXICO,train,train/NEW MEXICO/123.jpg
33,train/NEW MEXICO/train_124.jpg,NEW MEXICO,train,train/NEW MEXICO/124.jpg
33,train/NEW MEXICO/train_125.jpg,NEW MEXICO,train,train/NEW MEXICO/125.jpg
33,train/NEW MEXICO/train_126.jpg,NEW MEXICO,train,train/NEW MEXICO/126.jpg
33,train/NEW MEXICO/train_127.jpg,NEW MEXICO,train,train/NEW MEXICO/127.jpg
33,train/NEW MEXICO/train_128.jpg,NEW MEXICO,train,train/NEW MEXICO/128.jpg
33,train/NEW MEXICO/train_129.jpg,NEW MEXICO,train,train/NEW MEXICO/129.jpg
33,train/NEW MEXICO/train_131.jpg,NEW MEXICO,train,train/NEW MEXICO/131.jpg
33,train/NEW MEXICO/valid_1.jpg,NEW MEXICO,train,valid/NEW MEXICO/1.jpg
33,train/NEW MEXICO/valid_2.jpg,NEW MEXICO,train,valid/NEW MEXICO/2.jpg
33,train/NEW MEXICO/valid_3.jpg,NEW MEXICO,train,valid/NEW MEXICO/3.jpg
33,train/NEW MEXICO/valid_4.jpg,NEW MEXICO,train,valid/NEW MEXICO/4.jpg
34,train/NEW YORK/test_1.jpg,NEW YORK,train,test/NEW YORK/1.jpg
34,train/NEW YORK/test_2.jpg,NEW YORK,train,test/NEW YORK/2.jpg
34,train/NEW YORK/test_3.jpg,NEW YORK,train,test/NEW YORK/3.jpg
34,train/NEW YORK/test_4.jpg,NEW YORK,train,test/NEW YORK/4.jpg
34,train/NEW YORK/test_5.jpg,NEW YORK,train,test/NEW YORK/5.jpg
34,train/NEW YORK/train_001.jpg,NEW YORK,train,train/NEW YORK/001.jpg
34,train/NEW YORK/train_003.jpg,NEW YORK,train,train/NEW YORK/003.jpg
34,train/NEW YORK/train_004.jpg,NEW YORK,train,train/NEW YORK/004.jpg
34,train/NEW YORK/train_005.jpg,NEW YORK,train,train/NEW YORK/005.jpg
34,train/NEW YORK/train_008.jpg,NEW YORK,train,train/NEW YORK/008.jpg
34,train/NEW YORK/train_009.jpg,NEW YORK,train,train/NEW YORK/009.jpg
34,train/NEW YORK/train_010.jpg,NEW YORK,train,train/NEW YORK/010.jpg
34,train/NEW YORK/train_012.jpg,NEW YORK,train,train/NEW YORK/012.jpg
34,train/NEW YORK/train_013.jpg,NEW YORK,train,train/NEW YORK/013.jpg
34,train/NEW YORK/train_014.jpg,NEW YORK,train,train/NEW YORK/014.jpg
34,train/NEW YORK/train_015.jpg,NEW YORK,train,train/NEW YORK/015.jpg
34,train/NEW YORK/train_016.jpg,NEW YORK,train,train/NEW YORK/016.jpg
34,train/NEW YORK/train_017.jpg,NEW YORK,train,train/NEW YORK/017.jpg
34,train/NEW YORK/train_018.jpg,NEW YORK,train,train/NEW YORK/018.jpg
34,train/NEW YORK/train_020.jpg,NEW YORK,train,train/NEW YORK/020.jpg
34,train/NEW YORK/train_023.jpg,NEW YORK,train,train/NEW YORK/023.jpg
34,train/NEW YORK/train_024.jpg,NEW YORK,train,train/NEW YORK/024.jpg
34,train/NEW YORK/train_026.jpg,NEW YORK,train,train/NEW YORK/026.jpg
34,train/NEW YORK/train_028.jpg,NEW YORK,train,train/NEW YORK/028.jpg
34,train/NEW YORK/train_030.jpg,NEW YORK,train,train/NEW YORK/030.jpg
34,train/NEW YORK/train_031.jpg,NEW YORK,train,train/NEW YORK/031.jpg
34,train/NEW YORK/train_032.jpg,NEW YORK,train,train/NEW YORK/032.jpg
34,train/NEW YORK/train_035.jpg,NEW YORK,train,train/NEW YORK/035.jpg
34,train/NEW YORK/train_038.jpg,NEW YORK,train,train/NEW YORK/038.jpg
34,train/NEW YORK/train_039.jpg,NEW YORK,train,train/NEW YORK/039.jpg
34,train/NEW YORK/train_040.jpg,NEW YORK,train,train/NEW YORK/040.jpg
34,train/NEW YORK/train_041.jpg,NEW YORK,train,train/NEW YORK/041.jpg
34,train/NEW YORK/train_042.jpg,NEW YORK,train,train/NEW YORK/042.jpg
34,train/NEW YORK/train_044.jpg,NEW YORK,train,train/NEW YORK/044.jpg
34,train/NEW YORK/train_045.jpg,NEW YORK,train,train/NEW YORK/045.jpg
34,train/NEW YORK/train_047.jpg,NEW YORK,train,train/NEW YORK/047.jpg
34,train/NEW YORK/train_048.jpg,NEW YORK,train,train/NEW YORK/048.jpg
34,train/NEW YORK/train_049.jpg,NEW YORK,train,train/NEW YORK/049.jpg
34,train/NEW YORK/train_050.jpg,NEW YORK,train,train/NEW YORK/050.jpg
34,train/NEW YORK/train_051.jpg,NEW YORK,train,train/NEW YORK/051.jpg
34,train/NEW YORK/train_053.jpg,NEW YORK,train,train/NEW YORK/053.jpg
34,train/NEW YORK/train_054.jpg,NEW YORK,train,train/NEW YORK/054.jpg
34,train/NEW YORK/train_056.jpg,NEW YORK,train,train/NEW YORK/056.jpg
34,train/NEW YORK/train_057.jpg,NEW YORK,train,train/NEW YORK/057.jpg
34,train/NEW YORK/train_058.jpg,NEW YORK,train,train/NEW YORK/058.jpg
34,train/NEW YORK/train_060.jpg,NEW YORK,train,train/NEW YORK/060.jpg
34,train/NEW YORK/train_062.jpg,NEW YORK,train,train/NEW YORK/062.jpg
34,train/NEW YORK/train_063.jpg,NEW YORK,train,train/NEW YORK/063.jpg
34,train/NEW YORK/train_064.jpg,NEW YORK,train,train/NEW YORK/064.jpg
34,train/NEW YORK/train_066.jpg,NEW YORK,train,train/NEW YORK/066.jpg
34,train/NEW YORK/train_067.jpg,NEW YORK,train,train/NEW YORK/067.jpg
34,train/NEW YORK/train_068.jpg,NEW YORK,train,train/NEW YORK/068.jpg
34,train/NEW YORK/train_070.jpg,NEW YORK,train,train/NEW YORK/070.jpg
34,train/NEW YORK/train_071.jpg,NEW YORK,train,train/NEW YORK/071.jpg
34,train/NEW YORK/train_073.jpg,NEW YORK,train,train/NEW YORK/073.jpg
34,train/NEW YORK/train_074.jpg,NEW YORK,train,train/NEW YORK/074.jpg
34,train/NEW YORK/train_075.jpg,NEW YORK,train,train/NEW YORK/075.jpg
34,train/NEW YORK/train_076.jpg,NEW YORK,train,train/NEW YORK/076.jpg
34,train/NEW YORK/train_078.jpg,NEW YORK,train,train/NEW YORK/078.jpg
34,train/NEW YORK/train_079.jpg,NEW YORK,train,train/NEW YORK/079.jpg
34,train/NEW YORK/train_081.jpg,NEW YORK,train,train/NEW YORK/081.jpg
34,train/NEW YORK/train_082.jpg,NEW YORK,train,train/NEW YORK/082.jpg
34,train/NEW YORK/train_083.jpg,NEW YORK,train,train/NEW YORK/083.jpg
34,train/NEW YORK/train_085.jpg,NEW YORK,train,train/NEW YORK/085.jpg
34,train/NEW YORK/train_087.jpg,NEW YORK,train,train/NEW YORK/087.jpg
34,train/NEW YORK/train_089.jpg,NEW YORK,train,train/NEW YORK/089.jpg
34,train/NEW YORK/train_090.jpg,NEW YORK,train,train/NEW YORK/090.jpg
34,train/NEW YORK/train_091.jpg,NEW YORK,train,train/NEW YORK/091.jpg
34,train/NEW YORK/train_092.jpg,NEW YORK,train,train/NEW YORK/092.jpg
34,train/NEW YORK/train_093.jpg,NEW YORK,train,train/NEW YORK/093.jpg
34,train/NEW YORK/train_095.jpg,NEW YORK,train,train/NEW YORK/095.jpg
34,train/NEW YORK/train_096.jpg,NEW YORK,train,train/NEW YORK/096.jpg
34,train/NEW YORK/train_097.jpg,NEW YORK,train,train/NEW YORK/097.jpg
34,train/NEW YORK/train_098.jpg,NEW YORK,train,train/NEW YORK/098.jpg
34,train/NEW YORK/train_099.jpg,NEW YORK,train,train/NEW YORK/099.jpg
34,train/NEW YORK/train_101.jpg,NEW YORK,train,train/NEW YORK/101.jpg
34,train/NEW YORK/train_103.jpg,NEW YORK,train,train/NEW YORK/103.jpg
34,train/NEW YORK/train_104.jpg,NEW YORK,train,train/NEW YORK/104.jpg
34,train/NEW YORK/train_105.jpg,NEW YORK,train,train/NEW YORK/105.jpg
34,train/NEW YORK/train_106.jpg,NEW YORK,train,train/NEW YORK/106.jpg
34,train/NEW YORK/train_112.jpg,NEW YORK,train,train/NEW YORK/112.jpg
34,train/NEW YORK/train_113.jpg,NEW YORK,train,train/NEW YORK/113.jpg
34,train/NEW YORK/train_114.jpg,NEW YORK,train,train/NEW YORK/114.jpg
34,train/NEW YORK/train_117.jpg,NEW YORK,train,train/NEW YORK/117.jpg
34,train/NEW YORK/train_120.jpg,NEW YORK,train,train/NEW YORK/120.jpg
34,train/NEW YORK/train_121.jpg,NEW YORK,train,train/NEW YORK/121.jpg
34,train/NEW YORK/train_122.jpg,NEW YORK,train,train/NEW YORK/122.jpg
34,train/NEW YORK/train_123.jpg,NEW YORK,train,train/NEW YORK/123.jpg
34,train/NEW YORK/train_124.jpg,NEW YORK,train,train/NEW YORK/124.jpg
34,train/NEW YORK/train_125.jpg,NEW YORK,train,train/NEW YORK/125.jpg
34,train/NEW YORK/train_126.jpg,NEW YORK,train,train/NEW YORK/126.jpg
34,train/NEW YORK/train_128.jpg,NEW YORK,train,train/NEW YORK/128.jpg
34,train/NEW YORK/train_129.jpg,NEW YORK,train,train/NEW YORK/129.jpg
34,train/NEW YORK/train_131.jpg,NEW YORK,train,train/NEW YORK/131.jpg
34,train/NEW YORK/train_133.jpg,NEW YORK,train,train/NEW YORK/133.jpg
34,train/NEW YORK/train_134.jpg,NEW YORK,train,train/NEW YORK/134.jpg
34,train/NEW YORK/train_135.jpg,NEW YORK,train,train/NEW YORK/135.jpg
34,train/NEW YORK/train_136.jpg,NEW YORK,train,train/NEW YORK/136.jpg
34,train/NEW YORK/train_137.jpg,NEW YORK,train,train/NEW YORK/137.jpg
34,train/NEW YORK/train_138.jpg,NEW YORK,train,train/NEW YORK/138.jpg
34,train/NEW YORK/train_140.jpg,NEW YORK,train,train/NEW YORK/140.jpg
34,train/NEW YORK/valid_1.jpg,NEW YORK,train,valid/NEW YORK/1.jpg
34,train/NEW YORK/valid_2.jpg,NEW YORK,train,valid/NEW YORK/2.jpg
34,train/NEW YORK/valid_3.jpg,NEW YORK,train,valid/NEW YORK/3.jpg
34,train/NEW YORK/valid_4.jpg,NEW YORK,train,valid/NEW YORK/4.jpg
34,train/NEW YORK/valid_5.jpg,NEW YORK,train,valid/NEW YORK/5.jpg
35,train/NORTH CAROLINA/test_1.jpg,NORTH CAROLINA,train,test/NORTH CAROLINA/1.jpg
35,train/NORTH CAROLINA/test_4.jpg,NORTH CAROLINA,train,test/NORTH CAROLINA/4.jpg
35,train/NORTH CAROLINA/test_5.jpg,NORTH CAROLINA,train,test/NORTH CAROLINA/5.jpg
35,train/NORTH CAROLINA/train_001.jpg,NORTH CAROLINA,train,train/NORTH CAROLINA/001.jpg
35,train/NORTH CAROLINA/train_002.jpg,NORTH CAROLINA,train,train/NORTH CAROLINA/002.jpg
35,train/NORTH CAROLINA/train_003.jpg,NORTH CAROLINA,train,train/NORTH CAROLINA/003.jpg
35,train/NORTH CAROLINA/train_004.jpg,NORTH CAROLINA,train,train/NORTH CAROLINA/004.jpg
35,train/NORTH CAROLINA/train_005.jpg,NORTH CAROLINA,train,train/NORTH CAROLINA/005.jpg
35,train/NORTH CAROLINA/train_006.jpg,NORTH CAROLINA,train,train/NORTH CAROLINA/006.jpg
35,train/NORTH CAROLINA/train_008.jpg,NORTH CAROLINA,train,train/NORTH CAROLINA/008.jpg
35,train/NORTH CAROLINA/train_009.jpg,NORTH CAROLINA,train,train/NORTH CAROLINA/009.jpg
35,train/NORTH CAROLINA/train_012.jpg,NORTH CAROLINA,train,train/NORTH CAROLINA/012.jpg
35,train/NORTH CAROLINA/train_013.jpg,NORTH CAROLINA,train,train/NORTH CAROLINA/013.jpg
35,train/NORTH CAROLINA/train_014.jpg,NORTH CAROLINA,train,train/NORTH CAROLINA/014.jpg
35,train/NORTH CAROLINA/train_016.jpg,NORTH CAROLINA,train,train/NORTH CAROLINA/016.jpg
35,train/NORTH CAROLINA/train_020.jpg,NORTH CAROLINA,train,train/NORTH CAROLINA/020.jpg
35,train/NORTH CAROLINA/train_021.jpg,NORTH CAROLINA,train,train/NORTH CAROLINA/021.jpg
35,train/NORTH CAROLINA/train_022.jpg,NORTH CAROLINA,train,train/NORTH CAROLINA/022.jpg
35,train/NORTH CAROLINA/train_023.jpg,NORTH CAROLINA,train,train/NORTH CAROLINA/023.jpg
35,train/NORTH CAROLINA/train_024.jpg,NORTH CAROLINA,train,train/NORTH CAROLINA/024.jpg
35,train/NORTH CAROLINA/train_025.jpg,NORTH CAROLINA,train,train/NORTH CAROLINA/025.jpg
35,train/NORTH CAROLINA/train_026.jpg,NORTH CAROLINA,train,train/NORTH CAROLINA/026.jpg
35,train/NORTH CAROLINA/train_027.jpg,NORTH CAROLINA,train,train/NORTH CAROLINA/027.jpg
35,train/NORTH CAROLINA/train_028.jpg,NORTH CAROLINA,train,train/NORTH CAROLINA/028.jpg
35,train/NORTH CAROLINA/train_029.jpg,NORTH CAROLINA,train,train/NORTH CAROLINA/029.jpg
35,train/NORTH CAROLINA/train_031.jpg,NORTH CAROLINA,train,train/NORTH CAROLINA/031.jpg
35,train/NORTH CAROLINA/train_032.jpg,NORTH CAROLINA,train,train/NORTH CAROLINA/032.jpg
35,train/NORTH CAROLINA/train_033.jpg,NORTH CAROLINA,train,train/NORTH CAROLINA/033.jpg
35,train/NORTH CAROLINA/train_034.jpg,NORTH CAROLINA,train,train/NORTH CAROLINA/034.jpg
35,train/NORTH CAROLINA/train_035.jpg,NORTH CAROLINA,train,train/NORTH CAROLINA/035.jpg
35,train/NORTH CAROLINA/train_036.jpg,NORTH CAROLINA,train,train/NORTH CAROLINA/036.jpg
35,train/NORTH CAROLINA/train_037.jpg,NORTH CAROLINA,train,train/NORTH CAROLINA/037.jpg
35,train/NORTH CAROLINA/train_038.jpg,NORTH CAROLINA,train,train/NORTH CAROLINA/038.jpg
35,train/NORTH CAROLINA/train_039.jpg,NORTH CAROLINA,train,train/NORTH CAROLINA/039.jpg
35,train/NORTH CAROLINA/train_041.jpg,NORTH CAROLINA,train,train/NORTH CAROLINA/041.jpg
35,train/NORTH CAROLINA/train_042.jpg,NORTH CAROLINA,train,train/NORTH CAROLINA/042.jpg
35,train/NORTH CAROLINA/train_044.jpg,NORTH CAROLINA,train,train/NORTH CAROLINA/044.jpg
35,train/NORTH CAROLINA/train_049.jpg,NORTH CAROLINA,train,train/NORTH CAROLINA/049.jpg
35,train/NORTH CAROLINA/train_050.jpg,NORTH CAROLINA,train,train/NORTH CAROLINA/050.jpg
35,train/NORTH CAROLINA/train_051.jpg,NORTH CAROLINA,train,train/NORTH CAROLINA/051.jpg
35,train/NORTH CAROLINA/train_055.jpg,NORTH CAROLINA,train,train/NORTH CAROLINA/055.jpg
35,train/NORTH CAROLINA/train_056.jpg,NORTH CAROLINA,train,train/NORTH CAROLINA/056.jpg
35,train/NORTH CAROLINA/train_057.jpg,NORTH CAROLINA,train,train/NORTH CAROLINA/057.jpg
35,train/NORTH CAROLINA/train_058.jpg,NORTH CAROLINA,train,train/NORTH CAROLINA/058.jpg
35,train/NORTH CAROLINA/train_059.jpg,NORTH CAROLINA,train,train/NORTH CAROLINA/059.jpg
35,train/NORTH CAROLINA/train_060.jpg,NORTH CAROLINA,train,train/NORTH CAROLINA/060.jpg
35,train/NORTH CAROLINA/train_062.jpg,NORTH CAROLINA,train,train/NORTH CAROLINA/062.jpg
35,train/NORTH CAROLINA/train_063.jpg,NORTH CAROLINA,train,train/NORTH CAROLINA/063.jpg
35,train/NORTH CAROLINA/train_064.jpg,NORTH CAROLINA,train,train/NORTH CAROLINA/064.jpg
35,train/NORTH CAROLINA/train_065.jpg,NORTH CAROLINA,train,train/NORTH CAROLINA/065.jpg
35,train/NORTH CAROLINA/train_066.jpg,NORTH CAROLINA,train,train/NORTH CAROLINA/066.jpg
35,train/NORTH CAROLINA/train_067.jpg,NORTH CAROLINA,train,train/NORTH CAROLINA/067.jpg
35,train/NORTH CAROLINA/train_069.jpg,NORTH CAROLINA,train,train/NORTH CAROLINA/069.jpg
35,train/NORTH CAROLINA/train_070.jpg,NORTH CAROLINA,train,train/NORTH CAROLINA/070.jpg
35,train/NORTH CAROLINA/train_071.jpg,NORTH CAROLINA,train,train/NORTH CAROLINA/071.jpg
35,train/NORTH CAROLINA/train_073.jpg,NORTH CAROLINA,train,train/NORTH CAROLINA/073.jpg
35,train/NORTH CAROLINA/train_074.jpg,NORTH CAROLINA,train,train/NORTH CAROLINA/074.jpg
35,train/NORTH CAROLINA/train_075.jpg,NORTH CAROLINA,train,train/NORTH CAROLINA/075.jpg
35,train/NORTH CAROLINA/train_076.jpg,NORTH CAROLINA,train,train/NORTH CAROLINA/076.jpg
35,train/NORTH CAROLINA/train_077.jpg,NORTH CAROLINA,train,train/NORTH CAROLINA/077.jpg
35,train/NORTH CAROLINA/train_078.jpg,NORTH CAROLINA,train,train/NORTH CAROLINA/078.jpg
35,train/NORTH CAROLINA/train_080.jpg,NORTH CAROLINA,train,train/NORTH CAROLINA/080.jpg
35,train/NORTH CAROLINA/train_082.jpg,NORTH CAROLINA,train,train/NORTH CAROLINA/082.jpg
35,train/NORTH CAROLINA/train_083.jpg,NORTH CAROLINA,train,train/NORTH CAROLINA/083.jpg
35,train/NORTH CAROLINA/train_085.jpg,NORTH CAROLINA,train,train/NORTH CAROLINA/085.jpg
35,train/NORTH CAROLINA/train_088.jpg,NORTH CAROLINA,train,train/NORTH CAROLINA/088.jpg
35,train/NORTH CAROLINA/train_089.jpg,NORTH CAROLINA,train,train/NORTH CAROLINA/089.jpg
35,train/NORTH CAROLINA/train_091.jpg,NORTH CAROLINA,train,train/NORTH CAROLINA/091.jpg
35,train/NORTH CAROLINA/train_093.jpg,NORTH CAROLINA,train,train/NORTH CAROLINA/093.jpg
35,train/NORTH CAROLINA/train_095.jpg,NORTH CAROLINA,train,train/NORTH CAROLINA/095.jpg
35,train/NORTH CAROLINA/train_097.jpg,NORTH CAROLINA,train,train/NORTH CAROLINA/097.jpg
35,train/NORTH CAROLINA/train_098.jpg,NORTH CAROLINA,train,train/NORTH CAROLINA/098.jpg
35,train/NORTH CAROLINA/train_099.jpg,NORTH CAROLINA,train,train/NORTH CAROLINA/099.jpg
35,train/NORTH CAROLINA/train_101.jpg,NORTH CAROLINA,train,train/NORTH CAROLINA/101.jpg
35,train/NORTH CAROLINA/train_102.jpg,NORTH CAROLINA,train,train/NORTH CAROLINA/102.jpg
35,train/NORTH CAROLINA/train_104.jpg,NORTH CAROLINA,train,train/NORTH CAROLINA/104.jpg
35,train/NORTH CAROLINA/train_105.jpg,NORTH CAROLINA,train,train/NORTH CAROLINA/105.jpg
35,train/NORTH CAROLINA/train_106.jpg,NORTH CAROLINA,train,train/NORTH CAROLINA/106.jpg
35,train/NORTH CAROLINA/train_107.jpg,NORTH CAROLINA,train,train/NORTH CAROLINA/107.jpg
35,train/NORTH CAROLINA/train_110.jpg,NORTH CAROLINA,train,train/NORTH CAROLINA/110.jpg
35,train/NORTH CAROLINA/train_111.jpg,NORTH CAROLINA,train,train/NORTH CAROLINA/111.jpg
35,train/NORTH CAROLINA/train_112.jpg,NORTH CAROLINA,train,train/NORTH CAROLINA/112.jpg
35,train/NORTH CAROLINA/train_115.jpg,NORTH CAROLINA,train,train/NORTH CAROLINA/115.jpg
35,train/NORTH CAROLINA/train_116.jpg,NORTH CAROLINA,train,train/NORTH CAROLINA/116.jpg
35,train/NORTH CAROLINA/train_117.jpg,NORTH CAROLINA,train,train/NORTH CAROLINA/117.jpg
35,train/NORTH CAROLINA/train_121.jpg,NORTH CAROLINA,train,train/NORTH CAROLINA/121.jpg
35,train/NORTH CAROLINA/train_122.jpg,NORTH CAROLINA,train,train/NORTH CAROLINA/122.jpg
35,train/NORTH CAROLINA/train_125.jpg,NORTH CAROLINA,train,train/NORTH CAROLINA/125.jpg
35,train/NORTH CAROLINA/train_126.jpg,NORTH CAROLINA,train,train/NORTH CAROLINA/126.jpg
35,train/NORTH CAROLINA/train_127.jpg,NORTH CAROLINA,train,train/NORTH CAROLINA/127.jpg
35,train/NORTH CAROLINA/train_128.jpg,NORTH CAROLINA,train,train/NORTH CAROLINA/128.jpg
35,train/NORTH CAROLINA/train_129.jpg,NORTH CAROLINA,train,train/NORTH CAROLINA/129.jpg
35,train/NORTH CAROLINA/train_131.jpg,NORTH CAROLINA,train,train/NORTH CAROLINA/131.jpg
35,train/NORTH CAROLINA/train_132.jpg,NORTH CAROLINA,train,train/NORTH CAROLINA/132.jpg
35,train/NORTH CAROLINA/train_133.jpg,NORTH CAROLINA,train,train/NORTH CAROLINA/133.jpg
35,train/NORTH CAROLINA/train_134.jpg,NORTH CAROLINA,train,train/NORTH CAROLINA/134.jpg
35,train/NORTH CAROLINA/train_135.jpg,NORTH CAROLINA,train,train/NORTH CAROLINA/135.jpg
35,train/NORTH CAROLINA/train_137.jpg,NORTH CAROLINA,train,train/NORTH CAROLINA/137.jpg
35,train/NORTH CAROLINA/train_138.jpg,NORTH CAROLINA,train,train/NORTH CAROLINA/138.jpg
35,train/NORTH CAROLINA/train_140.jpg,NORTH CAROLINA,train,train/NORTH CAROLINA/140.jpg
35,train/NORTH CAROLINA/train_141.jpg,NORTH CAROLINA,train,train/NORTH CAROLINA/141.jpg
35,train/NORTH CAROLINA/train_142.jpg,NORTH CAROLINA,train,train/NORTH CAROLINA/142.jpg
35,train/NORTH CAROLINA/train_143.jpg,NORTH CAROLINA,train,train/NORTH CAROLINA/143.jpg
35,train/NORTH CAROLINA/valid_2.jpg,NORTH CAROLINA,train,valid/NORTH CAROLINA/2.jpg
35,train/NORTH CAROLINA/valid_3.jpg,NORTH CAROLINA,train,valid/NORTH CAROLINA/3.jpg
35,train/NORTH CAROLINA/valid_4.jpg,NORTH CAROLINA,train,valid/NORTH CAROLINA/4.jpg
35,train/NORTH CAROLINA/valid_5.jpg,NORTH CAROLINA,train,valid/NORTH CAROLINA/5.jpg
36,train/NORTH DAKOTA/test_1.jpg,NORTH DAKOTA,train,test/NORTH DAKOTA/1.jpg
36,train/NORTH DAKOTA/test_2.jpg,NORTH DAKOTA,train,test/NORTH DAKOTA/2.jpg
36,train/NORTH DAKOTA/test_3.jpg,NORTH DAKOTA,train,test/NORTH DAKOTA/3.jpg
36,train/NORTH DAKOTA/test_5.jpg,NORTH DAKOTA,train,test/NORTH DAKOTA/5.jpg
36,train/NORTH DAKOTA/train_001.jpg,NORTH DAKOTA,train,train/NORTH DAKOTA/001.jpg
36,train/NORTH DAKOTA/train_002.jpg,NORTH DAKOTA,train,train/NORTH DAKOTA/002.jpg
36,train/NORTH DAKOTA/train_004.jpg,NORTH DAKOTA,train,train/NORTH DAKOTA/004.jpg
36,train/NORTH DAKOTA/train_007.jpg,NORTH DAKOTA,train,train/NORTH DAKOTA/007.jpg
36,train/NORTH DAKOTA/train_009.jpg,NORTH DAKOTA,train,train/NORTH DAKOTA/009.jpg
36,train/NORTH DAKOTA/train_011.jpg,NORTH DAKOTA,train,train/NORTH DAKOTA/011.jpg
36,train/NORTH DAKOTA/train_013.jpg,NORTH DAKOTA,train,train/NORTH DAKOTA/013.jpg
36,train/NORTH DAKOTA/train_014.jpg,NORTH DAKOTA,train,train/NORTH DAKOTA/014.jpg
36,train/NORTH DAKOTA/train_015.jpg,NORTH DAKOTA,train,train/NORTH DAKOTA/015.jpg
36,train/NORTH DAKOTA/train_016.jpg,NORTH DAKOTA,train,train/NORTH DAKOTA/016.jpg
36,train/NORTH DAKOTA/train_019.jpg,NORTH DAKOTA,train,train/NORTH DAKOTA/019.jpg
36,train/NORTH DAKOTA/train_021.jpg,NORTH DAKOTA,train,train/NORTH DAKOTA/021.jpg
36,train/NORTH DAKOTA/train_022.jpg,NORTH DAKOTA,train,train/NORTH DAKOTA/022.jpg
36,train/NORTH DAKOTA/train_023.jpg,NORTH DAKOTA,train,train/NORTH DAKOTA/023.jpg
36,train/NORTH DAKOTA/train_024.jpg,NORTH DAKOTA,train,train/NORTH DAKOTA/024.jpg
36,train/NORTH DAKOTA/train_025.jpg,NORTH DAKOTA,train,train/NORTH DAKOTA/025.jpg
36,train/NORTH DAKOTA/train_026.jpg,NORTH DAKOTA,train,train/NORTH DAKOTA/026.jpg
36,train/NORTH DAKOTA/train_027.jpg,NORTH DAKOTA,train,train/NORTH DAKOTA/027.jpg
36,train/NORTH DAKOTA/train_028.jpg,NORTH DAKOTA,train,train/NORTH DAKOTA/028.jpg
36,train/NORTH DAKOTA/train_029.jpg,NORTH DAKOTA,train,train/NORTH DAKOTA/029.jpg
36,train/NORTH DAKOTA/train_030.jpg,NORTH DAKOTA,train,train/NORTH DAKOTA/030.jpg
36,train/NORTH DAKOTA/train_031.jpg,NORTH DAKOTA,train,train/NORTH DAKOTA/031.jpg
36,train/NORTH DAKOTA/train_032.jpg,NORTH DAKOTA,train,train/NORTH DAKOTA/032.jpg
36,train/NORTH DAKOTA/train_034.jpg,NORTH DAKOTA,train,train/NORTH DAKOTA/034.jpg
36,train/NORTH DAKOTA/train_037.jpg,NORTH DAKOTA,train,train/NORTH DAKOTA/037.jpg
36,train/NORTH DAKOTA/train_040.jpg,NORTH DAKOTA,train,train/NORTH DAKOTA/040.jpg
36,train/NORTH DAKOTA/train_042.jpg,NORTH DAKOTA,train,train/NORTH DAKOTA/042.jpg
36,train/NORTH DAKOTA/train_043.jpg,NORTH DAKOTA,train,train/NORTH DAKOTA/043.jpg
36,train/NORTH DAKOTA/train_044.jpg,NORTH DAKOTA,train,train/NORTH DAKOTA/044.jpg
36,train/NORTH DAKOTA/train_045.jpg,NORTH DAKOTA,train,train/NORTH DAKOTA/045.jpg
36,train/NORTH DAKOTA/train_046.jpg,NORTH DAKOTA,train,train/NORTH DAKOTA/046.jpg
36,train/NORTH DAKOTA/train_047.jpg,NORTH DAKOTA,train,train/NORTH DAKOTA/047.jpg
36,train/NORTH DAKOTA/train_049.jpg,NORTH DAKOTA,train,train/NORTH DAKOTA/049.jpg
36,train/NORTH DAKOTA/train_050.jpg,NORTH DAKOTA,train,train/NORTH DAKOTA/050.jpg
36,train/NORTH DAKOTA/train_051.jpg,NORTH DAKOTA,train,train/NORTH DAKOTA/051.jpg
36,train/NORTH DAKOTA/train_053.jpg,NORTH DAKOTA,train,train/NORTH DAKOTA/053.jpg
36,train/NORTH DAKOTA/train_056.jpg,NORTH DAKOTA,train,train/NORTH DAKOTA/056.jpg
36,train/NORTH DAKOTA/train_060.jpg,NORTH DAKOTA,train,train/NORTH DAKOTA/060.jpg
36,train/NORTH DAKOTA/train_062.jpg,NORTH DAKOTA,train,train/NORTH DAKOTA/062.jpg
36,train/NORTH DAKOTA/train_064.jpg,NORTH DAKOTA,train,train/NORTH DAKOTA/064.jpg
36,train/NORTH DAKOTA/train_066.jpg,NORTH DAKOTA,train,train/NORTH DAKOTA/066.jpg
36,train/NORTH DAKOTA/train_068.jpg,NORTH DAKOTA,train,train/NORTH DAKOTA/068.jpg
36,train/NORTH DAKOTA/train_069.jpg,NORTH DAKOTA,train,train/NORTH DAKOTA/069.jpg
36,train/NORTH DAKOTA/train_070.jpg,NORTH DAKOTA,train,train/NORTH DAKOTA/070.jpg
36,train/NORTH DAKOTA/train_072.jpg,NORTH DAKOTA,train,train/NORTH DAKOTA/072.jpg
36,train/NORTH DAKOTA/train_074.jpg,NORTH DAKOTA,train,train/NORTH DAKOTA/074.jpg
36,train/NORTH DAKOTA/train_078.jpg,NORTH DAKOTA,train,train/NORTH DAKOTA/078.jpg
36,train/NORTH DAKOTA/train_079.jpg,NORTH DAKOTA,train,train/NORTH DAKOTA/079.jpg
36,train/NORTH DAKOTA/train_080.jpg,NORTH DAKOTA,train,train/NORTH DAKOTA/080.jpg
36,train/NORTH DAKOTA/train_081.jpg,NORTH DAKOTA,train,train/NORTH DAKOTA/081.jpg
36,train/NORTH DAKOTA/train_083.jpg,NORTH DAKOTA,train,train/NORTH DAKOTA/083.jpg
36,train/NORTH DAKOTA/train_084.jpg,NORTH DAKOTA,train,train/NORTH DAKOTA/084.jpg
36,train/NORTH DAKOTA/train_085.jpg,NORTH DAKOTA,train,train/NORTH DAKOTA/085.jpg
36,train/NORTH DAKOTA/train_086.jpg,NORTH DAKOTA,train,train/NORTH DAKOTA/086.jpg
36,train/NORTH DAKOTA/train_087.jpg,NORTH DAKOTA,train,train/NORTH DAKOTA/087.jpg
36,train/NORTH DAKOTA/train_088.jpg,NORTH DAKOTA,train,train/NORTH DAKOTA/088.jpg
36,train/NORTH DAKOTA/train_089.jpg,NORTH DAKOTA,train,train/NORTH DAKOTA/089.jpg
36,train/NORTH DAKOTA/train_093.jpg,NORTH DAKOTA,train,train/NORTH DAKOTA/093.jpg
36,train/NORTH DAKOTA/train_094.jpg,NORTH DAKOTA,train,train/NORTH DAKOTA/094.jpg
36,train/NORTH DAKOTA/train_095.jpg,NORTH DAKOTA,train,train/NORTH DAKOTA/095.jpg
36,train/NORTH DAKOTA/train_096.jpg,NORTH DAKOTA,train,train/NORTH DAKOTA/096.jpg
36,train/NORTH DAKOTA/train_097.jpg,NORTH DAKOTA,train,train/NORTH DAKOTA/097.jpg
36,train/NORTH DAKOTA/train_098.jpg,NORTH DAKOTA,train,train/NORTH DAKOTA/098.jpg
36,train/NORTH DAKOTA/train_100.jpg,NORTH DAKOTA,train,train/NORTH DAKOTA/100.jpg
36,train/NORTH DAKOTA/train_102.jpg,NORTH DAKOTA,train,train/NORTH DAKOTA/102.jpg
36,train/NORTH DAKOTA/train_104.jpg,NORTH DAKOTA,train,train/NORTH DAKOTA/104.jpg
36,train/NORTH DAKOTA/train_105.jpg,NORTH DAKOTA,train,train/NORTH DAKOTA/105.jpg
36,train/NORTH DAKOTA/train_109.jpg,NORTH DAKOTA,train,train/NORTH DAKOTA/109.jpg
36,train/NORTH DAKOTA/train_110.jpg,NORTH DAKOTA,train,train/NORTH DAKOTA/110.jpg
36,train/NORTH DAKOTA/train_111.jpg,NORTH DAKOTA,train,train/NORTH DAKOTA/111.jpg
36,train/NORTH DAKOTA/train_112.jpg,NORTH DAKOTA,train,train/NORTH DAKOTA/112.jpg
36,train/NORTH DAKOTA/train_114.jpg,NORTH DAKOTA,train,train/NORTH DAKOTA/114.jpg
36,train/NORTH DAKOTA/train_115.jpg,NORTH DAKOTA,train,train/NORTH DAKOTA/115.jpg
36,train/NORTH DAKOTA/train_116.jpg,NORTH DAKOTA,train,train/NORTH DAKOTA/116.jpg
36,train/NORTH DAKOTA/train_119.jpg,NORTH DAKOTA,train,train/NORTH DAKOTA/119.jpg
36,train/NORTH DAKOTA/train_120.jpg,NORTH DAKOTA,train,train/NORTH DAKOTA/120.jpg
36,train/NORTH DAKOTA/train_121.jpg,NORTH DAKOTA,train,train/NORTH DAKOTA/121.jpg
36,train/NORTH DAKOTA/train_122.jpg,NORTH DAKOTA,train,train/NORTH DAKOTA/122.jpg
36,train/NORTH DAKOTA/train_123.jpg,NORTH DAKOTA,train,train/NORTH DAKOTA/123.jpg
36,train/NORTH DAKOTA/train_124.jpg,NORTH DAKOTA,train,train/NORTH DAKOTA/124.jpg
36,train/NORTH DAKOTA/train_125.jpg,NORTH DAKOTA,train,train/NORTH DAKOTA/125.jpg
36,train/NORTH DAKOTA/train_126.jpg,NORTH DAKOTA,train,train/NORTH DAKOTA/126.jpg
36,train/NORTH DAKOTA/train_127.jpg,NORTH DAKOTA,train,train/NORTH DAKOTA/127.jpg
36,train/NORTH DAKOTA/train_128.jpg,NORTH DAKOTA,train,train/NORTH DAKOTA/128.jpg
36,train/NORTH DAKOTA/train_129.jpg,NORTH DAKOTA,train,train/NORTH DAKOTA/129.jpg
36,train/NORTH DAKOTA/train_130.jpg,NORTH DAKOTA,train,train/NORTH DAKOTA/130.jpg
36,train/NORTH DAKOTA/train_131.jpg,NORTH DAKOTA,train,train/NORTH DAKOTA/131.jpg
36,train/NORTH DAKOTA/train_132.jpg,NORTH DAKOTA,train,train/NORTH DAKOTA/132.jpg
36,train/NORTH DAKOTA/train_133.jpg,NORTH DAKOTA,train,train/NORTH DAKOTA/133.jpg
36,train/NORTH DAKOTA/train_134.jpg,NORTH DAKOTA,train,train/NORTH DAKOTA/134.jpg
36,train/NORTH DAKOTA/train_136.jpg,NORTH DAKOTA,train,train/NORTH DAKOTA/136.jpg
36,train/NORTH DAKOTA/train_137.jpg,NORTH DAKOTA,train,train/NORTH DAKOTA/137.jpg
36,train/NORTH DAKOTA/train_138.jpg,NORTH DAKOTA,train,train/NORTH DAKOTA/138.jpg
36,train/NORTH DAKOTA/train_139.jpg,NORTH DAKOTA,train,train/NORTH DAKOTA/139.jpg
36,train/NORTH DAKOTA/train_140.jpg,NORTH DAKOTA,train,train/NORTH DAKOTA/140.jpg
36,train/NORTH DAKOTA/train_141.jpg,NORTH DAKOTA,train,train/NORTH DAKOTA/141.jpg
36,train/NORTH DAKOTA/train_142.jpg,NORTH DAKOTA,train,train/NORTH DAKOTA/142.jpg
36,train/NORTH DAKOTA/valid_1.jpg,NORTH DAKOTA,train,valid/NORTH DAKOTA/1.jpg
36,train/NORTH DAKOTA/valid_2.jpg,NORTH DAKOTA,train,valid/NORTH DAKOTA/2.jpg
36,train/NORTH DAKOTA/valid_3.jpg,NORTH DAKOTA,train,valid/NORTH DAKOTA/3.jpg
36,train/NORTH DAKOTA/valid_4.jpg,NORTH DAKOTA,train,valid/NORTH DAKOTA/4.jpg
36,train/NORTH DAKOTA/valid_5.jpg,NORTH DAKOTA,train,valid/NORTH DAKOTA/5.jpg
37,train/OHIO/test_3.jpg,OHIO,train,test/OHIO/3.jpg
37,train/OHIO/test_5.jpg,OHIO,train,test/OHIO/5.jpg
37,train/OHIO/train_001.jpg,OHIO,train,train/OHIO/001.jpg
37,train/OHIO/train_002.jpg,OHIO,train,train/OHIO/002.jpg
37,train/OHIO/train_003.jpg,OHIO,train,train/OHIO/003.jpg
37,train/OHIO/train_004.jpg,OHIO,train,train/OHIO/004.jpg
37,train/OHIO/train_006.jpg,OHIO,train,train/OHIO/006.jpg
37,train/OHIO/train_007.jpg,OHIO,train,train/OHIO/007.jpg
37,train/OHIO/train_008.jpg,OHIO,train,train/OHIO/008.jpg
37,train/OHIO/train_013.jpg,OHIO,train,train/OHIO/013.jpg
37,train/OHIO/train_014.jpg,OHIO,train,train/OHIO/014.jpg
37,train/OHIO/train_017.jpg,OHIO,train,train/OHIO/017.jpg
37,train/OHIO/train_018.jpg,OHIO,train,train/OHIO/018.jpg
37,train/OHIO/train_019.jpg,OHIO,train,train/OHIO/019.jpg
37,train/OHIO/train_020.jpg,OHIO,train,train/OHIO/020.jpg
37,train/OHIO/train_022.jpg,OHIO,train,train/OHIO/022.jpg
37,train/OHIO/train_023.jpg,OHIO,train,train/OHIO/023.jpg
37,train/OHIO/train_024.jpg,OHIO,train,train/OHIO/024.jpg
37,train/OHIO/train_025.jpg,OHIO,train,train/OHIO/025.jpg
37,train/OHIO/train_027.jpg,OHIO,train,train/OHIO/027.jpg
37,train/OHIO/train_028.jpg,OHIO,train,train/OHIO/028.jpg
37,train/OHIO/train_029.jpg,OHIO,train,train/OHIO/029.jpg
37,train/OHIO/train_030.jpg,OHIO,train,train/OHIO/030.jpg
37,train/OHIO/train_031.jpg,OHIO,train,train/OHIO/031.jpg
37,train/OHIO/train_033.jpg,OHIO,train,train/OHIO/033.jpg
37,train/OHIO/train_034.jpg,OHIO,train,train/OHIO/034.jpg
37,train/OHIO/train_036.jpg,OHIO,train,train/OHIO/036.jpg
37,train/OHIO/train_037.jpg,OHIO,train,train/OHIO/037.jpg
37,train/OHIO/train_038.jpg,OHIO,train,train/OHIO/038.jpg
37,train/OHIO/train_039.jpg,OHIO,train,train/OHIO/039.jpg
37,train/OHIO/train_040.jpg,OHIO,train,train/OHIO/040.jpg
37,train/OHIO/train_041.jpg,OHIO,train,train/OHIO/041.jpg
37,train/OHIO/train_044.jpg,OHIO,train,train/OHIO/044.jpg
37,train/OHIO/train_045.jpg,OHIO,train,train/OHIO/045.jpg
37,train/OHIO/train_046.jpg,OHIO,train,train/OHIO/046.jpg
37,train/OHIO/train_048.jpg,OHIO,train,train/OHIO/048.jpg
37,train/OHIO/train_049.jpg,OHIO,train,train/OHIO/049.jpg
37,train/OHIO/train_050.jpg,OHIO,train,train/OHIO/050.jpg
37,train/OHIO/train_051.jpg,OHIO,train,train/OHIO/051.jpg
37,train/OHIO/train_052.jpg,OHIO,train,train/OHIO/052.jpg
37,train/OHIO/train_053.jpg,OHIO,train,train/OHIO/053.jpg
37,train/OHIO/train_054.jpg,OHIO,train,train/OHIO/054.jpg
37,train/OHIO/train_057.jpg,OHIO,train,train/OHIO/057.jpg
37,train/OHIO/train_058.jpg,OHIO,train,train/OHIO/058.jpg
37,train/OHIO/train_059.jpg,OHIO,train,train/OHIO/059.jpg
37,train/OHIO/train_061.jpg,OHIO,train,train/OHIO/061.jpg
37,train/OHIO/train_062.jpg,OHIO,train,train/OHIO/062.jpg
37,train/OHIO/train_063.jpg,OHIO,train,train/OHIO/063.jpg
37,train/OHIO/train_064.jpg,OHIO,train,train/OHIO/064.jpg
37,train/OHIO/train_066.jpg,OHIO,train,train/OHIO/066.jpg
37,train/OHIO/train_067.jpg,OHIO,train,train/OHIO/067.jpg
37,train/OHIO/train_068.jpg,OHIO,train,train/OHIO/068.jpg
37,train/OHIO/train_070.jpg,OHIO,train,train/OHIO/070.jpg
37,train/OHIO/train_071.jpg,OHIO,train,train/OHIO/071.jpg
37,train/OHIO/train_073.jpg,OHIO,train,train/OHIO/073.jpg
37,train/OHIO/train_077.jpg,OHIO,train,train/OHIO/077.jpg
37,train/OHIO/train_078.jpg,OHIO,train,train/OHIO/078.jpg
37,train/OHIO/train_079.jpg,OHIO,train,train/OHIO/079.jpg
37,train/OHIO/train_080.jpg,OHIO,train,train/OHIO/080.jpg
37,train/OHIO/train_081.jpg,OHIO,train,train/OHIO/081.jpg
37,train/OHIO/train_083.jpg,OHIO,train,train/OHIO/083.jpg
37,train/OHIO/train_084.jpg,OHIO,train,train/OHIO/084.jpg
37,train/OHIO/train_086.jpg,OHIO,train,train/OHIO/086.jpg
37,train/OHIO/train_087.jpg,OHIO,train,train/OHIO/087.jpg
37,train/OHIO/train_088.jpg,OHIO,train,train/OHIO/088.jpg
37,train/OHIO/train_089.jpg,OHIO,train,train/OHIO/089.jpg
37,train/OHIO/train_091.jpg,OHIO,train,train/OHIO/091.jpg
37,train/OHIO/train_093.jpg,OHIO,train,train/OHIO/093.jpg
37,train/OHIO/train_094.jpg,OHIO,train,train/OHIO/094.jpg
37,train/OHIO/train_098.jpg,OHIO,train,train/OHIO/098.jpg
37,train/OHIO/train_100.jpg,OHIO,train,train/OHIO/100.jpg
37,train/OHIO/train_101.jpg,OHIO,train,train/OHIO/101.jpg
37,train/OHIO/train_102.jpg,OHIO,train,train/OHIO/102.jpg
37,train/OHIO/train_103.jpg,OHIO,train,train/OHIO/103.jpg
37,train/OHIO/train_105.jpg,OHIO,train,train/OHIO/105.jpg
37,train/OHIO/train_106.jpg,OHIO,train,train/OHIO/106.jpg
37,train/OHIO/train_107.jpg,OHIO,train,train/OHIO/107.jpg
37,train/OHIO/train_109.jpg,OHIO,train,train/OHIO/109.jpg
37,train/OHIO/train_110.jpg,OHIO,train,train/OHIO/110.jpg
37,train/OHIO/train_111.jpg,OHIO,train,train/OHIO/111.jpg
37,train/OHIO/train_112.jpg,OHIO,train,train/OHIO/112.jpg
37,train/OHIO/train_113.jpg,OHIO,train,train/OHIO/113.jpg
37,train/OHIO/train_114.jpg,OHIO,train,train/OHIO/114.jpg
37,train/OHIO/train_115.jpg,OHIO,train,train/OHIO/115.jpg
37,train/OHIO/train_116.jpg,OHIO,train,train/OHIO/116.jpg
37,train/OHIO/train_118.jpg,OHIO,train,train/OHIO/118.jpg
37,train/OHIO/train_120.jpg,OHIO,train,train/OHIO/120.jpg
37,train/OHIO/train_121.jpg,OHIO,train,train/OHIO/121.jpg
37,train/OHIO/train_122.jpg,OHIO,train,train/OHIO/122.jpg
37,train/OHIO/train_124.jpg,OHIO,train,train/OHIO/124.jpg
37,train/OHIO/train_125.jpg,OHIO,train,train/OHIO/125.jpg
37,train/OHIO/train_126.jpg,OHIO,train,train/OHIO/126.jpg
37,train/OHIO/train_130.jpg,OHIO,train,train/OHIO/130.jpg
37,train/OHIO/train_131.jpg,OHIO,train,train/OHIO/131.jpg
37,train/OHIO/train_132.jpg,OHIO,train,train/OHIO/132.jpg
37,train/OHIO/train_134.jpg,OHIO,train,train/OHIO/134.jpg
37,train/OHIO/train_135.jpg,OHIO,train,train/OHIO/135.jpg
37,train/OHIO/train_136.jpg,OHIO,train,train/OHIO/136.jpg
37,train/OHIO/train_137.jpg,OHIO,train,train/OHIO/137.jpg
37,train/OHIO/train_139.jpg,OHIO,train,train/OHIO/139.jpg
37,train/OHIO/train_140.jpg,OHIO,train,train/OHIO/140.jpg
37,train/OHIO/train_141.jpg,OHIO,train,train/OHIO/141.jpg
37,train/OHIO/train_142.jpg,OHIO,train,train/OHIO/142.jpg
37,train/OHIO/train_143.jpg,OHIO,train,train/OHIO/143.jpg
37,train/OHIO/train_146.jpg,OHIO,train,train/OHIO/146.jpg
37,train/OHIO/train_147.jpg,OHIO,train,train/OHIO/147.jpg
37,train/OHIO/train_148.jpg,OHIO,train,train/OHIO/148.jpg
37,train/OHIO/train_149.jpg,OHIO,train,train/OHIO/149.jpg
37,train/OHIO/train_152.jpg,OHIO,train,train/OHIO/152.jpg
37,train/OHIO/train_153.jpg,OHIO,train,train/OHIO/153.jpg
37,train/OHIO/train_154.jpg,OHIO,train,train/OHIO/154.jpg
37,train/OHIO/train_155.jpg,OHIO,train,train/OHIO/155.jpg
37,train/OHIO/train_156.jpg,OHIO,train,train/OHIO/156.jpg
37,train/OHIO/train_157.jpg,OHIO,train,train/OHIO/157.jpg
37,train/OHIO/valid_2.jpg,OHIO,train,valid/OHIO/2.jpg
37,train/OHIO/valid_3.jpg,OHIO,train,valid/OHIO/3.jpg
37,train/OHIO/valid_5.jpg,OHIO,train,valid/OHIO/5.jpg
38,train/OKLAHOMA/test_1.jpg,OKLAHOMA,train,test/OKLAHOMA/1.jpg
38,train/OKLAHOMA/test_2.jpg,OKLAHOMA,train,test/OKLAHOMA/2.jpg
38,train/OKLAHOMA/test_3.jpg,OKLAHOMA,train,test/OKLAHOMA/3.jpg
38,train/OKLAHOMA/test_4.jpg,OKLAHOMA,train,test/OKLAHOMA/4.jpg
38,train/OKLAHOMA/train_002.jpg,OKLAHOMA,train,train/OKLAHOMA/002.jpg
38,train/OKLAHOMA/train_004.jpg,OKLAHOMA,train,train/OKLAHOMA/004.jpg
38,train/OKLAHOMA/train_005.jpg,OKLAHOMA,train,train/OKLAHOMA/005.jpg
38,train/OKLAHOMA/train_006.jpg,OKLAHOMA,train,train/OKLAHOMA/006.jpg
38,train/OKLAHOMA/train_007.jpg,OKLAHOMA,train,train/OKLAHOMA/007.jpg
38,train/OKLAHOMA/train_009.jpg,OKLAHOMA,train,train/OKLAHOMA/009.jpg
38,train/OKLAHOMA/train_010.jpg,OKLAHOMA,train,train/OKLAHOMA/010.jpg
38,train/OKLAHOMA/train_011.jpg,OKLAHOMA,train,train/OKLAHOMA/011.jpg
38,train/OKLAHOMA/train_012.jpg,OKLAHOMA,train,train/OKLAHOMA/012.jpg
38,train/OKLAHOMA/train_013.jpg,OKLAHOMA,train,train/OKLAHOMA/013.jpg
38,train/OKLAHOMA/train_014.jpg,OKLAHOMA,train,train/OKLAHOMA/014.jpg
38,train/OKLAHOMA/train_015.jpg,OKLAHOMA,train,train/OKLAHOMA/015.jpg
38,train/OKLAHOMA/train_017.jpg,OKLAHOMA,train,train/OKLAHOMA/017.jpg
38,train/OKLAHOMA/train_018.jpg,OKLAHOMA,train,train/OKLAHOMA/018.jpg
38,train/OKLAHOMA/train_019.jpg,OKLAHOMA,train,train/OKLAHOMA/019.jpg
38,train/OKLAHOMA/train_020.jpg,OKLAHOMA,train,train/OKLAHOMA/020.jpg
38,train/OKLAHOMA/train_021.jpg,OKLAHOMA,train,train/OKLAHOMA/021.jpg
38,train/OKLAHOMA/train_022.jpg,OKLAHOMA,train,train/OKLAHOMA/022.jpg
38,train/OKLAHOMA/train_023.jpg,OKLAHOMA,train,train/OKLAHOMA/023.jpg
38,train/OKLAHOMA/train_024.jpg,OKLAHOMA,train,train/OKLAHOMA/024.jpg
38,train/OKLAHOMA/train_025.jpg,OKLAHOMA,train,train/OKLAHOMA/025.jpg
38,train/OKLAHOMA/train_026.jpg,OKLAHOMA,train,train/OKLAHOMA/026.jpg
38,train/OKLAHOMA/train_027.jpg,OKLAHOMA,train,train/OKLAHOMA/027.jpg
38,train/OKLAHOMA/train_029.jpg,OKLAHOMA,train,train/OKLAHOMA/029.jpg
38,train/OKLAHOMA/train_031.jpg,OKLAHOMA,train,train/OKLAHOMA/031.jpg
38,train/OKLAHOMA/train_033.jpg,OKLAHOMA,train,train/OKLAHOMA/033.jpg
38,train/OKLAHOMA/train_034.jpg,OKLAHOMA,train,train/OKLAHOMA/034.jpg
38,train/OKLAHOMA/train_035.jpg,OKLAHOMA,train,train/OKLAHOMA/035.jpg
38,train/OKLAHOMA/train_037.jpg,OKLAHOMA,train,train/OKLAHOMA/037.jpg
38,train/OKLAHOMA/train_039.jpg,OKLAHOMA,train,train/OKLAHOMA/039.jpg
38,train/OKLAHOMA/train_040.jpg,OKLAHOMA,train,train/OKLAHOMA/040.jpg
38,train/OKLAHOMA/train_042.jpg,OKLAHOMA,train,train/OKLAHOMA/042.jpg
38,train/OKLAHOMA/train_043.jpg,OKLAHOMA,train,train/OKLAHOMA/043.jpg
38,train/OKLAHOMA/train_044.jpg,OKLAHOMA,train,train/OKLAHOMA/044.jpg
38,train/OKLAHOMA/train_045.jpg,OKLAHOMA,train,train/OKLAHOMA/045.jpg
38,train/OKLAHOMA/train_046.jpg,OKLAHOMA,train,train/OKLAHOMA/046.jpg
38,train/OKLAHOMA/train_047.jpg,OKLAHOMA,train,train/OKLAHOMA/047.jpg
38,train/OKLAHOMA/train_048.jpg,OKLAHOMA,train,train/OKLAHOMA/048.jpg
38,train/OKLAHOMA/train_052.jpg,OKLAHOMA,train,train/OKLAHOMA/052.jpg
38,train/OKLAHOMA/train_053.jpg,OKLAHOMA,train,train/OKLAHOMA/053.jpg
38,train/OKLAHOMA/train_055.jpg,OKLAHOMA,train,train/OKLAHOMA/055.jpg
38,train/OKLAHOMA/train_056.jpg,OKLAHOMA,train,train/OKLAHOMA/056.jpg
38,train/OKLAHOMA/train_058.jpg,OKLAHOMA,train,train/OKLAHOMA/058.jpg
38,train/OKLAHOMA/train_059.jpg,OKLAHOMA,train,train/OKLAHOMA/059.jpg
38,train/OKLAHOMA/train_061.jpg,OKLAHOMA,train,train/OKLAHOMA/061.jpg
38,train/OKLAHOMA/train_062.jpg,OKLAHOMA,train,train/OKLAHOMA/062.jpg
38,train/OKLAHOMA/train_063.jpg,OKLAHOMA,train,train/OKLAHOMA/063.jpg
38,train/OKLAHOMA/train_065.jpg,OKLAHOMA,train,train/OKLAHOMA/065.jpg
38,train/OKLAHOMA/train_066.jpg,OKLAHOMA,train,train/OKLAHOMA/066.jpg
38,train/OKLAHOMA/train_067.jpg,OKLAHOMA,train,train/OKLAHOMA/067.jpg
38,train/OKLAHOMA/train_069.jpg,OKLAHOMA,train,train/OKLAHOMA/069.jpg
38,train/OKLAHOMA/train_071.jpg,OKLAHOMA,train,train/OKLAHOMA/071.jpg
38,train/OKLAHOMA/train_074.jpg,OKLAHOMA,train,train/OKLAHOMA/074.jpg
38,train/OKLAHOMA/train_076.jpg,OKLAHOMA,train,train/OKLAHOMA/076.jpg
38,train/OKLAHOMA/train_077.jpg,OKLAHOMA,train,train/OKLAHOMA/077.jpg
38,train/OKLAHOMA/train_080.jpg,OKLAHOMA,train,train/OKLAHOMA/080.jpg
38,train/OKLAHOMA/train_083.jpg,OKLAHOMA,train,train/OKLAHOMA/083.jpg
38,train/OKLAHOMA/train_084.jpg,OKLAHOMA,train,train/OKLAHOMA/084.jpg
38,train/OKLAHOMA/train_085.jpg,OKLAHOMA,train,train/OKLAHOMA/085.jpg
38,train/OKLAHOMA/train_088.jpg,OKLAHOMA,train,train/OKLAHOMA/088.jpg
38,train/OKLAHOMA/train_089.jpg,OKLAHOMA,train,train/OKLAHOMA/089.jpg
38,train/OKLAHOMA/train_092.jpg,OKLAHOMA,train,train/OKLAHOMA/092.jpg
38,train/OKLAHOMA/train_094.jpg,OKLAHOMA,train,train/OKLAHOMA/094.jpg
38,train/OKLAHOMA/train_095.jpg,OKLAHOMA,train,train/OKLAHOMA/095.jpg
38,train/OKLAHOMA/train_096.jpg,OKLAHOMA,train,train/OKLAHOMA/096.jpg
38,train/OKLAHOMA/train_097.jpg,OKLAHOMA,train,train/OKLAHOMA/097.jpg
38,train/OKLAHOMA/train_098.jpg,OKLAHOMA,train,train/OKLAHOMA/098.jpg
38,train/OKLAHOMA/train_099.jpg,OKLAHOMA,train,train/OKLAHOMA/099.jpg
38,train/OKLAHOMA/train_103.jpg,OKLAHOMA,train,train/OKLAHOMA/103.jpg
38,train/OKLAHOMA/train_104.jpg,OKLAHOMA,train,train/OKLAHOMA/104.jpg
38,train/OKLAHOMA/train_105.jpg,OKLAHOMA,train,train/OKLAHOMA/105.jpg
38,train/OKLAHOMA/train_106.jpg,OKLAHOMA,train,train/OKLAHOMA/106.jpg
38,train/OKLAHOMA/train_108.jpg,OKLAHOMA,train,train/OKLAHOMA/108.jpg
38,train/OKLAHOMA/train_109.jpg,OKLAHOMA,train,train/OKLAHOMA/109.jpg
38,train/OKLAHOMA/train_111.jpg,OKLAHOMA,train,train/OKLAHOMA/111.jpg
38,train/OKLAHOMA/train_112.jpg,OKLAHOMA,train,train/OKLAHOMA/112.jpg
38,train/OKLAHOMA/train_114.jpg,OKLAHOMA,train,train/OKLAHOMA/114.jpg
38,train/OKLAHOMA/train_115.jpg,OKLAHOMA,train,train/OKLAHOMA/115.jpg
38,train/OKLAHOMA/train_116.jpg,OKLAHOMA,train,train/OKLAHOMA/116.jpg
38,train/OKLAHOMA/train_117.jpg,OKLAHOMA,train,train/OKLAHOMA/117.jpg
38,train/OKLAHOMA/train_118.jpg,OKLAHOMA,train,train/OKLAHOMA/118.jpg
38,train/OKLAHOMA/train_120.jpg,OKLAHOMA,train,train/OKLAHOMA/120.jpg
38,train/OKLAHOMA/train_122.jpg,OKLAHOMA,train,train/OKLAHOMA/122.jpg
38,train/OKLAHOMA/train_124.jpg,OKLAHOMA,train,train/OKLAHOMA/124.jpg
38,train/OKLAHOMA/train_125.jpg,OKLAHOMA,train,train/OKLAHOMA/125.jpg
38,train/OKLAHOMA/train_126.jpg,OKLAHOMA,train,train/OKLAHOMA/126.jpg
38,train/OKLAHOMA/train_127.jpg,OKLAHOMA,train,train/OKLAHOMA/127.jpg
38,train/OKLAHOMA/train_128.jpg,OKLAHOMA,train,train/OKLAHOMA/128.jpg
38,train/OKLAHOMA/train_129.jpg,OKLAHOMA,train,train/OKLAHOMA/129.jpg
38,train/OKLAHOMA/train_130.jpg,OKLAHOMA,train,train/OKLAHOMA/130.jpg
38,train/OKLAHOMA/train_131.jpg,OKLAHOMA,train,train/OKLAHOMA/131.jpg
38,train/OKLAHOMA/train_132.jpg,OKLAHOMA,train,train/OKLAHOMA/132.jpg
38,train/OKLAHOMA/train_133.jpg,OKLAHOMA,train,train/OKLAHOMA/133.jpg
38,train/OKLAHOMA/train_135.jpg,OKLAHOMA,train,train/OKLAHOMA/135.jpg
38,train/OKLAHOMA/train_136.jpg,OKLAHOMA,train,train/OKLAHOMA/136.jpg
38,train/OKLAHOMA/train_137.jpg,OKLAHOMA,train,train/OKLAHOMA/137.jpg
38,train/OKLAHOMA/train_138.jpg,OKLAHOMA,train,train/OKLAHOMA/138.jpg
38,train/OKLAHOMA/train_139.jpg,OKLAHOMA,train,train/OKLAHOMA/139.jpg
38,train/OKLAHOMA/train_140.jpg,OKLAHOMA,train,train/OKLAHOMA/140.jpg
38,train/OKLAHOMA/train_141.jpg,OKLAHOMA,train,train/OKLAHOMA/141.jpg
38,train/OKLAHOMA/train_144.jpg,OKLAHOMA,train,train/OKLAHOMA/144.jpg
38,train/OKLAHOMA/train_145.jpg,OKLAHOMA,train,train/OKLAHOMA/145.jpg
38,train/OKLAHOMA/train_146.jpg,OKLAHOMA,train,train/OKLAHOMA/146.jpg
38,train/OKLAHOMA/valid_4.jpg,OKLAHOMA,train,valid/OKLAHOMA/4.jpg
38,train/OKLAHOMA/valid_5.jpg,OKLAHOMA,train,valid/OKLAHOMA/5.jpg
39,train/OREGON/test_1.jpg,OREGON,train,test/OREGON/1.jpg
39,train/OREGON/test_2.jpg,OREGON,train,test/OREGON/2.jpg
39,train/OREGON/test_3.jpg,OREGON,train,test/OREGON/3.jpg
39,train/OREGON/test_4.jpg,OREGON,train,test/OREGON/4.jpg
39,train/OREGON/test_5.jpg,OREGON,train,test/OREGON/5.jpg
39,train/OREGON/train_001.jpg,OREGON,train,train/OREGON/001.jpg
39,train/OREGON/train_002.jpg,OREGON,train,train/OREGON/002.jpg
39,train/OREGON/train_003.jpg,OREGON,train,train/OREGON/003.jpg
39,train/OREGON/train_004.jpg,OREGON,train,train/OREGON/004.jpg
39,train/OREGON/train_005.jpg,OREGON,train,train/OREGON/005.jpg
39,train/OREGON/train_007.jpg,OREGON,train,train/OREGON/007.jpg
39,train/OREGON/train_010.jpg,OREGON,train,train/OREGON/010.jpg
39,train/OREGON/train_011.jpg,OREGON,train,train/OREGON/011.jpg
39,train/OREGON/train_013.jpg,OREGON,train,train/OREGON/013.jpg
39,train/OREGON/train_016.jpg,OREGON,train,train/OREGON/016.jpg
39,train/OREGON/train_019.jpg,OREGON,train,train/OREGON/019.jpg
39,train/OREGON/train_020.jpg,OREGON,train,train/OREGON/020.jpg
39,train/OREGON/train_023.jpg,OREGON,train,train/OREGON/023.jpg
39,train/OREGON/train_024.jpg,OREGON,train,train/OREGON/024.jpg
39,train/OREGON/train_026.jpg,OREGON,train,train/OREGON/026.jpg
39,train/OREGON/train_028.jpg,OREGON,train,train/OREGON/028.jpg
39,train/OREGON/train_030.jpg,OREGON,train,train/OREGON/030.jpg
39,train/OREGON/train_031.jpg,OREGON,train,train/OREGON/031.jpg
39,train/OREGON/train_032.jpg,OREGON,train,train/OREGON/032.jpg
39,train/OREGON/train_034.jpg,OREGON,train,train/OREGON/034.jpg
39,train/OREGON/train_035.jpg,OREGON,train,train/OREGON/035.jpg
39,train/OREGON/train_037.jpg,OREGON,train,train/OREGON/037.jpg
39,train/OREGON/train_039.jpg,OREGON,train,train/OREGON/039.jpg
39,train/OREGON/train_041.jpg,OREGON,train,train/OREGON/041.jpg
39,train/OREGON/train_043.jpg,OREGON,train,train/OREGON/043.jpg
39,train/OREGON/train_044.jpg,OREGON,train,train/OREGON/044.jpg
39,train/OREGON/train_045.jpg,OREGON,train,train/OREGON/045.jpg
39,train/OREGON/train_046.jpg,OREGON,train,train/OREGON/046.jpg
39,train/OREGON/train_047.jpg,OREGON,train,train/OREGON/047.jpg
39,train/OREGON/train_048.jpg,OREGON,train,train/OREGON/048.jpg
39,train/OREGON/train_049.jpg,OREGON,train,train/OREGON/049.jpg
39,train/OREGON/train_050.jpg,OREGON,train,train/OREGON/050.jpg
39,train/OREGON/train_051.jpg,OREGON,train,train/OREGON/051.jpg
39,train/OREGON/train_053.jpg,OREGON,train,train/OREGON/053.jpg
39,train/OREGON/train_054.jpg,OREGON,train,train/OREGON/054.jpg
39,train/OREGON/train_055.jpg,OREGON,train,train/OREGON/055.jpg
39,train/OREGON/train_056.jpg,OREGON,train,train/OREGON/056.jpg
39,train/OREGON/train_057.jpg,OREGON,train,train/OREGON/057.jpg
39,train/OREGON/train_058.jpg,OREGON,train,train/OREGON/058.jpg
39,train/OREGON/train_059.jpg,OREGON,train,train/OREGON/059.jpg
39,train/OREGON/train_060.jpg,OREGON,train,train/OREGON/060.jpg
39,train/OREGON/train_061.jpg,OREGON,train,train/OREGON/061.jpg
39,train/OREGON/train_062.jpg,OREGON,train,train/OREGON/062.jpg
39,train/OREGON/train_063.jpg,OREGON,train,train/OREGON/063.jpg
39,train/OREGON/train_064.jpg,OREGON,train,train/OREGON/064.jpg
39,train/OREGON/train_065.jpg,OREGON,train,train/OREGON/065.jpg
39,train/OREGON/train_066.jpg,OREGON,train,train/OREGON/066.jpg
39,train/OREGON/train_067.jpg,OREGON,train,train/OREGON/067.jpg
39,train/OREGON/train_068.jpg,OREGON,train,train/OREGON/068.jpg
39,train/OREGON/train_069.jpg,OREGON,train,train/OREGON/069.jpg
39,train/OREGON/train_070.jpg,OREGON,train,train/OREGON/070.jpg
39,train/OREGON/train_071.jpg,OREGON,train,train/OREGON/071.jpg
39,train/OREGON/train_073.jpg,OREGON,train,train/OREGON/073.jpg
39,train/OREGON/train_077.jpg,OREGON,train,train/OREGON/077.jpg
39,train/OREGON/train_078.jpg,OREGON,train,train/OREGON/078.jpg
39,train/OREGON/train_080.jpg,OREGON,train,train/OREGON/080.jpg
39,train/OREGON/train_081.jpg,OREGON,train,train/OREGON/081.jpg
39,train/OREGON/train_082.jpg,OREGON,train,train/OREGON/082.jpg
39,train/OREGON/train_084.jpg,OREGON,train,train/OREGON/084.jpg
39,train/OREGON/train_085.jpg,OREGON,train,train/OREGON/085.jpg
39,train/OREGON/train_086.jpg,OREGON,train,train/OREGON/086.jpg
39,train/OREGON/train_087.jpg,OREGON,train,train/OREGON/087.jpg
39,train/OREGON/train_088.jpg,OREGON,train,train/OREGON/088.jpg
39,train/OREGON/train_091.jpg,OREGON,train,train/OREGON/091.jpg
39,train/OREGON/train_093.jpg,OREGON,train,train/OREGON/093.jpg
39,train/OREGON/train_094.jpg,OREGON,train,train/OREGON/094.jpg
39,train/OREGON/train_096.jpg,OREGON,train,train/OREGON/096.jpg
39,train/OREGON/train_098.jpg,OREGON,train,train/OREGON/098.jpg
39,train/OREGON/train_099.jpg,OREGON,train,train/OREGON/099.jpg
39,train/OREGON/train_100.jpg,OREGON,train,train/OREGON/100.jpg
39,train/OREGON/train_102.jpg,OREGON,train,train/OREGON/102.jpg
39,train/OREGON/train_104.jpg,OREGON,train,train/OREGON/104.jpg
39,train/OREGON/train_107.jpg,OREGON,train,train/OREGON/107.jpg
39,train/OREGON/train_108.jpg,OREGON,train,train/OREGON/108.jpg
39,train/OREGON/train_109.jpg,OREGON,train,train/OREGON/109.jpg
39,train/OREGON/train_111.jpg,OREGON,train,train/OREGON/111.jpg
39,train/OREGON/train_112.jpg,OREGON,train,train/OREGON/112.jpg
39,train/OREGON/train_113.jpg,OREGON,train,train/OREGON/113.jpg
39,train/OREGON/valid_1.jpg,OREGON,train,valid/OREGON/1.jpg
39,train/OREGON/valid_2.jpg,OREGON,train,valid/OREGON/2.jpg
39,train/OREGON/valid_3.jpg,OREGON,train,valid/OREGON/3.jpg
39,train/OREGON/valid_5.jpg,OREGON,train,valid/OREGON/5.jpg
40,train/PENNSYLVANIA/test_1.jpg,PENNSYLVANIA,train,test/PENNSYLVANIA/1.jpg
40,train/PENNSYLVANIA/test_3.jpg,PENNSYLVANIA,train,test/PENNSYLVANIA/3.jpg
40,train/PENNSYLVANIA/test_4.jpg,PENNSYLVANIA,train,test/PENNSYLVANIA/4.jpg
40,train/PENNSYLVANIA/test_5.jpg,PENNSYLVANIA,train,test/PENNSYLVANIA/5.jpg
40,train/PENNSYLVANIA/train_002.jpg,PENNSYLVANIA,train,train/PENNSYLVANIA/002.jpg
40,train/PENNSYLVANIA/train_004.jpg,PENNSYLVANIA,train,train/PENNSYLVANIA/004.jpg
40,train/PENNSYLVANIA/train_005.jpg,PENNSYLVANIA,train,train/PENNSYLVANIA/005.jpg
40,train/PENNSYLVANIA/train_006.jpg,PENNSYLVANIA,train,train/PENNSYLVANIA/006.jpg
40,train/PENNSYLVANIA/train_007.jpg,PENNSYLVANIA,train,train/PENNSYLVANIA/007.jpg
40,train/PENNSYLVANIA/train_008.jpg,PENNSYLVANIA,train,train/PENNSYLVANIA/008.jpg
40,train/PENNSYLVANIA/train_009.jpg,PENNSYLVANIA,train,train/PENNSYLVANIA/009.jpg
40,train/PENNSYLVANIA/train_010.jpg,PENNSYLVANIA,train,train/PENNSYLVANIA/010.jpg
40,train/PENNSYLVANIA/train_011.jpg,PENNSYLVANIA,train,train/PENNSYLVANIA/011.jpg
40,train/PENNSYLVANIA/train_013.jpg,PENNSYLVANIA,train,train/PENNSYLVANIA/013.jpg
40,train/PENNSYLVANIA/train_014.jpg,PENNSYLVANIA,train,train/PENNSYLVANIA/014.jpg
40,train/PENNSYLVANIA/train_017.jpg,PENNSYLVANIA,train,train/PENNSYLVANIA/017.jpg
40,train/PENNSYLVANIA/train_018.jpg,PENNSYLVANIA,train,train/PENNSYLVANIA/018.jpg
40,train/PENNSYLVANIA/train_020.jpg,PENNSYLVANIA,train,train/PENNSYLVANIA/020.jpg
40,train/PENNSYLVANIA/train_022.jpg,PENNSYLVANIA,train,train/PENNSYLVANIA/022.jpg
40,train/PENNSYLVANIA/train_023.jpg,PENNSYLVANIA,train,train/PENNSYLVANIA/023.jpg
40,train/PENNSYLVANIA/train_025.jpg,PENNSYLVANIA,train,train/PENNSYLVANIA/025.jpg
40,train/PENNSYLVANIA/train_026.jpg,PENNSYLVANIA,train,train/PENNSYLVANIA/026.jpg
40,train/PENNSYLVANIA/train_028.jpg,PENNSYLVANIA,train,train/PENNSYLVANIA/028.jpg
40,train/PENNSYLVANIA/train_030.jpg,PENNSYLVANIA,train,train/PENNSYLVANIA/030.jpg
40,train/PENNSYLVANIA/train_032.jpg,PENNSYLVANIA,train,train/PENNSYLVANIA/032.jpg
40,train/PENNSYLVANIA/train_033.jpg,PENNSYLVANIA,train,train/PENNSYLVANIA/033.jpg
40,train/PENNSYLVANIA/train_035.jpg,PENNSYLVANIA,train,train/PENNSYLVANIA/035.jpg
40,train/PENNSYLVANIA/train_038.jpg,PENNSYLVANIA,train,train/PENNSYLVANIA/038.jpg
40,train/PENNSYLVANIA/train_039.jpg,PENNSYLVANIA,train,train/PENNSYLVANIA/039.jpg
40,train/PENNSYLVANIA/train_040.jpg,PENNSYLVANIA,train,train/PENNSYLVANIA/040.jpg
40,train/PENNSYLVANIA/train_043.jpg,PENNSYLVANIA,train,train/PENNSYLVANIA/043.jpg
40,train/PENNSYLVANIA/train_044.jpg,PENNSYLVANIA,train,train/PENNSYLVANIA/044.jpg
40,train/PENNSYLVANIA/train_045.jpg,PENNSYLVANIA,train,train/PENNSYLVANIA/045.jpg
40,train/PENNSYLVANIA/train_047.jpg,PENNSYLVANIA,train,train/PENNSYLVANIA/047.jpg
40,train/PENNSYLVANIA/train_048.jpg,PENNSYLVANIA,train,train/PENNSYLVANIA/048.jpg
40,train/PENNSYLVANIA/train_049.jpg,PENNSYLVANIA,train,train/PENNSYLVANIA/049.jpg
40,train/PENNSYLVANIA/train_052.jpg,PENNSYLVANIA,train,train/PENNSYLVANIA/052.jpg
40,train/PENNSYLVANIA/train_054.jpg,PENNSYLVANIA,train,train/PENNSYLVANIA/054.jpg
40,train/PENNSYLVANIA/train_055.jpg,PENNSYLVANIA,train,train/PENNSYLVANIA/055.jpg
40,train/PENNSYLVANIA/train_056.jpg,PENNSYLVANIA,train,train/PENNSYLVANIA/056.jpg
40,train/PENNSYLVANIA/train_057.jpg,PENNSYLVANIA,train,train/PENNSYLVANIA/057.jpg
40,train/PENNSYLVANIA/train_058.jpg,PENNSYLVANIA,train,train/PENNSYLVANIA/058.jpg
40,train/PENNSYLVANIA/train_059.jpg,PENNSYLVANIA,train,train/PENNSYLVANIA/059.jpg
40,train/PENNSYLVANIA/train_060.jpg,PENNSYLVANIA,train,train/PENNSYLVANIA/060.jpg
40,train/PENNSYLVANIA/train_061.jpg,PENNSYLVANIA,train,train/PENNSYLVANIA/061.jpg
40,train/PENNSYLVANIA/train_062.jpg,PENNSYLVANIA,train,train/PENNSYLVANIA/062.jpg
40,train/PENNSYLVANIA/train_063.jpg,PENNSYLVANIA,train,train/PENNSYLVANIA/063.jpg
40,train/PENNSYLVANIA/train_066.jpg,PENNSYLVANIA,train,train/PENNSYLVANIA/066.jpg
40,train/PENNSYLVANIA/train_068.jpg,PENNSYLVANIA,train,train/PENNSYLVANIA/068.jpg
40,train/PENNSYLVANIA/train_069.jpg,PENNSYLVANIA,train,train/PENNSYLVANIA/069.jpg
40,train/PENNSYLVANIA/train_070.jpg,PENNSYLVANIA,train,train/PENNSYLVANIA/070.jpg
40,train/PENNSYLVANIA/train_071.jpg,PENNSYLVANIA,train,train/PENNSYLVANIA/071.jpg
40,train/PENNSYLVANIA/train_072.jpg,PENNSYLVANIA,train,train/PENNSYLVANIA/072.jpg
40,train/PENNSYLVANIA/train_073.jpg,PENNSYLVANIA,train,train/PENNSYLVANIA/073.jpg
40,train/PENNSYLVANIA/train_074.jpg,PENNSYLVANIA,train,train/PENNSYLVANIA/074.jpg
40,train/PENNSYLVANIA/train_075.jpg,PENNSYLVANIA,train,train/PENNSYLVANIA/075.jpg
40,train/PENNSYLVANIA/train_078.jpg,PENNSYLVANIA,train,train/PENNSYLVANIA/078.jpg
40,train/PENNSYLVANIA/train_079.jpg,PENNSYLVANIA,train,train/PENNSYLVANIA/079.jpg
40,train/PENNSYLVANIA/train_080.jpg,PENNSYLVANIA,train,train/PENNSYLVANIA/080.jpg
40,train/PENNSYLVANIA/train_082.jpg,PENNSYLVANIA,train,train/PENNSYLVANIA/082.jpg
40,train/PENNSYLVANIA/train_083.jpg,PENNSYLVANIA,train,train/PENNSYLVANIA/083.jpg
40,train/PENNSYLVANIA/train_085.jpg,PENNSYLVANIA,train,train/PENNSYLVANIA/085.jpg
40,train/PENNSYLVANIA/train_086.jpg,PENNSYLVANIA,train,train/PENNSYLVANIA/086.jpg
40,train/PENNSYLVANIA/train_087.jpg,PENNSYLVANIA,train,train/PENNSYLVANIA/087.jpg
40,train/PENNSYLVANIA/train_090.jpg,PENNSYLVANIA,train,train/PENNSYLVANIA/090.jpg
40,train/PENNSYLVANIA/train_091.jpg,PENNSYLVANIA,train,train/PENNSYLVANIA/091.jpg
40,train/PENNSYLVANIA/train_092.jpg,PENNSYLVANIA,train,train/PENNSYLVANIA/092.jpg
40,train/PENNSYLVANIA/train_094.jpg,PENNSYLVANIA,train,train/PENNSYLVANIA/094.jpg
40,train/PENNSYLVANIA/train_095.jpg,PENNSYLVANIA,train,train/PENNSYLVANIA/095.jpg
40,train/PENNSYLVANIA/train_096.jpg,PENNSYLVANIA,train,train/PENNSYLVANIA/096.jpg
40,train/PENNSYLVANIA/train_098.jpg,PENNSYLVANIA,train,train/PENNSYLVANIA/098.jpg
40,train/PENNSYLVANIA/train_099.jpg,PENNSYLVANIA,train,train/PENNSYLVANIA/099.jpg
40,train/PENNSYLVANIA/train_100.jpg,PENNSYLVANIA,train,train/PENNSYLVANIA/100.jpg
40,train/PENNSYLVANIA/train_101.jpg,PENNSYLVANIA,train,train/PENNSYLVANIA/101.jpg
40,train/PENNSYLVANIA/train_102.jpg,PENNSYLVANIA,train,train/PENNSYLVANIA/102.jpg
40,train/PENNSYLVANIA/train_103.jpg,PENNSYLVANIA,train,train/PENNSYLVANIA/103.jpg
40,train/PENNSYLVANIA/train_104.jpg,PENNSYLVANIA,train,train/PENNSYLVANIA/104.jpg
40,train/PENNSYLVANIA/train_105.jpg,PENNSYLVANIA,train,train/PENNSYLVANIA/105.jpg
40,train/PENNSYLVANIA/train_106.jpg,PENNSYLVANIA,train,train/PENNSYLVANIA/106.jpg
40,train/PENNSYLVANIA/train_107.jpg,PENNSYLVANIA,train,train/PENNSYLVANIA/107.jpg
40,train/PENNSYLVANIA/train_108.jpg,PENNSYLVANIA,train,train/PENNSYLVANIA/108.jpg
40,train/PENNSYLVANIA/train_109.jpg,PENNSYLVANIA,train,train/PENNSYLVANIA/109.jpg
40,train/PENNSYLVANIA/train_110.jpg,PENNSYLVANIA,train,train/PENNSYLVANIA/110.jpg
40,train/PENNSYLVANIA/train_113.jpg,PENNSYLVANIA,train,train/PENNSYLVANIA/113.jpg
40,train/PENNSYLVANIA/train_114.jpg,PENNSYLVANIA,train,train/PENNSYLVANIA/114.jpg
40,train/PENNSYLVANIA/train_116.jpg,PENNSYLVANIA,train,train/PENNSYLVANIA/116.jpg
40,train/PENNSYLVANIA/train_117.jpg,PENNSYLVANIA,train,train/PENNSYLVANIA/117.jpg
40,train/PENNSYLVANIA/train_118.jpg,PENNSYLVANIA,train,train/PENNSYLVANIA/118.jpg
40,train/PENNSYLVANIA/train_119.jpg,PENNSYLVANIA,train,train/PENNSYLVANIA/119.jpg
40,train/PENNSYLVANIA/train_120.jpg,PENNSYLVANIA,train,train/PENNSYLVANIA/120.jpg
40,train/PENNSYLVANIA/train_124.jpg,PENNSYLVANIA,train,train/PENNSYLVANIA/124.jpg
40,train/PENNSYLVANIA/train_128.jpg,PENNSYLVANIA,train,train/PENNSYLVANIA/128.jpg
40,train/PENNSYLVANIA/train_129.jpg,PENNSYLVANIA,train,train/PENNSYLVANIA/129.jpg
40,train/PENNSYLVANIA/train_130.jpg,PENNSYLVANIA,train,train/PENNSYLVANIA/130.jpg
40,train/PENNSYLVANIA/train_131.jpg,PENNSYLVANIA,train,train/PENNSYLVANIA/131.jpg
40,train/PENNSYLVANIA/train_132.jpg,PENNSYLVANIA,train,train/PENNSYLVANIA/132.jpg
40,train/PENNSYLVANIA/train_134.jpg,PENNSYLVANIA,train,train/PENNSYLVANIA/134.jpg
40,train/PENNSYLVANIA/train_136.jpg,PENNSYLVANIA,train,train/PENNSYLVANIA/136.jpg
40,train/PENNSYLVANIA/train_137.jpg,PENNSYLVANIA,train,train/PENNSYLVANIA/137.jpg
40,train/PENNSYLVANIA/train_138.jpg,PENNSYLVANIA,train,train/PENNSYLVANIA/138.jpg
40,train/PENNSYLVANIA/train_139.jpg,PENNSYLVANIA,train,train/PENNSYLVANIA/139.jpg
40,train/PENNSYLVANIA/train_141.jpg,PENNSYLVANIA,train,train/PENNSYLVANIA/141.jpg
40,train/PENNSYLVANIA/valid_1.jpg,PENNSYLVANIA,train,valid/PENNSYLVANIA/1.jpg
40,train/PENNSYLVANIA/valid_2.jpg,PENNSYLVANIA,train,valid/PENNSYLVANIA/2.jpg
40,train/PENNSYLVANIA/valid_3.jpg,PENNSYLVANIA,train,valid/PENNSYLVANIA/3.jpg
41,train/PUERTO RICO/test_2.jpg,PUERTO RICO,train,test/PUERTO RICO/2.jpg
41,train/PUERTO RICO/test_4.jpg,PUERTO RICO,train,test/PUERTO RICO/4.jpg
41,train/PUERTO RICO/train_001.jpg,PUERTO RICO,train,train/PUERTO RICO/001.jpg
41,train/PUERTO RICO/train_002.jpg,PUERTO RICO,train,train/PUERTO RICO/002.jpg
41,train/PUERTO RICO/train_004.jpg,PUERTO RICO,train,train/PUERTO RICO/004.jpg
41,train/PUERTO RICO/train_005.jpg,PUERTO RICO,train,train/PUERTO RICO/005.jpg
41,train/PUERTO RICO/train_006.jpg,PUERTO RICO,train,train/PUERTO RICO/006.jpg
41,train/PUERTO RICO/train_007.jpg,PUERTO RICO,train,train/PUERTO RICO/007.jpg
41,train/PUERTO RICO/train_008.jpg,PUERTO RICO,train,train/PUERTO RICO/008.jpg
41,train/PUERTO RICO/train_010.jpg,PUERTO RICO,train,train/PUERTO RICO/010.jpg
41,train/PUERTO RICO/train_011.jpg,PUERTO RICO,train,train/PUERTO RICO/011.jpg
41,train/PUERTO RICO/train_012.jpg,PUERTO RICO,train,train/PUERTO RICO/012.jpg
41,train/PUERTO RICO/train_013.jpg,PUERTO RICO,train,train/PUERTO RICO/013.jpg
41,train/PUERTO RICO/train_017.jpg,PUERTO RICO,train,train/PUERTO RICO/017.jpg
41,train/PUERTO RICO/train_018.jpg,PUERTO RICO,train,train/PUERTO RICO/018.jpg
41,train/PUERTO RICO/train_019.jpg,PUERTO RICO,train,train/PUERTO RICO/019.jpg
41,train/PUERTO RICO/train_020.jpg,PUERTO RICO,train,train/PUERTO RICO/020.jpg
41,train/PUERTO RICO/train_023.jpg,PUERTO RICO,train,train/PUERTO RICO/023.jpg
41,train/PUERTO RICO/train_024.jpg,PUERTO RICO,train,train/PUERTO RICO/024.jpg
41,train/PUERTO RICO/train_025.jpg,PUERTO RICO,train,train/PUERTO RICO/025.jpg
41,train/PUERTO RICO/train_026.jpg,PUERTO RICO,train,train/PUERTO RICO/026.jpg
41,train/PUERTO RICO/train_027.jpg,PUERTO RICO,train,train/PUERTO RICO/027.jpg
41,train/PUERTO RICO/train_028.jpg,PUERTO RICO,train,train/PUERTO RICO/028.jpg
41,train/PUERTO RICO/train_029.jpg,PUERTO RICO,train,train/PUERTO RICO/029.jpg
41,train/PUERTO RICO/train_031.jpg,PUERTO RICO,train,train/PUERTO RICO/031.jpg
41,train/PUERTO RICO/train_032.jpg,PUERTO RICO,train,train/PUERTO RICO/032.jpg
41,train/PUERTO RICO/train_033.jpg,PUERTO RICO,train,train/PUERTO RICO/033.jpg
41,train/PUERTO RICO/train_036.jpg,PUERTO RICO,train,train/PUERTO RICO/036.jpg
41,train/PUERTO RICO/train_038.jpg,PUERTO RICO,train,train/PUERTO RICO/038.jpg
41,train/PUERTO RICO/train_040.jpg,PUERTO RICO,train,train/PUERTO RICO/040.jpg
41,train/PUERTO RICO/train_041.jpg,PUERTO RICO,train,train/PUERTO RICO/041.jpg
41,train/PUERTO RICO/train_042.jpg,PUERTO RICO,train,train/PUERTO RICO/042.jpg
41,train/PUERTO RICO/train_043.jpg,PUERTO RICO,train,train/PUERTO RICO/043.jpg
41,train/PUERTO RICO/train_044.jpg,PUERTO RICO,train,train/PUERTO RICO/044.jpg
41,train/PUERTO RICO/train_045.jpg,PUERTO RICO,train,train/PUERTO RICO/045.jpg
41,train/PUERTO RICO/train_047.jpg,PUERTO RICO,train,train/PUERTO RICO/047.jpg
41,train/PUERTO RICO/train_050.jpg,PUERTO RICO,train,train/PUERTO RICO/050.jpg
41,train/PUERTO RICO/train_051.jpg,PUERTO RICO,train,train/PUERTO RICO/051.jpg
41,train/PUERTO RICO/train_052.jpg,PUERTO RICO,train,train/PUERTO RICO/052.jpg
41,train/PUERTO RICO/train_053.jpg,PUERTO RICO,train,train/PUERTO RICO/053.jpg
41,train/PUERTO RICO/train_054.jpg,PUERTO RICO,train,train/PUERTO RICO/054.jpg
41,train/PUERTO RICO/train_057.jpg,PUERTO RICO,train,train/PUERTO RICO/057.jpg
41,train/PUERTO RICO/train_058.jpg,PUERTO RICO,train,train/PUERTO RICO/058.jpg
41,train/PUERTO RICO/train_059.jpg,PUERTO RICO,train,train/PUERTO RICO/059.jpg
41,train/PUERTO RICO/train_060.jpg,PUERTO RICO,train,train/PUERTO RICO/060.jpg
41,train/PUERTO RICO/train_064.jpg,PUERTO RICO,train,train/PUERTO RICO/064.jpg
41,train/PUERTO RICO/train_065.jpg,PUERTO RICO,train,train/PUERTO RICO/065.jpg
41,train/PUERTO RICO/train_066.jpg,PUERTO RICO,train,train/PUERTO RICO/066.jpg
41,train/PUERTO RICO/train_068.jpg,PUERTO RICO,train,train/PUERTO RICO/068.jpg
41,train/PUERTO RICO/train_069.jpg,PUERTO RICO,train,train/PUERTO RICO/069.jpg
41,train/PUERTO RICO/train_070.jpg,PUERTO RICO,train,train/PUERTO RICO/070.jpg
41,train/PUERTO RICO/train_071.jpg,PUERTO RICO,train,train/PUERTO RICO/071.jpg
41,train/PUERTO RICO/train_072.jpg,PUERTO RICO,train,train/PUERTO RICO/072.jpg
41,train/PUERTO RICO/train_073.jpg,PUERTO RICO,train,train/PUERTO RICO/073.jpg
41,train/PUERTO RICO/train_074.jpg,PUERTO RICO,train,train/PUERTO RICO/074.jpg
41,train/PUERTO RICO/train_075.jpg,PUERTO RICO,train,train/PUERTO RICO/075.jpg
41,train/PUERTO RICO/train_076.jpg,PUERTO RICO,train,train/PUERTO RICO/076.jpg
41,train/PUERTO RICO/train_078.jpg,PUERTO RICO,train,train/PUERTO RICO/078.jpg
41,train/PUERTO RICO/train_079.jpg,PUERTO RICO,train,train/PUERTO RICO/079.jpg
41,train/PUERTO RICO/train_081.jpg,PUERTO RICO,train,train/PUERTO RICO/081.jpg
41,train/PUERTO RICO/train_082.jpg,PUERTO RICO,train,train/PUERTO RICO/082.jpg
41,train/PUERTO RICO/train_083.jpg,PUERTO RICO,train,train/PUERTO RICO/083.jpg
41,train/PUERTO RICO/train_085.jpg,PUERTO RICO,train,train/PUERTO RICO/085.jpg
41,train/PUERTO RICO/train_086.jpg,PUERTO RICO,train,train/PUERTO RICO/086.jpg
41,train/PUERTO RICO/train_088.jpg,PUERTO RICO,train,train/PUERTO RICO/088.jpg
41,train/PUERTO RICO/train_089.jpg,PUERTO RICO,train,train/PUERTO RICO/089.jpg
41,train/PUERTO RICO/train_090.jpg,PUERTO RICO,train,train/PUERTO RICO/090.jpg
41,train/PUERTO RICO/train_091.jpg,PUERTO RICO,train,train/PUERTO RICO/091.jpg
41,train/PUERTO RICO/train_092.jpg,PUERTO RICO,train,train/PUERTO RICO/092.jpg
41,train/PUERTO RICO/train_093.jpg,PUERTO RICO,train,train/PUERTO RICO/093.jpg
41,train/PUERTO RICO/train_096.jpg,PUERTO RICO,train,train/PUERTO RICO/096.jpg
41,train/PUERTO RICO/train_097.jpg,PUERTO RICO,train,train/PUERTO RICO/097.jpg
41,train/PUERTO RICO/train_098.jpg,PUERTO RICO,train,train/PUERTO RICO/098.jpg
41,train/PUERTO RICO/train_099.jpg,PUERTO RICO,train,train/PUERTO RICO/099.jpg
41,train/PUERTO RICO/train_101.jpg,PUERTO RICO,train,train/PUERTO RICO/101.jpg
41,train/PUERTO RICO/train_102.jpg,PUERTO RICO,train,train/PUERTO RICO/102.jpg
41,train/PUERTO RICO/train_104.jpg,PUERTO RICO,train,train/PUERTO RICO/104.jpg
41,train/PUERTO RICO/train_106.jpg,PUERTO RICO,train,train/PUERTO RICO/106.jpg
41,train/PUERTO RICO/train_108.jpg,PUERTO RICO,train,train/PUERTO RICO/108.jpg
41,train/PUERTO RICO/train_109.jpg,PUERTO RICO,train,train/PUERTO RICO/109.jpg
41,train/PUERTO RICO/train_110.jpg,PUERTO RICO,train,train/PUERTO RICO/110.jpg
41,train/PUERTO RICO/train_111.jpg,PUERTO RICO,train,train/PUERTO RICO/111.jpg
41,train/PUERTO RICO/train_113.jpg,PUERTO RICO,train,train/PUERTO RICO/113.jpg
41,train/PUERTO RICO/train_115.jpg,PUERTO RICO,train,train/PUERTO RICO/115.jpg
41,train/PUERTO RICO/train_116.jpg,PUERTO RICO,train,train/PUERTO RICO/116.jpg
41,train/PUERTO RICO/train_118.jpg,PUERTO RICO,train,train/PUERTO RICO/118.jpg
41,train/PUERTO RICO/train_119.jpg,PUERTO RICO,train,train/PUERTO RICO/119.jpg
41,train/PUERTO RICO/train_123.jpg,PUERTO RICO,train,train/PUERTO RICO/123.jpg
41,train/PUERTO RICO/train_124.jpg,PUERTO RICO,train,train/PUERTO RICO/124.jpg
41,train/PUERTO RICO/train_125.jpg,PUERTO RICO,train,train/PUERTO RICO/125.jpg
41,train/PUERTO RICO/train_127.jpg,PUERTO RICO,train,train/PUERTO RICO/127.jpg
41,train/PUERTO RICO/train_128.jpg,PUERTO RICO,train,train/PUERTO RICO/128.jpg
41,train/PUERTO RICO/train_129.jpg,PUERTO RICO,train,train/PUERTO RICO/129.jpg
41,train/PUERTO RICO/train_130.jpg,PUERTO RICO,train,train/PUERTO RICO/130.jpg
41,train/PUERTO RICO/train_132.jpg,PUERTO RICO,train,train/PUERTO RICO/132.jpg
41,train/PUERTO RICO/train_133.jpg,PUERTO RICO,train,train/PUERTO RICO/133.jpg
41,train/PUERTO RICO/train_134.jpg,PUERTO RICO,train,train/PUERTO RICO/134.jpg
41,train/PUERTO RICO/train_135.jpg,PUERTO RICO,train,train/PUERTO RICO/135.jpg
41,train/PUERTO RICO/train_136.jpg,PUERTO RICO,train,train/PUERTO RICO/136.jpg
41,train/PUERTO RICO/train_137.jpg,PUERTO RICO,train,train/PUERTO RICO/137.jpg
41,train/PUERTO RICO/train_138.jpg,PUERTO RICO,train,train/PUERTO RICO/138.jpg
41,train/PUERTO RICO/train_139.jpg,PUERTO RICO,train,train/PUERTO RICO/139.jpg
41,train/PUERTO RICO/train_140.jpg,PUERTO RICO,train,train/PUERTO RICO/140.jpg
41,train/PUERTO RICO/train_141.jpg,PUERTO RICO,train,train/PUERTO RICO/141.jpg
41,train/PUERTO RICO/train_142.jpg,PUERTO RICO,train,train/PUERTO RICO/142.jpg
41,train/PUERTO RICO/train_143.jpg,PUERTO RICO,train,train/PUERTO RICO/143.jpg
41,train/PUERTO RICO/valid_3.jpg,PUERTO RICO,train,valid/PUERTO RICO/3.jpg
41,train/PUERTO RICO/valid_5.jpg,PUERTO RICO,train,valid/PUERTO RICO/5.jpg
42,train/RHODE ISLAND/test_1.jpg,RHODE ISLAND,train,test/RHODE ISLAND/1.jpg
42,train/RHODE ISLAND/test_2.jpg,RHODE ISLAND,train,test/RHODE ISLAND/2.jpg
42,train/RHODE ISLAND/test_4.jpg,RHODE ISLAND,train,test/RHODE ISLAND/4.jpg
42,train/RHODE ISLAND/test_5.jpg,RHODE ISLAND,train,test/RHODE ISLAND/5.jpg
42,train/RHODE ISLAND/train_001.jpg,RHODE ISLAND,train,train/RHODE ISLAND/001.jpg
42,train/RHODE ISLAND/train_003.jpg,RHODE ISLAND,train,train/RHODE ISLAND/003.jpg
42,train/RHODE ISLAND/train_004.jpg,RHODE ISLAND,train,train/RHODE ISLAND/004.jpg
42,train/RHODE ISLAND/train_005.jpg,RHODE ISLAND,train,train/RHODE ISLAND/005.jpg
42,train/RHODE ISLAND/train_006.jpg,RHODE ISLAND,train,train/RHODE ISLAND/006.jpg
42,train/RHODE ISLAND/train_008.jpg,RHODE ISLAND,train,train/RHODE ISLAND/008.jpg
42,train/RHODE ISLAND/train_009.jpg,RHODE ISLAND,train,train/RHODE ISLAND/009.jpg
42,train/RHODE ISLAND/train_011.jpg,RHODE ISLAND,train,train/RHODE ISLAND/011.jpg
42,train/RHODE ISLAND/train_012.jpg,RHODE ISLAND,train,train/RHODE ISLAND/012.jpg
42,train/RHODE ISLAND/train_015.jpg,RHODE ISLAND,train,train/RHODE ISLAND/015.jpg
42,train/RHODE ISLAND/train_016.jpg,RHODE ISLAND,train,train/RHODE ISLAND/016.jpg
42,train/RHODE ISLAND/train_017.jpg,RHODE ISLAND,train,train/RHODE ISLAND/017.jpg
42,train/RHODE ISLAND/train_018.jpg,RHODE ISLAND,train,train/RHODE ISLAND/018.jpg
42,train/RHODE ISLAND/train_019.jpg,RHODE ISLAND,train,train/RHODE ISLAND/019.jpg
42,train/RHODE ISLAND/train_020.jpg,RHODE ISLAND,train,train/RHODE ISLAND/020.jpg
42,train/RHODE ISLAND/train_021.jpg,RHODE ISLAND,train,train/RHODE ISLAND/021.jpg
42,train/RHODE ISLAND/train_022.jpg,RHODE ISLAND,train,train/RHODE ISLAND/022.jpg
42,train/RHODE ISLAND/train_023.jpg,RHODE ISLAND,train,train/RHODE ISLAND/023.jpg
42,train/RHODE ISLAND/train_026.jpg,RHODE ISLAND,train,train/RHODE ISLAND/026.jpg
42,train/RHODE ISLAND/train_027.jpg,RHODE ISLAND,train,train/RHODE ISLAND/027.jpg
42,train/RHODE ISLAND/train_029.jpg,RHODE ISLAND,train,train/RHODE ISLAND/029.jpg
42,train/RHODE ISLAND/train_032.jpg,RHODE ISLAND,train,train/RHODE ISLAND/032.jpg
42,train/RHODE ISLAND/train_034.jpg,RHODE ISLAND,train,train/RHODE ISLAND/034.jpg
42,train/RHODE ISLAND/train_039.jpg,RHODE ISLAND,train,train/RHODE ISLAND/039.jpg
42,train/RHODE ISLAND/train_040.jpg,RHODE ISLAND,train,train/RHODE ISLAND/040.jpg
42,train/RHODE ISLAND/train_042.jpg,RHODE ISLAND,train,train/RHODE ISLAND/042.jpg
42,train/RHODE ISLAND/train_044.jpg,RHODE ISLAND,train,train/RHODE ISLAND/044.jpg
42,train/RHODE ISLAND/train_045.jpg,RHODE ISLAND,train,train/RHODE ISLAND/045.jpg
42,train/RHODE ISLAND/train_048.jpg,RHODE ISLAND,train,train/RHODE ISLAND/048.jpg
42,train/RHODE ISLAND/train_049.jpg,RHODE ISLAND,train,train/RHODE ISLAND/049.jpg
42,train/RHODE ISLAND/train_050.jpg,RHODE ISLAND,train,train/RHODE ISLAND/050.jpg
42,train/RHODE ISLAND/train_052.jpg,RHODE ISLAND,train,train/RHODE ISLAND/052.jpg
42,train/RHODE ISLAND/train_053.jpg,RHODE ISLAND,train,train/RHODE ISLAND/053.jpg
42,train/RHODE ISLAND/train_054.jpg,RHODE ISLAND,train,train/RHODE ISLAND/054.jpg
42,train/RHODE ISLAND/train_055.jpg,RHODE ISLAND,train,train/RHODE ISLAND/055.jpg
42,train/RHODE ISLAND/train_057.jpg,RHODE ISLAND,train,train/RHODE ISLAND/057.jpg
42,train/RHODE ISLAND/train_058.jpg,RHODE ISLAND,train,train/RHODE ISLAND/058.jpg
42,train/RHODE ISLAND/train_059.jpg,RHODE ISLAND,train,train/RHODE ISLAND/059.jpg
42,train/RHODE ISLAND/train_060.jpg,RHODE ISLAND,train,train/RHODE ISLAND/060.jpg
42,train/RHODE ISLAND/train_062.jpg,RHODE ISLAND,train,train/RHODE ISLAND/062.jpg
42,train/RHODE ISLAND/train_063.jpg,RHODE ISLAND,train,train/RHODE ISLAND/063.jpg
42,train/RHODE ISLAND/train_064.jpg,RHODE ISLAND,train,train/RHODE ISLAND/064.jpg
42,train/RHODE ISLAND/train_065.jpg,RHODE ISLAND,train,train/RHODE ISLAND/065.jpg
42,train/RHODE ISLAND/train_067.jpg,RHODE ISLAND,train,train/RHODE ISLAND/067.jpg
42,train/RHODE ISLAND/train_068.jpg,RHODE ISLAND,train,train/RHODE ISLAND/068.jpg
42,train/RHODE ISLAND/train_070.jpg,RHODE ISLAND,train,train/RHODE ISLAND/070.jpg
42,train/RHODE ISLAND/train_071.jpg,RHODE ISLAND,train,train/RHODE ISLAND/071.jpg
42,train/RHODE ISLAND/train_073.jpg,RHODE ISLAND,train,train/RHODE ISLAND/073.jpg
42,train/RHODE ISLAND/train_074.jpg,RHODE ISLAND,train,train/RHODE ISLAND/074.jpg
42,train/RHODE ISLAND/train_075.jpg,RHODE ISLAND,train,train/RHODE ISLAND/075.jpg
42,train/RHODE ISLAND/train_078.jpg,RHODE ISLAND,train,train/RHODE ISLAND/078.jpg
42,train/RHODE ISLAND/train_079.jpg,RHODE ISLAND,train,train/RHODE ISLAND/079.jpg
42,train/RHODE ISLAND/train_081.jpg,RHODE ISLAND,train,train/RHODE ISLAND/081.jpg
42,train/RHODE ISLAND/train_083.jpg,RHODE ISLAND,train,train/RHODE ISLAND/083.jpg
42,train/RHODE ISLAND/train_084.jpg,RHODE ISLAND,train,train/RHODE ISLAND/084.jpg
42,train/RHODE ISLAND/train_087.jpg,RHODE ISLAND,train,train/RHODE ISLAND/087.jpg
42,train/RHODE ISLAND/train_088.jpg,RHODE ISLAND,train,train/RHODE ISLAND/088.jpg
42,train/RHODE ISLAND/train_089.jpg,RHODE ISLAND,train,train/RHODE ISLAND/089.jpg
42,train/RHODE ISLAND/train_090.jpg,RHODE ISLAND,train,train/RHODE ISLAND/090.jpg
42,train/RHODE ISLAND/train_091.jpg,RHODE ISLAND,train,train/RHODE ISLAND/091.jpg
42,train/RHODE ISLAND/train_092.jpg,RHODE ISLAND,train,train/RHODE ISLAND/092.jpg
42,train/RHODE ISLAND/train_093.jpg,RHODE ISLAND,train,train/RHODE ISLAND/093.jpg
42,train/RHODE ISLAND/train_095.jpg,RHODE ISLAND,train,train/RHODE ISLAND/095.jpg
42,train/RHODE ISLAND/train_096.jpg,RHODE ISLAND,train,train/RHODE ISLAND/096.jpg
42,train/RHODE ISLAND/train_098.jpg,RHODE ISLAND,train,train/RHODE ISLAND/098.jpg
42,train/RHODE ISLAND/train_099.jpg,RHODE ISLAND,train,train/RHODE ISLAND/099.jpg
42,train/RHODE ISLAND/train_100.jpg,RHODE ISLAND,train,train/RHODE ISLAND/100.jpg
42,train/RHODE ISLAND/train_101.jpg,RHODE ISLAND,train,train/RHODE ISLAND/101.jpg
42,train/RHODE ISLAND/train_102.jpg,RHODE ISLAND,train,train/RHODE ISLAND/102.jpg
42,train/RHODE ISLAND/train_103.jpg,RHODE ISLAND,train,train/RHODE ISLAND/103.jpg
42,train/RHODE ISLAND/train_104.jpg,RHODE ISLAND,train,train/RHODE ISLAND/104.jpg
42,train/RHODE ISLAND/train_105.jpg,RHODE ISLAND,train,train/RHODE ISLAND/105.jpg
42,train/RHODE ISLAND/train_106.jpg,RHODE ISLAND,train,train/RHODE ISLAND/106.jpg
42,train/RHODE ISLAND/train_107.jpg,RHODE ISLAND,train,train/RHODE ISLAND/107.jpg
42,train/RHODE ISLAND/train_111.jpg,RHODE ISLAND,train,train/RHODE ISLAND/111.jpg
42,train/RHODE ISLAND/train_112.jpg,RHODE ISLAND,train,train/RHODE ISLAND/112.jpg
42,train/RHODE ISLAND/train_113.jpg,RHODE ISLAND,train,train/RHODE ISLAND/113.jpg
42,train/RHODE ISLAND/train_114.jpg,RHODE ISLAND,train,train/RHODE ISLAND/114.jpg
42,train/RHODE ISLAND/train_115.jpg,RHODE ISLAND,train,train/RHODE ISLAND/115.jpg
42,train/RHODE ISLAND/train_117.jpg,RHODE ISLAND,train,train/RHODE ISLAND/117.jpg
42,train/RHODE ISLAND/train_118.jpg,RHODE ISLAND,train,train/RHODE ISLAND/118.jpg
42,train/RHODE ISLAND/train_119.jpg,RHODE ISLAND,train,train/RHODE ISLAND/119.jpg
42,train/RHODE ISLAND/train_122.jpg,RHODE ISLAND,train,train/RHODE ISLAND/122.jpg
42,train/RHODE ISLAND/train_123.jpg,RHODE ISLAND,train,train/RHODE ISLAND/123.jpg
42,train/RHODE ISLAND/train_124.jpg,RHODE ISLAND,train,train/RHODE ISLAND/124.jpg
42,train/RHODE ISLAND/train_126.jpg,RHODE ISLAND,train,train/RHODE ISLAND/126.jpg
42,train/RHODE ISLAND/train_127.jpg,RHODE ISLAND,train,train/RHODE ISLAND/127.jpg
42,train/RHODE ISLAND/train_128.jpg,RHODE ISLAND,train,train/RHODE ISLAND/128.jpg
42,train/RHODE ISLAND/train_130.jpg,RHODE ISLAND,train,train/RHODE ISLAND/130.jpg
42,train/RHODE ISLAND/train_132.jpg,RHODE ISLAND,train,train/RHODE ISLAND/132.jpg
42,train/RHODE ISLAND/train_133.jpg,RHODE ISLAND,train,train/RHODE ISLAND/133.jpg
42,train/RHODE ISLAND/train_134.jpg,RHODE ISLAND,train,train/RHODE ISLAND/134.jpg
42,train/RHODE ISLAND/train_135.jpg,RHODE ISLAND,train,train/RHODE ISLAND/135.jpg
42,train/RHODE ISLAND/train_136.jpg,RHODE ISLAND,train,train/RHODE ISLAND/136.jpg
42,train/RHODE ISLAND/train_137.jpg,RHODE ISLAND,train,train/RHODE ISLAND/137.jpg
42,train/RHODE ISLAND/train_139.jpg,RHODE ISLAND,train,train/RHODE ISLAND/139.jpg
42,train/RHODE ISLAND/train_141.jpg,RHODE ISLAND,train,train/RHODE ISLAND/141.jpg
42,train/RHODE ISLAND/train_143.jpg,RHODE ISLAND,train,train/RHODE ISLAND/143.jpg
42,train/RHODE ISLAND/train_144.jpg,RHODE ISLAND,train,train/RHODE ISLAND/144.jpg
42,train/RHODE ISLAND/train_145.jpg,RHODE ISLAND,train,train/RHODE ISLAND/145.jpg
42,train/RHODE ISLAND/train_146.jpg,RHODE ISLAND,train,train/RHODE ISLAND/146.jpg
42,train/RHODE ISLAND/train_147.jpg,RHODE ISLAND,train,train/RHODE ISLAND/147.jpg
42,train/RHODE ISLAND/train_148.jpg,RHODE ISLAND,train,train/RHODE ISLAND/148.jpg
42,train/RHODE ISLAND/train_150.jpg,RHODE ISLAND,train,train/RHODE ISLAND/150.jpg
42,train/RHODE ISLAND/train_152.jpg,RHODE ISLAND,train,train/RHODE ISLAND/152.jpg
42,train/RHODE ISLAND/train_153.jpg,RHODE ISLAND,train,train/RHODE ISLAND/153.jpg
42,train/RHODE ISLAND/train_154.jpg,RHODE ISLAND,train,train/RHODE ISLAND/154.jpg
42,train/RHODE ISLAND/train_155.jpg,RHODE ISLAND,train,train/RHODE ISLAND/155.jpg
42,train/RHODE ISLAND/train_156.jpg,RHODE ISLAND,train,train/RHODE ISLAND/156.jpg
42,train/RHODE ISLAND/train_157.jpg,RHODE ISLAND,train,train/RHODE ISLAND/157.jpg
42,train/RHODE ISLAND/valid_2.jpg,RHODE ISLAND,train,valid/RHODE ISLAND/2.jpg
42,train/RHODE ISLAND/valid_4.jpg,RHODE ISLAND,train,valid/RHODE ISLAND/4.jpg
42,train/RHODE ISLAND/valid_5.jpg,RHODE ISLAND,train,valid/RHODE ISLAND/5.jpg
43,train/SOUTH CAROLINA/test_1.jpg,SOUTH CAROLINA,train,test/SOUTH CAROLINA/1.jpg
43,train/SOUTH CAROLINA/test_5.jpg,SOUTH CAROLINA,train,test/SOUTH CAROLINA/5.jpg
43,train/SOUTH CAROLINA/train_001.jpg,SOUTH CAROLINA,train,train/SOUTH CAROLINA/001.jpg
43,train/SOUTH CAROLINA/train_003.jpg,SOUTH CAROLINA,train,train/SOUTH CAROLINA/003.jpg
43,train/SOUTH CAROLINA/train_005.jpg,SOUTH CAROLINA,train,train/SOUTH CAROLINA/005.jpg
43,train/SOUTH CAROLINA/train_006.jpg,SOUTH CAROLINA,train,train/SOUTH CAROLINA/006.jpg
43,train/SOUTH CAROLINA/train_008.jpg,SOUTH CAROLINA,train,train/SOUTH CAROLINA/008.jpg
43,train/SOUTH CAROLINA/train_009.jpg,SOUTH CAROLINA,train,train/SOUTH CAROLINA/009.jpg
43,train/SOUTH CAROLINA/train_010.jpg,SOUTH CAROLINA,train,train/SOUTH CAROLINA/010.jpg
43,train/SOUTH CAROLINA/train_012.jpg,SOUTH CAROLINA,train,train/SOUTH CAROLINA/012.jpg
43,train/SOUTH CAROLINA/train_014.jpg,SOUTH CAROLINA,train,train/SOUTH CAROLINA/014.jpg
43,train/SOUTH CAROLINA/train_015.jpg,SOUTH CAROLINA,train,train/SOUTH CAROLINA/015.jpg
43,train/SOUTH CAROLINA/train_018.jpg,SOUTH CAROLINA,train,train/SOUTH CAROLINA/018.jpg
43,train/SOUTH CAROLINA/train_019.jpg,SOUTH CAROLINA,train,train/SOUTH CAROLINA/019.jpg
43,train/SOUTH CAROLINA/train_020.jpg,SOUTH CAROLINA,train,train/SOUTH CAROLINA/020.jpg
43,train/SOUTH CAROLINA/train_022.jpg,SOUTH CAROLINA,train,train/SOUTH CAROLINA/022.jpg
43,train/SOUTH CAROLINA/train_023.jpg,SOUTH CAROLINA,train,train/SOUTH CAROLINA/023.jpg
43,train/SOUTH CAROLINA/train_024.jpg,SOUTH CAROLINA,train,train/SOUTH CAROLINA/024.jpg
43,train/SOUTH CAROLINA/train_025.jpg,SOUTH CAROLINA,train,train/SOUTH CAROLINA/025.jpg
43,train/SOUTH CAROLINA/train_026.jpg,SOUTH CAROLINA,train,train/SOUTH CAROLINA/026.jpg
43,train/SOUTH CAROLINA/train_028.jpg,SOUTH CAROLINA,train,train/SOUTH CAROLINA/028.jpg
43,train/SOUTH CAROLINA/train_029.jpg,SOUTH CAROLINA,train,train/SOUTH CAROLINA/029.jpg
43,train/SOUTH CAROLINA/train_031.jpg,SOUTH CAROLINA,train,train/SOUTH CAROLINA/031.jpg
43,train/SOUTH CAROLINA/train_034.jpg,SOUTH CAROLINA,train,train/SOUTH CAROLINA/034.jpg
43,train/SOUTH CAROLINA/train_035.jpg,SOUTH CAROLINA,train,train/SOUTH CAROLINA/035.jpg
43,train/SOUTH CAROLINA/train_036.jpg,SOUTH CAROLINA,train,train/SOUTH CAROLINA/036.jpg
43,train/SOUTH CAROLINA/train_037.jpg,SOUTH CAROLINA,train,train/SOUTH CAROLINA/037.jpg
43,train/SOUTH CAROLINA/train_038.jpg,SOUTH CAROLINA,train,train/SOUTH CAROLINA/038.jpg
43,train/SOUTH CAROLINA/train_039.jpg,SOUTH CAROLINA,train,train/SOUTH CAROLINA/039.jpg
43,train/SOUTH CAROLINA/train_040.jpg,SOUTH CAROLINA,train,train/SOUTH CAROLINA/040.jpg
43,train/SOUTH CAROLINA/train_042.jpg,SOUTH CAROLINA,train,train/SOUTH CAROLINA/042.jpg
43,train/SOUTH CAROLINA/train_043.jpg,SOUTH CAROLINA,train,train/SOUTH CAROLINA/043.jpg
43,train/SOUTH CAROLINA/train_044.jpg,SOUTH CAROLINA,train,train/SOUTH CAROLINA/044.jpg
43,train/SOUTH CAROLINA/train_045.jpg,SOUTH CAROLINA,train,train/SOUTH CAROLINA/045.jpg
43,train/SOUTH CAROLINA/train_046.jpg,SOUTH CAROLINA,train,train/SOUTH CAROLINA/046.jpg
43,train/SOUTH CAROLINA/train_048.jpg,SOUTH CAROLINA,train,train/SOUTH CAROLINA/048.jpg
43,train/SOUTH CAROLINA/train_053.jpg,SOUTH CAROLINA,train,train/SOUTH CAROLINA/053.jpg
43,train/SOUTH CAROLINA/train_054.jpg,SOUTH CAROLINA,train,train/SOUTH CAROLINA/054.jpg
43,train/SOUTH CAROLINA/train_055.jpg,SOUTH CAROLINA,train,train/SOUTH CAROLINA/055.jpg
43,train/SOUTH CAROLINA/train_056.jpg,SOUTH CAROLINA,train,train/SOUTH CAROLINA/056.jpg
43,train/SOUTH CAROLINA/train_059.jpg,SOUTH CAROLINA,train,train/SOUTH CAROLINA/059.jpg
43,train/SOUTH CAROLINA/train_060.jpg,SOUTH CAROLINA,train,train/SOUTH CAROLINA/060.jpg
43,train/SOUTH CAROLINA/train_061.jpg,SOUTH CAROLINA,train,train/SOUTH CAROLINA/061.jpg
43,train/SOUTH CAROLINA/train_063.jpg,SOUTH CAROLINA,train,train/SOUTH CAROLINA/063.jpg
43,train/SOUTH CAROLINA/train_065.jpg,SOUTH CAROLINA,train,train/SOUTH CAROLINA/065.jpg
43,train/SOUTH CAROLINA/train_066.jpg,SOUTH CAROLINA,train,train/SOUTH CAROLINA/066.jpg
43,train/SOUTH CAROLINA/train_067.jpg,SOUTH CAROLINA,train,train/SOUTH CAROLINA/067.jpg
43,train/SOUTH CAROLINA/train_068.jpg,SOUTH CAROLINA,train,train/SOUTH CAROLINA/068.jpg
43,train/SOUTH CAROLINA/train_070.jpg,SOUTH CAROLINA,train,train/SOUTH CAROLINA/070.jpg
43,train/SOUTH CAROLINA/train_071.jpg,SOUTH CAROLINA,train,train/SOUTH CAROLINA/071.jpg
43,train/SOUTH CAROLINA/train_072.jpg,SOUTH CAROLINA,train,train/SOUTH CAROLINA/072.jpg
43,train/SOUTH CAROLINA/train_074.jpg,SOUTH CAROLINA,train,train/SOUTH CAROLINA/074.jpg
43,train/SOUTH CAROLINA/train_075.jpg,SOUTH CAROLINA,train,train/SOUTH CAROLINA/075.jpg
43,train/SOUTH CAROLINA/train_078.jpg,SOUTH CAROLINA,train,train/SOUTH CAROLINA/078.jpg
43,train/SOUTH CAROLINA/train_082.jpg,SOUTH CAROLINA,train,train/SOUTH CAROLINA/082.jpg
43,train/SOUTH CAROLINA/train_083.jpg,SOUTH CAROLINA,train,train/SOUTH CAROLINA/083.jpg
43,train/SOUTH CAROLINA/train_085.jpg,SOUTH CAROLINA,train,train/SOUTH CAROLINA/085.jpg
43,train/SOUTH CAROLINA/train_086.jpg,SOUTH CAROLINA,train,train/SOUTH CAROLINA/086.jpg
43,train/SOUTH CAROLINA/train_087.jpg,SOUTH CAROLINA,train,train/SOUTH CAROLINA/087.jpg
43,train/SOUTH CAROLINA/train_088.jpg,SOUTH CAROLINA,train,train/SOUTH CAROLINA/088.jpg
43,train/SOUTH CAROLINA/train_089.jpg,SOUTH CAROLINA,train,train/SOUTH CAROLINA/089.jpg
43,train/SOUTH CAROLINA/train_090.jpg,SOUTH CAROLINA,train,train/SOUTH CAROLINA/090.jpg
43,train/SOUTH CAROLINA/train_091.jpg,SOUTH CAROLINA,train,train/SOUTH CAROLINA/091.jpg
43,train/SOUTH CAROLINA/train_092.jpg,SOUTH CAROLINA,train,train/SOUTH CAROLINA/092.jpg
43,train/SOUTH CAROLINA/train_093.jpg,SOUTH CAROLINA,train,train/SOUTH CAROLINA/093.jpg
43,train/SOUTH CAROLINA/train_094.jpg,SOUTH CAROLINA,train,train/SOUTH CAROLINA/094.jpg
43,train/SOUTH CAROLINA/train_095.jpg,SOUTH CAROLINA,train,train/SOUTH CAROLINA/095.jpg
43,train/SOUTH CAROLINA/train_096.jpg,SOUTH CAROLINA,train,train/SOUTH CAROLINA/096.jpg
43,train/SOUTH CAROLINA/train_098.jpg,SOUTH CAROLINA,train,train/SOUTH CAROLINA/098.jpg
43,train/SOUTH CAROLINA/train_099.jpg,SOUTH CAROLINA,train,train/SOUTH CAROLINA/099.jpg
43,train/SOUTH CAROLINA/train_100.jpg,SOUTH CAROLINA,train,train/SOUTH CAROLINA/100.jpg
43,train/SOUTH CAROLINA/train_101.jpg,SOUTH CAROLINA,train,train/SOUTH CAROLINA/101.jpg
43,train/SOUTH CAROLINA/train_102.jpg,SOUTH CAROLINA,train,train/SOUTH CAROLINA/102.jpg
43,train/SOUTH CAROLINA/train_104.jpg,SOUTH CAROLINA,train,train/SOUTH CAROLINA/104.jpg
43,train/SOUTH CAROLINA/train_105.jpg,SOUTH CAROLINA,train,train/SOUTH CAROLINA/105.jpg
43,train/SOUTH CAROLINA/train_106.jpg,SOUTH CAROLINA,train,train/SOUTH CAROLINA/106.jpg
43,train/SOUTH CAROLINA/train_107.jpg,SOUTH CAROLINA,train,train/SOUTH CAROLINA/107.jpg
43,train/SOUTH CAROLINA/train_109.jpg,SOUTH CAROLINA,train,train/SOUTH CAROLINA/109.jpg
43,train/SOUTH CAROLINA/train_110.jpg,SOUTH CAROLINA,train,train/SOUTH CAROLINA/110.jpg
43,train/SOUTH CAROLINA/train_111.jpg,SOUTH CAROLINA,train,train/SOUTH CAROLINA/111.jpg
43,train/SOUTH CAROLINA/train_112.jpg,SOUTH CAROLINA,train,train/SOUTH CAROLINA/112.jpg
43,train/SOUTH CAROLINA/train_113.jpg,SOUTH CAROLINA,train,train/SOUTH CAROLINA/113.jpg
43,train/SOUTH CAROLINA/train_114.jpg,SOUTH CAROLINA,train,train/SOUTH CAROLINA/114.jpg
43,train/SOUTH CAROLINA/train_115.jpg,SOUTH CAROLINA,train,train/SOUTH CAROLINA/115.jpg
43,train/SOUTH CAROLINA/train_116.jpg,SOUTH CAROLINA,train,train/SOUTH CAROLINA/116.jpg
43,train/SOUTH CAROLINA/train_118.jpg,SOUTH CAROLINA,train,train/SOUTH CAROLINA/118.jpg
43,train/SOUTH CAROLINA/train_119.jpg,SOUTH CAROLINA,train,train/SOUTH CAROLINA/119.jpg
43,train/SOUTH CAROLINA/train_122.jpg,SOUTH CAROLINA,train,train/SOUTH CAROLINA/122.jpg
43,train/SOUTH CAROLINA/train_123.jpg,SOUTH CAROLINA,train,train/SOUTH CAROLINA/123.jpg
43,train/SOUTH CAROLINA/train_124.jpg,SOUTH CAROLINA,train,train/SOUTH CAROLINA/124.jpg
43,train/SOUTH CAROLINA/train_126.jpg,SOUTH CAROLINA,train,train/SOUTH CAROLINA/126.jpg
43,train/SOUTH CAROLINA/train_128.jpg,SOUTH CAROLINA,train,train/SOUTH CAROLINA/128.jpg
43,train/SOUTH CAROLINA/train_131.jpg,SOUTH CAROLINA,train,train/SOUTH CAROLINA/131.jpg
43,train/SOUTH CAROLINA/train_132.jpg,SOUTH CAROLINA,train,train/SOUTH CAROLINA/132.jpg
43,train/SOUTH CAROLINA/train_134.jpg,SOUTH CAROLINA,train,train/SOUTH CAROLINA/134.jpg
43,train/SOUTH CAROLINA/train_135.jpg,SOUTH CAROLINA,train,train/SOUTH CAROLINA/135.jpg
43,train/SOUTH CAROLINA/train_136.jpg,SOUTH CAROLINA,train,train/SOUTH CAROLINA/136.jpg
43,train/SOUTH CAROLINA/train_137.jpg,SOUTH CAROLINA,train,train/SOUTH CAROLINA/137.jpg
43,train/SOUTH CAROLINA/train_138.jpg,SOUTH CAROLINA,train,train/SOUTH CAROLINA/138.jpg
43,train/SOUTH CAROLINA/train_139.jpg,SOUTH CAROLINA,train,train/SOUTH CAROLINA/139.jpg
43,train/SOUTH CAROLINA/train_140.jpg,SOUTH CAROLINA,train,train/SOUTH CAROLINA/140.jpg
43,train/SOUTH CAROLINA/valid_1.jpg,SOUTH CAROLINA,train,valid/SOUTH CAROLINA/1.jpg
43,train/SOUTH CAROLINA/valid_2.jpg,SOUTH CAROLINA,train,valid/SOUTH CAROLINA/2.jpg
43,train/SOUTH CAROLINA/valid_3.jpg,SOUTH CAROLINA,train,valid/SOUTH CAROLINA/3.jpg
43,train/SOUTH CAROLINA/valid_4.jpg,SOUTH CAROLINA,train,valid/SOUTH CAROLINA/4.jpg
43,train/SOUTH CAROLINA/valid_5.jpg,SOUTH CAROLINA,train,valid/SOUTH CAROLINA/5.jpg
44,train/SOUTH DAKOTA/test_1.jpg,SOUTH DAKOTA,train,test/SOUTH DAKOTA/1.jpg
44,train/SOUTH DAKOTA/test_2.jpg,SOUTH DAKOTA,train,test/SOUTH DAKOTA/2.jpg
44,train/SOUTH DAKOTA/test_3.jpg,SOUTH DAKOTA,train,test/SOUTH DAKOTA/3.jpg
44,train/SOUTH DAKOTA/test_4.jpg,SOUTH DAKOTA,train,test/SOUTH DAKOTA/4.jpg
44,train/SOUTH DAKOTA/train_003.jpg,SOUTH DAKOTA,train,train/SOUTH DAKOTA/003.jpg
44,train/SOUTH DAKOTA/train_005.jpg,SOUTH DAKOTA,train,train/SOUTH DAKOTA/005.jpg
44,train/SOUTH DAKOTA/train_006.jpg,SOUTH DAKOTA,train,train/SOUTH DAKOTA/006.jpg
44,train/SOUTH DAKOTA/train_007.jpg,SOUTH DAKOTA,train,train/SOUTH DAKOTA/007.jpg
44,train/SOUTH DAKOTA/train_008.jpg,SOUTH DAKOTA,train,train/SOUTH DAKOTA/008.jpg
44,train/SOUTH DAKOTA/train_010.jpg,SOUTH DAKOTA,train,train/SOUTH DAKOTA/010.jpg
44,train/SOUTH DAKOTA/train_011.jpg,SOUTH DAKOTA,train,train/SOUTH DAKOTA/011.jpg
44,train/SOUTH DAKOTA/train_012.jpg,SOUTH DAKOTA,train,train/SOUTH DAKOTA/012.jpg
44,train/SOUTH DAKOTA/train_013.jpg,SOUTH DAKOTA,train,train/SOUTH DAKOTA/013.jpg
44,train/SOUTH DAKOTA/train_014.jpg,SOUTH DAKOTA,train,train/SOUTH DAKOTA/014.jpg
44,train/SOUTH DAKOTA/train_015.jpg,SOUTH DAKOTA,train,train/SOUTH DAKOTA/015.jpg
44,train/SOUTH DAKOTA/train_016.jpg,SOUTH DAKOTA,train,train/SOUTH DAKOTA/016.jpg
44,train/SOUTH DAKOTA/train_017.jpg,SOUTH DAKOTA,train,train/SOUTH DAKOTA/017.jpg
44,train/SOUTH DAKOTA/train_018.jpg,SOUTH DAKOTA,train,train/SOUTH DAKOTA/018.jpg
44,train/SOUTH DAKOTA/train_019.jpg,SOUTH DAKOTA,train,train/SOUTH DAKOTA/019.jpg
44,train/SOUTH DAKOTA/train_020.jpg,SOUTH DAKOTA,train,train/SOUTH DAKOTA/020.jpg
44,train/SOUTH DAKOTA/train_021.jpg,SOUTH DAKOTA,train,train/SOUTH DAKOTA/021.jpg
44,train/SOUTH DAKOTA/train_023.jpg,SOUTH DAKOTA,train,train/SOUTH DAKOTA/023.jpg
44,train/SOUTH DAKOTA/train_025.jpg,SOUTH DAKOTA,train,train/SOUTH DAKOTA/025.jpg
44,train/SOUTH DAKOTA/train_026.jpg,SOUTH DAKOTA,train,train/SOUTH DAKOTA/026.jpg
44,train/SOUTH DAKOTA/train_027.jpg,SOUTH DAKOTA,train,train/SOUTH DAKOTA/027.jpg
44,train/SOUTH DAKOTA/train_028.jpg,SOUTH DAKOTA,train,train/SOUTH DAKOTA/028.jpg
44,train/SOUTH DAKOTA/train_029.jpg,SOUTH DAKOTA,train,train/SOUTH DAKOTA/029.jpg
44,train/SOUTH DAKOTA/train_030.jpg,SOUTH DAKOTA,train,train/SOUTH DAKOTA/030.jpg
44,train/SOUTH DAKOTA/train_031.jpg,SOUTH DAKOTA,train,train/SOUTH DAKOTA/031.jpg
44,train/SOUTH DAKOTA/train_032.jpg,SOUTH DAKOTA,train,train/SOUTH DAKOTA/032.jpg
44,train/SOUTH DAKOTA/train_033.jpg,SOUTH DAKOTA,train,train/SOUTH DAKOTA/033.jpg
44,train/SOUTH DAKOTA/train_034.jpg,SOUTH DAKOTA,train,train/SOUTH DAKOTA/034.jpg
44,train/SOUTH DAKOTA/train_035.jpg,SOUTH DAKOTA,train,train/SOUTH DAKOTA/035.jpg
44,train/SOUTH DAKOTA/train_036.jpg,SOUTH DAKOTA,train,train/SOUTH DAKOTA/036.jpg
44,train/SOUTH DAKOTA/train_038.jpg,SOUTH DAKOTA,train,train/SOUTH DAKOTA/038.jpg
44,train/SOUTH DAKOTA/train_039.jpg,SOUTH DAKOTA,train,train/SOUTH DAKOTA/039.jpg
44,train/SOUTH DAKOTA/train_041.jpg,SOUTH DAKOTA,train,train/SOUTH DAKOTA/041.jpg
44,train/SOUTH DAKOTA/train_042.jpg,SOUTH DAKOTA,train,train/SOUTH DAKOTA/042.jpg
44,train/SOUTH DAKOTA/train_043.jpg,SOUTH DAKOTA,train,train/SOUTH DAKOTA/043.jpg
44,train/SOUTH DAKOTA/train_044.jpg,SOUTH DAKOTA,train,train/SOUTH DAKOTA/044.jpg
44,train/SOUTH DAKOTA/train_045.jpg,SOUTH DAKOTA,train,train/SOUTH DAKOTA/045.jpg
44,train/SOUTH DAKOTA/train_046.jpg,SOUTH DAKOTA,train,train/SOUTH DAKOTA/046.jpg
44,train/SOUTH DAKOTA/train_047.jpg,SOUTH DAKOTA,train,train/SOUTH DAKOTA/047.jpg
44,train/SOUTH DAKOTA/train_048.jpg,SOUTH DAKOTA,train,train/SOUTH DAKOTA/048.jpg
44,train/SOUTH DAKOTA/train_049.jpg,SOUTH DAKOTA,train,train/SOUTH DAKOTA/049.jpg
44,train/SOUTH DAKOTA/train_050.jpg,SOUTH DAKOTA,train,train/SOUTH DAKOTA/050.jpg
44,train/SOUTH DAKOTA/train_051.jpg,SOUTH DAKOTA,train,train/SOUTH DAKOTA/051.jpg
44,train/SOUTH DAKOTA/train_053.jpg,SOUTH DAKOTA,train,train/SOUTH DAKOTA/053.jpg
44,train/SOUTH DAKOTA/train_054.jpg,SOUTH DAKOTA,train,train/SOUTH DAKOTA/054.jpg
44,train/SOUTH DAKOTA/train_055.jpg,SOUTH DAKOTA,train,train/SOUTH DAKOTA/055.jpg
44,train/SOUTH DAKOTA/train_062.jpg,SOUTH DAKOTA,train,train/SOUTH DAKOTA/062.jpg
44,train/SOUTH DAKOTA/train_063.jpg,SOUTH DAKOTA,train,train/SOUTH DAKOTA/063.jpg
44,train/SOUTH DAKOTA/train_064.jpg,SOUTH DAKOTA,train,train/SOUTH DAKOTA/064.jpg
44,train/SOUTH DAKOTA/train_066.jpg,SOUTH DAKOTA,train,train/SOUTH DAKOTA/066.jpg
44,train/SOUTH DAKOTA/train_068.jpg,SOUTH DAKOTA,train,train/SOUTH DAKOTA/068.jpg
44,train/SOUTH DAKOTA/train_070.jpg,SOUTH DAKOTA,train,train/SOUTH DAKOTA/070.jpg
44,train/SOUTH DAKOTA/train_071.jpg,SOUTH DAKOTA,train,train/SOUTH DAKOTA/071.jpg
44,train/SOUTH DAKOTA/train_072.jpg,SOUTH DAKOTA,train,train/SOUTH DAKOTA/072.jpg
44,train/SOUTH DAKOTA/train_073.jpg,SOUTH DAKOTA,train,train/SOUTH DAKOTA/073.jpg
44,train/SOUTH DAKOTA/train_077.jpg,SOUTH DAKOTA,train,train/SOUTH DAKOTA/077.jpg
44,train/SOUTH DAKOTA/train_079.jpg,SOUTH DAKOTA,train,train/SOUTH DAKOTA/079.jpg
44,train/SOUTH DAKOTA/train_080.jpg,SOUTH DAKOTA,train,train/SOUTH DAKOTA/080.jpg
44,train/SOUTH DAKOTA/train_081.jpg,SOUTH DAKOTA,train,train/SOUTH DAKOTA/081.jpg
44,train/SOUTH DAKOTA/train_082.jpg,SOUTH DAKOTA,train,train/SOUTH DAKOTA/082.jpg
44,train/SOUTH DAKOTA/train_083.jpg,SOUTH DAKOTA,train,train/SOUTH DAKOTA/083.jpg
44,train/SOUTH DAKOTA/train_085.jpg,SOUTH DAKOTA,train,train/SOUTH DAKOTA/085.jpg
44,train/SOUTH DAKOTA/train_086.jpg,SOUTH DAKOTA,train,train/SOUTH DAKOTA/086.jpg
44,train/SOUTH DAKOTA/train_087.jpg,SOUTH DAKOTA,train,train/SOUTH DAKOTA/087.jpg
44,train/SOUTH DAKOTA/train_089.jpg,SOUTH DAKOTA,train,train/SOUTH DAKOTA/089.jpg
44,train/SOUTH DAKOTA/train_090.jpg,SOUTH DAKOTA,train,train/SOUTH DAKOTA/090.jpg
44,train/SOUTH DAKOTA/train_091.jpg,SOUTH DAKOTA,train,train/SOUTH DAKOTA/091.jpg
44,train/SOUTH DAKOTA/train_092.jpg,SOUTH DAKOTA,train,train/SOUTH DAKOTA/092.jpg
44,train/SOUTH DAKOTA/train_094.jpg,SOUTH DAKOTA,train,train/SOUTH DAKOTA/094.jpg
44,train/SOUTH DAKOTA/train_095.jpg,SOUTH DAKOTA,train,train/SOUTH DAKOTA/095.jpg
44,train/SOUTH DAKOTA/train_096.jpg,SOUTH DAKOTA,train,train/SOUTH DAKOTA/096.jpg
44,train/SOUTH DAKOTA/train_097.jpg,SOUTH DAKOTA,train,train/SOUTH DAKOTA/097.jpg
44,train/SOUTH DAKOTA/train_102.jpg,SOUTH DAKOTA,train,train/SOUTH DAKOTA/102.jpg
44,train/SOUTH DAKOTA/train_103.jpg,SOUTH DAKOTA,train,train/SOUTH DAKOTA/103.jpg
44,train/SOUTH DAKOTA/train_105.jpg,SOUTH DAKOTA,train,train/SOUTH DAKOTA/105.jpg
44,train/SOUTH DAKOTA/train_106.jpg,SOUTH DAKOTA,train,train/SOUTH DAKOTA/106.jpg
44,train/SOUTH DAKOTA/train_110.jpg,SOUTH DAKOTA,train,train/SOUTH DAKOTA/110.jpg
44,train/SOUTH DAKOTA/train_111.jpg,SOUTH DAKOTA,train,train/SOUTH DAKOTA/111.jpg
44,train/SOUTH DAKOTA/train_112.jpg,SOUTH DAKOTA,train,train/SOUTH DAKOTA/112.jpg
44,train/SOUTH DAKOTA/train_113.jpg,SOUTH DAKOTA,train,train/SOUTH DAKOTA/113.jpg
44,train/SOUTH DAKOTA/train_114.jpg,SOUTH DAKOTA,train,train/SOUTH DAKOTA/114.jpg
44,train/SOUTH DAKOTA/train_116.jpg,SOUTH DAKOTA,train,train/SOUTH DAKOTA/116.jpg
44,train/SOUTH DAKOTA/train_117.jpg,SOUTH DAKOTA,train,train/SOUTH DAKOTA/117.jpg
44,train/SOUTH DAKOTA/train_119.jpg,SOUTH DAKOTA,train,train/SOUTH DAKOTA/119.jpg
44,train/SOUTH DAKOTA/train_120.jpg,SOUTH DAKOTA,train,train/SOUTH DAKOTA/120.jpg
44,train/SOUTH DAKOTA/train_121.jpg,SOUTH DAKOTA,train,train/SOUTH DAKOTA/121.jpg
44,train/SOUTH DAKOTA/train_122.jpg,SOUTH DAKOTA,train,train/SOUTH DAKOTA/122.jpg
44,train/SOUTH DAKOTA/train_123.jpg,SOUTH DAKOTA,train,train/SOUTH DAKOTA/123.jpg
44,train/SOUTH DAKOTA/train_125.jpg,SOUTH DAKOTA,train,train/SOUTH DAKOTA/125.jpg
44,train/SOUTH DAKOTA/train_126.jpg,SOUTH DAKOTA,train,train/SOUTH DAKOTA/126.jpg
44,train/SOUTH DAKOTA/train_127.jpg,SOUTH DAKOTA,train,train/SOUTH DAKOTA/127.jpg
44,train/SOUTH DAKOTA/train_128.jpg,SOUTH DAKOTA,train,train/SOUTH DAKOTA/128.jpg
44,train/SOUTH DAKOTA/train_131.jpg,SOUTH DAKOTA,train,train/SOUTH DAKOTA/131.jpg
44,train/SOUTH DAKOTA/train_132.jpg,SOUTH DAKOTA,train,train/SOUTH DAKOTA/132.jpg
44,train/SOUTH DAKOTA/valid_1.jpg,SOUTH DAKOTA,train,valid/SOUTH DAKOTA/1.jpg
44,train/SOUTH DAKOTA/valid_2.jpg,SOUTH DAKOTA,train,valid/SOUTH DAKOTA/2.jpg
44,train/SOUTH DAKOTA/valid_3.jpg,SOUTH DAKOTA,train,valid/SOUTH DAKOTA/3.jpg
45,train/TENNESSEE/test_3.jpg,TENNESSEE,train,test/TENNESSEE/3.jpg
45,train/TENNESSEE/test_5.jpg,TENNESSEE,train,test/TENNESSEE/5.jpg
45,train/TENNESSEE/train_001.jpg,TENNESSEE,train,train/TENNESSEE/001.jpg
45,train/TENNESSEE/train_003.jpg,TENNESSEE,train,train/TENNESSEE/003.jpg
45,train/TENNESSEE/train_005.jpg,TENNESSEE,train,train/TENNESSEE/005.jpg
45,train/TENNESSEE/train_006.jpg,TENNESSEE,train,train/TENNESSEE/006.jpg
45,train/TENNESSEE/train_007.jpg,TENNESSEE,train,train/TENNESSEE/007.jpg
45,train/TENNESSEE/train_009.jpg,TENNESSEE,train,train/TENNESSEE/009.jpg
45,train/TENNESSEE/train_010.jpg,TENNESSEE,train,train/TENNESSEE/010.jpg
45,train/TENNESSEE/train_011.jpg,TENNESSEE,train,train/TENNESSEE/011.jpg
45,train/TENNESSEE/train_013.jpg,TENNESSEE,train,train/TENNESSEE/013.jpg
45,train/TENNESSEE/train_015.jpg,TENNESSEE,train,train/TENNESSEE/015.jpg
45,train/TENNESSEE/train_016.jpg,TENNESSEE,train,train/TENNESSEE/016.jpg
45,train/TENNESSEE/train_017.jpg,TENNESSEE,train,train/TENNESSEE/017.jpg
45,train/TENNESSEE/train_019.jpg,TENNESSEE,train,train/TENNESSEE/019.jpg
45,train/TENNESSEE/train_021.jpg,TENNESSEE,train,train/TENNESSEE/021.jpg
45,train/TENNESSEE/train_022.jpg,TENNESSEE,train,train/TENNESSEE/022.jpg
45,train/TENNESSEE/train_023.jpg,TENNESSEE,train,train/TENNESSEE/023.jpg
45,train/TENNESSEE/train_025.jpg,TENNESSEE,train,train/TENNESSEE/025.jpg
45,train/TENNESSEE/train_026.jpg,TENNESSEE,train,train/TENNESSEE/026.jpg
45,train/TENNESSEE/train_027.jpg,TENNESSEE,train,train/TENNESSEE/027.jpg
45,train/TENNESSEE/train_030.jpg,TENNESSEE,train,train/TENNESSEE/030.jpg
45,train/TENNESSEE/train_033.jpg,TENNESSEE,train,train/TENNESSEE/033.jpg
45,train/TENNESSEE/train_034.jpg,TENNESSEE,train,train/TENNESSEE/034.jpg
45,train/TENNESSEE/train_035.jpg,TENNESSEE,train,train/TENNESSEE/035.jpg
45,train/TENNESSEE/train_038.jpg,TENNESSEE,train,train/TENNESSEE/038.jpg
45,train/TENNESSEE/train_039.jpg,TENNESSEE,train,train/TENNESSEE/039.jpg
45,train/TENNESSEE/train_040.jpg,TENNESSEE,train,train/TENNESSEE/040.jpg
45,train/TENNESSEE/train_043.jpg,TENNESSEE,train,train/TENNESSEE/043.jpg
45,train/TENNESSEE/train_044.jpg,TENNESSEE,train,train/TENNESSEE/044.jpg
45,train/TENNESSEE/train_045.jpg,TENNESSEE,train,train/TENNESSEE/045.jpg
45,train/TENNESSEE/train_046.jpg,TENNESSEE,train,train/TENNESSEE/046.jpg
45,train/TENNESSEE/train_047.jpg,TENNESSEE,train,train/TENNESSEE/047.jpg
45,train/TENNESSEE/train_048.jpg,TENNESSEE,train,train/TENNESSEE/048.jpg
45,train/TENNESSEE/train_049.jpg,TENNESSEE,train,train/TENNESSEE/049.jpg
45,train/TENNESSEE/train_050.jpg,TENNESSEE,train,train/TENNESSEE/050.jpg
45,train/TENNESSEE/train_052.jpg,TENNESSEE,train,train/TENNESSEE/052.jpg
45,train/TENNESSEE/train_053.jpg,TENNESSEE,train,train/TENNESSEE/053.jpg
45,train/TENNESSEE/train_054.jpg,TENNESSEE,train,train/TENNESSEE/054.jpg
45,train/TENNESSEE/train_057.jpg,TENNESSEE,train,train/TENNESSEE/057.jpg
45,train/TENNESSEE/train_058.jpg,TENNESSEE,train,train/TENNESSEE/058.jpg
45,train/TENNESSEE/train_060.jpg,TENNESSEE,train,train/TENNESSEE/060.jpg
45,train/TENNESSEE/train_061.jpg,TENNESSEE,train,train/TENNESSEE/061.jpg
45,train/TENNESSEE/train_063.jpg,TENNESSEE,train,train/TENNESSEE/063.jpg
45,train/TENNESSEE/train_065.jpg,TENNESSEE,train,train/TENNESSEE/065.jpg
45,train/TENNESSEE/train_066.jpg,TENNESSEE,train,train/TENNESSEE/066.jpg
45,train/TENNESSEE/train_067.jpg,TENNESSEE,train,train/TENNESSEE/067.jpg
45,train/TENNESSEE/train_068.jpg,TENNESSEE,train,train/TENNESSEE/068.jpg
45,train/TENNESSEE/train_069.jpg,TENNESSEE,train,train/TENNESSEE/069.jpg
45,train/TENNESSEE/train_070.jpg,TENNESSEE,train,train/TENNESSEE/070.jpg
45,train/TENNESSEE/train_071.jpg,TENNESSEE,train,train/TENNESSEE/071.jpg
45,train/TENNESSEE/train_072.jpg,TENNESSEE,train,train/TENNESSEE/072.jpg
45,train/TENNESSEE/train_073.jpg,TENNESSEE,train,train/TENNESSEE/073.jpg
45,train/TENNESSEE/train_074.jpg,TENNESSEE,train,train/TENNESSEE/074.jpg
45,train/TENNESSEE/train_076.jpg,TENNESSEE,train,train/TENNESSEE/076.jpg
45,train/TENNESSEE/train_078.jpg,TENNESSEE,train,train/TENNESSEE/078.jpg
45,train/TENNESSEE/train_079.jpg,TENNESSEE,train,train/TENNESSEE/079.jpg
45,train/TENNESSEE/train_080.jpg,TENNESSEE,train,train/TENNESSEE/080.jpg
45,train/TENNESSEE/train_081.jpg,TENNESSEE,train,train/TENNESSEE/081.jpg
45,train/TENNESSEE/train_083.jpg,TENNESSEE,train,train/TENNESSEE/083.jpg
45,train/TENNESSEE/train_086.jpg,TENNESSEE,train,train/TENNESSEE/086.jpg
45,train/TENNESSEE/train_088.jpg,TENNESSEE,train,train/TENNESSEE/088.jpg
45,train/TENNESSEE/train_090.jpg,TENNESSEE,train,train/TENNESSEE/090.jpg
45,train/TENNESSEE/train_091.jpg,TENNESSEE,train,train/TENNESSEE/091.jpg
45,train/TENNESSEE/train_092.jpg,TENNESSEE,train,train/TENNESSEE/092.jpg
45,train/TENNESSEE/train_095.jpg,TENNESSEE,train,train/TENNESSEE/095.jpg
45,train/TENNESSEE/train_096.jpg,TENNESSEE,train,train/TENNESSEE/096.jpg
45,train/TENNESSEE/train_097.jpg,TENNESSEE,train,train/TENNESSEE/097.jpg
45,train/TENNESSEE/train_098.jpg,TENNESSEE,train,train/TENNESSEE/098.jpg
45,train/TENNESSEE/train_099.jpg,TENNESSEE,train,train/TENNESSEE/099.jpg
45,train/TENNESSEE/train_100.jpg,TENNESSEE,train,train/TENNESSEE/100.jpg
45,train/TENNESSEE/train_101.jpg,TENNESSEE,train,train/TENNESSEE/101.jpg
45,train/TENNESSEE/train_102.jpg,TENNESSEE,train,train/TENNESSEE/102.jpg
45,train/TENNESSEE/train_104.jpg,TENNESSEE,train,train/TENNESSEE/104.jpg
45,train/TENNESSEE/train_106.jpg,TENNESSEE,train,train/TENNESSEE/106.jpg
45,train/TENNESSEE/train_108.jpg,TENNESSEE,train,train/TENNESSEE/108.jpg
45,train/TENNESSEE/train_109.jpg,TENNESSEE,train,train/TENNESSEE/109.jpg
45,train/TENNESSEE/train_110.jpg,TENNESSEE,train,train/TENNESSEE/110.jpg
45,train/TENNESSEE/train_112.jpg,TENNESSEE,train,train/TENNESSEE/112.jpg
45,train/TENNESSEE/train_113.jpg,TENNESSEE,train,train/TENNESSEE/113.jpg
45,train/TENNESSEE/train_114.jpg,TENNESSEE,train,train/TENNESSEE/114.jpg
45,train/TENNESSEE/train_115.jpg,TENNESSEE,train,train/TENNESSEE/115.jpg
45,train/TENNESSEE/train_117.jpg,TENNESSEE,train,train/TENNESSEE/117.jpg
45,train/TENNESSEE/train_118.jpg,TENNESSEE,train,train/TENNESSEE/118.jpg
45,train/TENNESSEE/train_119.jpg,TENNESSEE,train,train/TENNESSEE/119.jpg
45,train/TENNESSEE/train_121.jpg,TENNESSEE,train,train/TENNESSEE/121.jpg
45,train/TENNESSEE/train_122.jpg,TENNESSEE,train,train/TENNESSEE/122.jpg
45,train/TENNESSEE/train_125.jpg,TENNESSEE,train,train/TENNESSEE/125.jpg
45,train/TENNESSEE/train_126.jpg,TENNESSEE,train,train/TENNESSEE/126.jpg
45,train/TENNESSEE/train_127.jpg,TENNESSEE,train,train/TENNESSEE/127.jpg
45,train/TENNESSEE/train_128.jpg,TENNESSEE,train,train/TENNESSEE/128.jpg
45,train/TENNESSEE/train_129.jpg,TENNESSEE,train,train/TENNESSEE/129.jpg
45,train/TENNESSEE/train_130.jpg,TENNESSEE,train,train/TENNESSEE/130.jpg
45,train/TENNESSEE/train_132.jpg,TENNESSEE,train,train/TENNESSEE/132.jpg
45,train/TENNESSEE/train_134.jpg,TENNESSEE,train,train/TENNESSEE/134.jpg
45,train/TENNESSEE/train_136.jpg,TENNESSEE,train,train/TENNESSEE/136.jpg
45,train/TENNESSEE/train_138.jpg,TENNESSEE,train,train/TENNESSEE/138.jpg
45,train/TENNESSEE/train_140.jpg,TENNESSEE,train,train/TENNESSEE/140.jpg
45,train/TENNESSEE/train_141.jpg,TENNESSEE,train,train/TENNESSEE/141.jpg
45,train/TENNESSEE/train_142.jpg,TENNESSEE,train,train/TENNESSEE/142.jpg
45,train/TENNESSEE/train_143.jpg,TENNESSEE,train,train/TENNESSEE/143.jpg
45,train/TENNESSEE/train_144.jpg,TENNESSEE,train,train/TENNESSEE/144.jpg
45,train/TENNESSEE/train_145.jpg,TENNESSEE,train,train/TENNESSEE/145.jpg
45,train/TENNESSEE/train_146.jpg,TENNESSEE,train,train/TENNESSEE/146.jpg
45,train/TENNESSEE/train_147.jpg,TENNESSEE,train,train/TENNESSEE/147.jpg
45,train/TENNESSEE/train_148.jpg,TENNESSEE,train,train/TENNESSEE/148.jpg
45,train/TENNESSEE/train_149.jpg,TENNESSEE,train,train/TENNESSEE/149.jpg
45,train/TENNESSEE/valid_1.jpg,TENNESSEE,train,valid/TENNESSEE/1.jpg
45,train/TENNESSEE/valid_2.jpg,TENNESSEE,train,valid/TENNESSEE/2.jpg
45,train/TENNESSEE/valid_3.jpg,TENNESSEE,train,valid/TENNESSEE/3.jpg
45,train/TENNESSEE/valid_4.jpg,TENNESSEE,train,valid/TENNESSEE/4.jpg
46,train/TEXAS/test_1.jpg,TEXAS,train,test/TEXAS/1.jpg
46,train/TEXAS/test_2.jpg,TEXAS,train,test/TEXAS/2.jpg
46,train/TEXAS/test_3.jpg,TEXAS,train,test/TEXAS/3.jpg
46,train/TEXAS/test_4.jpg,TEXAS,train,test/TEXAS/4.jpg
46,train/TEXAS/train_001.jpg,TEXAS,train,train/TEXAS/001.jpg
46,train/TEXAS/train_002.jpg,TEXAS,train,train/TEXAS/002.jpg
46,train/TEXAS/train_004.jpg,TEXAS,train,train/TEXAS/004.jpg
46,train/TEXAS/train_005.jpg,TEXAS,train,train/TEXAS/005.jpg
46,train/TEXAS/train_006.jpg,TEXAS,train,train/TEXAS/006.jpg
46,train/TEXAS/train_007.jpg,TEXAS,train,train/TEXAS/007.jpg
46,train/TEXAS/train_008.jpg,TEXAS,train,train/TEXAS/008.jpg
46,train/TEXAS/train_009.jpg,TEXAS,train,train/TEXAS/009.jpg
46,train/TEXAS/train_010.jpg,TEXAS,train,train/TEXAS/010.jpg
46,train/TEXAS/train_011.jpg,TEXAS,train,train/TEXAS/011.jpg
46,train/TEXAS/train_013.jpg,TEXAS,train,train/TEXAS/013.jpg
46,train/TEXAS/train_014.jpg,TEXAS,train,train/TEXAS/014.jpg
46,train/TEXAS/train_017.jpg,TEXAS,train,train/TEXAS/017.jpg
46,train/TEXAS/train_019.jpg,TEXAS,train,train/TEXAS/019.jpg
46,train/TEXAS/train_022.jpg,TEXAS,train,train/TEXAS/022.jpg
46,train/TEXAS/train_024.jpg,TEXAS,train,train/TEXAS/024.jpg
46,train/TEXAS/train_025.jpg,TEXAS,train,train/TEXAS/025.jpg
46,train/TEXAS/train_027.jpg,TEXAS,train,train/TEXAS/027.jpg
46,train/TEXAS/train_028.jpg,TEXAS,train,train/TEXAS/028.jpg
46,train/TEXAS/train_029.jpg,TEXAS,train,train/TEXAS/029.jpg
46,train/TEXAS/train_030.jpg,TEXAS,train,train/TEXAS/030.jpg
46,train/TEXAS/train_034.jpg,TEXAS,train,train/TEXAS/034.jpg
46,train/TEXAS/train_036.jpg,TEXAS,train,train/TEXAS/036.jpg
46,train/TEXAS/train_037.jpg,TEXAS,train,train/TEXAS/037.jpg
46,train/TEXAS/train_038.jpg,TEXAS,train,train/TEXAS/038.jpg
46,train/TEXAS/train_039.jpg,TEXAS,train,train/TEXAS/039.jpg
46,train/TEXAS/train_040.jpg,TEXAS,train,train/TEXAS/040.jpg
46,train/TEXAS/train_041.jpg,TEXAS,train,train/TEXAS/041.jpg
46,train/TEXAS/train_043.jpg,TEXAS,train,train/TEXAS/043.jpg
46,train/TEXAS/train_044.jpg,TEXAS,train,train/TEXAS/044.jpg
46,train/TEXAS/train_046.jpg,TEXAS,train,train/TEXAS/046.jpg
46,train/TEXAS/train_047.jpg,TEXAS,train,train/TEXAS/047.jpg
46,train/TEXAS/train_048.jpg,TEXAS,train,train/TEXAS/048.jpg
46,train/TEXAS/train_050.jpg,TEXAS,train,train/TEXAS/050.jpg
46,train/TEXAS/train_051.jpg,TEXAS,train,train/TEXAS/051.jpg
46,train/TEXAS/train_052.jpg,TEXAS,train,train/TEXAS/052.jpg
46,train/TEXAS/train_053.jpg,TEXAS,train,train/TEXAS/053.jpg
46,train/TEXAS/train_054.jpg,TEXAS,train,train/TEXAS/054.jpg
46,train/TEXAS/train_055.jpg,TEXAS,train,train/TEXAS/055.jpg
46,train/TEXAS/train_056.jpg,TEXAS,train,train/TEXAS/056.jpg
46,train/TEXAS/train_059.jpg,TEXAS,train,train/TEXAS/059.jpg
46,train/TEXAS/train_061.jpg,TEXAS,train,train/TEXAS/061.jpg
46,train/TEXAS/train_063.jpg,TEXAS,train,train/TEXAS/063.jpg
46,train/TEXAS/train_065.jpg,TEXAS,train,train/TEXAS/065.jpg
46,train/TEXAS/train_067.jpg,TEXAS,train,train/TEXAS/067.jpg
46,train/TEXAS/train_068.jpg,TEXAS,train,train/TEXAS/068.jpg
46,train/TEXAS/train_069.jpg,TEXAS,train,train/TEXAS/069.jpg
46,train/TEXAS/train_071.jpg,TEXAS,train,train/TEXAS/071.jpg
46,train/TEXAS/train_072.jpg,TEXAS,train,train/TEXAS/072.jpg
46,train/TEXAS/train_073.jpg,TEXAS,train,train/TEXAS/073.jpg
46,train/TEXAS/train_076.jpg,TEXAS,train,train/TEXAS/076.jpg
46,train/TEXAS/train_077.jpg,TEXAS,train,train/TEXAS/077.jpg
46,train/TEXAS/train_079.jpg,TEXAS,train,train/TEXAS/079.jpg
46,train/TEXAS/train_080.jpg,TEXAS,train,train/TEXAS/080.jpg
46,train/TEXAS/train_081.jpg,TEXAS,train,train/TEXAS/081.jpg
46,train/TEXAS/train_083.jpg,TEXAS,train,train/TEXAS/083.jpg
46,train/TEXAS/train_084.jpg,TEXAS,train,train/TEXAS/084.jpg
46,train/TEXAS/train_085.jpg,TEXAS,train,train/TEXAS/085.jpg
46,train/TEXAS/train_086.jpg,TEXAS,train,train/TEXAS/086.jpg
46,train/TEXAS/train_087.jpg,TEXAS,train,train/TEXAS/087.jpg
46,train/TEXAS/train_088.jpg,TEXAS,train,train/TEXAS/088.jpg
46,train/TEXAS/train_090.jpg,TEXAS,train,train/TEXAS/090.jpg
46,train/TEXAS/train_091.jpg,TEXAS,train,train/TEXAS/091.jpg
46,train/TEXAS/train_092.jpg,TEXAS,train,train/TEXAS/092.jpg
46,train/TEXAS/train_093.jpg,TEXAS,train,train/TEXAS/093.jpg
46,train/TEXAS/train_094.jpg,TEXAS,train,train/TEXAS/094.jpg
46,train/TEXAS/train_095.jpg,TEXAS,train,train/TEXAS/095.jpg
46,train/TEXAS/train_096.jpg,TEXAS,train,train/TEXAS/096.jpg
46,train/TEXAS/train_098.jpg,TEXAS,train,train/TEXAS/098.jpg
46,train/TEXAS/train_099.jpg,TEXAS,train,train/TEXAS/099.jpg
46,train/TEXAS/train_101.jpg,TEXAS,train,train/TEXAS/101.jpg
46,train/TEXAS/train_102.jpg,TEXAS,train,train/TEXAS/102.jpg
46,train/TEXAS/train_104.jpg,TEXAS,train,train/TEXAS/104.jpg
46,train/TEXAS/train_105.jpg,TEXAS,train,train/TEXAS/105.jpg
46,train/TEXAS/train_106.jpg,TEXAS,train,train/TEXAS/106.jpg
46,train/TEXAS/train_107.jpg,TEXAS,train,train/TEXAS/107.jpg
46,train/TEXAS/train_108.jpg,TEXAS,train,train/TEXAS/108.jpg
46,train/TEXAS/train_109.jpg,TEXAS,train,train/TEXAS/109.jpg
46,train/TEXAS/train_110.jpg,TEXAS,train,train/TEXAS/110.jpg
46,train/TEXAS/train_112.jpg,TEXAS,train,train/TEXAS/112.jpg
46,train/TEXAS/train_113.jpg,TEXAS,train,train/TEXAS/113.jpg
46,train/TEXAS/train_114.jpg,TEXAS,train,train/TEXAS/114.jpg
46,train/TEXAS/train_115.jpg,TEXAS,train,train/TEXAS/115.jpg
46,train/TEXAS/train_116.jpg,TEXAS,train,train/TEXAS/116.jpg
46,train/TEXAS/train_117.jpg,TEXAS,train,train/TEXAS/117.jpg
46,train/TEXAS/train_118.jpg,TEXAS,train,train/TEXAS/118.jpg
46,train/TEXAS/train_119.jpg,TEXAS,train,train/TEXAS/119.jpg
46,train/TEXAS/train_121.jpg,TEXAS,train,train/TEXAS/121.jpg
46,train/TEXAS/train_122.jpg,TEXAS,train,train/TEXAS/122.jpg
46,train/TEXAS/train_124.jpg,TEXAS,train,train/TEXAS/124.jpg
46,train/TEXAS/train_126.jpg,TEXAS,train,train/TEXAS/126.jpg
46,train/TEXAS/train_128.jpg,TEXAS,train,train/TEXAS/128.jpg
46,train/TEXAS/train_131.jpg,TEXAS,train,train/TEXAS/131.jpg
46,train/TEXAS/train_133.jpg,TEXAS,train,train/TEXAS/133.jpg
46,train/TEXAS/train_134.jpg,TEXAS,train,train/TEXAS/134.jpg
46,train/TEXAS/train_141.jpg,TEXAS,train,train/TEXAS/141.jpg
46,train/TEXAS/train_142.jpg,TEXAS,train,train/TEXAS/142.jpg
46,train/TEXAS/train_143.jpg,TEXAS,train,train/TEXAS/143.jpg
46,train/TEXAS/train_144.jpg,TEXAS,train,train/TEXAS/144.jpg
46,train/TEXAS/train_146.jpg,TEXAS,train,train/TEXAS/146.jpg
46,train/TEXAS/train_147.jpg,TEXAS,train,train/TEXAS/147.jpg
46,train/TEXAS/train_148.jpg,TEXAS,train,train/TEXAS/148.jpg
46,train/TEXAS/train_150.jpg,TEXAS,train,train/TEXAS/150.jpg
46,train/TEXAS/train_151.jpg,TEXAS,train,train/TEXAS/151.jpg
46,train/TEXAS/train_152.jpg,TEXAS,train,train/TEXAS/152.jpg
46,train/TEXAS/train_154.jpg,TEXAS,train,train/TEXAS/154.jpg
46,train/TEXAS/train_155.jpg,TEXAS,train,train/TEXAS/155.jpg
46,train/TEXAS/valid_1.jpg,TEXAS,train,valid/TEXAS/1.jpg
46,train/TEXAS/valid_2.jpg,TEXAS,train,valid/TEXAS/2.jpg
46,train/TEXAS/valid_3.jpg,TEXAS,train,valid/TEXAS/3.jpg
46,train/TEXAS/valid_4.jpg,TEXAS,train,valid/TEXAS/4.jpg
47,train/U S VIRGIN ISLANDS/test_1.jpg,U S VIRGIN ISLANDS,train,test/U S VIRGIN ISLANDS/1.jpg
47,train/U S VIRGIN ISLANDS/test_2.jpg,U S VIRGIN ISLANDS,train,test/U S VIRGIN ISLANDS/2.jpg
47,train/U S VIRGIN ISLANDS/test_4.jpg,U S VIRGIN ISLANDS,train,test/U S VIRGIN ISLANDS/4.jpg
47,train/U S VIRGIN ISLANDS/test_5.jpg,U S VIRGIN ISLANDS,train,test/U S VIRGIN ISLANDS/5.jpg
47,train/U S VIRGIN ISLANDS/train_002.jpg,U S VIRGIN ISLANDS,train,train/U S VIRGIN ISLANDS/002.jpg
47,train/U S VIRGIN ISLANDS/train_003.jpg,U S VIRGIN ISLANDS,train,train/U S VIRGIN ISLANDS/003.jpg
47,train/U S VIRGIN ISLANDS/train_004.jpg,U S VIRGIN ISLANDS,train,train/U S VIRGIN ISLANDS/004.jpg
47,train/U S VIRGIN ISLANDS/train_005.jpg,U S VIRGIN ISLANDS,train,train/U S VIRGIN ISLANDS/005.jpg
47,train/U S VIRGIN ISLANDS/train_010.jpg,U S VIRGIN ISLANDS,train,train/U S VIRGIN ISLANDS/010.jpg
47,train/U S VIRGIN ISLANDS/train_012.jpg,U S VIRGIN ISLANDS,train,train/U S VIRGIN ISLANDS/012.jpg
47,train/U S VIRGIN ISLANDS/train_013.jpg,U S VIRGIN ISLANDS,train,train/U S VIRGIN ISLANDS/013.jpg
47,train/U S VIRGIN ISLANDS/train_014.jpg,U S VIRGIN ISLANDS,train,train/U S VIRGIN ISLANDS/014.jpg
47,train/U S VIRGIN ISLANDS/train_016.jpg,U S VIRGIN ISLANDS,train,train/U S VIRGIN ISLANDS/016.jpg
47,train/U S VIRGIN ISLANDS/train_017.jpg,U S VIRGIN ISLANDS,train,train/U S VIRGIN ISLANDS/017.jpg
47,train/U S VIRGIN ISLANDS/train_018.jpg,U S VIRGIN ISLANDS,train,train/U S VIRGIN ISLANDS/018.jpg
47,train/U S VIRGIN ISLANDS/train_019.jpg,U S VIRGIN ISLANDS,train,train/U S VIRGIN ISLANDS/019.jpg
47,train/U S VIRGIN ISLANDS/train_021.jpg,U S VIRGIN ISLANDS,train,train/U S VIRGIN ISLANDS/021.jpg
47,train/U S VIRGIN ISLANDS/train_022.jpg,U S VIRGIN ISLANDS,train,train/U S VIRGIN ISLANDS/022.jpg
47,train/U S VIRGIN ISLANDS/train_023.jpg,U S VIRGIN ISLANDS,train,train/U S VIRGIN ISLANDS/023.jpg
47,train/U S VIRGIN ISLANDS/train_026.jpg,U S VIRGIN ISLANDS,train,train/U S VIRGIN ISLANDS/026.jpg
47,train/U S VIRGIN ISLANDS/train_027.jpg,U S VIRGIN ISLANDS,train,train/U S VIRGIN ISLANDS/027.jpg
47,train/U S VIRGIN ISLANDS/train_029.jpg,U S VIRGIN ISLANDS,train,train/U S VIRGIN ISLANDS/029.jpg
47,train/U S VIRGIN ISLANDS/train_030.jpg,U S VIRGIN ISLANDS,train,train/U S VIRGIN ISLANDS/030.jpg
47,train/U S VIRGIN ISLANDS/train_033.jpg,U S VIRGIN ISLANDS,train,train/U S VIRGIN ISLANDS/033.jpg
47,train/U S VIRGIN ISLANDS/train_034.jpg,U S VIRGIN ISLANDS,train,train/U S VIRGIN ISLANDS/034.jpg
47,train/U S VIRGIN ISLANDS/train_035.jpg,U S VIRGIN ISLANDS,train,train/U S VIRGIN ISLANDS/035.jpg
47,train/U S VIRGIN ISLANDS/train_036.jpg,U S VIRGIN ISLANDS,train,train/U S VIRGIN ISLANDS/036.jpg
47,train/U S VIRGIN ISLANDS/train_037.jpg,U S VIRGIN ISLANDS,train,train/U S VIRGIN ISLANDS/037.jpg
47,train/U S VIRGIN ISLANDS/train_038.jpg,U S VIRGIN ISLANDS,train,train/U S VIRGIN ISLANDS/038.jpg
47,train/U S VIRGIN ISLANDS/train_039.jpg,U S VIRGIN ISLANDS,train,train/U S VIRGIN ISLANDS/039.jpg
47,train/U S VIRGIN ISLANDS/train_040.jpg,U S VIRGIN ISLANDS,train,train/U S VIRGIN ISLANDS/040.jpg
47,train/U S VIRGIN ISLANDS/train_041.jpg,U S VIRGIN ISLANDS,train,train/U S VIRGIN ISLANDS/041.jpg
47,train/U S VIRGIN ISLANDS/train_042.jpg,U S VIRGIN ISLANDS,train,train/U S VIRGIN ISLANDS/042.jpg
47,train/U S VIRGIN ISLANDS/train_044.jpg,U S VIRGIN ISLANDS,train,train/U S VIRGIN ISLANDS/044.jpg
47,train/U S VIRGIN ISLANDS/train_046.jpg,U S VIRGIN ISLANDS,train,train/U S VIRGIN ISLANDS/046.jpg
47,train/U S VIRGIN ISLANDS/train_047.jpg,U S VIRGIN ISLANDS,train,train/U S VIRGIN ISLANDS/047.jpg
47,train/U S VIRGIN ISLANDS/train_048.jpg,U S VIRGIN ISLANDS,train,train/U S VIRGIN ISLANDS/048.jpg
47,train/U S VIRGIN ISLANDS/train_050.jpg,U S VIRGIN ISLANDS,train,train/U S VIRGIN ISLANDS/050.jpg
47,train/U S VIRGIN ISLANDS/train_051.jpg,U S VIRGIN ISLANDS,train,train/U S VIRGIN ISLANDS/051.jpg
47,train/U S VIRGIN ISLANDS/train_054.jpg,U S VIRGIN ISLANDS,train,train/U S VIRGIN ISLANDS/054.jpg
47,train/U S VIRGIN ISLANDS/train_055.jpg,U S VIRGIN ISLANDS,train,train/U S VIRGIN ISLANDS/055.jpg
47,train/U S VIRGIN ISLANDS/train_056.jpg,U S VIRGIN ISLANDS,train,train/U S VIRGIN ISLANDS/056.jpg
47,train/U S VIRGIN ISLANDS/train_057.jpg,U S VIRGIN ISLANDS,train,train/U S VIRGIN ISLANDS/057.jpg
47,train/U S VIRGIN ISLANDS/train_059.jpg,U S VIRGIN ISLANDS,train,train/U S VIRGIN ISLANDS/059.jpg
47,train/U S VIRGIN ISLANDS/train_060.jpg,U S VIRGIN ISLANDS,train,train/U S VIRGIN ISLANDS/060.jpg
47,train/U S VIRGIN ISLANDS/train_061.jpg,U S VIRGIN ISLANDS,train,train/U S VIRGIN ISLANDS/061.jpg
47,train/U S VIRGIN ISLANDS/train_062.jpg,U S VIRGIN ISLANDS,train,train/U S VIRGIN ISLANDS/062.jpg
47,train/U S VIRGIN ISLANDS/train_063.jpg,U S VIRGIN ISLANDS,train,train/U S VIRGIN ISLANDS/063.jpg
47,train/U S VIRGIN ISLANDS/train_064.jpg,U S VIRGIN ISLANDS,train,train/U S VIRGIN ISLANDS/064.jpg
47,train/U S VIRGIN ISLANDS/train_065.jpg,U S VIRGIN ISLANDS,train,train/U S VIRGIN ISLANDS/065.jpg
47,train/U S VIRGIN ISLANDS/train_066.jpg,U S VIRGIN ISLANDS,train,train/U S VIRGIN ISLANDS/066.jpg
47,train/U S VIRGIN ISLANDS/train_067.jpg,U S VIRGIN ISLANDS,train,train/U S VIRGIN ISLANDS/067.jpg
47,train/U S VIRGIN ISLANDS/train_069.jpg,U S VIRGIN ISLANDS,train,train/U S VIRGIN ISLANDS/069.jpg
47,train/U S VIRGIN ISLANDS/train_070.jpg,U S VIRGIN ISLANDS,train,train/U S VIRGIN ISLANDS/070.jpg
47,train/U S VIRGIN ISLANDS/train_071.jpg,U S VIRGIN ISLANDS,train,train/U S VIRGIN ISLANDS/071.jpg
47,train/U S VIRGIN ISLANDS/train_072.jpg,U S VIRGIN ISLANDS,train,train/U S VIRGIN ISLANDS/072.jpg
47,train/U S VIRGIN ISLANDS/train_073.jpg,U S VIRGIN ISLANDS,train,train/U S VIRGIN ISLANDS/073.jpg
47,train/U S VIRGIN ISLANDS/train_074.jpg,U S VIRGIN ISLANDS,train,train/U S VIRGIN ISLANDS/074.jpg
47,train/U S VIRGIN ISLANDS/train_075.jpg,U S VIRGIN ISLANDS,train,train/U S VIRGIN ISLANDS/075.jpg
47,train/U S VIRGIN ISLANDS/train_078.jpg,U S VIRGIN ISLANDS,train,train/U S VIRGIN ISLANDS/078.jpg
47,train/U S VIRGIN ISLANDS/train_079.jpg,U S VIRGIN ISLANDS,train,train/U S VIRGIN ISLANDS/079.jpg
47,train/U S VIRGIN ISLANDS/train_080.jpg,U S VIRGIN ISLANDS,train,train/U S VIRGIN ISLANDS/080.jpg
47,train/U S VIRGIN ISLANDS/train_081.jpg,U S VIRGIN ISLANDS,train,train/U S VIRGIN ISLANDS/081.jpg
47,train/U S VIRGIN ISLANDS/train_082.jpg,U S VIRGIN ISLANDS,train,train/U S VIRGIN ISLANDS/082.jpg
47,train/U S VIRGIN ISLANDS/train_083.jpg,U S VIRGIN ISLANDS,train,train/U S VIRGIN ISLANDS/083.jpg
47,train/U S VIRGIN ISLANDS/train_087.jpg,U S VIRGIN ISLANDS,train,train/U S VIRGIN ISLANDS/087.jpg
47,train/U S VIRGIN ISLANDS/train_088.jpg,U S VIRGIN ISLANDS,train,train/U S VIRGIN ISLANDS/088.jpg
47,train/U S VIRGIN ISLANDS/train_090.jpg,U S VIRGIN ISLANDS,train,train/U S VIRGIN ISLANDS/090.jpg
47,train/U S VIRGIN ISLANDS/train_092.jpg,U S VIRGIN ISLANDS,train,train/U S VIRGIN ISLANDS/092.jpg
47,train/U S VIRGIN ISLANDS/train_093.jpg,U S VIRGIN ISLANDS,train,train/U S VIRGIN ISLANDS/093.jpg
47,train/U S VIRGIN ISLANDS/train_094.jpg,U S VIRGIN ISLANDS,train,train/U S VIRGIN ISLANDS/094.jpg
47,train/U S VIRGIN ISLANDS/train_096.jpg,U S VIRGIN ISLANDS,train,train/U S VIRGIN ISLANDS/096.jpg
47,train/U S VIRGIN ISLANDS/train_097.jpg,U S VIRGIN ISLANDS,train,train/U S VIRGIN ISLANDS/097.jpg
47,train/U S VIRGIN ISLANDS/train_098.jpg,U S VIRGIN ISLANDS,train,train/U S VIRGIN ISLANDS/098.jpg
47,train/U S VIRGIN ISLANDS/train_099.jpg,U S VIRGIN ISLANDS,train,train/U S VIRGIN ISLANDS/099.jpg
47,train/U S VIRGIN ISLANDS/train_100.jpg,U S VIRGIN ISLANDS,train,train/U S VIRGIN ISLANDS/100.jpg
47,train/U S VIRGIN ISLANDS/train_101.jpg,U S VIRGIN ISLANDS,train,train/U S VIRGIN ISLANDS/101.jpg
47,train/U S VIRGIN ISLANDS/train_102.jpg,U S VIRGIN ISLANDS,train,train/U S VIRGIN ISLANDS/102.jpg
47,train/U S VIRGIN ISLANDS/train_104.jpg,U S VIRGIN ISLANDS,train,train/U S VIRGIN ISLANDS/104.jpg
47,train/U S VIRGIN ISLANDS/train_105.jpg,U S VIRGIN ISLANDS,train,train/U S VIRGIN ISLANDS/105.jpg
47,train/U S VIRGIN ISLANDS/train_106.jpg,U S VIRGIN ISLANDS,train,train/U S VIRGIN ISLANDS/106.jpg
47,train/U S VIRGIN ISLANDS/train_107.jpg,U S VIRGIN ISLANDS,train,train/U S VIRGIN ISLANDS/107.jpg
47,train/U S VIRGIN ISLANDS/train_108.jpg,U S VIRGIN ISLANDS,train,train/U S VIRGIN ISLANDS/108.jpg
47,train/U S VIRGIN ISLANDS/train_111.jpg,U S VIRGIN ISLANDS,train,train/U S VIRGIN ISLANDS/111.jpg
47,train/U S VIRGIN ISLANDS/train_112.jpg,U S VIRGIN ISLANDS,train,train/U S VIRGIN ISLANDS/112.jpg
47,train/U S VIRGIN ISLANDS/train_116.jpg,U S VIRGIN ISLANDS,train,train/U S VIRGIN ISLANDS/116.jpg
47,train/U S VIRGIN ISLANDS/train_117.jpg,U S VIRGIN ISLANDS,train,train/U S VIRGIN ISLANDS/117.jpg
47,train/U S VIRGIN ISLANDS/train_118.jpg,U S VIRGIN ISLANDS,train,train/U S VIRGIN ISLANDS/118.jpg
47,train/U S VIRGIN ISLANDS/train_121.jpg,U S VIRGIN ISLANDS,train,train/U S VIRGIN ISLANDS/121.jpg
47,train/U S VIRGIN ISLANDS/train_123.jpg,U S VIRGIN ISLANDS,train,train/U S VIRGIN ISLANDS/123.jpg
47,train/U S VIRGIN ISLANDS/train_124.jpg,U S VIRGIN ISLANDS,train,train/U S VIRGIN ISLANDS/124.jpg
47,train/U S VIRGIN ISLANDS/train_125.jpg,U S VIRGIN ISLANDS,train,train/U S VIRGIN ISLANDS/125.jpg
47,train/U S VIRGIN ISLANDS/train_126.jpg,U S VIRGIN ISLANDS,train,train/U S VIRGIN ISLANDS/126.jpg
47,train/U S VIRGIN ISLANDS/train_127.jpg,U S VIRGIN ISLANDS,train,train/U S VIRGIN ISLANDS/127.jpg
47,train/U S VIRGIN ISLANDS/train_128.jpg,U S VIRGIN ISLANDS,train,train/U S VIRGIN ISLANDS/128.jpg
47,train/U S VIRGIN ISLANDS/train_132.jpg,U S VIRGIN ISLANDS,train,train/U S VIRGIN ISLANDS/132.jpg
47,train/U S VIRGIN ISLANDS/train_133.jpg,U S VIRGIN ISLANDS,train,train/U S VIRGIN ISLANDS/133.jpg
47,train/U S VIRGIN ISLANDS/train_134.jpg,U S VIRGIN ISLANDS,train,train/U S VIRGIN ISLANDS/134.jpg
47,train/U S VIRGIN ISLANDS/train_135.jpg,U S VIRGIN ISLANDS,train,train/U S VIRGIN ISLANDS/135.jpg
47,train/U S VIRGIN ISLANDS/train_136.jpg,U S VIRGIN ISLANDS,train,train/U S VIRGIN ISLANDS/136.jpg
47,train/U S VIRGIN ISLANDS/train_137.jpg,U S VIRGIN ISLANDS,train,train/U S VIRGIN ISLANDS/137.jpg
47,train/U S VIRGIN ISLANDS/train_138.jpg,U S VIRGIN ISLANDS,train,train/U S VIRGIN ISLANDS/138.jpg
47,train/U S VIRGIN ISLANDS/train_139.jpg,U S VIRGIN ISLANDS,train,train/U S VIRGIN ISLANDS/139.jpg
47,train/U S VIRGIN ISLANDS/train_141.jpg,U S VIRGIN ISLANDS,train,train/U S VIRGIN ISLANDS/141.jpg
47,train/U S VIRGIN ISLANDS/train_142.jpg,U S VIRGIN ISLANDS,train,train/U S VIRGIN ISLANDS/142.jpg
47,train/U S VIRGIN ISLANDS/train_143.jpg,U S VIRGIN ISLANDS,train,train/U S VIRGIN ISLANDS/143.jpg
47,train/U S VIRGIN ISLANDS/train_146.jpg,U S VIRGIN ISLANDS,train,train/U S VIRGIN ISLANDS/146.jpg
47,train/U S VIRGIN ISLANDS/valid_3.jpg,U S VIRGIN ISLANDS,train,valid/U S VIRGIN ISLANDS/3.jpg
47,train/U S VIRGIN ISLANDS/valid_4.jpg,U S VIRGIN ISLANDS,train,valid/U S VIRGIN ISLANDS/4.jpg
47,train/U S VIRGIN ISLANDS/valid_5.jpg,U S VIRGIN ISLANDS,train,valid/U S VIRGIN ISLANDS/5.jpg
48,train/UTAH/test_1.jpg,UTAH,train,test/UTAH/1.jpg
48,train/UTAH/test_2.jpg,UTAH,train,test/UTAH/2.jpg
48,train/UTAH/test_3.jpg,UTAH,train,test/UTAH/3.jpg
48,train/UTAH/test_5.jpg,UTAH,train,test/UTAH/5.jpg
48,train/UTAH/train_001.jpg,UTAH,train,train/UTAH/001.jpg
48,train/UTAH/train_002.jpg,UTAH,train,train/UTAH/002.jpg
48,train/UTAH/train_003.jpg,UTAH,train,train/UTAH/003.jpg
48,train/UTAH/train_004.jpg,UTAH,train,train/UTAH/004.jpg
48,train/UTAH/train_005.jpg,UTAH,train,train/UTAH/005.jpg
48,train/UTAH/train_007.jpg,UTAH,train,train/UTAH/007.jpg
48,train/UTAH/train_008.jpg,UTAH,train,train/UTAH/008.jpg
48,train/UTAH/train_009.jpg,UTAH,train,train/UTAH/009.jpg
48,train/UTAH/train_010.jpg,UTAH,train,train/UTAH/010.jpg
48,train/UTAH/train_011.jpg,UTAH,train,train/UTAH/011.jpg
48,train/UTAH/train_012.jpg,UTAH,train,train/UTAH/012.jpg
48,train/UTAH/train_013.jpg,UTAH,train,train/UTAH/013.jpg
48,train/UTAH/train_014.jpg,UTAH,train,train/UTAH/014.jpg
48,train/UTAH/train_015.jpg,UTAH,train,train/UTAH/015.jpg
48,train/UTAH/train_016.jpg,UTAH,train,train/UTAH/016.jpg
48,train/UTAH/train_019.jpg,UTAH,train,train/UTAH/019.jpg
48,train/UTAH/train_020.jpg,UTAH,train,train/UTAH/020.jpg
48,train/UTAH/train_021.jpg,UTAH,train,train/UTAH/021.jpg
48,train/UTAH/train_022.jpg,UTAH,train,train/UTAH/022.jpg
48,train/UTAH/train_028.jpg,UTAH,train,train/UTAH/028.jpg
48,train/UTAH/train_029.jpg,UTAH,train,train/UTAH/029.jpg
48,train/UTAH/train_032.jpg,UTAH,train,train/UTAH/032.jpg
48,train/UTAH/train_033.jpg,UTAH,train,train/UTAH/033.jpg
48,train/UTAH/train_034.jpg,UTAH,train,train/UTAH/034.jpg
48,train/UTAH/train_035.jpg,UTAH,train,train/UTAH/035.jpg
48,train/UTAH/train_036.jpg,UTAH,train,train/UTAH/036.jpg
48,train/UTAH/train_038.jpg,UTAH,train,train/UTAH/038.jpg
48,train/UTAH/train_039.jpg,UTAH,train,train/UTAH/039.jpg
48,train/UTAH/train_040.jpg,UTAH,train,train/UTAH/040.jpg
48,train/UTAH/train_041.jpg,UTAH,train,train/UTAH/041.jpg
48,train/UTAH/train_042.jpg,UTAH,train,train/UTAH/042.jpg
48,train/UTAH/train_043.jpg,UTAH,train,train/UTAH/043.jpg
48,train/UTAH/train_045.jpg,UTAH,train,train/UTAH/045.jpg
48,train/UTAH/train_046.jpg,UTAH,train,train/UTAH/046.jpg
48,train/UTAH/train_047.jpg,UTAH,train,train/UTAH/047.jpg
48,train/UTAH/train_048.jpg,UTAH,train,train/UTAH/048.jpg
48,train/UTAH/train_049.jpg,UTAH,train,train/UTAH/049.jpg
48,train/UTAH/train_050.jpg,UTAH,train,train/UTAH/050.jpg
48,train/UTAH/train_051.jpg,UTAH,train,train/UTAH/051.jpg
48,train/UTAH/train_053.jpg,UTAH,train,train/UTAH/053.jpg
48,train/UTAH/train_054.jpg,UTAH,train,train/UTAH/054.jpg
48,train/UTAH/train_055.jpg,UTAH,train,train/UTAH/055.jpg
48,train/UTAH/train_056.jpg,UTAH,train,train/UTAH/056.jpg
48,train/UTAH/train_057.jpg,UTAH,train,train/UTAH/057.jpg
48,train/UTAH/train_058.jpg,UTAH,train,train/UTAH/058.jpg
48,train/UTAH/train_059.jpg,UTAH,train,train/UTAH/059.jpg
48,train/UTAH/train_060.jpg,UTAH,train,train/UTAH/060.jpg
48,train/UTAH/train_061.jpg,UTAH,train,train/UTAH/061.jpg
48,train/UTAH/train_062.jpg,UTAH,train,train/UTAH/062.jpg
48,train/UTAH/train_063.jpg,UTAH,train,train/UTAH/063.jpg
48,train/UTAH/train_065.jpg,UTAH,train,train/UTAH/065.jpg
48,train/UTAH/train_066.jpg,UTAH,train,train/UTAH/066.jpg
48,train/UTAH/train_068.jpg,UTAH,train,train/UTAH/068.jpg
48,train/UTAH/train_069.jpg,UTAH,train,train/UTAH/069.jpg
48,train/UTAH/train_070.jpg,UTAH,train,train/UTAH/070.jpg
48,train/UTAH/train_071.jpg,UTAH,train,train/UTAH/071.jpg
48,train/UTAH/train_072.jpg,UTAH,train,train/UTAH/072.jpg
48,train/UTAH/train_074.jpg,UTAH,train,train/UTAH/074.jpg
48,train/UTAH/train_075.jpg,UTAH,train,train/UTAH/075.jpg
48,train/UTAH/train_077.jpg,UTAH,train,train/UTAH/077.jpg
48,train/UTAH/train_078.jpg,UTAH,train,train/UTAH/078.jpg
48,train/UTAH/train_079.jpg,UTAH,train,train/UTAH/079.jpg
48,train/UTAH/train_080.jpg,UTAH,train,train/UTAH/080.jpg
48,train/UTAH/train_081.jpg,UTAH,train,train/UTAH/081.jpg
48,train/UTAH/train_082.jpg,UTAH,train,train/UTAH/082.jpg
48,train/UTAH/train_084.jpg,UTAH,train,train/UTAH/084.jpg
48,train/UTAH/train_085.jpg,UTAH,train,train/UTAH/085.jpg
48,train/UTAH/train_086.jpg,UTAH,train,train/UTAH/086.jpg
48,train/UTAH/train_089.jpg,UTAH,train,train/UTAH/089.jpg
48,train/UTAH/train_091.jpg,UTAH,train,train/UTAH/091.jpg
48,train/UTAH/train_092.jpg,UTAH,train,train/UTAH/092.jpg
48,train/UTAH/train_096.jpg,UTAH,train,train/UTAH/096.jpg
48,train/UTAH/train_098.jpg,UTAH,train,train/UTAH/098.jpg
48,train/UTAH/train_099.jpg,UTAH,train,train/UTAH/099.jpg
48,train/UTAH/train_100.jpg,UTAH,train,train/UTAH/100.jpg
48,train/UTAH/train_102.jpg,UTAH,train,train/UTAH/102.jpg
48,train/UTAH/train_103.jpg,UTAH,train,train/UTAH/103.jpg
48,train/UTAH/train_105.jpg,UTAH,train,train/UTAH/105.jpg
48,train/UTAH/train_106.jpg,UTAH,train,train/UTAH/106.jpg
48,train/UTAH/train_109.jpg,UTAH,train,train/UTAH/109.jpg
48,train/UTAH/train_110.jpg,UTAH,train,train/UTAH/110.jpg
48,train/UTAH/train_111.jpg,UTAH,train,train/UTAH/111.jpg
48,train/UTAH/train_112.jpg,UTAH,train,train/UTAH/112.jpg
48,train/UTAH/train_113.jpg,UTAH,train,train/UTAH/113.jpg
48,train/UTAH/train_115.jpg,UTAH,train,train/UTAH/115.jpg
48,train/UTAH/train_117.jpg,UTAH,train,train/UTAH/117.jpg
48,train/UTAH/train_118.jpg,UTAH,train,train/UTAH/118.jpg
48,train/UTAH/train_119.jpg,UTAH,train,train/UTAH/119.jpg
48,train/UTAH/train_120.jpg,UTAH,train,train/UTAH/120.jpg
48,train/UTAH/train_126.jpg,UTAH,train,train/UTAH/126.jpg
48,train/UTAH/train_127.jpg,UTAH,train,train/UTAH/127.jpg
48,train/UTAH/train_129.jpg,UTAH,train,train/UTAH/129.jpg
48,train/UTAH/train_130.jpg,UTAH,train,train/UTAH/130.jpg
48,train/UTAH/train_132.jpg,UTAH,train,train/UTAH/132.jpg
48,train/UTAH/train_133.jpg,UTAH,train,train/UTAH/133.jpg
48,train/UTAH/train_134.jpg,UTAH,train,train/UTAH/134.jpg
48,train/UTAH/train_135.jpg,UTAH,train,train/UTAH/135.jpg
48,train/UTAH/train_136.jpg,UTAH,train,train/UTAH/136.jpg
48,train/UTAH/train_138.jpg,UTAH,train,train/UTAH/138.jpg
48,train/UTAH/train_140.jpg,UTAH,train,train/UTAH/140.jpg
48,train/UTAH/train_141.jpg,UTAH,train,train/UTAH/141.jpg
48,train/UTAH/train_142.jpg,UTAH,train,train/UTAH/142.jpg
48,train/UTAH/train_143.jpg,UTAH,train,train/UTAH/143.jpg
48,train/UTAH/train_145.jpg,UTAH,train,train/UTAH/145.jpg
48,train/UTAH/train_147.jpg,UTAH,train,train/UTAH/147.jpg
48,train/UTAH/train_148.jpg,UTAH,train,train/UTAH/148.jpg
48,train/UTAH/train_151.jpg,UTAH,train,train/UTAH/151.jpg
48,train/UTAH/train_153.jpg,UTAH,train,train/UTAH/153.jpg
48,train/UTAH/train_154.jpg,UTAH,train,train/UTAH/154.jpg
48,train/UTAH/train_155.jpg,UTAH,train,train/UTAH/155.jpg
48,train/UTAH/train_157.jpg,UTAH,train,train/UTAH/157.jpg
48,train/UTAH/valid_1.jpg,UTAH,train,valid/UTAH/1.jpg
48,train/UTAH/valid_3.jpg,UTAH,train,valid/UTAH/3.jpg
48,train/UTAH/valid_5.jpg,UTAH,train,valid/UTAH/5.jpg
49,train/VERMONT/test_3.jpg,VERMONT,train,test/VERMONT/3.jpg
49,train/VERMONT/test_4.jpg,VERMONT,train,test/VERMONT/4.jpg
49,train/VERMONT/test_5.jpg,VERMONT,train,test/VERMONT/5.jpg
49,train/VERMONT/train_001.jpg,VERMONT,train,train/VERMONT/001.jpg
49,train/VERMONT/train_002.jpg,VERMONT,train,train/VERMONT/002.jpg
49,train/VERMONT/train_003.jpg,VERMONT,train,train/VERMONT/003.jpg
49,train/VERMONT/train_006.jpg,VERMONT,train,train/VERMONT/006.jpg
49,train/VERMONT/train_007.jpg,VERMONT,train,train/VERMONT/007.jpg
49,train/VERMONT/train_008.jpg,VERMONT,train,train/VERMONT/008.jpg
49,train/VERMONT/train_009.jpg,VERMONT,train,train/VERMONT/009.jpg
49,train/VERMONT/train_010.jpg,VERMONT,train,train/VERMONT/010.jpg
49,train/VERMONT/train_011.jpg,VERMONT,train,train/VERMONT/011.jpg
49,train/VERMONT/train_012.jpg,VERMONT,train,train/VERMONT/012.jpg
49,train/VERMONT/train_013.jpg,VERMONT,train,train/VERMONT/013.jpg
49,train/VERMONT/train_014.jpg,VERMONT,train,train/VERMONT/014.jpg
49,train/VERMONT/train_015.jpg,VERMONT,train,train/VERMONT/015.jpg
49,train/VERMONT/train_016.jpg,VERMONT,train,train/VERMONT/016.jpg
49,train/VERMONT/train_017.jpg,VERMONT,train,train/VERMONT/017.jpg
49,train/VERMONT/train_018.jpg,VERMONT,train,train/VERMONT/018.jpg
49,train/VERMONT/train_019.jpg,VERMONT,train,train/VERMONT/019.jpg
49,train/VERMONT/train_022.jpg,VERMONT,train,train/VERMONT/022.jpg
49,train/VERMONT/train_025.jpg,VERMONT,train,train/VERMONT/025.jpg
49,train/VERMONT/train_028.jpg,VERMONT,train,train/VERMONT/028.jpg
49,train/VERMONT/train_029.jpg,VERMONT,train,train/VERMONT/029.jpg
49,train/VERMONT/train_031.jpg,VERMONT,train,train/VERMONT/031.jpg
49,train/VERMONT/train_032.jpg,VERMONT,train,train/VERMONT/032.jpg
49,train/VERMONT/train_033.jpg,VERMONT,train,train/VERMONT/033.jpg
49,train/VERMONT/train_034.jpg,VERMONT,train,train/VERMONT/034.jpg
49,train/VERMONT/train_035.jpg,VERMONT,train,train/VERMONT/035.jpg
49,train/VERMONT/train_036.jpg,VERMONT,train,train/VERMONT/036.jpg
49,train/VERMONT/train_037.jpg,VERMONT,train,train/VERMONT/037.jpg
49,train/VERMONT/train_038.jpg,VERMONT,train,train/VERMONT/038.jpg
49,train/VERMONT/train_039.jpg,VERMONT,train,train/VERMONT/039.jpg
49,train/VERMONT/train_041.jpg,VERMONT,train,train/VERMONT/041.jpg
49,train/VERMONT/train_042.jpg,VERMONT,train,train/VERMONT/042.jpg
49,train/VERMONT/train_043.jpg,VERMONT,train,train/VERMONT/043.jpg
49,train/VERMONT/train_044.jpg,VERMONT,train,train/VERMONT/044.jpg
49,train/VERMONT/train_045.jpg,VERMONT,train,train/VERMONT/045.jpg
49,train/VERMONT/train_046.jpg,VERMONT,train,train/VERMONT/046.jpg
49,train/VERMONT/train_048.jpg,VERMONT,train,train/VERMONT/048.jpg
49,train/VERMONT/train_049.jpg,VERMONT,train,train/VERMONT/049.jpg
49,train/VERMONT/train_050.jpg,VERMONT,train,train/VERMONT/050.jpg
49,train/VERMONT/train_052.jpg,VERMONT,train,train/VERMONT/052.jpg
49,train/VERMONT/train_054.jpg,VERMONT,train,train/VERMONT/054.jpg
49,train/VERMONT/train_057.jpg,VERMONT,train,train/VERMONT/057.jpg
49,train/VERMONT/train_058.jpg,VERMONT,train,train/VERMONT/058.jpg
49,train/VERMONT/train_059.jpg,VERMONT,train,train/VERMONT/059.jpg
49,train/VERMONT/train_062.jpg,VERMONT,train,train/VERMONT/062.jpg
49,train/VERMONT/train_063.jpg,VERMONT,train,train/VERMONT/063.jpg
49,train/VERMONT/train_064.jpg,VERMONT,train,train/VERMONT/064.jpg
49,train/VERMONT/train_065.jpg,VERMONT,train,train/VERMONT/065.jpg
49,train/VERMONT/train_067.jpg,VERMONT,train,train/VERMONT/067.jpg
49,train/VERMONT/train_069.jpg,VERMONT,train,train/VERMONT/069.jpg
49,train/VERMONT/train_070.jpg,VERMONT,train,train/VERMONT/070.jpg
49,train/VERMONT/train_073.jpg,VERMONT,train,train/VERMONT/073.jpg
49,train/VERMONT/train_074.jpg,VERMONT,train,train/VERMONT/074.jpg
49,train/VERMONT/train_075.jpg,VERMONT,train,train/VERMONT/075.jpg
49,train/VERMONT/train_077.jpg,VERMONT,train,train/VERMONT/077.jpg
49,train/VERMONT/train_078.jpg,VERMONT,train,train/VERMONT/078.jpg
49,train/VERMONT/train_079.jpg,VERMONT,train,train/VERMONT/079.jpg
49,train/VERMONT/train_080.jpg,VERMONT,train,train/VERMONT/080.jpg
49,train/VERMONT/train_081.jpg,VERMONT,train,train/VERMONT/081.jpg
49,train/VERMONT/train_082.jpg,VERMONT,train,train/VERMONT/082.jpg
49,train/VERMONT/train_083.jpg,VERMONT,train,train/VERMONT/083.jpg
49,train/VERMONT/train_084.jpg,VERMONT,train,train/VERMONT/084.jpg
49,train/VERMONT/train_086.jpg,VERMONT,train,train/VERMONT/086.jpg
49,train/VERMONT/train_089.jpg,VERMONT,train,train/VERMONT/089.jpg
49,train/VERMONT/train_090.jpg,VERMONT,train,train/VERMONT/090.jpg
49,train/VERMONT/train_091.jpg,VERMONT,train,train/VERMONT/091.jpg
49,train/VERMONT/train_092.jpg,VERMONT,train,train/VERMONT/092.jpg
49,train/VERMONT/train_093.jpg,VERMONT,train,train/VERMONT/093.jpg
49,train/VERMONT/train_095.jpg,VERMONT,train,train/VERMONT/095.jpg
49,train/VERMONT/train_096.jpg,VERMONT,train,train/VERMONT/096.jpg
49,train/VERMONT/train_097.jpg,VERMONT,train,train/VERMONT/097.jpg
49,train/VERMONT/train_098.jpg,VERMONT,train,train/VERMONT/098.jpg
49,train/VERMONT/train_099.jpg,VERMONT,train,train/VERMONT/099.jpg
49,train/VERMONT/train_100.jpg,VERMONT,train,train/VERMONT/100.jpg
49,train/VERMONT/train_101.jpg,VERMONT,train,train/VERMONT/101.jpg
49,train/VERMONT/train_107.jpg,VERMONT,train,train/VERMONT/107.jpg
49,train/VERMONT/train_108.jpg,VERMONT,train,train/VERMONT/108.jpg
49,train/VERMONT/train_110.jpg,VERMONT,train,train/VERMONT/110.jpg
49,train/VERMONT/train_111.jpg,VERMONT,train,train/VERMONT/111.jpg
49,train/VERMONT/train_113.jpg,VERMONT,train,train/VERMONT/113.jpg
49,train/VERMONT/train_114.jpg,VERMONT,train,train/VERMONT/114.jpg
49,train/VERMONT/train_115.jpg,VERMONT,train,train/VERMONT/115.jpg
49,train/VERMONT/train_117.jpg,VERMONT,train,train/VERMONT/117.jpg
49,train/VERMONT/train_119.jpg,VERMONT,train,train/VERMONT/119.jpg
49,train/VERMONT/train_121.jpg,VERMONT,train,train/VERMONT/121.jpg
49,train/VERMONT/train_122.jpg,VERMONT,train,train/VERMONT/122.jpg
49,train/VERMONT/train_123.jpg,VERMONT,train,train/VERMONT/123.jpg
49,train/VERMONT/train_124.jpg,VERMONT,train,train/VERMONT/124.jpg
49,train/VERMONT/train_127.jpg,VERMONT,train,train/VERMONT/127.jpg
49,train/VERMONT/train_129.jpg,VERMONT,train,train/VERMONT/129.jpg
49,train/VERMONT/train_130.jpg,VERMONT,train,train/VERMONT/130.jpg
49,train/VERMONT/train_131.jpg,VERMONT,train,train/VERMONT/131.jpg
49,train/VERMONT/train_133.jpg,VERMONT,train,train/VERMONT/133.jpg
49,train/VERMONT/train_134.jpg,VERMONT,train,train/VERMONT/134.jpg
49,train/VERMONT/train_136.jpg,VERMONT,train,train/VERMONT/136.jpg
49,train/VERMONT/train_137.jpg,VERMONT,train,train/VERMONT/137.jpg
49,train/VERMONT/train_138.jpg,VERMONT,train,train/VERMONT/138.jpg
49,train/VERMONT/train_139.jpg,VERMONT,train,train/VERMONT/139.jpg
49,train/VERMONT/train_142.jpg,VERMONT,train,train/VERMONT/142.jpg
49,train/VERMONT/train_143.jpg,VERMONT,train,train/VERMONT/143.jpg
49,train/VERMONT/train_144.jpg,VERMONT,train,train/VERMONT/144.jpg
49,train/VERMONT/train_145.jpg,VERMONT,train,train/VERMONT/145.jpg
49,train/VERMONT/train_147.jpg,VERMONT,train,train/VERMONT/147.jpg
49,train/VERMONT/train_148.jpg,VERMONT,train,train/VERMONT/148.jpg
49,train/VERMONT/train_150.jpg,VERMONT,train,train/VERMONT/150.jpg
49,train/VERMONT/valid_1.jpg,VERMONT,train,valid/VERMONT/1.jpg
49,train/VERMONT/valid_2.jpg,VERMONT,train,valid/VERMONT/2.jpg
49,train/VERMONT/valid_3.jpg,VERMONT,train,valid/VERMONT/3.jpg
49,train/VERMONT/valid_4.jpg,VERMONT,train,valid/VERMONT/4.jpg
50,train/VIRGINIA/test_1.jpg,VIRGINIA,train,test/VIRGINIA/1.jpg
50,train/VIRGINIA/test_2.jpg,VIRGINIA,train,test/VIRGINIA/2.jpg
50,train/VIRGINIA/test_3.jpg,VIRGINIA,train,test/VIRGINIA/3.jpg
50,train/VIRGINIA/train_002.jpg,VIRGINIA,train,train/VIRGINIA/002.jpg
50,train/VIRGINIA/train_003.jpg,VIRGINIA,train,train/VIRGINIA/003.jpg
50,train/VIRGINIA/train_004.jpg,VIRGINIA,train,train/VIRGINIA/004.jpg
50,train/VIRGINIA/train_005.jpg,VIRGINIA,train,train/VIRGINIA/005.jpg
50,train/VIRGINIA/train_008.jpg,VIRGINIA,train,train/VIRGINIA/008.jpg
50,train/VIRGINIA/train_009.jpg,VIRGINIA,train,train/VIRGINIA/009.jpg
50,train/VIRGINIA/train_010.jpg,VIRGINIA,train,train/VIRGINIA/010.jpg
50,train/VIRGINIA/train_011.jpg,VIRGINIA,train,train/VIRGINIA/011.jpg
50,train/VIRGINIA/train_012.jpg,VIRGINIA,train,train/VIRGINIA/012.jpg
50,train/VIRGINIA/train_013.jpg,VIRGINIA,train,train/VIRGINIA/013.jpg
50,train/VIRGINIA/train_015.jpg,VIRGINIA,train,train/VIRGINIA/015.jpg
50,train/VIRGINIA/train_017.jpg,VIRGINIA,train,train/VIRGINIA/017.jpg
50,train/VIRGINIA/train_018.jpg,VIRGINIA,train,train/VIRGINIA/018.jpg
50,train/VIRGINIA/train_019.jpg,VIRGINIA,train,train/VIRGINIA/019.jpg
50,train/VIRGINIA/train_020.jpg,VIRGINIA,train,train/VIRGINIA/020.jpg
50,train/VIRGINIA/train_021.jpg,VIRGINIA,train,train/VIRGINIA/021.jpg
50,train/VIRGINIA/train_023.jpg,VIRGINIA,train,train/VIRGINIA/023.jpg
50,train/VIRGINIA/train_026.jpg,VIRGINIA,train,train/VIRGINIA/026.jpg
50,train/VIRGINIA/train_028.jpg,VIRGINIA,train,train/VIRGINIA/028.jpg
50,train/VIRGINIA/train_029.jpg,VIRGINIA,train,train/VIRGINIA/029.jpg
50,train/VIRGINIA/train_030.jpg,VIRGINIA,train,train/VIRGINIA/030.jpg
50,train/VIRGINIA/train_031.jpg,VIRGINIA,train,train/VIRGINIA/031.jpg
50,train/VIRGINIA/train_033.jpg,VIRGINIA,train,train/VIRGINIA/033.jpg
50,train/VIRGINIA/train_035.jpg,VIRGINIA,train,train/VIRGINIA/035.jpg
50,train/VIRGINIA/train_036.jpg,VIRGINIA,train,train/VIRGINIA/036.jpg
50,train/VIRGINIA/train_039.jpg,VIRGINIA,train,train/VIRGINIA/039.jpg
50,train/VIRGINIA/train_041.jpg,VIRGINIA,train,train/VIRGINIA/041.jpg
50,train/VIRGINIA/train_043.jpg,VIRGINIA,train,train/VIRGINIA/043.jpg
50,train/VIRGINIA/train_044.jpg,VIRGINIA,train,train/VIRGINIA/044.jpg
50,train/VIRGINIA/train_046.jpg,VIRGINIA,train,train/VIRGINIA/046.jpg
50,train/VIRGINIA/train_047.jpg,VIRGINIA,train,train/VIRGINIA/047.jpg
50,train/VIRGINIA/train_048.jpg,VIRGINIA,train,train/VIRGINIA/048.jpg
50,train/VIRGINIA/train_049.jpg,VIRGINIA,train,train/VIRGINIA/049.jpg
50,train/VIRGINIA/train_050.jpg,VIRGINIA,train,train/VIRGINIA/050.jpg
50,train/VIRGINIA/train_051.jpg,VIRGINIA,train,train/VIRGINIA/051.jpg
50,train/VIRGINIA/train_052.jpg,VIRGINIA,train,train/VIRGINIA/052.jpg
50,train/VIRGINIA/train_053.jpg,VIRGINIA,train,train/VIRGINIA/053.jpg
50,train/VIRGINIA/train_054.jpg,VIRGINIA,train,train/VIRGINIA/054.jpg
50,train/VIRGINIA/train_055.jpg,VIRGINIA,train,train/VIRGINIA/055.jpg
50,train/VIRGINIA/train_057.jpg,VIRGINIA,train,train/VIRGINIA/057.jpg
50,train/VIRGINIA/train_059.jpg,VIRGINIA,train,train/VIRGINIA/059.jpg
50,train/VIRGINIA/train_060.jpg,VIRGINIA,train,train/VIRGINIA/060.jpg
50,train/VIRGINIA/train_061.jpg,VIRGINIA,train,train/VIRGINIA/061.jpg
50,train/VIRGINIA/train_062.jpg,VIRGINIA,train,train/VIRGINIA/062.jpg
50,train/VIRGINIA/train_063.jpg,VIRGINIA,train,train/VIRGINIA/063.jpg
50,train/VIRGINIA/train_064.jpg,VIRGINIA,train,train/VIRGINIA/064.jpg
50,train/VIRGINIA/train_065.jpg,VIRGINIA,train,train/VIRGINIA/065.jpg
50,train/VIRGINIA/train_066.jpg,VIRGINIA,train,train/VIRGINIA/066.jpg
50,train/VIRGINIA/train_067.jpg,VIRGINIA,train,train/VIRGINIA/067.jpg
50,train/VIRGINIA/train_068.jpg,VIRGINIA,train,train/VIRGINIA/068.jpg
50,train/VIRGINIA/train_070.jpg,VIRGINIA,train,train/VIRGINIA/070.jpg
50,train/VIRGINIA/train_072.jpg,VIRGINIA,train,train/VIRGINIA/072.jpg
50,train/VIRGINIA/train_073.jpg,VIRGINIA,train,train/VIRGINIA/073.jpg
50,train/VIRGINIA/train_076.jpg,VIRGINIA,train,train/VIRGINIA/076.jpg
50,train/VIRGINIA/train_078.jpg,VIRGINIA,train,train/VIRGINIA/078.jpg
50,train/VIRGINIA/train_079.jpg,VIRGINIA,train,train/VIRGINIA/079.jpg
50,train/VIRGINIA/train_081.jpg,VIRGINIA,train,train/VIRGINIA/081.jpg
50,train/VIRGINIA/train_082.jpg,VIRGINIA,train,train/VIRGINIA/082.jpg
50,train/VIRGINIA/train_083.jpg,VIRGINIA,train,train/VIRGINIA/083.jpg
50,train/VIRGINIA/train_085.jpg,VIRGINIA,train,train/VIRGINIA/085.jpg
50,train/VIRGINIA/train_086.jpg,VIRGINIA,train,train/VIRGINIA/086.jpg
50,train/VIRGINIA/train_087.jpg,VIRGINIA,train,train/VIRGINIA/087.jpg
50,train/VIRGINIA/train_088.jpg,VIRGINIA,train,train/VIRGINIA/088.jpg
50,train/VIRGINIA/train_089.jpg,VIRGINIA,train,train/VIRGINIA/089.jpg
50,train/VIRGINIA/train_093.jpg,VIRGINIA,train,train/VIRGINIA/093.jpg
50,train/VIRGINIA/train_094.jpg,VIRGINIA,train,train/VIRGINIA/094.jpg
50,train/VIRGINIA/train_095.jpg,VIRGINIA,train,train/VIRGINIA/095.jpg
50,train/VIRGINIA/train_097.jpg,VIRGINIA,train,train/VIRGINIA/097.jpg
50,train/VIRGINIA/train_098.jpg,VIRGINIA,train,train/VIRGINIA/098.jpg
50,train/VIRGINIA/train_099.jpg,VIRGINIA,train,train/VIRGINIA/099.jpg
50,train/VIRGINIA/train_100.jpg,VIRGINIA,train,train/VIRGINIA/100.jpg
50,train/VIRGINIA/train_103.jpg,VIRGINIA,train,train/VIRGINIA/103.jpg
50,train/VIRGINIA/train_108.jpg,VIRGINIA,train,train/VIRGINIA/108.jpg
50,train/VIRGINIA/train_109.jpg,VIRGINIA,train,train/VIRGINIA/109.jpg
50,train/VIRGINIA/train_110.jpg,VIRGINIA,train,train/VIRGINIA/110.jpg
50,train/VIRGINIA/train_111.jpg,VIRGINIA,train,train/VIRGINIA/111.jpg
50,train/VIRGINIA/train_113.jpg,VIRGINIA,train,train/VIRGINIA/113.jpg
50,train/VIRGINIA/train_114.jpg,VIRGINIA,train,train/VIRGINIA/114.jpg
50,train/VIRGINIA/train_118.jpg,VIRGINIA,train,train/VIRGINIA/118.jpg
50,train/VIRGINIA/train_120.jpg,VIRGINIA,train,train/VIRGINIA/120.jpg
50,train/VIRGINIA/train_122.jpg,VIRGINIA,train,train/VIRGINIA/122.jpg
50,train/VIRGINIA/train_123.jpg,VIRGINIA,train,train/VIRGINIA/123.jpg
50,train/VIRGINIA/train_124.jpg,VIRGINIA,train,train/VIRGINIA/124.jpg
50,train/VIRGINIA/train_125.jpg,VIRGINIA,train,train/VIRGINIA/125.jpg
50,train/VIRGINIA/train_126.jpg,VIRGINIA,train,train/VIRGINIA/126.jpg
50,train/VIRGINIA/train_128.jpg,VIRGINIA,train,train/VIRGINIA/128.jpg
50,train/VIRGINIA/train_129.jpg,VIRGINIA,train,train/VIRGINIA/129.jpg
50,train/VIRGINIA/train_130.jpg,VIRGINIA,train,train/VIRGINIA/130.jpg
50,train/VIRGINIA/train_131.jpg,VIRGINIA,train,train/VIRGINIA/131.jpg
50,train/VIRGINIA/train_132.jpg,VIRGINIA,train,train/VIRGINIA/132.jpg
50,train/VIRGINIA/train_133.jpg,VIRGINIA,train,train/VIRGINIA/133.jpg
50,train/VIRGINIA/train_134.jpg,VIRGINIA,train,train/VIRGINIA/134.jpg
50,train/VIRGINIA/train_135.jpg,VIRGINIA,train,train/VIRGINIA/135.jpg
50,train/VIRGINIA/train_136.jpg,VIRGINIA,train,train/VIRGINIA/136.jpg
50,train/VIRGINIA/train_137.jpg,VIRGINIA,train,train/VIRGINIA/137.jpg
50,train/VIRGINIA/train_138.jpg,VIRGINIA,train,train/VIRGINIA/138.jpg
50,train/VIRGINIA/train_139.jpg,VIRGINIA,train,train/VIRGINIA/139.jpg
50,train/VIRGINIA/train_141.jpg,VIRGINIA,train,train/VIRGINIA/141.jpg
50,train/VIRGINIA/train_142.jpg,VIRGINIA,train,train/VIRGINIA/142.jpg
50,train/VIRGINIA/train_143.jpg,VIRGINIA,train,train/VIRGINIA/143.jpg
50,train/VIRGINIA/valid_2.jpg,VIRGINIA,train,valid/VIRGINIA/2.jpg
50,train/VIRGINIA/valid_3.jpg,VIRGINIA,train,valid/VIRGINIA/3.jpg
50,train/VIRGINIA/valid_4.jpg,VIRGINIA,train,valid/VIRGINIA/4.jpg
50,train/VIRGINIA/valid_5.jpg,VIRGINIA,train,valid/VIRGINIA/5.jpg
51,train/WASHINGTON/test_1.jpg,WASHINGTON,train,test/WASHINGTON/1.jpg
51,train/WASHINGTON/test_2.jpg,WASHINGTON,train,test/WASHINGTON/2.jpg
51,train/WASHINGTON/test_3.jpg,WASHINGTON,train,test/WASHINGTON/3.jpg
51,train/WASHINGTON/test_5.jpg,WASHINGTON,train,test/WASHINGTON/5.jpg
51,train/WASHINGTON/train_003.jpg,WASHINGTON,train,train/WASHINGTON/003.jpg
51,train/WASHINGTON/train_004.jpg,WASHINGTON,train,train/WASHINGTON/004.jpg
51,train/WASHINGTON/train_006.jpg,WASHINGTON,train,train/WASHINGTON/006.jpg
51,train/WASHINGTON/train_007.jpg,WASHINGTON,train,train/WASHINGTON/007.jpg
51,train/WASHINGTON/train_009.jpg,WASHINGTON,train,train/WASHINGTON/009.jpg
51,train/WASHINGTON/train_010.jpg,WASHINGTON,train,train/WASHINGTON/010.jpg
51,train/WASHINGTON/train_011.jpg,WASHINGTON,train,train/WASHINGTON/011.jpg
51,train/WASHINGTON/train_014.jpg,WASHINGTON,train,train/WASHINGTON/014.jpg
51,train/WASHINGTON/train_015.jpg,WASHINGTON,train,train/WASHINGTON/015.jpg
51,train/WASHINGTON/train_016.jpg,WASHINGTON,train,train/WASHINGTON/016.jpg
51,train/WASHINGTON/train_017.jpg,WASHINGTON,train,train/WASHINGTON/017.jpg
51,train/WASHINGTON/train_021.jpg,WASHINGTON,train,train/WASHINGTON/021.jpg
51,train/WASHINGTON/train_023.jpg,WASHINGTON,train,train/WASHINGTON/023.jpg
51,train/WASHINGTON/train_024.jpg,WASHINGTON,train,train/WASHINGTON/024.jpg
51,train/WASHINGTON/train_025.jpg,WASHINGTON,train,train/WASHINGTON/025.jpg
51,train/WASHINGTON/train_026.jpg,WASHINGTON,train,train/WASHINGTON/026.jpg
51,train/WASHINGTON/train_027.jpg,WASHINGTON,train,train/WASHINGTON/027.jpg
51,train/WASHINGTON/train_028.jpg,WASHINGTON,train,train/WASHINGTON/028.jpg
51,train/WASHINGTON/train_030.jpg,WASHINGTON,train,train/WASHINGTON/030.jpg
51,train/WASHINGTON/train_031.jpg,WASHINGTON,train,train/WASHINGTON/031.jpg
51,train/WASHINGTON/train_034.jpg,WASHINGTON,train,train/WASHINGTON/034.jpg
51,train/WASHINGTON/train_035.jpg,WASHINGTON,train,train/WASHINGTON/035.jpg
51,train/WASHINGTON/train_037.jpg,WASHINGTON,train,train/WASHINGTON/037.jpg
51,train/WASHINGTON/train_038.jpg,WASHINGTON,train,train/WASHINGTON/038.jpg
51,train/WASHINGTON/train_039.jpg,WASHINGTON,train,train/WASHINGTON/039.jpg
51,train/WASHINGTON/train_040.jpg,WASHINGTON,train,train/WASHINGTON/040.jpg
51,train/WASHINGTON/train_042.jpg,WASHINGTON,train,train/WASHINGTON/042.jpg
51,train/WASHINGTON/train_043.jpg,WASHINGTON,train,train/WASHINGTON/043.jpg
51,train/WASHINGTON/train_044.jpg,WASHINGTON,train,train/WASHINGTON/044.jpg
51,train/WASHINGTON/train_045.jpg,WASHINGTON,train,train/WASHINGTON/045.jpg
51,train/WASHINGTON/train_047.jpg,WASHINGTON,train,train/WASHINGTON/047.jpg
51,train/WASHINGTON/train_048.jpg,WASHINGTON,train,train/WASHINGTON/048.jpg
51,train/WASHINGTON/train_049.jpg,WASHINGTON,train,train/WASHINGTON/049.jpg
51,train/WASHINGTON/train_050.jpg,WASHINGTON,train,train/WASHINGTON/050.jpg
51,train/WASHINGTON/train_051.jpg,WASHINGTON,train,train/WASHINGTON/051.jpg
51,train/WASHINGTON/train_052.jpg,WASHINGTON,train,train/WASHINGTON/052.jpg
51,train/WASHINGTON/train_053.jpg,WASHINGTON,train,train/WASHINGTON/053.jpg
51,train/WASHINGTON/train_054.jpg,WASHINGTON,train,train/WASHINGTON/054.jpg
51,train/WASHINGTON/train_055.jpg,WASHINGTON,train,train/WASHINGTON/055.jpg
51,train/WASHINGTON/train_056.jpg,WASHINGTON,train,train/WASHINGTON/056.jpg
51,train/WASHINGTON/train_058.jpg,WASHINGTON,train,train/WASHINGTON/058.jpg
51,train/WASHINGTON/train_060.jpg,WASHINGTON,train,train/WASHINGTON/060.jpg
51,train/WASHINGTON/train_062.jpg,WASHINGTON,train,train/WASHINGTON/062.jpg
51,train/WASHINGTON/train_063.jpg,WASHINGTON,train,train/WASHINGTON/063.jpg
51,train/WASHINGTON/train_064.jpg,WASHINGTON,train,train/WASHINGTON/064.jpg
51,train/WASHINGTON/train_065.jpg,WASHINGTON,train,train/WASHINGTON/065.jpg
51,train/WASHINGTON/train_066.jpg,WASHINGTON,train,train/WASHINGTON/066.jpg
51,train/WASHINGTON/train_067.jpg,WASHINGTON,train,train/WASHINGTON/067.jpg
51,train/WASHINGTON/train_068.jpg,WASHINGTON,train,train/WASHINGTON/068.jpg
51,train/WASHINGTON/train_069.jpg,WASHINGTON,train,train/WASHINGTON/069.jpg
51,train/WASHINGTON/train_074.jpg,WASHINGTON,train,train/WASHINGTON/074.jpg
51,train/WASHINGTON/train_076.jpg,WASHINGTON,train,train/WASHINGTON/076.jpg
51,train/WASHINGTON/train_077.jpg,WASHINGTON,train,train/WASHINGTON/077.jpg
51,train/WASHINGTON/train_078.jpg,WASHINGTON,train,train/WASHINGTON/078.jpg
51,train/WASHINGTON/train_081.jpg,WASHINGTON,train,train/WASHINGTON/081.jpg
51,train/WASHINGTON/train_084.jpg,WASHINGTON,train,train/WASHINGTON/084.jpg
51,train/WASHINGTON/train_085.jpg,WASHINGTON,train,train/WASHINGTON/085.jpg
51,train/WASHINGTON/train_086.jpg,WASHINGTON,train,train/WASHINGTON/086.jpg
51,train/WASHINGTON/train_087.jpg,WASHINGTON,train,train/WASHINGTON/087.jpg
51,train/WASHINGTON/train_088.jpg,WASHINGTON,train,train/WASHINGTON/088.jpg
51,train/WASHINGTON/train_089.jpg,WASHINGTON,train,train/WASHINGTON/089.jpg
51,train/WASHINGTON/train_090.jpg,WASHINGTON,train,train/WASHINGTON/090.jpg
51,train/WASHINGTON/train_091.jpg,WASHINGTON,train,train/WASHINGTON/091.jpg
51,train/WASHINGTON/train_092.jpg,WASHINGTON,train,train/WASHINGTON/092.jpg
51,train/WASHINGTON/train_093.jpg,WASHINGTON,train,train/WASHINGTON/093.jpg
51,train/WASHINGTON/train_095.jpg,WASHINGTON,train,train/WASHINGTON/095.jpg
51,train/WASHINGTON/train_096.jpg,WASHINGTON,train,train/WASHINGTON/096.jpg
51,train/WASHINGTON/train_097.jpg,WASHINGTON,train,train/WASHINGTON/097.jpg
51,train/WASHINGTON/train_098.jpg,WASHINGTON,train,train/WASHINGTON/098.jpg
51,train/WASHINGTON/train_099.jpg,WASHINGTON,train,train/WASHINGTON/099.jpg
51,train/WASHINGTON/train_101.jpg,WASHINGTON,train,train/WASHINGTON/101.jpg
51,train/WASHINGTON/train_102.jpg,WASHINGTON,train,train/WASHINGTON/102.jpg
51,train/WASHINGTON/train_103.jpg,WASHINGTON,train,train/WASHINGTON/103.jpg
51,train/WASHINGTON/train_104.jpg,WASHINGTON,train,train/WASHINGTON/104.jpg
51,train/WASHINGTON/train_105.jpg,WASHINGTON,train,train/WASHINGTON/105.jpg
51,train/WASHINGTON/train_106.jpg,WASHINGTON,train,train/WASHINGTON/106.jpg
51,train/WASHINGTON/train_108.jpg,WASHINGTON,train,train/WASHINGTON/108.jpg
51,train/WASHINGTON/train_109.jpg,WASHINGTON,train,train/WASHINGTON/109.jpg
51,train/WASHINGTON/train_111.jpg,WASHINGTON,train,train/WASHINGTON/111.jpg
51,train/WASHINGTON/train_112.jpg,WASHINGTON,train,train/WASHINGTON/112.jpg
51,train/WASHINGTON/train_114.jpg,WASHINGTON,train,train/WASHINGTON/114.jpg
51,train/WASHINGTON/train_120.jpg,WASHINGTON,train,train/WASHINGTON/120.jpg
51,train/WASHINGTON/train_121.jpg,WASHINGTON,train,train/WASHINGTON/121.jpg
51,train/WASHINGTON/train_122.jpg,WASHINGTON,train,train/WASHINGTON/122.jpg
51,train/WASHINGTON/train_124.jpg,WASHINGTON,train,train/WASHINGTON/124.jpg
51,train/WASHINGTON/train_125.jpg,WASHINGTON,train,train/WASHINGTON/125.jpg
51,train/WASHINGTON/train_126.jpg,WASHINGTON,train,train/WASHINGTON/126.jpg
51,train/WASHINGTON/train_127.jpg,WASHINGTON,train,train/WASHINGTON/127.jpg
51,train/WASHINGTON/train_128.jpg,WASHINGTON,train,train/WASHINGTON/128.jpg
51,train/WASHINGTON/train_131.jpg,WASHINGTON,train,train/WASHINGTON/131.jpg
51,train/WASHINGTON/train_132.jpg,WASHINGTON,train,train/WASHINGTON/132.jpg
51,train/WASHINGTON/train_134.jpg,WASHINGTON,train,train/WASHINGTON/134.jpg
51,train/WASHINGTON/train_135.jpg,WASHINGTON,train,train/WASHINGTON/135.jpg
51,train/WASHINGTON/train_136.jpg,WASHINGTON,train,train/WASHINGTON/136.jpg
51,train/WASHINGTON/train_137.jpg,WASHINGTON,train,train/WASHINGTON/137.jpg
51,train/WASHINGTON/train_139.jpg,WASHINGTON,train,train/WASHINGTON/139.jpg
51,train/WASHINGTON/train_140.jpg,WASHINGTON,train,train/WASHINGTON/140.jpg
51,train/WASHINGTON/train_141.jpg,WASHINGTON,train,train/WASHINGTON/141.jpg
51,train/WASHINGTON/train_142.jpg,WASHINGTON,train,train/WASHINGTON/142.jpg
51,train/WASHINGTON/train_143.jpg,WASHINGTON,train,train/WASHINGTON/143.jpg
51,train/WASHINGTON/train_144.jpg,WASHINGTON,train,train/WASHINGTON/144.jpg
51,train/WASHINGTON/train_147.jpg,WASHINGTON,train,train/WASHINGTON/147.jpg
51,train/WASHINGTON/train_148.jpg,WASHINGTON,train,train/WASHINGTON/148.jpg
51,train/WASHINGTON/train_149.jpg,WASHINGTON,train,train/WASHINGTON/149.jpg
51,train/WASHINGTON/train_150.jpg,WASHINGTON,train,train/WASHINGTON/150.jpg
51,train/WASHINGTON/train_151.jpg,WASHINGTON,train,train/WASHINGTON/151.jpg
51,train/WASHINGTON/train_153.jpg,WASHINGTON,train,train/WASHINGTON/153.jpg
51,train/WASHINGTON/train_155.jpg,WASHINGTON,train,train/WASHINGTON/155.jpg
51,train/WASHINGTON/train_157.jpg,WASHINGTON,train,train/WASHINGTON/157.jpg
51,train/WASHINGTON/train_158.jpg,WASHINGTON,train,train/WASHINGTON/158.jpg
51,train/WASHINGTON/train_159.jpg,WASHINGTON,train,train/WASHINGTON/159.jpg
51,train/WASHINGTON/train_161.jpg,WASHINGTON,train,train/WASHINGTON/161.jpg
51,train/WASHINGTON/train_162.jpg,WASHINGTON,train,train/WASHINGTON/162.jpg
51,train/WASHINGTON/train_163.jpg,WASHINGTON,train,train/WASHINGTON/163.jpg
51,train/WASHINGTON/train_164.jpg,WASHINGTON,train,train/WASHINGTON/164.jpg
51,train/WASHINGTON/valid_2.jpg,WASHINGTON,train,valid/WASHINGTON/2.jpg
51,train/WASHINGTON/valid_3.jpg,WASHINGTON,train,valid/WASHINGTON/3.jpg
51,train/WASHINGTON/valid_4.jpg,WASHINGTON,train,valid/WASHINGTON/4.jpg
51,train/WASHINGTON/valid_5.jpg,WASHINGTON,train,valid/WASHINGTON/5.jpg
52,train/WASHINGTON DC/test_1.jpg,WASHINGTON DC,train,test/WASHINGTON DC/1.jpg
52,train/WASHINGTON DC/test_2.jpg,WASHINGTON DC,train,test/WASHINGTON DC/2.jpg
52,train/WASHINGTON DC/test_3.jpg,WASHINGTON DC,train,test/WASHINGTON DC/3.jpg
52,train/WASHINGTON DC/test_4.jpg,WASHINGTON DC,train,test/WASHINGTON DC/4.jpg
52,train/WASHINGTON DC/test_5.jpg,WASHINGTON DC,train,test/WASHINGTON DC/5.jpg
52,train/WASHINGTON DC/train_002.jpg,WASHINGTON DC,train,train/WASHINGTON DC/002.jpg
52,train/WASHINGTON DC/train_003.jpg,WASHINGTON DC,train,train/WASHINGTON DC/003.jpg
52,train/WASHINGTON DC/train_004.jpg,WASHINGTON DC,train,train/WASHINGTON DC/004.jpg
52,train/WASHINGTON DC/train_005.jpg,WASHINGTON DC,train,train/WASHINGTON DC/005.jpg
52,train/WASHINGTON DC/train_006.jpg,WASHINGTON DC,train,train/WASHINGTON DC/006.jpg
52,train/WASHINGTON DC/train_007.jpg,WASHINGTON DC,train,train/WASHINGTON DC/007.jpg
52,train/WASHINGTON DC/train_008.jpg,WASHINGTON DC,train,train/WASHINGTON DC/008.jpg
52,train/WASHINGTON DC/train_009.jpg,WASHINGTON DC,train,train/WASHINGTON DC/009.jpg
52,train/WASHINGTON DC/train_010.jpg,WASHINGTON DC,train,train/WASHINGTON DC/010.jpg
52,train/WASHINGTON DC/train_012.jpg,WASHINGTON DC,train,train/WASHINGTON DC/012.jpg
52,train/WASHINGTON DC/train_013.jpg,WASHINGTON DC,train,train/WASHINGTON DC/013.jpg
52,train/WASHINGTON DC/train_014.jpg,WASHINGTON DC,train,train/WASHINGTON DC/014.jpg
52,train/WASHINGTON DC/train_015.jpg,WASHINGTON DC,train,train/WASHINGTON DC/015.jpg
52,train/WASHINGTON DC/train_016.jpg,WASHINGTON DC,train,train/WASHINGTON DC/016.jpg
52,train/WASHINGTON DC/train_018.jpg,WASHINGTON DC,train,train/WASHINGTON DC/018.jpg
52,train/WASHINGTON DC/train_019.jpg,WASHINGTON DC,train,train/WASHINGTON DC/019.jpg
52,train/WASHINGTON DC/train_020.jpg,WASHINGTON DC,train,train/WASHINGTON DC/020.jpg
52,train/WASHINGTON DC/train_022.jpg,WASHINGTON DC,train,train/WASHINGTON DC/022.jpg
52,train/WASHINGTON DC/train_023.jpg,WASHINGTON DC,train,train/WASHINGTON DC/023.jpg
52,train/WASHINGTON DC/train_024.jpg,WASHINGTON DC,train,train/WASHINGTON DC/024.jpg
52,train/WASHINGTON DC/train_026.jpg,WASHINGTON DC,train,train/WASHINGTON DC/026.jpg
52,train/WASHINGTON DC/train_027.jpg,WASHINGTON DC,train,train/WASHINGTON DC/027.jpg
52,train/WASHINGTON DC/train_028.jpg,WASHINGTON DC,train,train/WASHINGTON DC/028.jpg
52,train/WASHINGTON DC/train_030.jpg,WASHINGTON DC,train,train/WASHINGTON DC/030.jpg
52,train/WASHINGTON DC/train_034.jpg,WASHINGTON DC,train,train/WASHINGTON DC/034.jpg
52,train/WASHINGTON DC/train_035.jpg,WASHINGTON DC,train,train/WASHINGTON DC/035.jpg
52,train/WASHINGTON DC/train_037.jpg,WASHINGTON DC,train,train/WASHINGTON DC/037.jpg
52,train/WASHINGTON DC/train_038.jpg,WASHINGTON DC,train,train/WASHINGTON DC/038.jpg
52,train/WASHINGTON DC/train_039.jpg,WASHINGTON DC,train,train/WASHINGTON DC/039.jpg
52,train/WASHINGTON DC/train_040.jpg,WASHINGTON DC,train,train/WASHINGTON DC/040.jpg
52,train/WASHINGTON DC/train_041.jpg,WASHINGTON DC,train,train/WASHINGTON DC/041.jpg
52,train/WASHINGTON DC/train_043.jpg,WASHINGTON DC,train,train/WASHINGTON DC/043.jpg
52,train/WASHINGTON DC/train_044.jpg,WASHINGTON DC,train,train/WASHINGTON DC/044.jpg
52,train/WASHINGTON DC/train_045.jpg,WASHINGTON DC,train,train/WASHINGTON DC/045.jpg
52,train/WASHINGTON DC/train_047.jpg,WASHINGTON DC,train,train/WASHINGTON DC/047.jpg
52,train/WASHINGTON DC/train_048.jpg,WASHINGTON DC,train,train/WASHINGTON DC/048.jpg
52,train/WASHINGTON DC/train_054.jpg,WASHINGTON DC,train,train/WASHINGTON DC/054.jpg
52,train/WASHINGTON DC/train_055.jpg,WASHINGTON DC,train,train/WASHINGTON DC/055.jpg
52,train/WASHINGTON DC/train_056.jpg,WASHINGTON DC,train,train/WASHINGTON DC/056.jpg
52,train/WASHINGTON DC/train_057.jpg,WASHINGTON DC,train,train/WASHINGTON DC/057.jpg
52,train/WASHINGTON DC/train_059.jpg,WASHINGTON DC,train,train/WASHINGTON DC/059.jpg
52,train/WASHINGTON DC/train_061.jpg,WASHINGTON DC,train,train/WASHINGTON DC/061.jpg
52,train/WASHINGTON DC/train_063.jpg,WASHINGTON DC,train,train/WASHINGTON DC/063.jpg
52,train/WASHINGTON DC/train_064.jpg,WASHINGTON DC,train,train/WASHINGTON DC/064.jpg
52,train/WASHINGTON DC/train_068.jpg,WASHINGTON DC,train,train/WASHINGTON DC/068.jpg
52,train/WASHINGTON DC/train_069.jpg,WASHINGTON DC,train,train/WASHINGTON DC/069.jpg
52,train/WASHINGTON DC/train_070.jpg,WASHINGTON DC,train,train/WASHINGTON DC/070.jpg
52,train/WASHINGTON DC/train_071.jpg,WASHINGTON DC,train,train/WASHINGTON DC/071.jpg
52,train/WASHINGTON DC/train_072.jpg,WASHINGTON DC,train,train/WASHINGTON DC/072.jpg
52,train/WASHINGTON DC/train_074.jpg,WASHINGTON DC,train,train/WASHINGTON DC/074.jpg
52,train/WASHINGTON DC/train_075.jpg,WASHINGTON DC,train,train/WASHINGTON DC/075.jpg
52,train/WASHINGTON DC/train_076.jpg,WASHINGTON DC,train,train/WASHINGTON DC/076.jpg
52,train/WASHINGTON DC/train_077.jpg,WASHINGTON DC,train,train/WASHINGTON DC/077.jpg
52,train/WASHINGTON DC/train_082.jpg,WASHINGTON DC,train,train/WASHINGTON DC/082.jpg
52,train/WASHINGTON DC/train_083.jpg,WASHINGTON DC,train,train/WASHINGTON DC/083.jpg
52,train/WASHINGTON DC/train_084.jpg,WASHINGTON DC,train,train/WASHINGTON DC/084.jpg
52,train/WASHINGTON DC/train_087.jpg,WASHINGTON DC,train,train/WASHINGTON DC/087.jpg
52,train/WASHINGTON DC/train_089.jpg,WASHINGTON DC,train,train/WASHINGTON DC/089.jpg
52,train/WASHINGTON DC/train_090.jpg,WASHINGTON DC,train,train/WASHINGTON DC/090.jpg
52,train/WASHINGTON DC/train_091.jpg,WASHINGTON DC,train,train/WASHINGTON DC/091.jpg
52,train/WASHINGTON DC/train_092.jpg,WASHINGTON DC,train,train/WASHINGTON DC/092.jpg
52,train/WASHINGTON DC/train_093.jpg,WASHINGTON DC,train,train/WASHINGTON DC/093.jpg
52,train/WASHINGTON DC/train_095.jpg,WASHINGTON DC,train,train/WASHINGTON DC/095.jpg
52,train/WASHINGTON DC/train_096.jpg,WASHINGTON DC,train,train/WASHINGTON DC/096.jpg
52,train/WASHINGTON DC/train_097.jpg,WASHINGTON DC,train,train/WASHINGTON DC/097.jpg
52,train/WASHINGTON DC/train_098.jpg,WASHINGTON DC,train,train/WASHINGTON DC/098.jpg
52,train/WASHINGTON DC/train_099.jpg,WASHINGTON DC,train,train/WASHINGTON DC/099.jpg
52,train/WASHINGTON DC/train_101.jpg,WASHINGTON DC,train,train/WASHINGTON DC/101.jpg
52,train/WASHINGTON DC/train_102.jpg,WASHINGTON DC,train,train/WASHINGTON DC/102.jpg
52,train/WASHINGTON DC/train_103.jpg,WASHINGTON DC,train,train/WASHINGTON DC/103.jpg
52,train/WASHINGTON DC/train_104.jpg,WASHINGTON DC,train,train/WASHINGTON DC/104.jpg
52,train/WASHINGTON DC/train_106.jpg,WASHINGTON DC,train,train/WASHINGTON DC/106.jpg
52,train/WASHINGTON DC/train_107.jpg,WASHINGTON DC,train,train/WASHINGTON DC/107.jpg
52,train/WASHINGTON DC/train_110.jpg,WASHINGTON DC,train,train/WASHINGTON DC/110.jpg
52,train/WASHINGTON DC/train_111.jpg,WASHINGTON DC,train,train/WASHINGTON DC/111.jpg
52,train/WASHINGTON DC/train_112.jpg,WASHINGTON DC,train,train/WASHINGTON DC/112.jpg
52,train/WASHINGTON DC/train_113.jpg,WASHINGTON DC,train,train/WASHINGTON DC/113.jpg
52,train/WASHINGTON DC/train_115.jpg,WASHINGTON DC,train,train/WASHINGTON DC/115.jpg
52,train/WASHINGTON DC/train_116.jpg,WASHINGTON DC,train,train/WASHINGTON DC/116.jpg
52,train/WASHINGTON DC/train_117.jpg,WASHINGTON DC,train,train/WASHINGTON DC/117.jpg
52,train/WASHINGTON DC/train_118.jpg,WASHINGTON DC,train,train/WASHINGTON DC/118.jpg
52,train/WASHINGTON DC/train_119.jpg,WASHINGTON DC,train,train/WASHINGTON DC/119.jpg
52,train/WASHINGTON DC/train_120.jpg,WASHINGTON DC,train,train/WASHINGTON DC/120.jpg
52,train/WASHINGTON DC/train_121.jpg,WASHINGTON DC,train,train/WASHINGTON DC/121.jpg
52,train/WASHINGTON DC/train_123.jpg,WASHINGTON DC,train,train/WASHINGTON DC/123.jpg
52,train/WASHINGTON DC/train_125.jpg,WASHINGTON DC,train,train/WASHINGTON DC/125.jpg
52,train/WASHINGTON DC/train_126.jpg,WASHINGTON DC,train,train/WASHINGTON DC/126.jpg
52,train/WASHINGTON DC/train_128.jpg,WASHINGTON DC,train,train/WASHINGTON DC/128.jpg
52,train/WASHINGTON DC/train_130.jpg,WASHINGTON DC,train,train/WASHINGTON DC/130.jpg
52,train/WASHINGTON DC/train_131.jpg,WASHINGTON DC,train,train/WASHINGTON DC/131.jpg
52,train/WASHINGTON DC/train_132.jpg,WASHINGTON DC,train,train/WASHINGTON DC/132.jpg
52,train/WASHINGTON DC/train_133.jpg,WASHINGTON DC,train,train/WASHINGTON DC/133.jpg
52,train/WASHINGTON DC/train_137.jpg,WASHINGTON DC,train,train/WASHINGTON DC/137.jpg
52,train/WASHINGTON DC/train_138.jpg,WASHINGTON DC,train,train/WASHINGTON DC/138.jpg
52,train/WASHINGTON DC/train_139.jpg,WASHINGTON DC,train,train/WASHINGTON DC/139.jpg
52,train/WASHINGTON DC/train_141.jpg,WASHINGTON DC,train,train/WASHINGTON DC/141.jpg
52,train/WASHINGTON DC/train_143.jpg,WASHINGTON DC,train,train/WASHINGTON DC/143.jpg
52,train/WASHINGTON DC/train_145.jpg,WASHINGTON DC,train,train/WASHINGTON DC/145.jpg
52,train/WASHINGTON DC/train_146.jpg,WASHINGTON DC,train,train/WASHINGTON DC/146.jpg
52,train/WASHINGTON DC/train_147.jpg,WASHINGTON DC,train,train/WASHINGTON DC/147.jpg
52,train/WASHINGTON DC/valid_1.jpg,WASHINGTON DC,train,valid/WASHINGTON DC/1.jpg
52,train/WASHINGTON DC/valid_2.jpg,WASHINGTON DC,train,valid/WASHINGTON DC/2.jpg
52,train/WASHINGTON DC/valid_3.jpg,WASHINGTON DC,train,valid/WASHINGTON DC/3.jpg
52,train/WASHINGTON DC/valid_5.jpg,WASHINGTON DC,train,valid/WASHINGTON DC/5.jpg
53,train/WEST VIRGINIA/test_1.jpg,WEST VIRGINIA,train,test/WEST VIRGINIA/1.jpg
53,train/WEST VIRGINIA/test_4.jpg,WEST VIRGINIA,train,test/WEST VIRGINIA/4.jpg
53,train/WEST VIRGINIA/train_001.jpg,WEST VIRGINIA,train,train/WEST VIRGINIA/001.jpg
53,train/WEST VIRGINIA/train_003.jpg,WEST VIRGINIA,train,train/WEST VIRGINIA/003.jpg
53,train/WEST VIRGINIA/train_004.jpg,WEST VIRGINIA,train,train/WEST VIRGINIA/004.jpg
53,train/WEST VIRGINIA/train_005.jpg,WEST VIRGINIA,train,train/WEST VIRGINIA/005.jpg
53,train/WEST VIRGINIA/train_006.jpg,WEST VIRGINIA,train,train/WEST VIRGINIA/006.jpg
53,train/WEST VIRGINIA/train_007.jpg,WEST VIRGINIA,train,train/WEST VIRGINIA/007.jpg
53,train/WEST VIRGINIA/train_008.jpg,WEST VIRGINIA,train,train/WEST VIRGINIA/008.jpg
53,train/WEST VIRGINIA/train_009.jpg,WEST VIRGINIA,train,train/WEST VIRGINIA/009.jpg
53,train/WEST VIRGINIA/train_010.jpg,WEST VIRGINIA,train,train/WEST VIRGINIA/010.jpg
53,train/WEST VIRGINIA/train_013.jpg,WEST VIRGINIA,train,train/WEST VIRGINIA/013.jpg
53,train/WEST VIRGINIA/train_014.jpg,WEST VIRGINIA,train,train/WEST VIRGINIA/014.jpg
53,train/WEST VIRGINIA/train_016.jpg,WEST VIRGINIA,train,train/WEST VIRGINIA/016.jpg
53,train/WEST VIRGINIA/train_019.jpg,WEST VIRGINIA,train,train/WEST VIRGINIA/019.jpg
53,train/WEST VIRGINIA/train_020.jpg,WEST VIRGINIA,train,train/WEST VIRGINIA/020.jpg
53,train/WEST VIRGINIA/train_021.jpg,WEST VIRGINIA,train,train/WEST VIRGINIA/021.jpg
53,train/WEST VIRGINIA/train_022.jpg,WEST VIRGINIA,train,train/WEST VIRGINIA/022.jpg
53,train/WEST VIRGINIA/train_023.jpg,WEST VIRGINIA,train,train/WEST VIRGINIA/023.jpg
53,train/WEST VIRGINIA/train_025.jpg,WEST VIRGINIA,train,train/WEST VIRGINIA/025.jpg
53,train/WEST VIRGINIA/train_026.jpg,WEST VIRGINIA,train,train/WEST VIRGINIA/026.jpg
53,train/WEST VIRGINIA/train_027.jpg,WEST VIRGINIA,train,train/WEST VIRGINIA/027.jpg
53,train/WEST VIRGINIA/train_028.jpg,WEST VIRGINIA,train,train/WEST VIRGINIA/028.jpg
53,train/WEST VIRGINIA/train_029.jpg,WEST VIRGINIA,train,train/WEST VIRGINIA/029.jpg
53,train/WEST VIRGINIA/train_030.jpg,WEST VIRGINIA,train,train/WEST VIRGINIA/030.jpg
53,train/WEST VIRGINIA/train_032.jpg,WEST VIRGINIA,train,train/WEST VIRGINIA/032.jpg
53,train/WEST VIRGINIA/train_033.jpg,WEST VIRGINIA,train,train/WEST VIRGINIA/033.jpg
53,train/WEST VIRGINIA/train_035.jpg,WEST VIRGINIA,train,train/WEST VIRGINIA/035.jpg
53,train/WEST VIRGINIA/train_036.jpg,WEST VIRGINIA,train,train/WEST VIRGINIA/036.jpg
53,train/WEST VIRGINIA/train_037.jpg,WEST VIRGINIA,train,train/WEST VIRGINIA/037.jpg
53,train/WEST VIRGINIA/train_038.jpg,WEST VIRGINIA,train,train/WEST VIRGINIA/038.jpg
53,train/WEST VIRGINIA/train_039.jpg,WEST VIRGINIA,train,train/WEST VIRGINIA/039.jpg
53,train/WEST VIRGINIA/train_040.jpg,WEST VIRGINIA,train,train/WEST VIRGINIA/040.jpg
53,train/WEST VIRGINIA/train_041.jpg,WEST VIRGINIA,train,train/WEST VIRGINIA/041.jpg
53,train/WEST VIRGINIA/train_042.jpg,WEST VIRGINIA,train,train/WEST VIRGINIA/042.jpg
53,train/WEST VIRGINIA/train_043.jpg,WEST VIRGINIA,train,train/WEST VIRGINIA/043.jpg
53,train/WEST VIRGINIA/train_044.jpg,WEST VIRGINIA,train,train/WEST VIRGINIA/044.jpg
53,train/WEST VIRGINIA/train_046.jpg,WEST VIRGINIA,train,train/WEST VIRGINIA/046.jpg
53,train/WEST VIRGINIA/train_048.jpg,WEST VIRGINIA,train,train/WEST VIRGINIA/048.jpg
53,train/WEST VIRGINIA/train_049.jpg,WEST VIRGINIA,train,train/WEST VIRGINIA/049.jpg
53,train/WEST VIRGINIA/train_050.jpg,WEST VIRGINIA,train,train/WEST VIRGINIA/050.jpg
53,train/WEST VIRGINIA/train_051.jpg,WEST VIRGINIA,train,train/WEST VIRGINIA/051.jpg
53,train/WEST VIRGINIA/train_052.jpg,WEST VIRGINIA,train,train/WEST VIRGINIA/052.jpg
53,train/WEST VIRGINIA/train_053.jpg,WEST VIRGINIA,train,train/WEST VIRGINIA/053.jpg
53,train/WEST VIRGINIA/train_056.jpg,WEST VIRGINIA,train,train/WEST VIRGINIA/056.jpg
53,train/WEST VIRGINIA/train_057.jpg,WEST VIRGINIA,train,train/WEST VIRGINIA/057.jpg
53,train/WEST VIRGINIA/train_058.jpg,WEST VIRGINIA,train,train/WEST VIRGINIA/058.jpg
53,train/WEST VIRGINIA/train_059.jpg,WEST VIRGINIA,train,train/WEST VIRGINIA/059.jpg
53,train/WEST VIRGINIA/train_060.jpg,WEST VIRGINIA,train,train/WEST VIRGINIA/060.jpg
53,train/WEST VIRGINIA/train_061.jpg,WEST VIRGINIA,train,train/WEST VIRGINIA/061.jpg
53,train/WEST VIRGINIA/train_063.jpg,WEST VIRGINIA,train,train/WEST VIRGINIA/063.jpg
53,train/WEST VIRGINIA/train_064.jpg,WEST VIRGINIA,train,train/WEST VIRGINIA/064.jpg
53,train/WEST VIRGINIA/train_067.jpg,WEST VIRGINIA,train,train/WEST VIRGINIA/067.jpg
53,train/WEST VIRGINIA/train_068.jpg,WEST VIRGINIA,train,train/WEST VIRGINIA/068.jpg
53,train/WEST VIRGINIA/train_069.jpg,WEST VIRGINIA,train,train/WEST VIRGINIA/069.jpg
53,train/WEST VIRGINIA/train_071.jpg,WEST VIRGINIA,train,train/WEST VIRGINIA/071.jpg
53,train/WEST VIRGINIA/train_074.jpg,WEST VIRGINIA,train,train/WEST VIRGINIA/074.jpg
53,train/WEST VIRGINIA/train_076.jpg,WEST VIRGINIA,train,train/WEST VIRGINIA/076.jpg
53,train/WEST VIRGINIA/train_077.jpg,WEST VIRGINIA,train,train/WEST VIRGINIA/077.jpg
53,train/WEST VIRGINIA/train_078.jpg,WEST VIRGINIA,train,train/WEST VIRGINIA/078.jpg
53,train/WEST VIRGINIA/train_079.jpg,WEST VIRGINIA,train,train/WEST VIRGINIA/079.jpg
53,train/WEST VIRGINIA/train_084.jpg,WEST VIRGINIA,train,train/WEST VIRGINIA/084.jpg
53,train/WEST VIRGINIA/train_085.jpg,WEST VIRGINIA,train,train/WEST VIRGINIA/085.jpg
53,train/WEST VIRGINIA/train_087.jpg,WEST VIRGINIA,train,train/WEST VIRGINIA/087.jpg
53,train/WEST VIRGINIA/train_088.jpg,WEST VIRGINIA,train,train/WEST VIRGINIA/088.jpg
53,train/WEST VIRGINIA/train_089.jpg,WEST VIRGINIA,train,train/WEST VIRGINIA/089.jpg
53,train/WEST VIRGINIA/train_090.jpg,WEST VIRGINIA,train,train/WEST VIRGINIA/090.jpg
53,train/WEST VIRGINIA/train_091.jpg,WEST VIRGINIA,train,train/WEST VIRGINIA/091.jpg
53,train/WEST VIRGINIA/train_093.jpg,WEST VIRGINIA,train,train/WEST VIRGINIA/093.jpg
53,train/WEST VIRGINIA/train_094.jpg,WEST VIRGINIA,train,train/WEST VIRGINIA/094.jpg
53,train/WEST VIRGINIA/train_096.jpg,WEST VIRGINIA,train,train/WEST VIRGINIA/096.jpg
53,train/WEST VIRGINIA/train_097.jpg,WEST VIRGINIA,train,train/WEST VIRGINIA/097.jpg
53,train/WEST VIRGINIA/train_099.jpg,WEST VIRGINIA,train,train/WEST VIRGINIA/099.jpg
53,train/WEST VIRGINIA/train_101.jpg,WEST VIRGINIA,train,train/WEST VIRGINIA/101.jpg
53,train/WEST VIRGINIA/train_102.jpg,WEST VIRGINIA,train,train/WEST VIRGINIA/102.jpg
53,train/WEST VIRGINIA/train_103.jpg,WEST VIRGINIA,train,train/WEST VIRGINIA/103.jpg
53,train/WEST VIRGINIA/train_104.jpg,WEST VIRGINIA,train,train/WEST VIRGINIA/104.jpg
53,train/WEST VIRGINIA/train_105.jpg,WEST VIRGINIA,train,train/WEST VIRGINIA/105.jpg
53,train/WEST VIRGINIA/train_108.jpg,WEST VIRGINIA,train,train/WEST VIRGINIA/108.jpg
53,train/WEST VIRGINIA/train_110.jpg,WEST VIRGINIA,train,train/WEST VIRGINIA/110.jpg
53,train/WEST VIRGINIA/train_111.jpg,WEST VIRGINIA,train,train/WEST VIRGINIA/111.jpg
53,train/WEST VIRGINIA/train_113.jpg,WEST VIRGINIA,train,train/WEST VIRGINIA/113.jpg
53,train/WEST VIRGINIA/train_114.jpg,WEST VIRGINIA,train,train/WEST VIRGINIA/114.jpg
53,train/WEST VIRGINIA/train_116.jpg,WEST VIRGINIA,train,train/WEST VIRGINIA/116.jpg
53,train/WEST VIRGINIA/train_117.jpg,WEST VIRGINIA,train,train/WEST VIRGINIA/117.jpg
53,train/WEST VIRGINIA/train_119.jpg,WEST VIRGINIA,train,train/WEST VIRGINIA/119.jpg
53,train/WEST VIRGINIA/train_120.jpg,WEST VIRGINIA,train,train/WEST VIRGINIA/120.jpg
53,train/WEST VIRGINIA/train_121.jpg,WEST VIRGINIA,train,train/WEST VIRGINIA/121.jpg
53,train/WEST VIRGINIA/train_123.jpg,WEST VIRGINIA,train,train/WEST VIRGINIA/123.jpg
53,train/WEST VIRGINIA/train_124.jpg,WEST VIRGINIA,train,train/WEST VIRGINIA/124.jpg
53,train/WEST VIRGINIA/train_125.jpg,WEST VIRGINIA,train,train/WEST VIRGINIA/125.jpg
53,train/WEST VIRGINIA/train_126.jpg,WEST VIRGINIA,train,train/WEST VIRGINIA/126.jpg
53,train/WEST VIRGINIA/train_127.jpg,WEST VIRGINIA,train,train/WEST VIRGINIA/127.jpg
53,train/WEST VIRGINIA/train_128.jpg,WEST VIRGINIA,train,train/WEST VIRGINIA/128.jpg
53,train/WEST VIRGINIA/train_131.jpg,WEST VIRGINIA,train,train/WEST VIRGINIA/131.jpg
53,train/WEST VIRGINIA/train_132.jpg,WEST VIRGINIA,train,train/WEST VIRGINIA/132.jpg
53,train/WEST VIRGINIA/train_133.jpg,WEST VIRGINIA,train,train/WEST VIRGINIA/133.jpg
53,train/WEST VIRGINIA/train_134.jpg,WEST VIRGINIA,train,train/WEST VIRGINIA/134.jpg
53,train/WEST VIRGINIA/train_135.jpg,WEST VIRGINIA,train,train/WEST VIRGINIA/135.jpg
53,train/WEST VIRGINIA/train_137.jpg,WEST VIRGINIA,train,train/WEST VIRGINIA/137.jpg
53,train/WEST VIRGINIA/train_138.jpg,WEST VIRGINIA,train,train/WEST VIRGINIA/138.jpg
53,train/WEST VIRGINIA/train_139.jpg,WEST VIRGINIA,train,train/WEST VIRGINIA/139.jpg
53,train/WEST VIRGINIA/train_140.jpg,WEST VIRGINIA,train,train/WEST VIRGINIA/140.jpg
53,train/WEST VIRGINIA/valid_3.jpg,WEST VIRGINIA,train,valid/WEST VIRGINIA/3.jpg
53,train/WEST VIRGINIA/valid_4.jpg,WEST VIRGINIA,train,valid/WEST VIRGINIA/4.jpg
53,train/WEST VIRGINIA/valid_5.jpg,WEST VIRGINIA,train,valid/WEST VIRGINIA/5.jpg
54,train/WISCONSIN/test_1.jpg,WISCONSIN,train,test/WISCONSIN/1.jpg
54,train/WISCONSIN/test_2.jpg,WISCONSIN,train,test/WISCONSIN/2.jpg
54,train/WISCONSIN/test_4.jpg,WISCONSIN,train,test/WISCONSIN/4.jpg
54,train/WISCONSIN/test_5.jpg,WISCONSIN,train,test/WISCONSIN/5.jpg
54,train/WISCONSIN/train_001.jpg,WISCONSIN,train,train/WISCONSIN/001.jpg
54,train/WISCONSIN/train_002.jpg,WISCONSIN,train,train/WISCONSIN/002.jpg
54,train/WISCONSIN/train_003.jpg,WISCONSIN,train,train/WISCONSIN/003.jpg
54,train/WISCONSIN/train_004.jpg,WISCONSIN,train,train/WISCONSIN/004.jpg
54,train/WISCONSIN/train_005.jpg,WISCONSIN,train,train/WISCONSIN/005.jpg
54,train/WISCONSIN/train_006.jpg,WISCONSIN,train,train/WISCONSIN/006.jpg
54,train/WISCONSIN/train_007.jpg,WISCONSIN,train,train/WISCONSIN/007.jpg
54,train/WISCONSIN/train_009.jpg,WISCONSIN,train,train/WISCONSIN/009.jpg
54,train/WISCONSIN/train_010.jpg,WISCONSIN,train,train/WISCONSIN/010.jpg
54,train/WISCONSIN/train_011.jpg,WISCONSIN,train,train/WISCONSIN/011.jpg
54,train/WISCONSIN/train_012.jpg,WISCONSIN,train,train/WISCONSIN/012.jpg
54,train/WISCONSIN/train_013.jpg,WISCONSIN,train,train/WISCONSIN/013.jpg
54,train/WISCONSIN/train_014.jpg,WISCONSIN,train,train/WISCONSIN/014.jpg
54,train/WISCONSIN/train_015.jpg,WISCONSIN,train,train/WISCONSIN/015.jpg
54,train/WISCONSIN/train_016.jpg,WISCONSIN,train,train/WISCONSIN/016.jpg
54,train/WISCONSIN/train_017.jpg,WISCONSIN,train,train/WISCONSIN/017.jpg
54,train/WISCONSIN/train_019.jpg,WISCONSIN,train,train/WISCONSIN/019.jpg
54,train/WISCONSIN/train_021.jpg,WISCONSIN,train,train/WISCONSIN/021.jpg
54,train/WISCONSIN/train_022.jpg,WISCONSIN,train,train/WISCONSIN/022.jpg
54,train/WISCONSIN/train_023.jpg,WISCONSIN,train,train/WISCONSIN/023.jpg
54,train/WISCONSIN/train_024.jpg,WISCONSIN,train,train/WISCONSIN/024.jpg
54,train/WISCONSIN/train_025.jpg,WISCONSIN,train,train/WISCONSIN/025.jpg
54,train/WISCONSIN/train_027.jpg,WISCONSIN,train,train/WISCONSIN/027.jpg
54,train/WISCONSIN/train_028.jpg,WISCONSIN,train,train/WISCONSIN/028.jpg
54,train/WISCONSIN/train_029.jpg,WISCONSIN,train,train/WISCONSIN/029.jpg
54,train/WISCONSIN/train_030.jpg,WISCONSIN,train,train/WISCONSIN/030.jpg
54,train/WISCONSIN/train_032.jpg,WISCONSIN,train,train/WISCONSIN/032.jpg
54,train/WISCONSIN/train_034.jpg,WISCONSIN,train,train/WISCONSIN/034.jpg
54,train/WISCONSIN/train_035.jpg,WISCONSIN,train,train/WISCONSIN/035.jpg
54,train/WISCONSIN/train_038.jpg,WISCONSIN,train,train/WISCONSIN/038.jpg
54,train/WISCONSIN/train_039.jpg,WISCONSIN,train,train/WISCONSIN/039.jpg
54,train/WISCONSIN/train_040.jpg,WISCONSIN,train,train/WISCONSIN/040.jpg
54,train/WISCONSIN/train_042.jpg,WISCONSIN,train,train/WISCONSIN/042.jpg
54,train/WISCONSIN/train_043.jpg,WISCONSIN,train,train/WISCONSIN/043.jpg
54,train/WISCONSIN/train_044.jpg,WISCONSIN,train,train/WISCONSIN/044.jpg
54,train/WISCONSIN/train_045.jpg,WISCONSIN,train,train/WISCONSIN/045.jpg
54,train/WISCONSIN/train_049.jpg,WISCONSIN,train,train/WISCONSIN/049.jpg
54,train/WISCONSIN/train_050.jpg,WISCONSIN,train,train/WISCONSIN/050.jpg
54,train/WISCONSIN/train_051.jpg,WISCONSIN,train,train/WISCONSIN/051.jpg
54,train/WISCONSIN/train_055.jpg,WISCONSIN,train,train/WISCONSIN/055.jpg
54,train/WISCONSIN/train_059.jpg,WISCONSIN,train,train/WISCONSIN/059.jpg
54,train/WISCONSIN/train_060.jpg,WISCONSIN,train,train/WISCONSIN/060.jpg
54,train/WISCONSIN/train_061.jpg,WISCONSIN,train,train/WISCONSIN/061.jpg
54,train/WISCONSIN/train_062.jpg,WISCONSIN,train,train/WISCONSIN/062.jpg
54,train/WISCONSIN/train_063.jpg,WISCONSIN,train,train/WISCONSIN/063.jpg
54,train/WISCONSIN/train_065.jpg,WISCONSIN,train,train/WISCONSIN/065.jpg
54,train/WISCONSIN/train_066.jpg,WISCONSIN,train,train/WISCONSIN/066.jpg
54,train/WISCONSIN/train_067.jpg,WISCONSIN,train,train/WISCONSIN/067.jpg
54,train/WISCONSIN/train_068.jpg,WISCONSIN,train,train/WISCONSIN/068.jpg
54,train/WISCONSIN/train_069.jpg,WISCONSIN,train,train/WISCONSIN/069.jpg
54,train/WISCONSIN/train_070.jpg,WISCONSIN,train,train/WISCONSIN/070.jpg
54,train/WISCONSIN/train_072.jpg,WISCONSIN,train,train/WISCONSIN/072.jpg
54,train/WISCONSIN/train_073.jpg,WISCONSIN,train,train/WISCONSIN/073.jpg
54,train/WISCONSIN/train_074.jpg,WISCONSIN,train,train/WISCONSIN/074.jpg
54,train/WISCONSIN/train_075.jpg,WISCONSIN,train,train/WISCONSIN/075.jpg
54,train/WISCONSIN/train_076.jpg,WISCONSIN,train,train/WISCONSIN/076.jpg
54,train/WISCONSIN/train_077.jpg,WISCONSIN,train,train/WISCONSIN/077.jpg
54,train/WISCONSIN/train_080.jpg,WISCONSIN,train,train/WISCONSIN/080.jpg
54,train/WISCONSIN/train_081.jpg,WISCONSIN,train,train/WISCONSIN/081.jpg
54,train/WISCONSIN/train_082.jpg,WISCONSIN,train,train/WISCONSIN/082.jpg
54,train/WISCONSIN/train_083.jpg,WISCONSIN,train,train/WISCONSIN/083.jpg
54,train/WISCONSIN/train_084.jpg,WISCONSIN,train,train/WISCONSIN/084.jpg
54,train/WISCONSIN/train_086.jpg,WISCONSIN,train,train/WISCONSIN/086.jpg
54,train/WISCONSIN/train_088.jpg,WISCONSIN,train,train/WISCONSIN/088.jpg
54,train/WISCONSIN/train_090.jpg,WISCONSIN,train,train/WISCONSIN/090.jpg
54,train/WISCONSIN/train_092.jpg,WISCONSIN,train,train/WISCONSIN/092.jpg
54,train/WISCONSIN/train_093.jpg,WISCONSIN,train,train/WISCONSIN/093.jpg
54,train/WISCONSIN/train_095.jpg,WISCONSIN,train,train/WISCONSIN/095.jpg
54,train/WISCONSIN/train_097.jpg,WISCONSIN,train,train/WISCONSIN/097.jpg
54,train/WISCONSIN/train_098.jpg,WISCONSIN,train,train/WISCONSIN/098.jpg
54,train/WISCONSIN/train_100.jpg,WISCONSIN,train,train/WISCONSIN/100.jpg
54,train/WISCONSIN/train_101.jpg,WISCONSIN,train,train/WISCONSIN/101.jpg
54,train/WISCONSIN/train_102.jpg,WISCONSIN,train,train/WISCONSIN/102.jpg
54,train/WISCONSIN/train_106.jpg,WISCONSIN,train,train/WISCONSIN/106.jpg
54,train/WISCONSIN/train_108.jpg,WISCONSIN,train,train/WISCONSIN/108.jpg
54,train/WISCONSIN/train_110.jpg,WISCONSIN,train,train/WISCONSIN/110.jpg
54,train/WISCONSIN/train_111.jpg,WISCONSIN,train,train/WISCONSIN/111.jpg
54,train/WISCONSIN/train_112.jpg,WISCONSIN,train,train/WISCONSIN/112.jpg
54,train/WISCONSIN/train_113.jpg,WISCONSIN,train,train/WISCONSIN/113.jpg
54,train/WISCONSIN/train_114.jpg,WISCONSIN,train,train/WISCONSIN/114.jpg
54,train/WISCONSIN/train_115.jpg,WISCONSIN,train,train/WISCONSIN/115.jpg
54,train/WISCONSIN/train_116.jpg,WISCONSIN,train,train/WISCONSIN/116.jpg
54,train/WISCONSIN/train_117.jpg,WISCONSIN,train,train/WISCONSIN/117.jpg
54,train/WISCONSIN/train_118.jpg,WISCONSIN,train,train/WISCONSIN/118.jpg
54,train/WISCONSIN/train_119.jpg,WISCONSIN,train,train/WISCONSIN/119.jpg
54,train/WISCONSIN/train_120.jpg,WISCONSIN,train,train/WISCONSIN/120.jpg
54,train/WISCONSIN/train_121.jpg,WISCONSIN,train,train/WISCONSIN/121.jpg
54,train/WISCONSIN/train_123.jpg,WISCONSIN,train,train/WISCONSIN/123.jpg
54,train/WISCONSIN/train_124.jpg,WISCONSIN,train,train/WISCONSIN/124.jpg
54,train/WISCONSIN/train_125.jpg,WISCONSIN,train,train/WISCONSIN/125.jpg
54,train/WISCONSIN/train_126.jpg,WISCONSIN,train,train/WISCONSIN/126.jpg
54,train/WISCONSIN/train_127.jpg,WISCONSIN,train,train/WISCONSIN/127.jpg
54,train/WISCONSIN/train_130.jpg,WISCONSIN,train,train/WISCONSIN/130.jpg
54,train/WISCONSIN/train_132.jpg,WISCONSIN,train,train/WISCONSIN/132.jpg
54,train/WISCONSIN/train_135.jpg,WISCONSIN,train,train/WISCONSIN/135.jpg
54,train/WISCONSIN/train_136.jpg,WISCONSIN,train,train/WISCONSIN/136.jpg
54,train/WISCONSIN/train_137.jpg,WISCONSIN,train,train/WISCONSIN/137.jpg
54,train/WISCONSIN/train_138.jpg,WISCONSIN,train,train/WISCONSIN/138.jpg
54,train/WISCONSIN/train_139.jpg,WISCONSIN,train,train/WISCONSIN/139.jpg
54,train/WISCONSIN/valid_2.jpg,WISCONSIN,train,valid/WISCONSIN/2.jpg
54,train/WISCONSIN/valid_3.jpg,WISCONSIN,train,valid/WISCONSIN/3.jpg
54,train/WISCONSIN/valid_4.jpg,WISCONSIN,train,valid/WISCONSIN/4.jpg
55,train/WYOMING/test_1.jpg,WYOMING,train,test/WYOMING/1.jpg
55,train/WYOMING/test_2.jpg,WYOMING,train,test/WYOMING/2.jpg
55,train/WYOMING/test_3.jpg,WYOMING,train,test/WYOMING/3.jpg
55,train/WYOMING/test_5.jpg,WYOMING,train,test/WYOMING/5.jpg
55,train/WYOMING/train_001.jpg,WYOMING,train,train/WYOMING/001.jpg
55,train/WYOMING/train_002.jpg,WYOMING,train,train/WYOMING/002.jpg
55,train/WYOMING/train_003.jpg,WYOMING,train,train/WYOMING/003.jpg
55,train/WYOMING/train_004.jpg,WYOMING,train,train/WYOMING/004.jpg
55,train/WYOMING/train_005.jpg,WYOMING,train,train/WYOMING/005.jpg
55,train/WYOMING/train_006.jpg,WYOMING,train,train/WYOMING/006.jpg
55,train/WYOMING/train_007.jpg,WYOMING,train,train/WYOMING/007.jpg
55,train/WYOMING/train_010.jpg,WYOMING,train,train/WYOMING/010.jpg
55,train/WYOMING/train_011.jpg,WYOMING,train,train/WYOMING/011.jpg
55,train/WYOMING/train_012.jpg,WYOMING,train,train/WYOMING/012.jpg
55,train/WYOMING/train_013.jpg,WYOMING,train,train/WYOMING/013.jpg
55,train/WYOMING/train_014.jpg,WYOMING,train,train/WYOMING/014.jpg
55,train/WYOMING/train_015.jpg,WYOMING,train,train/WYOMING/015.jpg
55,train/WYOMING/train_016.jpg,WYOMING,train,train/WYOMING/016.jpg
55,train/WYOMING/train_018.jpg,WYOMING,train,train/WYOMING/018.jpg
55,train/WYOMING/train_023.jpg,WYOMING,train,train/WYOMING/023.jpg
55,train/WYOMING/train_025.jpg,WYOMING,train,train/WYOMING/025.jpg
55,train/WYOMING/train_026.jpg,WYOMING,train,train/WYOMING/026.jpg
55,train/WYOMING/train_027.jpg,WYOMING,train,train/WYOMING/027.jpg
55,train/WYOMING/train_028.jpg,WYOMING,train,train/WYOMING/028.jpg
55,train/WYOMING/train_029.jpg,WYOMING,train,train/WYOMING/029.jpg
55,train/WYOMING/train_030.jpg,WYOMING,train,train/WYOMING/030.jpg
55,train/WYOMING/train_031.jpg,WYOMING,train,train/WYOMING/031.jpg
55,train/WYOMING/train_032.jpg,WYOMING,train,train/WYOMING/032.jpg
55,train/WYOMING/train_033.jpg,WYOMING,train,train/WYOMING/033.jpg
55,train/WYOMING/train_034.jpg,WYOMING,train,train/WYOMING/034.jpg
55,train/WYOMING/train_035.jpg,WYOMING,train,train/WYOMING/035.jpg
55,train/WYOMING/train_036.jpg,WYOMING,train,train/WYOMING/036.jpg
55,train/WYOMING/train_039.jpg,WYOMING,train,train/WYOMING/039.jpg
55,train/WYOMING/train_040.jpg,WYOMING,train,train/WYOMING/040.jpg
55,train/WYOMING/train_042.jpg,WYOMING,train,train/WYOMING/042.jpg
55,train/WYOMING/train_043.jpg,WYOMING,train,train/WYOMING/043.jpg
55,train/WYOMING/train_045.jpg,WYOMING,train,train/WYOMING/045.jpg
55,train/WYOMING/train_046.jpg,WYOMING,train,train/WYOMING/046.jpg
55,train/WYOMING/train_048.jpg,WYOMING,train,train/WYOMING/048.jpg
55,train/WYOMING/train_050.jpg,WYOMING,train,train/WYOMING/050.jpg
55,train/WYOMING/train_052.jpg,WYOMING,train,train/WYOMING/052.jpg
55,train/WYOMING/train_054.jpg,WYOMING,train,train/WYOMING/054.jpg
55,train/WYOMING/train_055.jpg,WYOMING,train,train/WYOMING/055.jpg
55,train/WYOMING/train_058.jpg,WYOMING,train,train/WYOMING/058.jpg
55,train/WYOMING/train_059.jpg,WYOMING,train,train/WYOMING/059.jpg
55,train/WYOMING/train_060.jpg,WYOMING,train,train/WYOMING/060.jpg
55,train/WYOMING/train_061.jpg,WYOMING,train,train/WYOMING/061.jpg
55,train/WYOMING/train_062.jpg,WYOMING,train,train/WYOMING/062.jpg
55,train/WYOMING/train_064.jpg,WYOMING,train,train/WYOMING/064.jpg
55,train/WYOMING/train_065.jpg,WYOMING,train,train/WYOMING/065.jpg
55,train/WYOMING/train_067.jpg,WYOMING,train,train/WYOMING/067.jpg
55,train/WYOMING/train_070.jpg,WYOMING,train,train/WYOMING/070.jpg
55,train/WYOMING/train_071.jpg,WYOMING,train,train/WYOMING/071.jpg
55,train/WYOMING/train_072.jpg,WYOMING,train,train/WYOMING/072.jpg
55,train/WYOMING/train_073.jpg,WYOMING,train,train/WYOMING/073.jpg
55,train/WYOMING/train_075.jpg,WYOMING,train,train/WYOMING/075.jpg
55,train/WYOMING/train_076.jpg,WYOMING,train,train/WYOMING/076.jpg
55,train/WYOMING/train_078.jpg,WYOMING,train,train/WYOMING/078.jpg
55,train/WYOMING/train_079.jpg,WYOMING,train,train/WYOMING/079.jpg
55,train/WYOMING/train_080.jpg,WYOMING,train,train/WYOMING/080.jpg
55,train/WYOMING/train_081.jpg,WYOMING,train,train/WYOMING/081.jpg
55,train/WYOMING/train_082.jpg,WYOMING,train,train/WYOMING/082.jpg
55,train/WYOMING/train_083.jpg,WYOMING,train,train/WYOMING/083.jpg
55,train/WYOMING/train_084.jpg,WYOMING,train,train/WYOMING/084.jpg
55,train/WYOMING/train_085.jpg,WYOMING,train,train/WYOMING/085.jpg
55,train/WYOMING/train_087.jpg,WYOMING,train,train/WYOMING/087.jpg
55,train/WYOMING/train_089.jpg,WYOMING,train,train/WYOMING/089.jpg
55,train/WYOMING/train_091.jpg,WYOMING,train,train/WYOMING/091.jpg
55,train/WYOMING/train_092.jpg,WYOMING,train,train/WYOMING/092.jpg
55,train/WYOMING/train_093.jpg,WYOMING,train,train/WYOMING/093.jpg
55,train/WYOMING/train_094.jpg,WYOMING,train,train/WYOMING/094.jpg
55,train/WYOMING/train_096.jpg,WYOMING,train,train/WYOMING/096.jpg
55,train/WYOMING/train_100.jpg,WYOMING,train,train/WYOMING/100.jpg
55,train/WYOMING/train_101.jpg,WYOMING,train,train/WYOMING/101.jpg
55,train/WYOMING/train_102.jpg,WYOMING,train,train/WYOMING/102.jpg
55,train/WYOMING/train_104.jpg,WYOMING,train,train/WYOMING/104.jpg
55,train/WYOMING/train_105.jpg,WYOMING,train,train/WYOMING/105.jpg
55,train/WYOMING/train_106.jpg,WYOMING,train,train/WYOMING/106.jpg
55,train/WYOMING/train_108.jpg,WYOMING,train,train/WYOMING/108.jpg
55,train/WYOMING/train_109.jpg,WYOMING,train,train/WYOMING/109.jpg
55,train/WYOMING/train_111.jpg,WYOMING,train,train/WYOMING/111.jpg
55,train/WYOMING/train_114.jpg,WYOMING,train,train/WYOMING/114.jpg
55,train/WYOMING/train_115.jpg,WYOMING,train,train/WYOMING/115.jpg
55,train/WYOMING/train_116.jpg,WYOMING,train,train/WYOMING/116.jpg
55,train/WYOMING/train_118.jpg,WYOMING,train,train/WYOMING/118.jpg
55,train/WYOMING/train_119.jpg,WYOMING,train,train/WYOMING/119.jpg
55,train/WYOMING/train_120.jpg,WYOMING,train,train/WYOMING/120.jpg
55,train/WYOMING/train_122.jpg,WYOMING,train,train/WYOMING/122.jpg
55,train/WYOMING/train_124.jpg,WYOMING,train,train/WYOMING/124.jpg
55,train/WYOMING/train_126.jpg,WYOMING,train,train/WYOMING/126.jpg
55,train/WYOMING/train_127.jpg,WYOMING,train,train/WYOMING/127.jpg
55,train/WYOMING/train_128.jpg,WYOMING,train,train/WYOMING/128.jpg
55,train/WYOMING/train_129.jpg,WYOMING,train,train/WYOMING/129.jpg
55,train/WYOMING/train_130.jpg,WYOMING,train,train/WYOMING/130.jpg
55,train/WYOMING/train_131.jpg,WYOMING,train,train/WYOMING/131.jpg
55,train/WYOMING/train_133.jpg,WYOMING,train,train/WYOMING/133.jpg
55,train/WYOMING/train_134.jpg,WYOMING,train,train/WYOMING/134.jpg
55,train/WYOMING/train_136.jpg,WYOMING,train,train/WYOMING/136.jpg
55,train/WYOMING/train_137.jpg,WYOMING,train,train/WYOMING/137.jpg
55,train/WYOMING/train_138.jpg,WYOMING,train,train/WYOMING/138.jpg
55,train/WYOMING/train_140.jpg,WYOMING,train,train/WYOMING/140.jpg
55,train/WYOMING/train_143.jpg,WYOMING,train,train/WYOMING/143.jpg
55,train/WYOMING/train_144.jpg,WYOMING,train,train/WYOMING/144.jpg
55,train/WYOMING/train_145.jpg,WYOMING,train,train/WYOMING/145.jpg
55,train/WYOMING/train_146.jpg,WYOMING,train,train/WYOMING/146.jpg
55,train/WYOMING/train_147.jpg,WYOMING,train,train/WYOMING/147.jpg
55,train/WYOMING/train_149.jpg,WYOMING,train,train/WYOMING/149.jpg
55,train/WYOMING/train_150.jpg,WYOMING,train,train/WYOMING/150.jpg
55,train/WYOMING/train_151.jpg,WYOMING,train,train/WYOMING/151.jpg
55,train/WYOMING/valid_1.jpg,WYOMING,train,valid/WYOMING/1.jpg
55,train/WYOMING/valid_3.jpg,WYOMING,train,valid/WYOMING/3.jpg
55,train/WYOMING/valid_4.jpg,WYOMING,train,valid/WYOMING/4.jpg
55,train/WYOMING/valid_5.jpg,WYOMING,train,valid/WYOMING/5.jpg
0,valid/ALABAMA/test_1.jpg,ALABAMA,valid,test/ALABAMA/1.jpg
0,valid/ALABAMA/train_005.jpg,ALABAMA,valid,train/ALABAMA/005.jpg
0,valid/ALABAMA/train_012.jpg,ALABAMA,valid,train/ALABAMA/012.jpg
0,valid/ALABAMA/train_013.jpg,ALABAMA,valid,train/ALABAMA/013.jpg
0,valid/ALABAMA/train_018.jpg,ALABAMA,valid,train/ALABAMA/018.jpg
0,valid/ALABAMA/train_024.jpg,ALABAMA,valid,train/ALABAMA/024.jpg
0,valid/ALABAMA/train_030.jpg,ALABAMA,valid,train/ALABAMA/030.jpg
0,valid/ALABAMA/train_033.jpg,ALABAMA,valid,train/ALABAMA/033.jpg
0,valid/ALABAMA/train_036.jpg,ALABAMA,valid,train/ALABAMA/036.jpg
0,valid/ALABAMA/train_040.jpg,ALABAMA,valid,train/ALABAMA/040.jpg
0,valid/ALABAMA/train_046.jpg,ALABAMA,valid,train/ALABAMA/046.jpg
0,valid/ALABAMA/train_049.jpg,ALABAMA,valid,train/ALABAMA/049.jpg
0,valid/ALABAMA/train_055.jpg,ALABAMA,valid,train/ALABAMA/055.jpg
0,valid/ALABAMA/train_059.jpg,ALABAMA,valid,train/ALABAMA/059.jpg
0,valid/ALABAMA/train_080.jpg,ALABAMA,valid,train/ALABAMA/080.jpg
0,valid/ALABAMA/train_091.jpg,ALABAMA,valid,train/ALABAMA/091.jpg
0,valid/ALABAMA/train_093.jpg,ALABAMA,valid,train/ALABAMA/093.jpg
0,valid/ALABAMA/train_120.jpg,ALABAMA,valid,train/ALABAMA/120.jpg
0,valid/ALABAMA/train_122.jpg,ALABAMA,valid,train/ALABAMA/122.jpg
0,valid/ALABAMA/train_125.jpg,ALABAMA,valid,train/ALABAMA/125.jpg
0,valid/ALABAMA/train_135.jpg,ALABAMA,valid,train/ALABAMA/135.jpg
0,valid/ALABAMA/train_139.jpg,ALABAMA,valid,train/ALABAMA/139.jpg
0,valid/ALABAMA/train_141.jpg,ALABAMA,valid,train/ALABAMA/141.jpg
0,valid/ALABAMA/train_153.jpg,ALABAMA,valid,train/ALABAMA/153.jpg
0,valid/ALABAMA/train_155.jpg,ALABAMA,valid,train/ALABAMA/155.jpg
1,valid/ALASKA/train_003.jpg,ALASKA,valid,train/ALASKA/003.jpg
1,valid/ALASKA/train_012.jpg,ALASKA,valid,train/ALASKA/012.jpg
1,valid/ALASKA/train_019.jpg,ALASKA,valid,train/ALASKA/019.jpg
1,valid/ALASKA/train_021.jpg,ALASKA,valid,train/ALASKA/021.jpg
1,valid/ALASKA/train_024.jpg,ALASKA,valid,train/ALASKA/024.jpg
1,valid/ALASKA/train_042.jpg,ALASKA,valid,train/ALASKA/042.jpg
1,valid/ALASKA/train_053.jpg,ALASKA,valid,train/ALASKA/053.jpg
1,valid/ALASKA/train_061.jpg,ALASKA,valid,train/ALASKA/061.jpg
1,valid/ALASKA/train_069.jpg,ALASKA,valid,train/ALASKA/069.jpg
1,valid/ALASKA/train_070.jpg,ALASKA,valid,train/ALASKA/070.jpg
1,valid/ALASKA/train_073.jpg,ALASKA,valid,train/ALASKA/073.jpg
1,valid/ALASKA/train_100.jpg,ALASKA,valid,train/ALASKA/100.jpg
1,valid/ALASKA/train_103.jpg,ALASKA,valid,train/ALASKA/103.jpg
1,valid/ALASKA/train_105.jpg,ALASKA,valid,train/ALASKA/105.jpg
1,valid/ALASKA/train_106.jpg,ALASKA,valid,train/ALASKA/106.jpg
1,valid/ALASKA/train_110.jpg,ALASKA,valid,train/ALASKA/110.jpg
1,valid/ALASKA/train_114.jpg,ALASKA,valid,train/ALASKA/114.jpg
1,valid/ALASKA/train_119.jpg,ALASKA,valid,train/ALASKA/119.jpg
1,valid/ALASKA/train_123.jpg,ALASKA,valid,train/ALASKA/123.jpg
1,valid/ALASKA/train_125.jpg,ALASKA,valid,train/ALASKA/125.jpg
1,valid/ALASKA/train_136.jpg,ALASKA,valid,train/ALASKA/136.jpg
1,valid/ALASKA/train_138.jpg,ALASKA,valid,train/ALASKA/138.jpg
1,valid/ALASKA/train_147.jpg,ALASKA,valid,train/ALASKA/147.jpg
1,valid/ALASKA/valid_1.jpg,ALASKA,valid,valid/ALASKA/1.jpg
2,valid/AMERICAN SAMOA/train_007.jpg,AMERICAN SAMOA,valid,train/AMERICAN SAMOA/007.jpg
2,valid/AMERICAN SAMOA/train_008.jpg,AMERICAN SAMOA,valid,train/AMERICAN SAMOA/008.jpg
2,valid/AMERICAN SAMOA/train_014.jpg,AMERICAN SAMOA,valid,train/AMERICAN SAMOA/014.jpg
2,valid/AMERICAN SAMOA/train_016.jpg,AMERICAN SAMOA,valid,train/AMERICAN SAMOA/016.jpg
2,valid/AMERICAN SAMOA/train_031.jpg,AMERICAN SAMOA,valid,train/AMERICAN SAMOA/031.jpg
2,valid/AMERICAN SAMOA/train_034.jpg,AMERICAN SAMOA,valid,train/AMERICAN SAMOA/034.jpg
2,valid/AMERICAN SAMOA/train_037.jpg,AMERICAN SAMOA,valid,train/AMERICAN SAMOA/037.jpg
2,valid/AMERICAN SAMOA/train_046.jpg,AMERICAN SAMOA,valid,train/AMERICAN SAMOA/046.jpg
2,valid/AMERICAN SAMOA/train_054.jpg,AMERICAN SAMOA,valid,train/AMERICAN SAMOA/054.jpg
2,valid/AMERICAN SAMOA/train_055.jpg,AMERICAN SAMOA,valid,train/AMERICAN SAMOA/055.jpg
2,valid/AMERICAN SAMOA/train_076.jpg,AMERICAN SAMOA,valid,train/AMERICAN SAMOA/076.jpg
2,valid/AMERICAN SAMOA/train_086.jpg,AMERICAN SAMOA,valid,train/AMERICAN SAMOA/086.jpg
2,valid/AMERICAN SAMOA/train_087.jpg,AMERICAN SAMOA,valid,train/AMERICAN SAMOA/087.jpg
2,valid/AMERICAN SAMOA/train_089.jpg,AMERICAN SAMOA,valid,train/AMERICAN SAMOA/089.jpg
2,valid/AMERICAN SAMOA/train_098.jpg,AMERICAN SAMOA,valid,train/AMERICAN SAMOA/098.jpg
2,valid/AMERICAN SAMOA/train_100.jpg,AMERICAN SAMOA,valid,train/AMERICAN SAMOA/100.jpg
2,valid/AMERICAN SAMOA/train_101.jpg,AMERICAN SAMOA,valid,train/AMERICAN SAMOA/101.jpg
2,valid/AMERICAN SAMOA/train_113.jpg,AMERICAN SAMOA,valid,train/AMERICAN SAMOA/113.jpg
2,valid/AMERICAN SAMOA/train_124.jpg,AMERICAN SAMOA,valid,train/AMERICAN SAMOA/124.jpg
2,valid/AMERICAN SAMOA/train_130.jpg,AMERICAN SAMOA,valid,train/AMERICAN SAMOA/130.jpg
2,valid/AMERICAN SAMOA/train_138.jpg,AMERICAN SAMOA,valid,train/AMERICAN SAMOA/138.jpg
2,valid/AMERICAN SAMOA/train_139.jpg,AMERICAN SAMOA,valid,train/AMERICAN SAMOA/139.jpg
2,valid/AMERICAN SAMOA/valid_5.jpg,AMERICAN SAMOA,valid,valid/AMERICAN SAMOA/5.jpg
3,valid/ARIZONA/train_002.jpg,ARIZONA,valid,train/ARIZONA/002.jpg
3,valid/ARIZONA/train_015.jpg,ARIZONA,valid,train/ARIZONA/015.jpg
3,valid/ARIZONA/train_023.jpg,ARIZONA,valid,train/ARIZONA/023.jpg
3,valid/ARIZONA/train_027.jpg,ARIZONA,valid,train/ARIZONA/027.jpg
3,valid/ARIZONA/train_028.jpg,ARIZONA,valid,train/ARIZONA/028.jpg
3,valid/ARIZONA/train_030.jpg,ARIZONA,valid,train/ARIZONA/030.jpg
3,valid/ARIZONA/train_035.jpg,ARIZONA,valid,train/ARIZONA/035.jpg
3,valid/ARIZONA/train_036.jpg,ARIZONA,valid,train/ARIZONA/036.jpg
3,valid/ARIZONA/train_040.jpg,ARIZONA,valid,train/ARIZONA/040.jpg
3,valid/ARIZONA/train_042.jpg,ARIZONA,valid,train/ARIZONA/042.jpg
3,valid/ARIZONA/train_045.jpg,ARIZONA,valid,train/ARIZONA/045.jpg
3,valid/ARIZONA/train_054.jpg,ARIZONA,valid,train/ARIZONA/054.jpg
3,valid/ARIZONA/train_076.jpg,ARIZONA,valid,train/ARIZONA/076.jpg
3,valid/ARIZONA/train_083.jpg,ARIZONA,valid,train/ARIZONA/083.jpg
3,valid/ARIZONA/train_091.jpg,ARIZONA,valid,train/ARIZONA/091.jpg
3,valid/ARIZONA/train_102.jpg,ARIZONA,valid,train/ARIZONA/102.jpg
3,valid/ARIZONA/train_103.jpg,ARIZONA,valid,train/ARIZONA/103.jpg
3,valid/ARIZONA/train_106.jpg,ARIZONA,valid,train/ARIZONA/106.jpg
3,valid/ARIZONA/train_117.jpg,ARIZONA,valid,train/ARIZONA/117.jpg
3,valid/ARIZONA/train_128.jpg,ARIZONA,valid,train/ARIZONA/128.jpg
3,valid/ARIZONA/train_137.jpg,ARIZONA,valid,train/ARIZONA/137.jpg
3,valid/ARIZONA/valid_1.jpg,ARIZONA,valid,valid/ARIZONA/1.jpg
4,valid/ARKANSAS/train_012.jpg,ARKANSAS,valid,train/ARKANSAS/012.jpg
4,valid/ARKANSAS/train_016.jpg,ARKANSAS,valid,train/ARKANSAS/016.jpg
4,valid/ARKANSAS/train_018.jpg,ARKANSAS,valid,train/ARKANSAS/018.jpg
4,valid/ARKANSAS/train_024.jpg,ARKANSAS,valid,train/ARKANSAS/024.jpg
4,valid/ARKANSAS/train_026.jpg,ARKANSAS,valid,train/ARKANSAS/026.jpg
4,valid/ARKANSAS/train_027.jpg,ARKANSAS,valid,train/ARKANSAS/027.jpg
4,valid/ARKANSAS/train_043.jpg,ARKANSAS,valid,train/ARKANSAS/043.jpg
4,valid/ARKANSAS/train_045.jpg,ARKANSAS,valid,train/ARKANSAS/045.jpg
4,valid/ARKANSAS/train_057.jpg,ARKANSAS,valid,train/ARKANSAS/057.jpg
4,valid/ARKANSAS/train_065.jpg,ARKANSAS,valid,train/ARKANSAS/065.jpg
4,valid/ARKANSAS/train_066.jpg,ARKANSAS,valid,train/ARKANSAS/066.jpg
4,valid/ARKANSAS/train_078.jpg,ARKANSAS,valid,train/ARKANSAS/078.jpg
4,valid/ARKANSAS/train_086.jpg,ARKANSAS,valid,train/ARKANSAS/086.jpg
4,valid/ARKANSAS/train_087.jpg,ARKANSAS,valid,train/ARKANSAS/087.jpg
4,valid/ARKANSAS/train_109.jpg,ARKANSAS,valid,train/ARKANSAS/109.jpg
4,valid/ARKANSAS/train_110.jpg,ARKANSAS,valid,train/ARKANSAS/110.jpg
4,valid/ARKANSAS/train_118.jpg,ARKANSAS,valid,train/ARKANSAS/118.jpg
4,valid/ARKANSAS/train_120.jpg,ARKANSAS,valid,train/ARKANSAS/120.jpg
4,valid/ARKANSAS/train_126.jpg,ARKANSAS,valid,train/ARKANSAS/126.jpg
4,valid/ARKANSAS/train_132.jpg,ARKANSAS,valid,train/ARKANSAS/132.jpg
4,valid/ARKANSAS/train_144.jpg,ARKANSAS,valid,train/ARKANSAS/144.jpg
4,valid/ARKANSAS/train_146.jpg,ARKANSAS,valid,train/ARKANSAS/146.jpg
4,valid/ARKANSAS/train_147.jpg,ARKANSAS,valid,train/ARKANSAS/147.jpg
4,valid/ARKANSAS/train_148.jpg,ARKANSAS,valid,train/ARKANSAS/148.jpg
4,valid/ARKANSAS/train_149.jpg,ARKANSAS,valid,train/ARKANSAS/149.jpg
4,valid/ARKANSAS/train_159.jpg,ARKANSAS,valid,train/ARKANSAS/159.jpg
4,valid/ARKANSAS/valid_2.jpg,ARKANSAS,valid,valid/ARKANSAS/2.jpg
5,valid/CALIFORNIA/train_002.jpg,CALIFORNIA,valid,train/CALIFORNIA/002.jpg
5,valid/CALIFORNIA/train_012.jpg,CALIFORNIA,valid,train/CALIFORNIA/012.jpg
5,valid/CALIFORNIA/train_015.jpg,CALIFORNIA,valid,train/CALIFORNIA/015.jpg
5,valid/CALIFORNIA/train_019.jpg,CALIFORNIA,valid,train/CALIFORNIA/019.jpg
5,valid/CALIFORNIA/train_021.jpg,CALIFORNIA,valid,train/CALIFORNIA/021.jpg
5,valid/CALIFORNIA/train_025.jpg,CALIFORNIA,valid,train/CALIFORNIA/025.jpg
5,valid/CALIFORNIA/train_040.jpg,CALIFORNIA,valid,train/CALIFORNIA/040.jpg
5,valid/CALIFORNIA/train_042.jpg,CALIFORNIA,valid,train/CALIFORNIA/042.jpg
5,valid/CALIFORNIA/train_049.jpg,CALIFORNIA,valid,train/CALIFORNIA/049.jpg
5,valid/CALIFORNIA/train_050.jpg,CALIFORNIA,valid,train/CALIFORNIA/050.jpg
5,valid/CALIFORNIA/train_051.jpg,CALIFORNIA,valid,train/CALIFORNIA/051.jpg
5,valid/CALIFORNIA/train_053.jpg,CALIFORNIA,valid,train/CALIFORNIA/053.jpg
5,valid/CALIFORNIA/train_059.jpg,CALIFORNIA,valid,train/CALIFORNIA/059.jpg
5,valid/CALIFORNIA/train_063.jpg,CALIFORNIA,valid,train/CALIFORNIA/063.jpg
5,valid/CALIFORNIA/train_071.jpg,CALIFORNIA,valid,train/CALIFORNIA/071.jpg
5,valid/CALIFORNIA/train_095.jpg,CALIFORNIA,valid,train/CALIFORNIA/095.jpg
5,valid/CALIFORNIA/train_100.jpg,CALIFORNIA,valid,train/CALIFORNIA/100.jpg
5,valid/CALIFORNIA/train_102.jpg,CALIFORNIA,valid,train/CALIFORNIA/102.jpg
5,valid/CALIFORNIA/train_110.jpg,CALIFORNIA,valid,train/CALIFORNIA/110.jpg
5,valid/CALIFORNIA/train_111.jpg,CALIFORNIA,valid,train/CALIFORNIA/111.jpg
5,valid/CALIFORNIA/train_120.jpg,CALIFORNIA,valid,train/CALIFORNIA/120.jpg
5,valid/CALIFORNIA/train_125.jpg,CALIFORNIA,valid,train/CALIFORNIA/125.jpg
5,valid/CALIFORNIA/train_126.jpg,CALIFORNIA,valid,train/CALIFORNIA/126.jpg
5,valid/CALIFORNIA/train_127.jpg,CALIFORNIA,valid,train/CALIFORNIA/127.jpg
5,valid/CALIFORNIA/valid_2.jpg,CALIFORNIA,valid,valid/CALIFORNIA/2.jpg
6,valid/CNMI/train_02.jpg,CNMI,valid,train/CNMI/02.jpg
6,valid/CNMI/train_12.jpg,CNMI,valid,train/CNMI/12.jpg
6,valid/CNMI/train_16.jpg,CNMI,valid,train/CNMI/16.jpg
6,valid/CNMI/train_19.jpg,CNMI,valid,train/CNMI/19.jpg
6,valid/CNMI/train_21.jpg,CNMI,valid,train/CNMI/21.jpg
6,valid/CNMI/train_42.jpg,CNMI,valid,train/CNMI/42.jpg
6,valid/CNMI/train_43.jpg,CNMI,valid,train/CNMI/43.jpg
6,valid/CNMI/train_54.jpg,CNMI,valid,train/CNMI/54.jpg
6,valid/CNMI/train_59.jpg,CNMI,valid,train/CNMI/59.jpg
6,valid/CNMI/train_61.jpg,CNMI,valid,train/CNMI/61.jpg
6,valid/CNMI/train_62.jpg,CNMI,valid,train/CNMI/62.jpg
6,valid/CNMI/train_67.jpg,CNMI,valid,train/CNMI/67.jpg
6,valid/CNMI/train_81.jpg,CNMI,valid,train/CNMI/81.jpg
6,valid/CNMI/valid_3.jpg,CNMI,valid,valid/CNMI/3.jpg
7,valid/COLORADO/test_1.jpg,COLORADO,valid,test/COLORADO/1.jpg
7,valid/COLORADO/test_5.jpg,COLORADO,valid,test/COLORADO/5.jpg
7,valid/COLORADO/train_002.jpg,COLORADO,valid,train/COLORADO/002.jpg
7,valid/COLORADO/train_003.jpg,COLORADO,valid,train/COLORADO/003.jpg
7,valid/COLORADO/train_024.jpg,COLORADO,valid,train/COLORADO/024.jpg
7,valid/COLORADO/train_025.jpg,COLORADO,valid,train/COLORADO/025.jpg
7,valid/COLORADO/train_027.jpg,COLORADO,valid,train/COLORADO/027.jpg
7,valid/COLORADO/train_030.jpg,COLORADO,valid,train/COLORADO/030.jpg
7,valid/COLORADO/train_032.jpg,COLORADO,valid,train/COLORADO/032.jpg
7,valid/COLORADO/train_048.jpg,COLORADO,valid,train/COLORADO/048.jpg
7,valid/COLORADO/train_086.jpg,COLORADO,valid,train/COLORADO/086.jpg
7,valid/COLORADO/train_093.jpg,COLORADO,valid,train/COLORADO/093.jpg
7,valid/COLORADO/train_102.jpg,COLORADO,valid,train/COLORADO/102.jpg
7,valid/COLORADO/train_103.jpg,COLORADO,valid,train/COLORADO/103.jpg
7,valid/COLORADO/train_110.jpg,COLORADO,valid,train/COLORADO/110.jpg
7,valid/COLORADO/train_118.jpg,COLORADO,valid,train/COLORADO/118.jpg
7,valid/COLORADO/train_120.jpg,COLORADO,valid,train/COLORADO/120.jpg
7,valid/COLORADO/train_124.jpg,COLORADO,valid,train/COLORADO/124.jpg
7,valid/COLORADO/train_128.jpg,COLORADO,valid,train/COLORADO/128.jpg
7,valid/COLORADO/train_131.jpg,COLORADO,valid,train/COLORADO/131.jpg
7,valid/COLORADO/train_133.jpg,COLORADO,valid,train/COLORADO/133.jpg
8,valid/CONNECTICUT/test_2.jpg,CONNECTICUT,valid,test/CONNECTICUT/2.jpg
8,valid/CONNECTICUT/train_005.jpg,CONNECTICUT,valid,train/CONNECTICUT/005.jpg
8,valid/CONNECTICUT/train_009.jpg,CONNECTICUT,valid,train/CONNECTICUT/009.jpg
8,valid/CONNECTICUT/train_010.jpg,CONNECTICUT,valid,train/CONNECTICUT/010.jpg
8,valid/CONNECTICUT/train_021.jpg,CONNECTICUT,valid,train/CONNECTICUT/021.jpg
8,valid/CONNECTICUT/train_022.jpg,CONNECTICUT,valid,train/CONNECTICUT/022.jpg
8,valid/CONNECTICUT/train_025.jpg,CONNECTICUT,valid,train/CONNECTICUT/025.jpg
8,valid/CONNECTICUT/train_044.jpg,CONNECTICUT,valid,train/CONNECTICUT/044.jpg
8,valid/CONNECTICUT/train_047.jpg,CONNECTICUT,valid,train/CONNECTICUT/047.jpg
8,valid/CONNECTICUT/train_061.jpg,CONNECTICUT,valid,train/CONNECTICUT/061.jpg
8,valid/CONNECTICUT/train_065.jpg,CONNECTICUT,valid,train/CONNECTICUT/065.jpg
8,valid/CONNECTICUT/train_069.jpg,CONNECTICUT,valid,train/CONNECTICUT/069.jpg
8,valid/CONNECTICUT/train_078.jpg,CONNECTICUT,valid,train/CONNECTICUT/078.jpg
8,valid/CONNECTICUT/train_087.jpg,CONNECTICUT,valid,train/CONNECTICUT/087.jpg
8,valid/CONNECTICUT/train_088.jpg,CONNECTICUT,valid,train/CONNECTICUT/088.jpg
8,valid/CONNECTICUT/train_091.jpg,CONNECTICUT,valid,train/CONNECTICUT/091.jpg
8,valid/CONNECTICUT/train_094.jpg,CONNECTICUT,valid,train/CONNECTICUT/094.jpg
8,valid/CONNECTICUT/train_107.jpg,CONNECTICUT,valid,train/CONNECTICUT/107.jpg
8,valid/CONNECTICUT/train_109.jpg,CONNECTICUT,valid,train/CONNECTICUT/109.jpg
8,valid/CONNECTICUT/train_111.jpg,CONNECTICUT,valid,train/CONNECTICUT/111.jpg
8,valid/CONNECTICUT/train_116.jpg,CONNECTICUT,valid,train/CONNECTICUT/116.jpg
8,valid/CONNECTICUT/train_122.jpg,CONNECTICUT,valid,train/CONNECTICUT/122.jpg
8,valid/CONNECTICUT/valid_5.jpg,CONNECTICUT,valid,valid/CONNECTICUT/5.jpg
9,valid/DELAWARE/test_3.jpg,DELAWARE,valid,test/DELAWARE/3.jpg
9,valid/DELAWARE/train_003.jpg,DELAWARE,valid,train/DELAWARE/003.jpg
9,valid/DELAWARE/train_018.jpg,DELAWARE,valid,train/DELAWARE/018.jpg
9,valid/DELAWARE/train_035.jpg,DELAWARE,valid,train/DELAWARE/035.jpg
9,valid/DELAWARE/train_036.jpg,DELAWARE,valid,train/DELAWARE/036.jpg
9,valid/DELAWARE/train_046.jpg,DELAWARE,valid,train/DELAWARE/046.jpg
9,valid/DELAWARE/train_055.jpg,DELAWARE,valid,train/DELAWARE/055.jpg
9,valid/DELAWARE/train_063.jpg,DELAWARE,valid,train/DELAWARE/063.jpg
9,valid/DELAWARE/train_074.jpg,DELAWARE,valid,train/DELAWARE/074.jpg
9,valid/DELAWARE/train_076.jpg,DELAWARE,valid,train/DELAWARE/076.jpg
9,valid/DELAWARE/train_086.jpg,DELAWARE,valid,train/DELAWARE/086.jpg
9,valid/DELAWARE/train_088.jpg,DELAWARE,valid,train/DELAWARE/088.jpg
9,valid/DELAWARE/train_092.jpg,DELAWARE,valid,train/DELAWARE/092.jpg
9,valid/DELAWARE/train_115.jpg,DELAWARE,valid,train/DELAWARE/115.jpg
9,valid/DELAWARE/train_119.jpg,DELAWARE,valid,train/DELAWARE/119.jpg
9,valid/DELAWARE/train_120.jpg,DELAWARE,valid,train/DELAWARE/120.jpg
9,valid/DELAWARE/train_124.jpg,DELAWARE,valid,train/DELAWARE/124.jpg
9,valid/DELAWARE/train_127.jpg,DELAWARE,valid,train/DELAWARE/127.jpg
9,valid/DELAWARE/train_133.jpg,DELAWARE,valid,train/DELAWARE/133.jpg
9,valid/DELAWARE/train_134.jpg,DELAWARE,valid,train/DELAWARE/134.jpg
9,valid/DELAWARE/train_135.jpg,DELAWARE,valid,train/DELAWARE/135.jpg
9,valid/DELAWARE/train_138.jpg,DELAWARE,valid,train/DELAWARE/138.jpg
9,valid/DELAWARE/valid_5.jpg,DELAWARE,valid,valid/DELAWARE/5.jpg
10,valid/FLORIDA/train_005.jpg,FLORIDA,valid,train/FLORIDA/005.jpg
10,valid/FLORIDA/train_020.jpg,FLORIDA,valid,train/FLORIDA/020.jpg
10,valid/FLORIDA/train_024.jpg,FLORIDA,valid,train/FLORIDA/024.jpg
10,valid/FLORIDA/train_043.jpg,FLORIDA,valid,train/FLORIDA/043.jpg
10,valid/FLORIDA/train_054.jpg,FLORIDA,valid,train/FLORIDA/054.jpg
10,valid/FLORIDA/train_055.jpg,FLORIDA,valid,train/FLORIDA/055.jpg
10,valid/FLORIDA/train_060.jpg,FLORIDA,valid,train/FLORIDA/060.jpg
10,valid/FLORIDA/train_062.jpg,FLORIDA,valid,train/FLORIDA/062.jpg
10,valid/FLORIDA/train_068.jpg,FLORIDA,valid,train/FLORIDA/068.jpg
10,valid/FLORIDA/train_071.jpg,FLORIDA,valid,train/FLORIDA/071.jpg
10,valid/FLORIDA/train_074.jpg,FLORIDA,valid,train/FLORIDA/074.jpg
10,valid/FLORIDA/train_078.jpg,FLORIDA,valid,train/FLORIDA/078.jpg
10,valid/FLORIDA/train_081.jpg,FLORIDA,valid,train/FLORIDA/081.jpg
10,valid/FLORIDA/train_082.jpg,FLORIDA,valid,train/FLORIDA/082.jpg
10,valid/FLORIDA/train_097.jpg,FLORIDA,valid,train/FLORIDA/097.jpg
10,valid/FLORIDA/train_101.jpg,FLORIDA,valid,train/FLORIDA/101.jpg
10,valid/FLORIDA/train_103.jpg,FLORIDA,valid,train/FLORIDA/103.jpg
10,valid/FLORIDA/train_114.jpg,FLORIDA,valid,train/FLORIDA/114.jpg
10,valid/FLORIDA/train_115.jpg,FLORIDA,valid,train/FLORIDA/115.jpg
10,valid/FLORIDA/train_116.jpg,FLORIDA,valid,train/FLORIDA/116.jpg
10,valid/FLORIDA/train_125.jpg,FLORIDA,valid,train/FLORIDA/125.jpg
10,valid/FLORIDA/train_128.jpg,FLORIDA,valid,train/FLORIDA/128.jpg
10,valid/FLORIDA/train_137.jpg,FLORIDA,valid,train/FLORIDA/137.jpg
10,valid/FLORIDA/valid_4.jpg,FLORIDA,valid,valid/FLORIDA/4.jpg
11,valid/GEORGIA/test_1.jpg,GEORGIA,valid,test/GEORGIA/1.jpg
11,valid/GEORGIA/test_3.jpg,GEORGIA,valid,test/GEORGIA/3.jpg
11,valid/GEORGIA/train_002.jpg,GEORGIA,valid,train/GEORGIA/002.jpg
11,valid/GEORGIA/train_004.jpg,GEORGIA,valid,train/GEORGIA/004.jpg
11,valid/GEORGIA/train_021.jpg,GEORGIA,valid,train/GEORGIA/021.jpg
11,valid/GEORGIA/train_022.jpg,GEORGIA,valid,train/GEORGIA/022.jpg
11,valid/GEORGIA/train_032.jpg,GEORGIA,valid,train/GEORGIA/032.jpg
11,valid/GEORGIA/train_039.jpg,GEORGIA,valid,train/GEORGIA/039.jpg
11,valid/GEORGIA/train_051.jpg,GEORGIA,valid,train/GEORGIA/051.jpg
11,valid/GEORGIA/train_052.jpg,GEORGIA,valid,train/GEORGIA/052.jpg
11,valid/GEORGIA/train_071.jpg,GEORGIA,valid,train/GEORGIA/071.jpg
11,valid/GEORGIA/train_074.jpg,GEORGIA,valid,train/GEORGIA/074.jpg
11,valid/GEORGIA/train_082.jpg,GEORGIA,valid,train/GEORGIA/082.jpg
11,valid/GEORGIA/train_084.jpg,GEORGIA,valid,train/GEORGIA/084.jpg
11,valid/GEORGIA/train_085.jpg,GEORGIA,valid,train/GEORGIA/085.jpg
11,valid/GEORGIA/train_089.jpg,GEORGIA,valid,train/GEORGIA/089.jpg
11,valid/GEORGIA/train_094.jpg,GEORGIA,valid,train/GEORGIA/094.jpg
11,valid/GEORGIA/train_104.jpg,GEORGIA,valid,train/GEORGIA/104.jpg
11,valid/GEORGIA/train_107.jpg,GEORGIA,valid,train/GEORGIA/107.jpg
11,valid/GEORGIA/train_114.jpg,GEORGIA,valid,train/GEORGIA/114.jpg
11,valid/GEORGIA/train_126.jpg,GEORGIA,valid,train/GEORGIA/126.jpg
11,valid/GEORGIA/valid_1.jpg,GEORGIA,valid,valid/GEORGIA/1.jpg
12,valid/GUAM/test_5.jpg,GUAM,valid,test/GUAM/5.jpg
12,valid/GUAM/train_012.jpg,GUAM,valid,train/GUAM/012.jpg
12,valid/GUAM/train_023.jpg,GUAM,valid,train/GUAM/023.jpg
12,valid/GUAM/train_034.jpg,GUAM,valid,train/GUAM/034.jpg
12,valid/GUAM/train_037.jpg,GUAM,valid,train/GUAM/037.jpg
12,valid/GUAM/train_047.jpg,GUAM,valid,train/GUAM/047.jpg
12,valid/GUAM/train_054.jpg,GUAM,valid,train/GUAM/054.jpg
12,valid/GUAM/train_057.jpg,GUAM,valid,train/GUAM/057.jpg
12,valid/GUAM/train_082.jpg,GUAM,valid,train/GUAM/082.jpg
12,valid/GUAM/train_089.jpg,GUAM,valid,train/GUAM/089.jpg
12,valid/GUAM/train_090.jpg,GUAM,valid,train/GUAM/090.jpg
12,valid/GUAM/train_095.jpg,GUAM,valid,train/GUAM/095.jpg
12,valid/GUAM/train_100.jpg,GUAM,valid,train/GUAM/100.jpg
12,valid/GUAM/train_109.jpg,GUAM,valid,train/GUAM/109.jpg
12,valid/GUAM/train_111.jpg,GUAM,valid,train/GUAM/111.jpg
12,valid/GUAM/train_112.jpg,GUAM,valid,train/GUAM/112.jpg
12,valid/GUAM/train_122.jpg,GUAM,valid,train/GUAM/122.jpg
12,valid/GUAM/train_126.jpg,GUAM,valid,train/GUAM/126.jpg
12,valid/GUAM/train_130.jpg,GUAM,valid,train/GUAM/130.jpg
12,valid/GUAM/train_139.jpg,GUAM,valid,train/GUAM/139.jpg
12,valid/GUAM/train_140.jpg,GUAM,valid,train/GUAM/140.jpg
12,valid/GUAM/train_142.jpg,GUAM,valid,train/GUAM/142.jpg
12,valid/GUAM/train_143.jpg,GUAM,valid,train/GUAM/143.jpg
12,valid/GUAM/train_161.jpg,GUAM,valid,train/GUAM/161.jpg
12,valid/GUAM/train_162.jpg,GUAM,valid,train/GUAM/162.jpg
12,valid/GUAM/valid_3.jpg,GUAM,valid,valid/GUAM/3.jpg
13,valid/HAWAII/test_3.jpg,HAWAII,valid,test/HAWAI/3.jpg
13,valid/HAWAII/test_5.jpg,HAWAII,valid,test/HAWAI/5.jpg
13,valid/HAWAII/train_004.jpg,HAWAII,valid,train/HAWAI/004.jpg
13,valid/HAWAII/train_005.jpg,HAWAII,valid,train/HAWAI/005.jpg
13,valid/HAWAII/train_006.jpg,HAWAII,valid,train/HAWAI/006.jpg
13,valid/HAWAII/train_007.jpg,HAWAII,valid,train/HAWAI/007.jpg
13,valid/HAWAII/train_015.jpg,HAWAII,valid,train/HAWAI/015.jpg
13,valid/HAWAII/train_017.jpg,HAWAII,valid,train/HAWAI/017.jpg
13,valid/HAWAII/train_021.jpg,HAWAII,valid,train/HAWAI/021.jpg
13,valid/HAWAII/train_028.jpg,HAWAII,valid,train/HAWAI/028.jpg
13,valid/HAWAII/train_043.jpg,HAWAII,valid,train/HAWAI/043.jpg
13,valid/HAWAII/train_070.jpg,HAWAII,valid,train/HAWAI/070.jpg
13,valid/HAWAII/train_083.jpg,HAWAII,valid,train/HAWAI/083.jpg
13,valid/HAWAII/train_084.jpg,HAWAII,valid,train/HAWAI/084.jpg
13,valid/HAWAII/train_098.jpg,HAWAII,valid,train/HAWAI/098.jpg
13,valid/HAWAII/train_100.jpg,HAWAII,valid,train/HAWAI/100.jpg
13,valid/HAWAII/train_103.jpg,HAWAII,valid,train/HAWAI/103.jpg
13,valid/HAWAII/train_106.jpg,HAWAII,valid,train/HAWAI/106.jpg
13,valid/HAWAII/train_107.jpg,HAWAII,valid,train/HAWAI/107.jpg
13,valid/HAWAII/train_126.jpg,HAWAII,valid,train/HAWAI/126.jpg
13,valid/HAWAII/train_130.jpg,HAWAII,valid,train/HAWAI/130.jpg
13,valid/HAWAII/train_134.jpg,HAWAII,valid,train/HAWAI/134.jpg
13,valid/HAWAII/train_143.jpg,HAWAII,valid,train/HAWAI/143.jpg
14,valid/IDAHO/test_1.jpg,IDAHO,valid,test/IDAHO/1.jpg
14,valid/IDAHO/test_2.jpg,IDAHO,valid,test/IDAHO/2.jpg
14,valid/IDAHO/train_001.jpg,IDAHO,valid,train/IDAHO/001.jpg
14,valid/IDAHO/train_008.jpg,IDAHO,valid,train/IDAHO/008.jpg
14,valid/IDAHO/train_010.jpg,IDAHO,valid,train/IDAHO/010.jpg
14,valid/IDAHO/train_027.jpg,IDAHO,valid,train/IDAHO/027.jpg
14,valid/IDAHO/train_033.jpg,IDAHO,valid,train/IDAHO/033.jpg
14,valid/IDAHO/train_043.jpg,IDAHO,valid,train/IDAHO/043.jpg
14,valid/IDAHO/train_049.jpg,IDAHO,valid,train/IDAHO/049.jpg
14,valid/IDAHO/train_054.jpg,IDAHO,valid,train/IDAHO/054.jpg
14,valid/IDAHO/train_055.jpg,IDAHO,valid,train/IDAHO/055.jpg
14,valid/IDAHO/train_061.jpg,IDAHO,valid,train/IDAHO/061.jpg
14,valid/IDAHO/train_069.jpg,IDAHO,valid,train/IDAHO/069.jpg
14,valid/IDAHO/train_074.jpg,IDAHO,valid,train/IDAHO/074.jpg
14,valid/IDAHO/train_083.jpg,IDAHO,valid,train/IDAHO/083.jpg
14,valid/IDAHO/train_103.jpg,IDAHO,valid,train/IDAHO/103.jpg
14,valid/IDAHO/train_104.jpg,IDAHO,valid,train/IDAHO/104.jpg
14,valid/IDAHO/train_108.jpg,IDAHO,valid,train/IDAHO/108.jpg
14,valid/IDAHO/train_116.jpg,IDAHO,valid,train/IDAHO/116.jpg
14,valid/IDAHO/train_120.jpg,IDAHO,valid,train/IDAHO/120.jpg
14,valid/IDAHO/train_128.jpg,IDAHO,valid,train/IDAHO/128.jpg
14,valid/IDAHO/train_139.jpg,IDAHO,valid,train/IDAHO/139.jpg
14,valid/IDAHO/valid_2.jpg,IDAHO,valid,valid/IDAHO/2.jpg
15,valid/ILLINOIS/train_001.jpg,ILLINOIS,valid,train/ILLINOIS/001.jpg
15,valid/ILLINOIS/train_009.jpg,ILLINOIS,valid,train/ILLINOIS/009.jpg
15,valid/ILLINOIS/train_010.jpg,ILLINOIS,valid,train/ILLINOIS/010.jpg
15,valid/ILLINOIS/train_017.jpg,ILLINOIS,valid,train/ILLINOIS/017.jpg
15,valid/ILLINOIS/train_023.jpg,ILLINOIS,valid,train/ILLINOIS/023.jpg
15,valid/ILLINOIS/train_027.jpg,ILLINOIS,valid,train/ILLINOIS/027.jpg
15,valid/ILLINOIS/train_045.jpg,ILLINOIS,valid,train/ILLINOIS/045.jpg
15,valid/ILLINOIS/train_048.jpg,ILLINOIS,valid,train/ILLINOIS/048.jpg
15,valid/ILLINOIS/train_054.jpg,ILLINOIS,valid,train/ILLINOIS/054.jpg
15,valid/ILLINOIS/train_057.jpg,ILLINOIS,valid,train/ILLINOIS/057.jpg
15,valid/ILLINOIS/train_074.jpg,ILLINOIS,valid,train/ILLINOIS/074.jpg
15,valid/ILLINOIS/train_076.jpg,ILLINOIS,valid,train/ILLINOIS/076.jpg
15,valid/ILLINOIS/train_079.jpg,ILLINOIS,valid,train/ILLINOIS/079.jpg
15,valid/ILLINOIS/train_082.jpg,ILLINOIS,valid,train/ILLINOIS/082.jpg
15,valid/ILLINOIS/train_104.jpg,ILLINOIS,valid,train/ILLINOIS/104.jpg
15,valid/ILLINOIS/train_111.jpg,ILLINOIS,valid,train/ILLINOIS/111.jpg
15,valid/ILLINOIS/train_114.jpg,ILLINOIS,valid,train/ILLINOIS/114.jpg
15,valid/ILLINOIS/train_117.jpg,ILLINOIS,valid,train/ILLINOIS/117.jpg
15,valid/ILLINOIS/train_120.jpg,ILLINOIS,valid,train/ILLINOIS/120.jpg
15,valid/ILLINOIS/train_124.jpg,ILLINOIS,valid,train/ILLINOIS/124.jpg
15,valid/ILLINOIS/train_135.jpg,ILLINOIS,valid,train/ILLINOIS/135.jpg
15,valid/ILLINOIS/train_143.jpg,ILLINOIS,valid,train/ILLINOIS/143.jpg
15,valid/ILLINOIS/valid_2.jpg,ILLINOIS,valid,valid/ILLINOIS/2.jpg
16,valid/INDIANA/train_007.jpg,INDIANA,valid,train/INDIANA/007.jpg
16,valid/INDIANA/train_018.jpg,INDIANA,valid,train/INDIANA/018.jpg
16,valid/INDIANA/train_022.jpg,INDIANA,valid,train/INDIANA/022.jpg
16,valid/INDIANA/train_041.jpg,INDIANA,valid,train/INDIANA/041.jpg
16,valid/INDIANA/train_042.jpg,INDIANA,valid,train/INDIANA/042.jpg
16,valid/INDIANA/train_043.jpg,INDIANA,valid,train/INDIANA/043.jpg
16,valid/INDIANA/train_047.jpg,INDIANA,valid,train/INDIANA/047.jpg
16,valid/INDIANA/train_049.jpg,INDIANA,valid,train/INDIANA/049.jpg
16,valid/INDIANA/train_063.jpg,INDIANA,valid,train/INDIANA/063.jpg
16,valid/INDIANA/train_069.jpg,INDIANA,valid,train/INDIANA/069.jpg
16,valid/INDIANA/train_078.jpg,INDIANA,valid,train/INDIANA/078.jpg
16,valid/INDIANA/train_083.jpg,INDIANA,valid,train/INDIANA/083.jpg
16,valid/INDIANA/train_086.jpg,INDIANA,valid,train/INDIANA/086.jpg
16,valid/INDIANA/train_087.jpg,INDIANA,valid,train/INDIANA/087.jpg
16,valid/INDIANA/train_110.jpg,INDIANA,valid,train/INDIANA/110.jpg
16,valid/INDIANA/train_113.jpg,INDIANA,valid,train/INDIANA/113.jpg
16,valid/INDIANA/train_118.jpg,INDIANA,valid,train/INDIANA/118.jpg
16,valid/INDIANA/train_120.jpg,INDIANA,valid,train/INDIANA/120.jpg
16,valid/INDIANA/train_122.jpg,INDIANA,valid,train/INDIANA/122.jpg
16,valid/INDIANA/train_129.jpg,INDIANA,valid,train/INDIANA/129.jpg
16,valid/INDIANA/train_131.jpg,INDIANA,valid,train/INDIANA/131.jpg
16,valid/INDIANA/train_144.jpg,INDIANA,valid,train/INDIANA/144.jpg
16,valid/INDIANA/train_149.jpg,INDIANA,valid,train/INDIANA/149.jpg
16,valid/INDIANA/train_150.jpg,INDIANA,valid,train/INDIANA/150.jpg
17,valid/IOWA/test_3.jpg,IOWA,valid,test/IOWA/3.jpg
17,valid/IOWA/test_5.jpg,IOWA,valid,test/IOWA/5.jpg
17,valid/IOWA/train_011.jpg,IOWA,valid,train/IOWA/011.jpg
17,valid/IOWA/train_013.jpg,IOWA,valid,train/IOWA/013.jpg
17,valid/IOWA/train_015.jpg,IOWA,valid,train/IOWA/015.jpg
17,valid/IOWA/train_020.jpg,IOWA,valid,train/IOWA/020.jpg
17,valid/IOWA/train_022.jpg,IOWA,valid,train/IOWA/022.jpg
17,valid/IOWA/train_026.jpg,IOWA,valid,train/IOWA/026.jpg
17,valid/IOWA/train_030.jpg,IOWA,valid,train/IOWA/030.jpg
17,valid/IOWA/train_031.jpg,IOWA,valid,train/IOWA/031.jpg
17,valid/IOWA/train_034.jpg,IOWA,valid,train/IOWA/034.jpg
17,valid/IOWA/train_040.jpg,IOWA,valid,train/IOWA/040.jpg
17,valid/IOWA/train_053.jpg,IOWA,valid,train/IOWA/053.jpg
17,valid/IOWA/train_054.jpg,IOWA,valid,train/IOWA/054.jpg
17,valid/IOWA/train_055.jpg,IOWA,valid,train/IOWA/055.jpg
17,valid/IOWA/train_069.jpg,IOWA,valid,train/IOWA/069.jpg
17,valid/IOWA/train_073.jpg,IOWA,valid,train/IOWA/073.jpg
17,valid/IOWA/train_089.jpg,IOWA,valid,train/IOWA/089.jpg
17,valid/IOWA/train_098.jpg,IOWA,valid,train/IOWA/098.jpg
17,valid/IOWA/train_109.jpg,IOWA,valid,train/IOWA/109.jpg
17,valid/IOWA/train_127.jpg,IOWA,valid,train/IOWA/127.jpg
17,valid/IOWA/train_128.jpg,IOWA,valid,train/IOWA/128.jpg
17,valid/IOWA/valid_1.jpg,IOWA,valid,valid/IOWA/1.jpg
18,valid/KANSAS/test_1.jpg,KANSAS,valid,test/KANSAS/1.jpg
18,valid/KANSAS/test_3.jpg,KANSAS,valid,test/KANSAS/3.jpg
18,valid/KANSAS/train_001.jpg,KANSAS,valid,train/KANSAS/001.jpg
18,valid/KANSAS/train_002.jpg,KANSAS,valid,train/KANSAS/002.jpg
18,valid/KANSAS/train_004.jpg,KANSAS,valid,train/KANSAS/004.jpg
18,valid/KANSAS/train_015.jpg,KANSAS,valid,train/KANSAS/015.jpg
18,valid/KANSAS/train_020.jpg,KANSAS,valid,train/KANSAS/020.jpg
18,valid/KANSAS/train_023.jpg,KANSAS,valid,train/KANSAS/023.jpg
18,valid/KANSAS/train_031.jpg,KANSAS,valid,train/KANSAS/031.jpg
18,valid/KANSAS/train_034.jpg,KANSAS,valid,train/KANSAS/034.jpg
18,valid/KANSAS/train_036.jpg,KANSAS,valid,train/KANSAS/036.jpg
18,valid/KANSAS/train_037.jpg,KANSAS,valid,train/KANSAS/037.jpg
18,valid/KANSAS/train_057.jpg,KANSAS,valid,train/KANSAS/057.jpg
18,valid/KANSAS/train_071.jpg,KANSAS,valid,train/KANSAS/071.jpg
18,valid/KANSAS/train_074.jpg,KANSAS,valid,train/KANSAS/074.jpg
18,valid/KANSAS/train_076.jpg,KANSAS,valid,train/KANSAS/076.jpg
18,valid/KANSAS/train_115.jpg,KANSAS,valid,train/KANSAS/115.jpg
18,valid/KANSAS/train_116.jpg,KANSAS,valid,train/KANSAS/116.jpg
18,valid/KANSAS/train_133.jpg,KANSAS,valid,train/KANSAS/133.jpg
18,valid/KANSAS/train_138.jpg,KANSAS,valid,train/KANSAS/138.jpg
18,valid/KANSAS/train_140.jpg,KANSAS,valid,train/KANSAS/140.jpg
18,valid/KANSAS/train_141.jpg,KANSAS,valid,train/KANSAS/141.jpg
18,valid/KANSAS/train_149.jpg,KANSAS,valid,train/KANSAS/149.jpg
18,valid/KANSAS/valid_2.jpg,KANSAS,valid,valid/KANSAS/2.jpg
19,valid/KENTUCKY/test_1.jpg,KENTUCKY,valid,test/KENTUCKY/1.jpg
19,valid/KENTUCKY/train_003.jpg,KENTUCKY,valid,train/KENTUCKY/003.jpg
19,valid/KENTUCKY/train_004.jpg,KENTUCKY,valid,train/KENTUCKY/004.jpg
19,valid/KENTUCKY/train_011.jpg,KENTUCKY,valid,train/KENTUCKY/011.jpg
19,valid/KENTUCKY/train_013.jpg,KENTUCKY,valid,train/KENTUCKY/013.jpg
19,valid/KENTUCKY/train_016.jpg,KENTUCKY,valid,train/KENTUCKY/016.jpg
19,valid/KENTUCKY/train_024.jpg,KENTUCKY,valid,train/KENTUCKY/024.jpg
19,valid/KENTUCKY/train_027.jpg,KENTUCKY,valid,train/KENTUCKY/027.jpg
19,valid/KENTUCKY/train_029.jpg,KENTUCKY,valid,train/KENTUCKY/029.jpg
19,valid/KENTUCKY/train_037.jpg,KENTUCKY,valid,train/KENTUCKY/037.jpg
19,valid/KENTUCKY/train_038.jpg,KENTUCKY,valid,train/KENTUCKY/038.jpg
19,valid/KENTUCKY/train_052.jpg,KENTUCKY,valid,train/KENTUCKY/052.jpg
19,valid/KENTUCKY/train_066.jpg,KENTUCKY,valid,train/KENTUCKY/066.jpg
19,valid/KENTUCKY/train_067.jpg,KENTUCKY,valid,train/KENTUCKY/067.jpg
19,valid/KENTUCKY/train_074.jpg,KENTUCKY,valid,train/KENTUCKY/074.jpg
19,valid/KENTUCKY/train_087.jpg,KENTUCKY,valid,train/KENTUCKY/087.jpg
19,valid/KENTUCKY/train_099.jpg,KENTUCKY,valid,train/KENTUCKY/099.jpg
19,valid/KENTUCKY/train_106.jpg,KENTUCKY,valid,train/KENTUCKY/106.jpg
19,valid/KENTUCKY/train_108.jpg,KENTUCKY,valid,train/KENTUCKY/108.jpg
19,valid/KENTUCKY/train_118.jpg,KENTUCKY,valid,train/KENTUCKY/118.jpg
19,valid/KENTUCKY/train_126.jpg,KENTUCKY,valid,train/KENTUCKY/126.jpg
19,valid/KENTUCKY/train_129.jpg,KENTUCKY,valid,train/KENTUCKY/129.jpg
19,valid/KENTUCKY/train_143.jpg,KENTUCKY,valid,train/KENTUCKY/143.jpg
20,valid/LOUISIANA/test_5.jpg,LOUISIANA,valid,test/LOUISIANA/5.jpg
20,valid/LOUISIANA/train_003.jpg,LOUISIANA,valid,train/LOUISIANA/003.jpg
20,valid/LOUISIANA/train_007.jpg,LOUISIANA,valid,train/LOUISIANA/007.jpg
20,valid/LOUISIANA/train_021.jpg,LOUISIANA,valid,train/LOUISIANA/021.jpg
20,valid/LOUISIANA/train_027.jpg,LOUISIANA,valid,train/LOUISIANA/027.jpg
20,valid/LOUISIANA/train_028.jpg,LOUISIANA,valid,train/LOUISIANA/028.jpg
20,valid/LOUISIANA/train_031.jpg,LOUISIANA,valid,train/LOUISIANA/031.jpg
20,valid/LOUISIANA/train_033.jpg,LOUISIANA,valid,train/LOUISIANA/033.jpg
20,valid/LOUISIANA/train_039.jpg,LOUISIANA,valid,train/LOUISIANA/039.jpg
20,valid/LOUISIANA/train_040.jpg,LOUISIANA,valid,train/LOUISIANA/040.jpg
20,valid/LOUISIANA/train_048.jpg,LOUISIANA,valid,train/LOUISIANA/048.jpg
20,valid/LOUISIANA/train_050.jpg,LOUISIANA,valid,train/LOUISIANA/050.jpg
20,valid/LOUISIANA/train_052.jpg,LOUISIANA,valid,train/LOUISIANA/052.jpg
20,valid/LOUISIANA/train_056.jpg,LOUISIANA,valid,train/LOUISIANA/056.jpg
20,valid/LOUISIANA/train_060.jpg,LOUISIANA,valid,train/LOUISIANA/060.jpg
20,valid/LOUISIANA/train_069.jpg,LOUISIANA,valid,train/LOUISIANA/069.jpg
20,valid/LOUISIANA/train_099.jpg,LOUISIANA,valid,train/LOUISIANA/099.jpg
20,valid/LOUISIANA/train_102.jpg,LOUISIANA,valid,train/LOUISIANA/102.jpg
20,valid/LOUISIANA/train_112.jpg,LOUISIANA,valid,train/LOUISIANA/112.jpg
20,valid/LOUISIANA/train_114.jpg,LOUISIANA,valid,train/LOUISIANA/114.jpg
20,valid/LOUISIANA/train_119.jpg,LOUISIANA,valid,train/LOUISIANA/119.jpg
20,valid/LOUISIANA/train_130.jpg,LOUISIANA,valid,train/LOUISIANA/130.jpg
20,valid/LOUISIANA/train_133.jpg,LOUISIANA,valid,train/LOUISIANA/133.jpg
21,valid/MAINE/train_004.jpg,MAINE,valid,train/MAINE/004.jpg
21,valid/MAINE/train_012.jpg,MAINE,valid,train/MAINE/012.jpg
21,valid/MAINE/train_013.jpg,MAINE,valid,train/MAINE/013.jpg
21,valid/MAINE/train_019.jpg,MAINE,valid,train/MAINE/019.jpg
21,valid/MAINE/train_032.jpg,MAINE,valid,train/MAINE/032.jpg
21,valid/MAINE/train_043.jpg,MAINE,valid,train/MAINE/043.jpg
21,valid/MAINE/train_053.jpg,MAINE,valid,train/MAINE/053.jpg
21,valid/MAINE/train_065.jpg,MAINE,valid,train/MAINE/065.jpg
21,valid/MAINE/train_067.jpg,MAINE,valid,train/MAINE/067.jpg
21,valid/MAINE/train_069.jpg,MAINE,valid,train/MAINE/069.jpg
21,valid/MAINE/train_070.jpg,MAINE,valid,train/MAINE/070.jpg
21,valid/MAINE/train_072.jpg,MAINE,valid,train/MAINE/072.jpg
21,valid/MAINE/train_076.jpg,MAINE,valid,train/MAINE/076.jpg
21,valid/MAINE/train_077.jpg,MAINE,valid,train/MAINE/077.jpg
21,valid/MAINE/train_109.jpg,MAINE,valid,train/MAINE/109.jpg
21,valid/MAINE/train_110.jpg,MAINE,valid,train/MAINE/110.jpg
21,valid/MAINE/train_112.jpg,MAINE,valid,train/MAINE/112.jpg
21,valid/MAINE/train_114.jpg,MAINE,valid,train/MAINE/114.jpg
21,valid/MAINE/train_123.jpg,MAINE,valid,train/MAINE/123.jpg
21,valid/MAINE/train_138.jpg,MAINE,valid,train/MAINE/138.jpg
21,valid/MAINE/train_143.jpg,MAINE,valid,train/MAINE/143.jpg
21,valid/MAINE/train_145.jpg,MAINE,valid,train/MAINE/145.jpg
21,valid/MAINE/valid_2.jpg,MAINE,valid,valid/MAINE/2.jpg
22,valid/MARYLAND/test_1.jpg,MARYLAND,valid,test/MARYLAND/1.jpg
22,valid/MARYLAND/test_5.jpg,MARYLAND,valid,test/MARYLAND/5.jpg
22,valid/MARYLAND/train_004.jpg,MARYLAND,valid,train/MARYLAND/004.jpg
22,valid/MARYLAND/train_006.jpg,MARYLAND,valid,train/MARYLAND/006.jpg
22,valid/MARYLAND/train_026.jpg,MARYLAND,valid,train/MARYLAND/026.jpg
22,valid/MARYLAND/train_031.jpg,MARYLAND,valid,train/MARYLAND/031.jpg
22,valid/MARYLAND/train_042.jpg,MARYLAND,valid,train/MARYLAND/042.jpg
22,valid/MARYLAND/train_061.jpg,MARYLAND,valid,train/MARYLAND/061.jpg
22,valid/MARYLAND/train_063.jpg,MARYLAND,valid,train/MARYLAND/063.jpg
22,valid/MARYLAND/train_082.jpg,MARYLAND,valid,train/MARYLAND/082.jpg
22,valid/MARYLAND/train_083.jpg,MARYLAND,valid,train/MARYLAND/083.jpg
22,valid/MARYLAND/train_086.jpg,MARYLAND,valid,train/MARYLAND/086.jpg
22,valid/MARYLAND/train_090.jpg,MARYLAND,valid,train/MARYLAND/090.jpg
22,valid/MARYLAND/train_098.jpg,MARYLAND,valid,train/MARYLAND/098.jpg
22,valid/MARYLAND/train_101.jpg,MARYLAND,valid,train/MARYLAND/101.jpg
22,valid/MARYLAND/train_107.jpg,MARYLAND,valid,train/MARYLAND/107.jpg
22,valid/MARYLAND/train_109.jpg,MARYLAND,valid,train/MARYLAND/109.jpg
22,valid/MARYLAND/train_117.jpg,MARYLAND,valid,train/MARYLAND/117.jpg
22,valid/MARYLAND/train_118.jpg,MARYLAND,valid,train/MARYLAND/118.jpg
22,valid/MARYLAND/train_122.jpg,MARYLAND,valid,train/MARYLAND/122.jpg
22,valid/MARYLAND/train_127.jpg,MARYLAND,valid,train/MARYLAND/127.jpg
22,valid/MARYLAND/train_150.jpg,MARYLAND,valid,train/MARYLAND/150.jpg
22,valid/MARYLAND/train_154.jpg,MARYLAND,valid,train/MARYLAND/154.jpg
22,valid/MARYLAND/train_161.jpg,MARYLAND,valid,train/MARYLAND/161.jpg
22,valid/MARYLAND/train_169.jpg,MARYLAND,valid,train/MARYLAND/169.jpg
22,valid/MARYLAND/train_172.jpg,MARYLAND,valid,train/MARYLAND/172.jpg
22,valid/MARYLAND/train_174.jpg,MARYLAND,valid,train/MARYLAND/174.jpg
22,valid/MARYLAND/valid_4.jpg,MARYLAND,valid,valid/MARYLAND/4.jpg
23,valid/MASSACHUSETTS/train_004.jpg,MASSACHUSETTS,valid,train/MASSACHUSETTS/004.jpg
23,valid/MASSACHUSETTS/train_009.jpg,MASSACHUSETTS,valid,train/MASSACHUSETTS/009.jpg
23,valid/MASSACHUSETTS/train_013.jpg,MASSACHUSETTS,valid,train/MASSACHUSETTS/013.jpg
23,valid/MASSACHUSETTS/train_018.jpg,MASSACHUSETTS,valid,train/MASSACHUSETTS/018.jpg
23,valid/MASSACHUSETTS/train_022.jpg,MASSACHUSETTS,valid,train/MASSACHUSETTS/022.jpg
23,valid/MASSACHUSETTS/train_034.jpg,MASSACHUSETTS,valid,train/MASSACHUSETTS/034.jpg
23,valid/MASSACHUSETTS/train_039.jpg,MASSACHUSETTS,valid,train/MASSACHUSETTS/039.jpg
23,valid/MASSACHUSETTS/train_044.jpg,MASSACHUSETTS,valid,train/MASSACHUSETTS/044.jpg
23,valid/MASSACHUSETTS/train_064.jpg,MASSACHUSETTS,valid,train/MASSACHUSETTS/064.jpg
23,valid/MASSACHUSETTS/train_076.jpg,MASSACHUSETTS,valid,train/MASSACHUSETTS/076.jpg
23,valid/MASSACHUSETTS/train_081.jpg,MASSACHUSETTS,valid,train/MASSACHUSETTS/081.jpg
23,valid/MASSACHUSETTS/train_092.jpg,MASSACHUSETTS,valid,train/MASSACHUSETTS/092.jpg
23,valid/MASSACHUSETTS/train_093.jpg,MASSACHUSETTS,valid,train/MASSACHUSETTS/093.jpg
23,valid/MASSACHUSETTS/train_102.jpg,MASSACHUSETTS,valid,train/MASSACHUSETTS/102.jpg
23,valid/MASSACHUSETTS/train_109.jpg,MASSACHUSETTS,valid,train/MASSACHUSETTS/109.jpg
23,valid/MASSACHUSETTS/train_112.jpg,MASSACHUSETTS,valid,train/MASSACHUSETTS/112.jpg
23,valid/MASSACHUSETTS/train_114.jpg,MASSACHUSETTS,valid,train/MASSACHUSETTS/114.jpg
23,valid/MASSACHUSETTS/train_119.jpg,MASSACHUSETTS,valid,train/MASSACHUSETTS/119.jpg
23,valid/MASSACHUSETTS/train_121.jpg,MASSACHUSETTS,valid,train/MASSACHUSETTS/121.jpg
23,valid/MASSACHUSETTS/train_130.jpg,MASSACHUSETTS,valid,train/MASSACHUSETTS/130.jpg
23,valid/MASSACHUSETTS/train_136.jpg,MASSACHUSETTS,valid,train/MASSACHUSETTS/136.jpg
23,valid/MASSACHUSETTS/train_142.jpg,MASSACHUSETTS,valid,train/MASSACHUSETTS/142.jpg
23,valid/MASSACHUSETTS/train_149.jpg,MASSACHUSETTS,valid,train/MASSACHUSETTS/149.jpg
23,valid/MASSACHUSETTS/train_153.jpg,MASSACHUSETTS,valid,train/MASSACHUSETTS/153.jpg
23,valid/MASSACHUSETTS/valid_4.jpg,MASSACHUSETTS,valid,valid/MASSACHUSETTS/4.jpg
24,valid/MICHIGAN/train_006.jpg,MICHIGAN,valid,train/MICHIGAN/006.jpg
24,valid/MICHIGAN/train_015.jpg,MICHIGAN,valid,train/MICHIGAN/015.jpg
24,valid/MICHIGAN/train_020.jpg,MICHIGAN,valid,train/MICHIGAN/020.jpg
24,valid/MICHIGAN/train_022.jpg,MICHIGAN,valid,train/MICHIGAN/022.jpg
24,valid/MICHIGAN/train_026.jpg,MICHIGAN,valid,train/MICHIGAN/026.jpg
24,valid/MICHIGAN/train_027.jpg,MICHIGAN,valid,train/MICHIGAN/027.jpg
24,valid/MICHIGAN/train_034.jpg,MICHIGAN,valid,train/MICHIGAN/034.jpg
24,valid/MICHIGAN/train_050.jpg,MICHIGAN,valid,train/MICHIGAN/050.jpg
24,valid/MICHIGAN/train_055.jpg,MICHIGAN,valid,train/MICHIGAN/055.jpg
24,valid/MICHIGAN/train_059.jpg,MICHIGAN,valid,train/MICHIGAN/059.jpg
24,valid/MICHIGAN/train_064.jpg,MICHIGAN,valid,train/MICHIGAN/064.jpg
24,valid/MICHIGAN/train_069.jpg,MICHIGAN,valid,train/MICHIGAN/069.jpg
24,valid/MICHIGAN/train_078.jpg,MICHIGAN,valid,train/MICHIGAN/078.jpg
24,valid/MICHIGAN/train_081.jpg,MICHIGAN,valid,train/MICHIGAN/081.jpg
24,valid/MICHIGAN/train_082.jpg,MICHIGAN,valid,train/MICHIGAN/082.jpg
24,valid/MICHIGAN/train_086.jpg,MICHIGAN,valid,train/MICHIGAN/086.jpg
24,valid/MICHIGAN/train_097.jpg,MICHIGAN,valid,train/MICHIGAN/097.jpg
24,valid/MICHIGAN/train_109.jpg,MICHIGAN,valid,train/MICHIGAN/109.jpg
24,valid/MICHIGAN/train_111.jpg,MICHIGAN,valid,train/MICHIGAN/111.jpg
24,valid/MICHIGAN/train_121.jpg,MICHIGAN,valid,train/MICHIGAN/121.jpg
24,valid/MICHIGAN/train_133.jpg,MICHIGAN,valid,train/MICHIGAN/133.jpg
24,valid/MICHIGAN/train_135.jpg,MICHIGAN,valid,train/MICHIGAN/135.jpg
24,valid/MICHIGAN/train_140.jpg,MICHIGAN,valid,train/MICHIGAN/140.jpg
24,valid/MICHIGAN/valid_3.jpg,MICHIGAN,valid,valid/MICHIGAN/3.jpg
25,valid/MINNESOTA/train_007.jpg,MINNESOTA,valid,train/MINNESOTA/007.jpg
25,valid/MINNESOTA/train_012.jpg,MINNESOTA,valid,train/MINNESOTA/012.jpg
25,valid/MINNESOTA/train_014.jpg,MINNESOTA,valid,train/MINNESOTA/014.jpg
25,valid/MINNESOTA/train_018.jpg,MINNESOTA,valid,train/MINNESOTA/018.jpg
25,valid/MINNESOTA/train_029.jpg,MINNESOTA,valid,train/MINNESOTA/029.jpg
25,valid/MINNESOTA/train_036.jpg,MINNESOTA,valid,train/MINNESOTA/036.jpg
25,valid/MINNESOTA/train_043.jpg,MINNESOTA,valid,train/MINNESOTA/043.jpg
25,valid/MINNESOTA/train_048.jpg,MINNESOTA,valid,train/MINNESOTA/048.jpg
25,valid/MINNESOTA/train_068.jpg,MINNESOTA,valid,train/MINNESOTA/068.jpg
25,valid/MINNESOTA/train_070.jpg,MINNESOTA,valid,train/MINNESOTA/070.jpg
25,valid/MINNESOTA/train_071.jpg,MINNESOTA,valid,train/MINNESOTA/071.jpg
25,valid/MINNESOTA/train_075.jpg,MINNESOTA,valid,train/MINNESOTA/075.jpg
25,valid/MINNESOTA/train_078.jpg,MINNESOTA,valid,train/MINNESOTA/078.jpg
25,valid/MINNESOTA/train_081.jpg,MINNESOTA,valid,train/MINNESOTA/081.jpg
25,valid/MINNESOTA/train_082.jpg,MINNESOTA,valid,train/MINNESOTA/082.jpg
25,valid/MINNESOTA/train_087.jpg,MINNESOTA,valid,train/MINNESOTA/087.jpg
25,valid/MINNESOTA/train_095.jpg,MINNESOTA,valid,train/MINNESOTA/095.jpg
25,valid/MINNESOTA/train_097.jpg,MINNESOTA,valid,train/MINNESOTA/097.jpg
25,valid/MINNESOTA/train_100.jpg,MINNESOTA,valid,train/MINNESOTA/100.jpg
25,valid/MINNESOTA/train_110.jpg,MINNESOTA,valid,train/MINNESOTA/110.jpg
25,valid/MINNESOTA/train_125.jpg,MINNESOTA,valid,train/MINNESOTA/125.jpg
25,valid/MINNESOTA/train_126.jpg,MINNESOTA,valid,train/MINNESOTA/126.jpg
25,valid/MINNESOTA/train_141.jpg,MINNESOTA,valid,train/MINNESOTA/141.jpg
26,valid/MISSISSIPPI/train_006.jpg,MISSISSIPPI,valid,train/MISSIPPI/006.jpg
26,valid/MISSISSIPPI/train_013.jpg,MISSISSIPPI,valid,train/MISSIPPI/013.jpg
26,valid/MISSISSIPPI/train_021.jpg,MISSISSIPPI,valid,train/MISSIPPI/021.jpg
26,valid/MISSISSIPPI/train_030.jpg,MISSISSIPPI,valid,train/MISSIPPI/030.jpg
26,valid/MISSISSIPPI/train_039.jpg,MISSISSIPPI,valid,train/MISSIPPI/039.jpg
26,valid/MISSISSIPPI/train_040.jpg,MISSISSIPPI,valid,train/MISSIPPI/040.jpg
26,valid/MISSISSIPPI/train_063.jpg,MISSISSIPPI,valid,train/MISSIPPI/063.jpg
26,valid/MISSISSIPPI/train_065.jpg,MISSISSIPPI,valid,train/MISSIPPI/065.jpg
26,valid/MISSISSIPPI/train_072.jpg,MISSISSIPPI,valid,train/MISSIPPI/072.jpg
26,valid/MISSISSIPPI/train_084.jpg,MISSISSIPPI,valid,train/MISSIPPI/084.jpg
26,valid/MISSISSIPPI/train_092.jpg,MISSISSIPPI,valid,train/MISSIPPI/092.jpg
26,valid/MISSISSIPPI/train_093.jpg,MISSISSIPPI,valid,train/MISSIPPI/093.jpg
26,valid/MISSISSIPPI/train_094.jpg,MISSISSIPPI,valid,train/MISSIPPI/094.jpg
26,valid/MISSISSIPPI/train_099.jpg,MISSISSIPPI,valid,train/MISSIPPI/099.jpg
26,valid/MISSISSIPPI/train_110.jpg,MISSISSIPPI,valid,train/MISSIPPI/110.jpg
26,valid/MISSISSIPPI/train_112.jpg,MISSISSIPPI,valid,train/MISSIPPI/112.jpg
26,valid/MISSISSIPPI/train_118.jpg,MISSISSIPPI,valid,train/MISSIPPI/118.jpg
26,valid/MISSISSIPPI/train_119.jpg,MISSISSIPPI,valid,train/MISSIPPI/119.jpg
26,valid/MISSISSIPPI/train_121.jpg,MISSISSIPPI,valid,train/MISSIPPI/121.jpg
26,valid/MISSISSIPPI/train_131.jpg,MISSISSIPPI,valid,train/MISSIPPI/131.jpg
26,valid/MISSISSIPPI/train_138.jpg,MISSISSIPPI,valid,train/MISSIPPI/138.jpg
26,valid/MISSISSIPPI/train_141.jpg,MISSISSIPPI,valid,train/MISSIPPI/141.jpg
26,valid/MISSISSIPPI/train_148.jpg,MISSISSIPPI,valid,train/MISSIPPI/148.jpg
26,valid/MISSISSIPPI/valid_1.jpg,MISSISSIPPI,valid,valid/MISSIPPI/1.jpg
27,valid/MISSOURI/test_5.jpg,MISSOURI,valid,test/MISSOURI/5.jpg
27,valid/MISSOURI/train_015.jpg,MISSOURI,valid,train/MISSOURI/015.jpg
27,valid/MISSOURI/train_017.jpg,MISSOURI,valid,train/MISSOURI/017.jpg
27,valid/MISSOURI/train_019.jpg,MISSOURI,valid,train/MISSOURI/019.jpg
27,valid/MISSOURI/train_021.jpg,MISSOURI,valid,train/MISSOURI/021.jpg
27,valid/MISSOURI/train_032.jpg,MISSOURI,valid,train/MISSOURI/032.jpg
27,valid/MISSOURI/train_040.jpg,MISSOURI,valid,train/MISSOURI/040.jpg
27,valid/MISSOURI/train_048.jpg,MISSOURI,valid,train/MISSOURI/048.jpg
27,valid/MISSOURI/train_053.jpg,MISSOURI,valid,train/MISSOURI/053.jpg
27,valid/MISSOURI/train_056.jpg,MISSOURI,valid,train/MISSOURI/056.jpg
27,valid/MISSOURI/train_058.jpg,MISSOURI,valid,train/MISSOURI/058.jpg
27,valid/MISSOURI/train_063.jpg,MISSOURI,valid,train/MISSOURI/063.jpg
27,valid/MISSOURI/train_065.jpg,MISSOURI,valid,train/MISSOURI/065.jpg
27,valid/MISSOURI/train_072.jpg,MISSOURI,valid,train/MISSOURI/072.jpg
27,valid/MISSOURI/train_079.jpg,MISSOURI,valid,train/MISSOURI/079.jpg
27,valid/MISSOURI/train_093.jpg,MISSOURI,valid,train/MISSOURI/093.jpg
27,valid/MISSOURI/train_124.jpg,MISSOURI,valid,train/MISSOURI/124.jpg
27,valid/MISSOURI/train_127.jpg,MISSOURI,valid,train/MISSOURI/127.jpg
27,valid/MISSOURI/train_129.jpg,MISSOURI,valid,train/MISSOURI/129.jpg
27,valid/MISSOURI/train_136.jpg,MISSOURI,valid,train/MISSOURI/136.jpg
27,valid/MISSOURI/train_138.jpg,MISSOURI,valid,train/MISSOURI/138.jpg
27,valid/MISSOURI/train_147.jpg,MISSOURI,valid,train/MISSOURI/147.jpg
27,valid/MISSOURI/valid_3.jpg,MISSOURI,valid,valid/MISSOURI/3.jpg
27,valid/MISSOURI/valid_4.jpg,MISSOURI,valid,valid/MISSOURI/4.jpg
28,valid/MONTANA/test_3.jpg,MONTANA,valid,test/MONTANA/3.jpg
28,valid/MONTANA/train_003.jpg,MONTANA,valid,train/MONTANA/003.jpg
28,valid/MONTANA/train_018.jpg,MONTANA,valid,train/MONTANA/018.jpg
28,valid/MONTANA/train_020.jpg,MONTANA,valid,train/MONTANA/020.jpg
28,valid/MONTANA/train_029.jpg,MONTANA,valid,train/MONTANA/029.jpg
28,valid/MONTANA/train_034.jpg,MONTANA,valid,train/MONTANA/034.jpg
28,valid/MONTANA/train_035.jpg,MONTANA,valid,train/MONTANA/035.jpg
28,valid/MONTANA/train_042.jpg,MONTANA,valid,train/MONTANA/042.jpg
28,valid/MONTANA/train_048.jpg,MONTANA,valid,train/MONTANA/048.jpg
28,valid/MONTANA/train_049.jpg,MONTANA,valid,train/MONTANA/049.jpg
28,valid/MONTANA/train_051.jpg,MONTANA,valid,train/MONTANA/051.jpg
28,valid/MONTANA/train_053.jpg,MONTANA,valid,train/MONTANA/053.jpg
28,valid/MONTANA/train_062.jpg,MONTANA,valid,train/MONTANA/062.jpg
28,valid/MONTANA/train_066.jpg,MONTANA,valid,train/MONTANA/066.jpg
28,valid/MONTANA/train_072.jpg,MONTANA,valid,train/MONTANA/072.jpg
28,valid/MONTANA/train_073.jpg,MONTANA,valid,train/MONTANA/073.jpg
28,valid/MONTANA/train_080.jpg,MONTANA,valid,train/MONTANA/080.jpg
28,valid/MONTANA/train_093.jpg,MONTANA,valid,train/MONTANA/093.jpg
28,valid/MONTANA/train_106.jpg,MONTANA,valid,train/MONTANA/106.jpg
28,valid/MONTANA/train_115.jpg,MONTANA,valid,train/MONTANA/115.jpg
28,valid/MONTANA/train_121.jpg,MONTANA,valid,train/MONTANA/121.jpg
28,valid/MONTANA/train_126.jpg,MONTANA,valid,train/MONTANA/126.jpg
28,valid/MONTANA/train_128.jpg,MONTANA,valid,train/MONTANA/128.jpg
28,valid/MONTANA/train_130.jpg,MONTANA,valid,train/MONTANA/130.jpg
29,valid/NEBRASKA/train_008.jpg,NEBRASKA,valid,train/NEBRASKA/008.jpg
29,valid/NEBRASKA/train_020.jpg,NEBRASKA,valid,train/NEBRASKA/020.jpg
29,valid/NEBRASKA/train_022.jpg,NEBRASKA,valid,train/NEBRASKA/022.jpg
29,valid/NEBRASKA/train_032.jpg,NEBRASKA,valid,train/NEBRASKA/032.jpg
29,valid/NEBRASKA/train_038.jpg,NEBRASKA,valid,train/NEBRASKA/038.jpg
29,valid/NEBRASKA/train_042.jpg,NEBRASKA,valid,train/NEBRASKA/042.jpg
29,valid/NEBRASKA/train_048.jpg,NEBRASKA,valid,train/NEBRASKA/048.jpg
29,valid/NEBRASKA/train_051.jpg,NEBRASKA,valid,train/NEBRASKA/051.jpg
29,valid/NEBRASKA/train_071.jpg,NEBRASKA,valid,train/NEBRASKA/071.jpg
29,valid/NEBRASKA/train_080.jpg,NEBRASKA,valid,train/NEBRASKA/080.jpg
29,valid/NEBRASKA/train_086.jpg,NEBRASKA,valid,train/NEBRASKA/086.jpg
29,valid/NEBRASKA/train_090.jpg,NEBRASKA,valid,train/NEBRASKA/090.jpg
29,valid/NEBRASKA/train_092.jpg,NEBRASKA,valid,train/NEBRASKA/092.jpg
29,valid/NEBRASKA/train_095.jpg,NEBRASKA,valid,train/NEBRASKA/095.jpg
29,valid/NEBRASKA/train_107.jpg,NEBRASKA,valid,train/NEBRASKA/107.jpg
29,valid/NEBRASKA/train_109.jpg,NEBRASKA,valid,train/NEBRASKA/109.jpg
29,valid/NEBRASKA/train_110.jpg,NEBRASKA,valid,train/NEBRASKA/110.jpg
29,valid/NEBRASKA/train_111.jpg,NEBRASKA,valid,train/NEBRASKA/111.jpg
29,valid/NEBRASKA/train_113.jpg,NEBRASKA,valid,train/NEBRASKA/113.jpg
29,valid/NEBRASKA/train_118.jpg,NEBRASKA,valid,train/NEBRASKA/118.jpg
29,valid/NEBRASKA/train_119.jpg,NEBRASKA,valid,train/NEBRASKA/119.jpg
29,valid/NEBRASKA/train_124.jpg,NEBRASKA,valid,train/NEBRASKA/124.jpg
29,valid/NEBRASKA/train_132.jpg,NEBRASKA,valid,train/NEBRASKA/132.jpg
30,valid/NEVADA/test_3.jpg,NEVADA,valid,test/NEVADA/3.jpg
30,valid/NEVADA/train_006.jpg,NEVADA,valid,train/NEVADA/006.jpg
30,valid/NEVADA/train_019.jpg,NEVADA,valid,train/NEVADA/019.jpg
30,valid/NEVADA/train_024.jpg,NEVADA,valid,train/NEVADA/024.jpg
30,valid/NEVADA/train_028.jpg,NEVADA,valid,train/NEVADA/028.jpg
30,valid/NEVADA/train_037.jpg,NEVADA,valid,train/NEVADA/037.jpg
30,valid/NEVADA/train_045.jpg,NEVADA,valid,train/NEVADA/045.jpg
30,valid/NEVADA/train_049.jpg,NEVADA,valid,train/NEVADA/049.jpg
30,valid/NEVADA/train_057.jpg,NEVADA,valid,train/NEVADA/057.jpg
30,valid/NEVADA/train_062.jpg,NEVADA,valid,train/NEVADA/062.jpg
30,valid/NEVADA/train_083.jpg,NEVADA,valid,train/NEVADA/083.jpg
30,valid/NEVADA/train_084.jpg,NEVADA,valid,train/NEVADA/084.jpg
30,valid/NEVADA/train_092.jpg,NEVADA,valid,train/NEVADA/092.jpg
30,valid/NEVADA/train_106.jpg,NEVADA,valid,train/NEVADA/106.jpg
30,valid/NEVADA/train_113.jpg,NEVADA,valid,train/NEVADA/113.jpg
30,valid/NEVADA/train_123.jpg,NEVADA,valid,train/NEVADA/123.jpg
30,valid/NEVADA/train_127.jpg,NEVADA,valid,train/NEVADA/127.jpg
30,valid/NEVADA/train_133.jpg,NEVADA,valid,train/NEVADA/133.jpg
30,valid/NEVADA/train_135.jpg,NEVADA,valid,train/NEVADA/135.jpg
30,valid/NEVADA/train_136.jpg,NEVADA,valid,train/NEVADA/136.jpg
30,valid/NEVADA/train_138.jpg,NEVADA,valid,train/NEVADA/138.jpg
30,valid/NEVADA/valid_3.jpg,NEVADA,valid,valid/NEVADA/3.jpg
31,valid/NEW HAMPSHIRE/train_001.jpg,NEW HAMPSHIRE,valid,train/NEW HAMPSHIRE/001.jpg
31,valid/NEW HAMPSHIRE/train_003.jpg,NEW HAMPSHIRE,valid,train/NEW HAMPSHIRE/003.jpg
31,valid/NEW HAMPSHIRE/train_005.jpg,NEW HAMPSHIRE,valid,train/NEW HAMPSHIRE/005.jpg
31,valid/NEW HAMPSHIRE/train_008.jpg,NEW HAMPSHIRE,valid,train/NEW HAMPSHIRE/008.jpg
31,valid/NEW HAMPSHIRE/train_010.jpg,NEW HAMPSHIRE,valid,train/NEW HAMPSHIRE/010.jpg
31,valid/NEW HAMPSHIRE/train_021.jpg,NEW HAMPSHIRE,valid,train/NEW HAMPSHIRE/021.jpg
31,valid/NEW HAMPSHIRE/train_022.jpg,NEW HAMPSHIRE,valid,train/NEW HAMPSHIRE/022.jpg
31,valid/NEW HAMPSHIRE/train_036.jpg,NEW HAMPSHIRE,valid,train/NEW HAMPSHIRE/036.jpg
31,valid/NEW HAMPSHIRE/train_054.jpg,NEW HAMPSHIRE,valid,train/NEW HAMPSHIRE/054.jpg
31,valid/NEW HAMPSHIRE/train_065.jpg,NEW HAMPSHIRE,valid,train/NEW HAMPSHIRE/065.jpg
31,valid/NEW HAMPSHIRE/train_066.jpg,NEW HAMPSHIRE,valid,train/NEW HAMPSHIRE/066.jpg
31,valid/NEW HAMPSHIRE/train_070.jpg,NEW HAMPSHIRE,valid,train/NEW HAMPSHIRE/070.jpg
31,valid/NEW HAMPSHIRE/train_076.jpg,NEW HAMPSHIRE,valid,train/NEW HAMPSHIRE/076.jpg
31,valid/NEW HAMPSHIRE/train_085.jpg,NEW HAMPSHIRE,valid,train/NEW HAMPSHIRE/085.jpg
31,valid/NEW HAMPSHIRE/train_091.jpg,NEW HAMPSHIRE,valid,train/NEW HAMPSHIRE/091.jpg
31,valid/NEW HAMPSHIRE/train_096.jpg,NEW HAMPSHIRE,valid,train/NEW HAMPSHIRE/096.jpg
31,valid/NEW HAMPSHIRE/train_103.jpg,NEW HAMPSHIRE,valid,train/NEW HAMPSHIRE/103.jpg
31,valid/NEW HAMPSHIRE/train_107.jpg,NEW HAMPSHIRE,valid,train/NEW HAMPSHIRE/107.jpg
31,valid/NEW HAMPSHIRE/train_109.jpg,NEW HAMPSHIRE,valid,train/NEW HAMPSHIRE/109.jpg
31,valid/NEW HAMPSHIRE/train_110.jpg,NEW HAMPSHIRE,valid,train/NEW HAMPSHIRE/110.jpg
31,valid/NEW HAMPSHIRE/train_124.jpg,NEW HAMPSHIRE,valid,train/NEW HAMPSHIRE/124.jpg
31,valid/NEW HAMPSHIRE/train_127.jpg,NEW HAMPSHIRE,valid,train/NEW HAMPSHIRE/127.jpg
31,valid/NEW HAMPSHIRE/train_128.jpg,NEW HAMPSHIRE,valid,train/NEW HAMPSHIRE/128.jpg
31,valid/NEW HAMPSHIRE/train_134.jpg,NEW HAMPSHIRE,valid,train/NEW HAMPSHIRE/134.jpg
31,valid/NEW HAMPSHIRE/train_141.jpg,NEW HAMPSHIRE,valid,train/NEW HAMPSHIRE/141.jpg
32,valid/NEW JERSEY/train_003.jpg,NEW JERSEY,valid,train/NEW JERSEY/003.jpg
32,valid/NEW JERSEY/train_008.jpg,NEW JERSEY,valid,train/NEW JERSEY/008.jpg
32,valid/NEW JERSEY/train_009.jpg,NEW JERSEY,valid,train/NEW JERSEY/009.jpg
32,valid/NEW JERSEY/train_011.jpg,NEW JERSEY,valid,train/NEW JERSEY/011.jpg
32,valid/NEW JERSEY/train_013.jpg,NEW JERSEY,valid,train/NEW JERSEY/013.jpg
32,valid/NEW JERSEY/train_014.jpg,NEW JERSEY,valid,train/NEW JERSEY/014.jpg
32,valid/NEW JERSEY/train_016.jpg,NEW JERSEY,valid,train/NEW JERSEY/016.jpg
32,valid/NEW JERSEY/train_017.jpg,NEW JERSEY,valid,train/NEW JERSEY/017.jpg
32,valid/NEW JERSEY/train_021.jpg,NEW JERSEY,valid,train/NEW JERSEY/021.jpg
32,valid/NEW JERSEY/train_027.jpg,NEW JERSEY,valid,train/NEW JERSEY/027.jpg
32,valid/NEW JERSEY/train_045.jpg,NEW JERSEY,valid,train/NEW JERSEY/045.jpg
32,valid/NEW JERSEY/train_053.jpg,NEW JERSEY,valid,train/NEW JERSEY/053.jpg
32,valid/NEW JERSEY/train_059.jpg,NEW JERSEY,valid,train/NEW JERSEY/059.jpg
32,valid/NEW JERSEY/train_065.jpg,NEW JERSEY,valid,train/NEW JERSEY/065.jpg
32,valid/NEW JERSEY/train_071.jpg,NEW JERSEY,valid,train/NEW JERSEY/071.jpg
32,valid/NEW JERSEY/train_072.jpg,NEW JERSEY,valid,train/NEW JERSEY/072.jpg
32,valid/NEW JERSEY/train_074.jpg,NEW JERSEY,valid,train/NEW JERSEY/074.jpg
32,valid/NEW JERSEY/train_085.jpg,NEW JERSEY,valid,train/NEW JERSEY/085.jpg
32,valid/NEW JERSEY/train_113.jpg,NEW JERSEY,valid,train/NEW JERSEY/113.jpg
32,valid/NEW JERSEY/train_121.jpg,NEW JERSEY,valid,train/NEW JERSEY/121.jpg
32,valid/NEW JERSEY/train_125.jpg,NEW JERSEY,valid,train/NEW JERSEY/125.jpg
32,valid/NEW JERSEY/train_139.jpg,NEW JERSEY,valid,train/NEW JERSEY/139.jpg
32,valid/NEW JERSEY/train_142.jpg,NEW JERSEY,valid,train/NEW JERSEY/142.jpg
32,valid/NEW JERSEY/train_144.jpg,NEW JERSEY,valid,train/NEW JERSEY/144.jpg
33,valid/NEW MEXICO/test_3.jpg,NEW MEXICO,valid,test/NEW MEXICO/3.jpg
33,valid/NEW MEXICO/test_4.jpg,NEW MEXICO,valid,test/NEW MEXICO/4.jpg
33,valid/NEW MEXICO/train_009.jpg,NEW MEXICO,valid,train/NEW MEXICO/009.jpg
33,valid/NEW MEXICO/train_011.jpg,NEW MEXICO,valid,train/NEW MEXICO/011.jpg
33,valid/NEW MEXICO/train_018.jpg,NEW MEXICO,valid,train/NEW MEXICO/018.jpg
33,valid/NEW MEXICO/train_026.jpg,NEW MEXICO,valid,train/NEW MEXICO/026.jpg
33,valid/NEW MEXICO/train_031.jpg,NEW MEXICO,valid,train/NEW MEXICO/031.jpg
33,valid/NEW MEXICO/train_032.jpg,NEW MEXICO,valid,train/NEW MEXICO/032.jpg
33,valid/NEW MEXICO/train_039.jpg,NEW MEXICO,valid,train/NEW MEXICO/039.jpg
33,valid/NEW MEXICO/train_040.jpg,NEW MEXICO,valid,train/NEW MEXICO/040.jpg
33,valid/NEW MEXICO/train_049.jpg,NEW MEXICO,valid,train/NEW MEXICO/049.jpg
33,valid/NEW MEXICO/train_054.jpg,NEW MEXICO,valid,train/NEW MEXICO/054.jpg
33,valid/NEW MEXICO/train_056.jpg,NEW MEXICO,valid,train/NEW MEXICO/056.jpg
33,valid/NEW MEXICO/train_074.jpg,NEW MEXICO,valid,train/NEW MEXICO/074.jpg
33,valid/NEW MEXICO/train_092.jpg,NEW MEXICO,valid,train/NEW MEXICO/092.jpg
33,valid/NEW MEXICO/train_097.jpg,NEW MEXICO,valid,train/NEW MEXICO/097.jpg
33,valid/NEW MEXICO/train_109.jpg,NEW MEXICO,valid,train/NEW MEXICO/109.jpg
33,valid/NEW MEXICO/train_110.jpg,NEW MEXICO,valid,train/NEW MEXICO/110.jpg
33,valid/NEW MEXICO/train_115.jpg,NEW MEXICO,valid,train/NEW MEXICO/115.jpg
33,valid/NEW MEXICO/train_130.jpg,NEW MEXICO,valid,train/NEW MEXICO/130.jpg
33,valid/NEW MEXICO/valid_5.jpg,NEW MEXICO,valid,valid/NEW MEXICO/5.jpg
34,valid/NEW YORK/train_007.jpg,NEW YORK,valid,train/NEW YORK/007.jpg
34,valid/NEW YORK/train_011.jpg,NEW YORK,valid,train/NEW YORK/011.jpg
34,valid/NEW YORK/train_025.jpg,NEW YORK,valid,train/NEW YORK/025.jpg
34,valid/NEW YORK/train_029.jpg,NEW YORK,valid,train/NEW YORK/029.jpg
34,valid/NEW YORK/train_033.jpg,NEW YORK,valid,train/NEW YORK/033.jpg
34,valid/NEW YORK/train_034.jpg,NEW YORK,valid,train/NEW YORK/034.jpg
34,valid/NEW YORK/train_036.jpg,NEW YORK,valid,train/NEW YORK/036.jpg
34,valid/NEW YORK/train_043.jpg,NEW YORK,valid,train/NEW YORK/043.jpg
34,valid/NEW YORK/train_052.jpg,NEW YORK,valid,train/NEW YORK/052.jpg
34,valid/NEW YORK/train_055.jpg,NEW YORK,valid,train/NEW YORK/055.jpg
34,valid/NEW YORK/train_059.jpg,NEW YORK,valid,train/NEW YORK/059.jpg
34,valid/NEW YORK/train_065.jpg,NEW YORK,valid,train/NEW YORK/065.jpg
34,valid/NEW YORK/train_080.jpg,NEW YORK,valid,train/NEW YORK/080.jpg
34,valid/NEW YORK/train_084.jpg,NEW YORK,valid,train/NEW YORK/084.jpg
34,valid/NEW YORK/train_088.jpg,NEW YORK,valid,train/NEW YORK/088.jpg
34,valid/NEW YORK/train_100.jpg,NEW YORK,valid,train/NEW YORK/100.jpg
34,valid/NEW YORK/train_107.jpg,NEW YORK,valid,train/NEW YORK/107.jpg
34,valid/NEW YORK/train_108.jpg,NEW YORK,valid,train/NEW YORK/108.jpg
34,valid/NEW YORK/train_109.jpg,NEW YORK,valid,train/NEW YORK/109.jpg
34,valid/NEW YORK/train_127.jpg,NEW YORK,valid,train/NEW YORK/127.jpg
34,valid/NEW YORK/train_132.jpg,NEW YORK,valid,train/NEW YORK/132.jpg
34,valid/NEW YORK/train_139.jpg,NEW YORK,valid,train/NEW YORK/139.jpg
35,valid/NORTH CAROLINA/test_2.jpg,NORTH CAROLINA,valid,test/NORTH CAROLINA/2.jpg
35,valid/NORTH CAROLINA/train_010.jpg,NORTH CAROLINA,valid,train/NORTH CAROLINA/010.jpg
35,valid/NORTH CAROLINA/train_011.jpg,NORTH CAROLINA,valid,train/NORTH CAROLINA/011.jpg
35,valid/NORTH CAROLINA/train_018.jpg,NORTH CAROLINA,valid,train/NORTH CAROLINA/018.jpg
35,valid/NORTH CAROLINA/train_019.jpg,NORTH CAROLINA,valid,train/NORTH CAROLINA/019.jpg
35,valid/NORTH CAROLINA/train_040.jpg,NORTH CAROLINA,valid,train/NORTH CAROLINA/040.jpg
35,valid/NORTH CAROLINA/train_043.jpg,NORTH CAROLINA,valid,train/NORTH CAROLINA/043.jpg
35,valid/NORTH CAROLINA/train_045.jpg,NORTH CAROLINA,valid,train/NORTH CAROLINA/045.jpg
35,valid/NORTH CAROLINA/train_046.jpg,NORTH CAROLINA,valid,train/NORTH CAROLINA/046.jpg
35,valid/NORTH CAROLINA/train_047.jpg,NORTH CAROLINA,valid,train/NORTH CAROLINA/047.jpg
35,valid/NORTH CAROLINA/train_052.jpg,NORTH CAROLINA,valid,train/NORTH CAROLINA/052.jpg
35,valid/NORTH CAROLINA/train_068.jpg,NORTH CAROLINA,valid,train/NORTH CAROLINA/068.jpg
35,valid/NORTH CAROLINA/train_079.jpg,NORTH CAROLINA,valid,train/NORTH CAROLINA/079.jpg
35,valid/NORTH CAROLINA/train_081.jpg,NORTH CAROLINA,valid,train/NORTH CAROLINA/081.jpg
35,valid/NORTH CAROLINA/train_084.jpg,NORTH CAROLINA,valid,train/NORTH CAROLINA/084.jpg
35,valid/NORTH CAROLINA/train_087.jpg,NORTH CAROLINA,valid,train/NORTH CAROLINA/087.jpg
35,valid/NORTH CAROLINA/train_096.jpg,NORTH CAROLINA,valid,train/NORTH CAROLINA/096.jpg
35,valid/NORTH CAROLINA/train_103.jpg,NORTH CAROLINA,valid,train/NORTH CAROLINA/103.jpg
35,valid/NORTH CAROLINA/train_113.jpg,NORTH CAROLINA,valid,train/NORTH CAROLINA/113.jpg
35,valid/NORTH CAROLINA/train_120.jpg,NORTH CAROLINA,valid,train/NORTH CAROLINA/120.jpg
35,valid/NORTH CAROLINA/train_123.jpg,NORTH CAROLINA,valid,train/NORTH CAROLINA/123.jpg
35,valid/NORTH CAROLINA/train_124.jpg,NORTH CAROLINA,valid,train/NORTH CAROLINA/124.jpg
35,valid/NORTH CAROLINA/train_130.jpg,NORTH CAROLINA,valid,train/NORTH CAROLINA/130.jpg
36,valid/NORTH DAKOTA/test_4.jpg,NORTH DAKOTA,valid,test/NORTH DAKOTA/4.jpg
36,valid/NORTH DAKOTA/train_006.jpg,NORTH DAKOTA,valid,train/NORTH DAKOTA/006.jpg
36,valid/NORTH DAKOTA/train_008.jpg,NORTH DAKOTA,valid,train/NORTH DAKOTA/008.jpg
36,valid/NORTH DAKOTA/train_010.jpg,NORTH DAKOTA,valid,train/NORTH DAKOTA/010.jpg
36,valid/NORTH DAKOTA/train_012.jpg,NORTH DAKOTA,valid,train/NORTH DAKOTA/012.jpg
36,valid/NORTH DAKOTA/train_018.jpg,NORTH DAKOTA,valid,train/NORTH DAKOTA/018.jpg
36,valid/NORTH DAKOTA/train_020.jpg,NORTH DAKOTA,valid,train/NORTH DAKOTA/020.jpg
36,valid/NORTH DAKOTA/train_033.jpg,NORTH DAKOTA,valid,train/NORTH DAKOTA/033.jpg
36,valid/NORTH DAKOTA/train_036.jpg,NORTH DAKOTA,valid,train/NORTH DAKOTA/036.jpg
36,valid/NORTH DAKOTA/train_038.jpg,NORTH DAKOTA,valid,train/NORTH DAKOTA/038.jpg
36,valid/NORTH DAKOTA/train_041.jpg,NORTH DAKOTA,valid,train/NORTH DAKOTA/041.jpg
36,valid/NORTH DAKOTA/train_058.jpg,NORTH DAKOTA,valid,train/NORTH DAKOTA/058.jpg
36,valid/NORTH DAKOTA/train_059.jpg,NORTH DAKOTA,valid,train/NORTH DAKOTA/059.jpg
36,valid/NORTH DAKOTA/train_061.jpg,NORTH DAKOTA,valid,train/NORTH DAKOTA/061.jpg
36,valid/NORTH DAKOTA/train_067.jpg,NORTH DAKOTA,valid,train/NORTH DAKOTA/067.jpg
36,valid/NORTH DAKOTA/train_076.jpg,NORTH DAKOTA,valid,train/NORTH DAKOTA/076.jpg
36,valid/NORTH DAKOTA/train_082.jpg,NORTH DAKOTA,valid,train/NORTH DAKOTA/082.jpg
36,valid/NORTH DAKOTA/train_090.jpg,NORTH DAKOTA,valid,train/NORTH DAKOTA/090.jpg
36,valid/NORTH DAKOTA/train_103.jpg,NORTH DAKOTA,valid,train/NORTH DAKOTA/103.jpg
36,valid/NORTH DAKOTA/train_106.jpg,NORTH DAKOTA,valid,train/NORTH DAKOTA/106.jpg
36,valid/NORTH DAKOTA/train_108.jpg,NORTH DAKOTA,valid,train/NORTH DAKOTA/108.jpg
36,valid/NORTH DAKOTA/train_113.jpg,NORTH DAKOTA,valid,train/NORTH DAKOTA/113.jpg
36,valid/NORTH DAKOTA/train_135.jpg,NORTH DAKOTA,valid,train/NORTH DAKOTA/135.jpg
37,valid/OHIO/test_2.jpg,OHIO,valid,test/OHIO/2.jpg
37,valid/OHIO/train_005.jpg,OHIO,valid,train/OHIO/005.jpg
37,valid/OHIO/train_009.jpg,OHIO,valid,train/OHIO/009.jpg
37,valid/OHIO/train_010.jpg,OHIO,valid,train/OHIO/010.jpg
37,valid/OHIO/train_011.jpg,OHIO,valid,train/OHIO/011.jpg
37,valid/OHIO/train_015.jpg,OHIO,valid,train/OHIO/015.jpg
37,valid/OHIO/train_016.jpg,OHIO,valid,train/OHIO/016.jpg
37,valid/OHIO/train_021.jpg,OHIO,valid,train/OHIO/021.jpg
37,valid/OHIO/train_032.jpg,OHIO,valid,train/OHIO/032.jpg
37,valid/OHIO/train_043.jpg,OHIO,valid,train/OHIO/043.jpg
37,valid/OHIO/train_047.jpg,OHIO,valid,train/OHIO/047.jpg
37,valid/OHIO/train_055.jpg,OHIO,valid,train/OHIO/055.jpg
37,valid/OHIO/train_072.jpg,OHIO,valid,train/OHIO/072.jpg
37,valid/OHIO/train_075.jpg,OHIO,valid,train/OHIO/075.jpg
37,valid/OHIO/train_085.jpg,OHIO,valid,train/OHIO/085.jpg
37,valid/OHIO/train_095.jpg,OHIO,valid,train/OHIO/095.jpg
37,valid/OHIO/train_097.jpg,OHIO,valid,train/OHIO/097.jpg
37,valid/OHIO/train_117.jpg,OHIO,valid,train/OHIO/117.jpg
37,valid/OHIO/train_119.jpg,OHIO,valid,train/OHIO/119.jpg
37,valid/OHIO/train_128.jpg,OHIO,valid,train/OHIO/128.jpg
37,valid/OHIO/train_129.jpg,OHIO,valid,train/OHIO/129.jpg
37,valid/OHIO/train_133.jpg,OHIO,valid,train/OHIO/133.jpg
37,valid/OHIO/train_145.jpg,OHIO,valid,train/OHIO/145.jpg
37,valid/OHIO/valid_1.jpg,OHIO,valid,valid/OHIO/1.jpg
37,valid/OHIO/valid_4.jpg,OHIO,valid,valid/OHIO/4.jpg
38,valid/OKLAHOMA/train_028.jpg,OKLAHOMA,valid,train/OKLAHOMA/028.jpg
38,valid/OKLAHOMA/train_030.jpg,OKLAHOMA,valid,train/OKLAHOMA/030.jpg
38,valid/OKLAHOMA/train_038.jpg,OKLAHOMA,valid,train/OKLAHOMA/038.jpg
38,valid/OKLAHOMA/train_049.jpg,OKLAHOMA,valid,train/OKLAHOMA/049.jpg
38,valid/OKLAHOMA/train_051.jpg,OKLAHOMA,valid,train/OKLAHOMA/051.jpg
38,valid/OKLAHOMA/train_054.jpg,OKLAHOMA,valid,train/OKLAHOMA/054.jpg
38,valid/OKLAHOMA/train_068.jpg,OKLAHOMA,valid,train/OKLAHOMA/068.jpg
38,valid/OKLAHOMA/train_070.jpg,OKLAHOMA,valid,train/OKLAHOMA/070.jpg
38,valid/OKLAHOMA/train_075.jpg,OKLAHOMA,valid,train/OKLAHOMA/075.jpg
38,valid/OKLAHOMA/train_078.jpg,OKLAHOMA,valid,train/OKLAHOMA/078.jpg
38,valid/OKLAHOMA/train_082.jpg,OKLAHOMA,valid,train/OKLAHOMA/082.jpg
38,valid/OKLAHOMA/train_090.jpg,OKLAHOMA,valid,train/OKLAHOMA/090.jpg
38,valid/OKLAHOMA/train_093.jpg,OKLAHOMA,valid,train/OKLAHOMA/093.jpg
38,valid/OKLAHOMA/train_101.jpg,OKLAHOMA,valid,train/OKLAHOMA/101.jpg
38,valid/OKLAHOMA/train_102.jpg,OKLAHOMA,valid,train/OKLAHOMA/102.jpg
38,valid/OKLAHOMA/train_107.jpg,OKLAHOMA,valid,train/OKLAHOMA/107.jpg
38,valid/OKLAHOMA/train_110.jpg,OKLAHOMA,valid,train/OKLAHOMA/110.jpg
38,valid/OKLAHOMA/train_119.jpg,OKLAHOMA,valid,train/OKLAHOMA/119.jpg
38,valid/OKLAHOMA/train_121.jpg,OKLAHOMA,valid,train/OKLAHOMA/121.jpg
38,valid/OKLAHOMA/train_123.jpg,OKLAHOMA,valid,train/OKLAHOMA/123.jpg
38,valid/OKLAHOMA/train_143.jpg,OKLAHOMA,valid,train/OKLAHOMA/143.jpg
38,valid/OKLAHOMA/train_147.jpg,OKLAHOMA,valid,train/OKLAHOMA/147.jpg
38,valid/OKLAHOMA/valid_1.jpg,OKLAHOMA,valid,valid/OKLAHOMA/1.jpg
38,valid/OKLAHOMA/valid_3.jpg,OKLAHOMA,valid,valid/OKLAHOMA/3.jpg
39,valid/OREGON/train_006.jpg,OREGON,valid,train/OREGON/006.jpg
39,valid/OREGON/train_008.jpg,OREGON,valid,train/OREGON/008.jpg
39,valid/OREGON/train_009.jpg,OREGON,valid,train/OREGON/009.jpg
39,valid/OREGON/train_014.jpg,OREGON,valid,train/OREGON/014.jpg
39,valid/OREGON/train_015.jpg,OREGON,valid,train/OREGON/015.jpg
39,valid/OREGON/train_017.jpg,OREGON,valid,train/OREGON/017.jpg
39,valid/OREGON/train_018.jpg,OREGON,valid,train/OREGON/018.jpg
39,valid/OREGON/train_021.jpg,OREGON,valid,train/OREGON/021.jpg
39,valid/OREGON/train_022.jpg,OREGON,valid,train/OREGON/022.jpg
39,valid/OREGON/train_029.jpg,OREGON,valid,train/OREGON/029.jpg
39,valid/OREGON/train_052.jpg,OREGON,valid,train/OREGON/052.jpg
39,valid/OREGON/train_076.jpg,OREGON,valid,train/OREGON/076.jpg
39,valid/OREGON/train_079.jpg,OREGON,valid,train/OREGON/079.jpg
39,valid/OREGON/train_083.jpg,OREGON,valid,train/OREGON/083.jpg
39,valid/OREGON/train_089.jpg,OREGON,valid,train/OREGON/089.jpg
39,valid/OREGON/train_095.jpg,OREGON,valid,train/OREGON/095.jpg
39,valid/OREGON/train_105.jpg,OREGON,valid,train/OREGON/105.jpg
39,valid/OREGON/train_106.jpg,OREGON,valid,train/OREGON/106.jpg
40,valid/PENNSYLVANIA/test_2.jpg,PENNSYLVANIA,valid,test/PENNSYLVANIA/2.jpg
40,valid/PENNSYLVANIA/train_001.jpg,PENNSYLVANIA,valid,train/PENNSYLVANIA/001.jpg
40,valid/PENNSYLVANIA/train_012.jpg,PENNSYLVANIA,valid,train/PENNSYLVANIA/012.jpg
40,valid/PENNSYLVANIA/train_015.jpg,PENNSYLVANIA,valid,train/PENNSYLVANIA/015.jpg
40,valid/PENNSYLVANIA/train_016.jpg,PENNSYLVANIA,valid,train/PENNSYLVANIA/016.jpg
40,valid/PENNSYLVANIA/train_024.jpg,PENNSYLVANIA,valid,train/PENNSYLVANIA/024.jpg
40,valid/PENNSYLVANIA/train_029.jpg,PENNSYLVANIA,valid,train/PENNSYLVANIA/029.jpg
40,valid/PENNSYLVANIA/train_046.jpg,PENNSYLVANIA,valid,train/PENNSYLVANIA/046.jpg
40,valid/PENNSYLVANIA/train_053.jpg,PENNSYLVANIA,valid,train/PENNSYLVANIA/053.jpg
40,valid/PENNSYLVANIA/train_067.jpg,PENNSYLVANIA,valid,train/PENNSYLVANIA/067.jpg
40,valid/PENNSYLVANIA/train_076.jpg,PENNSYLVANIA,valid,train/PENNSYLVANIA/076.jpg
40,valid/PENNSYLVANIA/train_077.jpg,PENNSYLVANIA,valid,train/PENNSYLVANIA/077.jpg
40,valid/PENNSYLVANIA/train_081.jpg,PENNSYLVANIA,valid,train/PENNSYLVANIA/081.jpg
40,valid/PENNSYLVANIA/train_089.jpg,PENNSYLVANIA,valid,train/PENNSYLVANIA/089.jpg
40,valid/PENNSYLVANIA/train_093.jpg,PENNSYLVANIA,valid,train/PENNSYLVANIA/093.jpg
40,valid/PENNSYLVANIA/train_097.jpg,PENNSYLVANIA,valid,train/PENNSYLVANIA/097.jpg
40,valid/PENNSYLVANIA/train_112.jpg,PENNSYLVANIA,valid,train/PENNSYLVANIA/112.jpg
40,valid/PENNSYLVANIA/train_115.jpg,PENNSYLVANIA,valid,train/PENNSYLVANIA/115.jpg
40,valid/PENNSYLVANIA/train_127.jpg,PENNSYLVANIA,valid,train/PENNSYLVANIA/127.jpg
40,valid/PENNSYLVANIA/train_133.jpg,PENNSYLVANIA,valid,train/PENNSYLVANIA/133.jpg
40,valid/PENNSYLVANIA/train_135.jpg,PENNSYLVANIA,valid,train/PENNSYLVANIA/135.jpg
40,valid/PENNSYLVANIA/train_140.jpg,PENNSYLVANIA,valid,train/PENNSYLVANIA/140.jpg
40,valid/PENNSYLVANIA/valid_5.jpg,PENNSYLVANIA,valid,valid/PENNSYLVANIA/5.jpg
41,valid/PUERTO RICO/test_3.jpg,PUERTO RICO,valid,test/PUERTO RICO/3.jpg
41,valid/PUERTO RICO/test_5.jpg,PUERTO RICO,valid,test/PUERTO RICO/5.jpg
41,valid/PUERTO RICO/train_003.jpg,PUERTO RICO,valid,train/PUERTO RICO/003.jpg
41,valid/PUERTO RICO/train_009.jpg,PUERTO RICO,valid,train/PUERTO RICO/009.jpg
41,valid/PUERTO RICO/train_016.jpg,PUERTO RICO,valid,train/PUERTO RICO/016.jpg
41,valid/PUERTO RICO/train_035.jpg,PUERTO RICO,valid,train/PUERTO RICO/035.jpg
41,valid/PUERTO RICO/train_037.jpg,PUERTO RICO,valid,train/PUERTO RICO/037.jpg
41,valid/PUERTO RICO/train_039.jpg,PUERTO RICO,valid,train/PUERTO RICO/039.jpg
41,valid/PUERTO RICO/train_048.jpg,PUERTO RICO,valid,train/PUERTO RICO/048.jpg
41,valid/PUERTO RICO/train_055.jpg,PUERTO RICO,valid,train/PUERTO RICO/055.jpg
41,valid/PUERTO RICO/train_061.jpg,PUERTO RICO,valid,train/PUERTO RICO/061.jpg
41,valid/PUERTO RICO/train_063.jpg,PUERTO RICO,valid,train/PUERTO RICO/063.jpg
41,valid/PUERTO RICO/train_067.jpg,PUERTO RICO,valid,train/PUERTO RICO/067.jpg
41,valid/PUERTO RICO/train_080.jpg,PUERTO RICO,valid,train/PUERTO RICO/080.jpg
41,valid/PUERTO RICO/train_087.jpg,PUERTO RICO,valid,train/PUERTO RICO/087.jpg
41,valid/PUERTO RICO/train_094.jpg,PUERTO RICO,valid,train/PUERTO RICO/094.jpg
41,valid/PUERTO RICO/train_107.jpg,PUERTO RICO,valid,train/PUERTO RICO/107.jpg
41,valid/PUERTO RICO/train_112.jpg,PUERTO RICO,valid,train/PUERTO RICO/112.jpg
41,valid/PUERTO RICO/train_114.jpg,PUERTO RICO,valid,train/PUERTO RICO/114.jpg
41,valid/PUERTO RICO/train_121.jpg,PUERTO RICO,valid,train/PUERTO RICO/121.jpg
41,valid/PUERTO RICO/valid_1.jpg,PUERTO RICO,valid,valid/PUERTO RICO/1.jpg
41,valid/PUERTO RICO/valid_2.jpg,PUERTO RICO,valid,valid/PUERTO RICO/2.jpg
41,valid/PUERTO RICO/valid_4.jpg,PUERTO RICO,valid,valid/PUERTO RICO/4.jpg
42,valid/RHODE ISLAND/train_013.jpg,RHODE ISLAND,valid,train/RHODE ISLAND/013.jpg
42,valid/RHODE ISLAND/train_025.jpg,RHODE ISLAND,valid,train/RHODE ISLAND/025.jpg
42,valid/RHODE ISLAND/train_028.jpg,RHODE ISLAND,valid,train/RHODE ISLAND/028.jpg
42,valid/RHODE ISLAND/train_030.jpg,RHODE ISLAND,valid,train/RHODE ISLAND/030.jpg
42,valid/RHODE ISLAND/train_031.jpg,RHODE ISLAND,valid,train/RHODE ISLAND/031.jpg
42,valid/RHODE ISLAND/train_035.jpg,RHODE ISLAND,valid,train/RHODE ISLAND/035.jpg
42,valid/RHODE ISLAND/train_036.jpg,RHODE ISLAND,valid,train/RHODE ISLAND/036.jpg
42,valid/RHODE ISLAND/train_037.jpg,RHODE ISLAND,valid,train/RHODE ISLAND/037.jpg
42,valid/RHODE ISLAND/train_038.jpg,RHODE ISLAND,valid,train/RHODE ISLAND/038.jpg
42,valid/RHODE ISLAND/train_043.jpg,RHODE ISLAND,valid,train/RHODE ISLAND/043.jpg
42,valid/RHODE ISLAND/train_046.jpg,RHODE ISLAND,valid,train/RHODE ISLAND/046.jpg
42,valid/RHODE ISLAND/train_047.jpg,RHODE ISLAND,valid,train/RHODE ISLAND/047.jpg
42,valid/RHODE ISLAND/train_061.jpg,RHODE ISLAND,valid,train/RHODE ISLAND/061.jpg
42,valid/RHODE ISLAND/train_066.jpg,RHODE ISLAND,valid,train/RHODE ISLAND/066.jpg
42,valid/RHODE ISLAND/train_069.jpg,RHODE ISLAND,valid,train/RHODE ISLAND/069.jpg
42,valid/RHODE ISLAND/train_082.jpg,RHODE ISLAND,valid,train/RHODE ISLAND/082.jpg
42,valid/RHODE ISLAND/train_085.jpg,RHODE ISLAND,valid,train/RHODE ISLAND/085.jpg
42,valid/RHODE ISLAND/train_108.jpg,RHODE ISLAND,valid,train/RHODE ISLAND/108.jpg
42,valid/RHODE ISLAND/train_120.jpg,RHODE ISLAND,valid,train/RHODE ISLAND/120.jpg
42,valid/RHODE ISLAND/train_121.jpg,RHODE ISLAND,valid,train/RHODE ISLAND/121.jpg
42,valid/RHODE ISLAND/train_129.jpg,RHODE ISLAND,valid,train/RHODE ISLAND/129.jpg
42,valid/RHODE ISLAND/train_131.jpg,RHODE ISLAND,valid,train/RHODE ISLAND/131.jpg
42,valid/RHODE ISLAND/train_140.jpg,RHODE ISLAND,valid,train/RHODE ISLAND/140.jpg
42,valid/RHODE ISLAND/train_142.jpg,RHODE ISLAND,valid,train/RHODE ISLAND/142.jpg
42,valid/RHODE ISLAND/train_149.jpg,RHODE ISLAND,valid,train/RHODE ISLAND/149.jpg
43,valid/SOUTH CAROLINA/test_2.jpg,SOUTH CAROLINA,valid,test/SOUTH CAROLINA/2.jpg
43,valid/SOUTH CAROLINA/train_004.jpg,SOUTH CAROLINA,valid,train/SOUTH CAROLINA/004.jpg
43,valid/SOUTH CAROLINA/train_011.jpg,SOUTH CAROLINA,valid,train/SOUTH CAROLINA/011.jpg
43,valid/SOUTH CAROLINA/train_016.jpg,SOUTH CAROLINA,valid,train/SOUTH CAROLINA/016.jpg
43,valid/SOUTH CAROLINA/train_017.jpg,SOUTH CAROLINA,valid,train/SOUTH CAROLINA/017.jpg
43,valid/SOUTH CAROLINA/train_021.jpg,SOUTH CAROLINA,valid,train/SOUTH CAROLINA/021.jpg
43,valid/SOUTH CAROLINA/train_027.jpg,SOUTH CAROLINA,valid,train/SOUTH CAROLINA/027.jpg
43,valid/SOUTH CAROLINA/train_041.jpg,SOUTH CAROLINA,valid,train/SOUTH CAROLINA/041.jpg
43,valid/SOUTH CAROLINA/train_049.jpg,SOUTH CAROLINA,valid,train/SOUTH CAROLINA/049.jpg
43,valid/SOUTH CAROLINA/train_050.jpg,SOUTH CAROLINA,valid,train/SOUTH CAROLINA/050.jpg
43,valid/SOUTH CAROLINA/train_058.jpg,SOUTH CAROLINA,valid,train/SOUTH CAROLINA/058.jpg
43,valid/SOUTH CAROLINA/train_062.jpg,SOUTH CAROLINA,valid,train/SOUTH CAROLINA/062.jpg
43,valid/SOUTH CAROLINA/train_069.jpg,SOUTH CAROLINA,valid,train/SOUTH CAROLINA/069.jpg
43,valid/SOUTH CAROLINA/train_073.jpg,SOUTH CAROLINA,valid,train/SOUTH CAROLINA/073.jpg
43,valid/SOUTH CAROLINA/train_077.jpg,SOUTH CAROLINA,valid,train/SOUTH CAROLINA/077.jpg
43,valid/SOUTH CAROLINA/train_080.jpg,SOUTH CAROLINA,valid,train/SOUTH CAROLINA/080.jpg
43,valid/SOUTH CAROLINA/train_081.jpg,SOUTH CAROLINA,valid,train/SOUTH CAROLINA/081.jpg
43,valid/SOUTH CAROLINA/train_084.jpg,SOUTH CAROLINA,valid,train/SOUTH CAROLINA/084.jpg
43,valid/SOUTH CAROLINA/train_097.jpg,SOUTH CAROLINA,valid,train/SOUTH CAROLINA/097.jpg
43,valid/SOUTH CAROLINA/train_108.jpg,SOUTH CAROLINA,valid,train/SOUTH CAROLINA/108.jpg
43,valid/SOUTH CAROLINA/train_121.jpg,SOUTH CAROLINA,valid,train/SOUTH CAROLINA/121.jpg
43,valid/SOUTH CAROLINA/train_127.jpg,SOUTH CAROLINA,valid,train/SOUTH CAROLINA/127.jpg
44,valid/SOUTH DAKOTA/test_5.jpg,SOUTH DAKOTA,valid,test/SOUTH DAKOTA/5.jpg
44,valid/SOUTH DAKOTA/train_001.jpg,SOUTH DAKOTA,valid,train/SOUTH DAKOTA/001.jpg
44,valid/SOUTH DAKOTA/train_004.jpg,SOUTH DAKOTA,valid,train/SOUTH DAKOTA/004.jpg
44,valid/SOUTH DAKOTA/train_024.jpg,SOUTH DAKOTA,valid,train/SOUTH DAKOTA/024.jpg
44,valid/SOUTH DAKOTA/train_037.jpg,SOUTH DAKOTA,valid,train/SOUTH DAKOTA/037.jpg
44,valid/SOUTH DAKOTA/train_057.jpg,SOUTH DAKOTA,valid,train/SOUTH DAKOTA/057.jpg
44,valid/SOUTH DAKOTA/train_060.jpg,SOUTH DAKOTA,valid,train/SOUTH DAKOTA/060.jpg
44,valid/SOUTH DAKOTA/train_061.jpg,SOUTH DAKOTA,valid,train/SOUTH DAKOTA/061.jpg
44,valid/SOUTH DAKOTA/train_065.jpg,SOUTH DAKOTA,valid,train/SOUTH DAKOTA/065.jpg
44,valid/SOUTH DAKOTA/train_069.jpg,SOUTH DAKOTA,valid,train/SOUTH DAKOTA/069.jpg
44,valid/SOUTH DAKOTA/train_074.jpg,SOUTH DAKOTA,valid,train/SOUTH DAKOTA/074.jpg
44,valid/SOUTH DAKOTA/train_084.jpg,SOUTH DAKOTA,valid,train/SOUTH DAKOTA/084.jpg
44,valid/SOUTH DAKOTA/train_088.jpg,SOUTH DAKOTA,valid,train/SOUTH DAKOTA/088.jpg
44,valid/SOUTH DAKOTA/train_093.jpg,SOUTH DAKOTA,valid,train/SOUTH DAKOTA/093.jpg
44,valid/SOUTH DAKOTA/train_098.jpg,SOUTH DAKOTA,valid,train/SOUTH DAKOTA/098.jpg
44,valid/SOUTH DAKOTA/train_099.jpg,SOUTH DAKOTA,valid,train/SOUTH DAKOTA/099.jpg
44,valid/SOUTH DAKOTA/train_115.jpg,SOUTH DAKOTA,valid,train/SOUTH DAKOTA/115.jpg
44,valid/SOUTH DAKOTA/train_124.jpg,SOUTH DAKOTA,valid,train/SOUTH DAKOTA/124.jpg
44,valid/SOUTH DAKOTA/train_129.jpg,SOUTH DAKOTA,valid,train/SOUTH DAKOTA/129.jpg
44,valid/SOUTH DAKOTA/train_130.jpg,SOUTH DAKOTA,valid,train/SOUTH DAKOTA/130.jpg
44,valid/SOUTH DAKOTA/valid_4.jpg,SOUTH DAKOTA,valid,valid/SOUTH DAKOTA/4.jpg
45,valid/TENNESSEE/test_1.jpg,TENNESSEE,valid,test/TENNESSEE/1.jpg
45,valid/TENNESSEE/test_2.jpg,TENNESSEE,valid,test/TENNESSEE/2.jpg
45,valid/TENNESSEE/test_4.jpg,TENNESSEE,valid,test/TENNESSEE/4.jpg
45,valid/TENNESSEE/train_002.jpg,TENNESSEE,valid,train/TENNESSEE/002.jpg
45,valid/TENNESSEE/train_004.jpg,TENNESSEE,valid,train/TENNESSEE/004.jpg
45,valid/TENNESSEE/train_012.jpg,TENNESSEE,valid,train/TENNESSEE/012.jpg
45,valid/TENNESSEE/train_024.jpg,TENNESSEE,valid,train/TENNESSEE/024.jpg
45,valid/TENNESSEE/train_029.jpg,TENNESSEE,valid,train/TENNESSEE/029.jpg
45,valid/TENNESSEE/train_041.jpg,TENNESSEE,valid,train/TENNESSEE/041.jpg
45,valid/TENNESSEE/train_051.jpg,TENNESSEE,valid,train/TENNESSEE/051.jpg
45,valid/TENNESSEE/train_055.jpg,TENNESSEE,valid,train/TENNESSEE/055.jpg
45,valid/TENNESSEE/train_059.jpg,TENNESSEE,valid,train/TENNESSEE/059.jpg
45,valid/TENNESSEE/train_064.jpg,TENNESSEE,valid,train/TENNESSEE/064.jpg
45,valid/TENNESSEE/train_077.jpg,TENNESSEE,valid,train/TENNESSEE/077.jpg
45,valid/TENNESSEE/train_084.jpg,TENNESSEE,valid,train/TENNESSEE/084.jpg
45,valid/TENNESSEE/train_089.jpg,TENNESSEE,valid,train/TENNESSEE/089.jpg
45,valid/TENNESSEE/train_093.jpg,TENNESSEE,valid,train/TENNESSEE/093.jpg
45,valid/TENNESSEE/train_103.jpg,TENNESSEE,valid,train/TENNESSEE/103.jpg
45,valid/TENNESSEE/train_111.jpg,TENNESSEE,valid,train/TENNESSEE/111.jpg
45,valid/TENNESSEE/train_116.jpg,TENNESSEE,valid,train/TENNESSEE/116.jpg
45,valid/TENNESSEE/train_120.jpg,TENNESSEE,valid,train/TENNESSEE/120.jpg
45,valid/TENNESSEE/train_123.jpg,TENNESSEE,valid,train/TENNESSEE/123.jpg
45,valid/TENNESSEE/train_124.jpg,TENNESSEE,valid,train/TENNESSEE/124.jpg
45,valid/TENNESSEE/train_131.jpg,TENNESSEE,valid,train/TENNESSEE/131.jpg
46,valid/TEXAS/test_5.jpg,TEXAS,valid,test/TEXAS/5.jpg
46,valid/TEXAS/train_012.jpg,TEXAS,valid,train/TEXAS/012.jpg
46,valid/TEXAS/train_015.jpg,TEXAS,valid,train/TEXAS/015.jpg
46,valid/TEXAS/train_018.jpg,TEXAS,valid,train/TEXAS/018.jpg
46,valid/TEXAS/train_021.jpg,TEXAS,valid,train/TEXAS/021.jpg
46,valid/TEXAS/train_031.jpg,TEXAS,valid,train/TEXAS/031.jpg
46,valid/TEXAS/train_033.jpg,TEXAS,valid,train/TEXAS/033.jpg
46,valid/TEXAS/train_057.jpg,TEXAS,valid,train/TEXAS/057.jpg
46,valid/TEXAS/train_058.jpg,TEXAS,valid,train/TEXAS/058.jpg
46,valid/TEXAS/train_060.jpg,TEXAS,valid,train/TEXAS/060.jpg
46,valid/TEXAS/train_064.jpg,TEXAS,valid,train/TEXAS/064.jpg
46,valid/TEXAS/train_070.jpg,TEXAS,valid,train/TEXAS/070.jpg
46,valid/TEXAS/train_078.jpg,TEXAS,valid,train/TEXAS/078.jpg
46,valid/TEXAS/train_082.jpg,TEXAS,valid,train/TEXAS/082.jpg
46,valid/TEXAS/train_089.jpg,TEXAS,valid,train/TEXAS/089.jpg
46,valid/TEXAS/train_097.jpg,TEXAS,valid,train/TEXAS/097.jpg
46,valid/TEXAS/train_100.jpg,TEXAS,valid,train/TEXAS/100.jpg
46,valid/TEXAS/train_103.jpg,TEXAS,valid,train/TEXAS/103.jpg
46,valid/TEXAS/train_111.jpg,TEXAS,valid,train/TEXAS/111.jpg
46,valid/TEXAS/train_123.jpg,TEXAS,valid,train/TEXAS/123.jpg
46,valid/TEXAS/train_130.jpg,TEXAS,valid,train/TEXAS/130.jpg
46,valid/TEXAS/train_135.jpg,TEXAS,valid,train/TEXAS/135.jpg
46,valid/TEXAS/train_145.jpg,TEXAS,valid,train/TEXAS/145.jpg
46,valid/TEXAS/train_153.jpg,TEXAS,valid,train/TEXAS/153.jpg
46,valid/TEXAS/valid_5.jpg,TEXAS,valid,valid/TEXAS/5.jpg
47,valid/U S VIRGIN ISLANDS/train_001.jpg,U S VIRGIN ISLANDS,valid,train/U S VIRGIN ISLANDS/001.jpg
47,valid/U S VIRGIN ISLANDS/train_006.jpg,U S VIRGIN ISLANDS,valid,train/U S VIRGIN ISLANDS/006.jpg
47,valid/U S VIRGIN ISLANDS/train_028.jpg,U S VIRGIN ISLANDS,valid,train/U S VIRGIN ISLANDS/028.jpg
47,valid/U S VIRGIN ISLANDS/train_031.jpg,U S VIRGIN ISLANDS,valid,train/U S VIRGIN ISLANDS/031.jpg
47,valid/U S VIRGIN ISLANDS/train_043.jpg,U S VIRGIN ISLANDS,valid,train/U S VIRGIN ISLANDS/043.jpg
47,valid/U S VIRGIN ISLANDS/train_045.jpg,U S VIRGIN ISLANDS,valid,train/U S VIRGIN ISLANDS/045.jpg
47,valid/U S VIRGIN ISLANDS/train_053.jpg,U S VIRGIN ISLANDS,valid,train/U S VIRGIN ISLANDS/053.jpg
47,valid/U S VIRGIN ISLANDS/train_058.jpg,U S VIRGIN ISLANDS,valid,train/U S VIRGIN ISLANDS/058.jpg
47,valid/U S VIRGIN ISLANDS/train_076.jpg,U S VIRGIN ISLANDS,valid,train/U S VIRGIN ISLANDS/076.jpg
47,valid/U S VIRGIN ISLANDS/train_077.jpg,U S VIRGIN ISLANDS,valid,train/U S VIRGIN ISLANDS/077.jpg
47,valid/U S VIRGIN ISLANDS/train_084.jpg,U S VIRGIN ISLANDS,valid,train/U S VIRGIN ISLANDS/084.jpg
47,valid/U S VIRGIN ISLANDS/train_085.jpg,U S VIRGIN ISLANDS,valid,train/U S VIRGIN ISLANDS/085.jpg
47,valid/U S VIRGIN ISLANDS/train_089.jpg,U S VIRGIN ISLANDS,valid,train/U S VIRGIN ISLANDS/089.jpg
47,valid/U S VIRGIN ISLANDS/train_091.jpg,U S VIRGIN ISLANDS,valid,train/U S VIRGIN ISLANDS/091.jpg
47,valid/U S VIRGIN ISLANDS/train_109.jpg,U S VIRGIN ISLANDS,valid,train/U S VIRGIN ISLANDS/109.jpg
47,valid/U S VIRGIN ISLANDS/train_113.jpg,U S VIRGIN ISLANDS,valid,train/U S VIRGIN ISLANDS/113.jpg
47,valid/U S VIRGIN ISLANDS/train_114.jpg,U S VIRGIN ISLANDS,valid,train/U S VIRGIN ISLANDS/114.jpg
47,valid/U S VIRGIN ISLANDS/train_122.jpg,U S VIRGIN ISLANDS,valid,train/U S VIRGIN ISLANDS/122.jpg
47,valid/U S VIRGIN ISLANDS/train_131.jpg,U S VIRGIN ISLANDS,valid,train/U S VIRGIN ISLANDS/131.jpg
47,valid/U S VIRGIN ISLANDS/train_144.jpg,U S VIRGIN ISLANDS,valid,train/U S VIRGIN ISLANDS/144.jpg
47,valid/U S VIRGIN ISLANDS/train_145.jpg,U S VIRGIN ISLANDS,valid,train/U S VIRGIN ISLANDS/145.jpg
47,valid/U S VIRGIN ISLANDS/valid_1.jpg,U S VIRGIN ISLANDS,valid,valid/U S VIRGIN ISLANDS/1.jpg
47,valid/U S VIRGIN ISLANDS/valid_2.jpg,U S VIRGIN ISLANDS,valid,valid/U S VIRGIN ISLANDS/2.jpg
48,valid/UTAH/train_006.jpg,UTAH,valid,train/UTAH/006.jpg
48,valid/UTAH/train_025.jpg,UTAH,valid,train/UTAH/025.jpg
48,valid/UTAH/train_026.jpg,UTAH,valid,train/UTAH/026.jpg
48,valid/UTAH/train_052.jpg,UTAH,valid,train/UTAH/052.jpg
48,valid/UTAH/train_064.jpg,UTAH,valid,train/UTAH/064.jpg
48,valid/UTAH/train_067.jpg,UTAH,valid,train/UTAH/067.jpg
48,valid/UTAH/train_073.jpg,UTAH,valid,train/UTAH/073.jpg
48,valid/UTAH/train_088.jpg,UTAH,valid,train/UTAH/088.jpg
48,valid/UTAH/train_090.jpg,UTAH,valid,train/UTAH/090.jpg
48,valid/UTAH/train_093.jpg,UTAH,valid,train/UTAH/093.jpg
48,valid/UTAH/train_094.jpg,UTAH,valid,train/UTAH/094.jpg
48,valid/UTAH/train_095.jpg,UTAH,valid,train/UTAH/095.jpg
48,valid/UTAH/train_097.jpg,UTAH,valid,train/UTAH/097.jpg
48,valid/UTAH/train_107.jpg,UTAH,valid,train/UTAH/107.jpg
48,valid/UTAH/train_108.jpg,UTAH,valid,train/UTAH/108.jpg
48,valid/UTAH/train_121.jpg,UTAH,valid,train/UTAH/121.jpg
48,valid/UTAH/train_122.jpg,UTAH,valid,train/UTAH/122.jpg
48,valid/UTAH/train_123.jpg,UTAH,valid,train/UTAH/123.jpg
48,valid/UTAH/train_124.jpg,UTAH,valid,train/UTAH/124.jpg
48,valid/UTAH/train_125.jpg,UTAH,valid,train/UTAH/125.jpg
48,valid/UTAH/train_131.jpg,UTAH,valid,train/UTAH/131.jpg
48,valid/UTAH/train_152.jpg,UTAH,valid,train/UTAH/152.jpg
48,valid/UTAH/train_158.jpg,UTAH,valid,train/UTAH/158.jpg
48,valid/UTAH/valid_2.jpg,UTAH,valid,valid/UTAH/2.jpg
48,valid/UTAH/valid_4.jpg,UTAH,valid,valid/UTAH/4.jpg
49,valid/VERMONT/test_1.jpg,VERMONT,valid,test/VERMONT/1.jpg
49,valid/VERMONT/test_2.jpg,VERMONT,valid,test/VERMONT/2.jpg
49,valid/VERMONT/train_005.jpg,VERMONT,valid,train/VERMONT/005.jpg
49,valid/VERMONT/train_023.jpg,VERMONT,valid,train/VERMONT/023.jpg
49,valid/VERMONT/train_024.jpg,VERMONT,valid,train/VERMONT/024.jpg
49,valid/VERMONT/train_026.jpg,VERMONT,valid,train/VERMONT/026.jpg
49,valid/VERMONT/train_040.jpg,VERMONT,valid,train/VERMONT/040.jpg
49,valid/VERMONT/train_047.jpg,VERMONT,valid,train/VERMONT/047.jpg
49,valid/VERMONT/train_053.jpg,VERMONT,valid,train/VERMONT/053.jpg
49,valid/VERMONT/train_055.jpg,VERMONT,valid,train/VERMONT/055.jpg
49,valid/VERMONT/train_071.jpg,VERMONT,valid,train/VERMONT/071.jpg
49,valid/VERMONT/train_085.jpg,VERMONT,valid,train/VERMONT/085.jpg
49,valid/VERMONT/train_088.jpg,VERMONT,valid,train/VERMONT/088.jpg
49,valid/VERMONT/train_105.jpg,VERMONT,valid,train/VERMONT/105.jpg
49,valid/VERMONT/train_106.jpg,VERMONT,valid,train/VERMONT/106.jpg
49,valid/VERMONT/train_109.jpg,VERMONT,valid,train/VERMONT/109.jpg
49,valid/VERMONT/train_118.jpg,VERMONT,valid,train/VERMONT/118.jpg
49,valid/VERMONT/train_126.jpg,VERMONT,valid,train/VERMONT/126.jpg
49,valid/VERMONT/train_128.jpg,VERMONT,valid,train/VERMONT/128.jpg
49,valid/VERMONT/train_132.jpg,VERMONT,valid,train/VERMONT/132.jpg
49,valid/VERMONT/train_140.jpg,VERMONT,valid,train/VERMONT/140.jpg
49,valid/VERMONT/train_141.jpg,VERMONT,valid,train/VERMONT/141.jpg
49,valid/VERMONT/train_146.jpg,VERMONT,valid,train/VERMONT/146.jpg
49,valid/VERMONT/valid_5.jpg,VERMONT,valid,valid/VERMONT/5.jpg
50,valid/VIRGINIA/test_4.jpg,VIRGINIA,valid,test/VIRGINIA/4.jpg
50,valid/VIRGINIA/test_5.jpg,VIRGINIA,valid,test/VIRGINIA/5.jpg
50,valid/VIRGINIA/train_001.jpg,VIRGINIA,valid,train/VIRGINIA/001.jpg
50,valid/VIRGINIA/train_007.jpg,VIRGINIA,valid,train/VIRGINIA/007.jpg
50,valid/VIRGINIA/train_016.jpg,VIRGINIA,valid,train/VIRGINIA/016.jpg
50,valid/VIRGINIA/train_022.jpg,VIRGINIA,valid,train/VIRGINIA/022.jpg
50,valid/VIRGINIA/train_025.jpg,VIRGINIA,valid,train/VIRGINIA/025.jpg
50,valid/VIRGINIA/train_027.jpg,VIRGINIA,valid,train/VIRGINIA/027.jpg
50,valid/VIRGINIA/train_032.jpg,VIRGINIA,valid,train/VIRGINIA/032.jpg
50,valid/VIRGINIA/train_038.jpg,VIRGINIA,valid,train/VIRGINIA/038.jpg
50,valid/VIRGINIA/train_042.jpg,VIRGINIA,valid,train/VIRGINIA/042.jpg
50,valid/VIRGINIA/train_045.jpg,VIRGINIA,valid,train/VIRGINIA/045.jpg
50,valid/VIRGINIA/train_069.jpg,VIRGINIA,valid,train/VIRGINIA/069.jpg
50,valid/VIRGINIA/train_074.jpg,VIRGINIA,valid,train/VIRGINIA/074.jpg
50,valid/VIRGINIA/train_075.jpg,VIRGINIA,valid,train/VIRGINIA/075.jpg
50,valid/VIRGINIA/train_084.jpg,VIRGINIA,valid,train/VIRGINIA/084.jpg
50,valid/VIRGINIA/train_090.jpg,VIRGINIA,valid,train/VIRGINIA/090.jpg
50,valid/VIRGINIA/train_091.jpg,VIRGINIA,valid,train/VIRGINIA/091.jpg
50,valid/VIRGINIA/train_101.jpg,VIRGINIA,valid,train/VIRGINIA/101.jpg
50,valid/VIRGINIA/train_107.jpg,VIRGINIA,valid,train/VIRGINIA/107.jpg
50,valid/VIRGINIA/train_112.jpg,VIRGINIA,valid,train/VIRGINIA/112.jpg
50,valid/VIRGINIA/train_115.jpg,VIRGINIA,valid,train/VIRGINIA/115.jpg
50,valid/VIRGINIA/train_119.jpg,VIRGINIA,valid,train/VIRGINIA/119.jpg
51,valid/WASHINGTON/test_4.jpg,WASHINGTON,valid,test/WASHINGTON/4.jpg
51,valid/WASHINGTON/train_001.jpg,WASHINGTON,valid,train/WASHINGTON/001.jpg
51,valid/WASHINGTON/train_008.jpg,WASHINGTON,valid,train/WASHINGTON/008.jpg
51,valid/WASHINGTON/train_012.jpg,WASHINGTON,valid,train/WASHINGTON/012.jpg
51,valid/WASHINGTON/train_013.jpg,WASHINGTON,valid,train/WASHINGTON/013.jpg
51,valid/WASHINGTON/train_018.jpg,WASHINGTON,valid,train/WASHINGTON/018.jpg
51,valid/WASHINGTON/train_020.jpg,WASHINGTON,valid,train/WASHINGTON/020.jpg
51,valid/WASHINGTON/train_029.jpg,WASHINGTON,valid,train/WASHINGTON/029.jpg
51,valid/WASHINGTON/train_057.jpg,WASHINGTON,valid,train/WASHINGTON/057.jpg
51,valid/WASHINGTON/train_070.jpg,WASHINGTON,valid,train/WASHINGTON/070.jpg
51,valid/WASHINGTON/train_071.jpg,WASHINGTON,valid,train/WASHINGTON/071.jpg
51,valid/WASHINGTON/train_079.jpg,WASHINGTON,valid,train/WASHINGTON/079.jpg
51,valid/WASHINGTON/train_080.jpg,WASHINGTON,valid,train/WASHINGTON/080.jpg
51,valid/WASHINGTON/train_083.jpg,WASHINGTON,valid,train/WASHINGTON/083.jpg
51,valid/WASHINGTON/train_094.jpg,WASHINGTON,valid,train/WASHINGTON/094.jpg
51,valid/WASHINGTON/train_107.jpg,WASHINGTON,valid,train/WASHINGTON/107.jpg
51,valid/WASHINGTON/train_113.jpg,WASHINGTON,valid,train/WASHINGTON/113.jpg
51,valid/WASHINGTON/train_116.jpg,WASHINGTON,valid,train/WASHINGTON/116.jpg
51,valid/WASHINGTON/train_119.jpg,WASHINGTON,valid,train/WASHINGTON/119.jpg
51,valid/WASHINGTON/train_123.jpg,WASHINGTON,valid,train/WASHINGTON/123.jpg
51,valid/WASHINGTON/train_129.jpg,WASHINGTON,valid,train/WASHINGTON/129.jpg
51,valid/WASHINGTON/train_138.jpg,WASHINGTON,valid,train/WASHINGTON/138.jpg
51,valid/WASHINGTON/train_145.jpg,WASHINGTON,valid,train/WASHINGTON/145.jpg
51,valid/WASHINGTON/train_154.jpg,WASHINGTON,valid,train/WASHINGTON/154.jpg
51,valid/WASHINGTON/train_156.jpg,WASHINGTON,valid,train/WASHINGTON/156.jpg
51,valid/WASHINGTON/valid_1.jpg,WASHINGTON,valid,valid/WASHINGTON/1.jpg
52,valid/WASHINGTON DC/train_001.jpg,WASHINGTON DC,valid,train/WASHINGTON DC/001.jpg
52,valid/WASHINGTON DC/train_017.jpg,WASHINGTON DC,valid,train/WASHINGTON DC/017.jpg
52,valid/WASHINGTON DC/train_025.jpg,WASHINGTON DC,valid,train/WASHINGTON DC/025.jpg
52,valid/WASHINGTON DC/train_029.jpg,WASHINGTON DC,valid,train/WASHINGTON DC/029.jpg
52,valid/WASHINGTON DC/train_031.jpg,WASHINGTON DC,valid,train/WASHINGTON DC/031.jpg
52,valid/WASHINGTON DC/train_036.jpg,WASHINGTON DC,valid,train/WASHINGTON DC/036.jpg
52,valid/WASHINGTON DC/train_042.jpg,WASHINGTON DC,valid,train/WASHINGTON DC/042.jpg
52,valid/WASHINGTON DC/train_046.jpg,WASHINGTON DC,valid,train/WASHINGTON DC/046.jpg
52,valid/WASHINGTON DC/train_050.jpg,WASHINGTON DC,valid,train/WASHINGTON DC/050.jpg
52,valid/WASHINGTON DC/train_052.jpg,WASHINGTON DC,valid,train/WASHINGTON DC/052.jpg
52,valid/WASHINGTON DC/train_065.jpg,WASHINGTON DC,valid,train/WASHINGTON DC/065.jpg
52,valid/WASHINGTON DC/train_066.jpg,WASHINGTON DC,valid,train/WASHINGTON DC/066.jpg
52,valid/WASHINGTON DC/train_073.jpg,WASHINGTON DC,valid,train/WASHINGTON DC/073.jpg
52,valid/WASHINGTON DC/train_078.jpg,WASHINGTON DC,valid,train/WASHINGTON DC/078.jpg
52,valid/WASHINGTON DC/train_080.jpg,WASHINGTON DC,valid,train/WASHINGTON DC/080.jpg
52,valid/WASHINGTON DC/train_094.jpg,WASHINGTON DC,valid,train/WASHINGTON DC/094.jpg
52,valid/WASHINGTON DC/train_108.jpg,WASHINGTON DC,valid,train/WASHINGTON DC/108.jpg
52,valid/WASHINGTON DC/train_109.jpg,WASHINGTON DC,valid,train/WASHINGTON DC/109.jpg
52,valid/WASHINGTON DC/train_114.jpg,WASHINGTON DC,valid,train/WASHINGTON DC/114.jpg
52,valid/WASHINGTON DC/train_124.jpg,WASHINGTON DC,valid,train/WASHINGTON DC/124.jpg
52,valid/WASHINGTON DC/train_129.jpg,WASHINGTON DC,valid,train/WASHINGTON DC/129.jpg
52,valid/WASHINGTON DC/train_140.jpg,WASHINGTON DC,valid,train/WASHINGTON DC/140.jpg
52,valid/WASHINGTON DC/train_142.jpg,WASHINGTON DC,valid,train/WASHINGTON DC/142.jpg
52,valid/WASHINGTON DC/valid_4.jpg,WASHINGTON DC,valid,valid/WASHINGTON DC/4.jpg
53,valid/WEST VIRGINIA/test_3.jpg,WEST VIRGINIA,valid,test/WEST VIRGINIA/3.jpg
53,valid/WEST VIRGINIA/train_002.jpg,WEST VIRGINIA,valid,train/WEST VIRGINIA/002.jpg
53,valid/WEST VIRGINIA/train_011.jpg,WEST VIRGINIA,valid,train/WEST VIRGINIA/011.jpg
53,valid/WEST VIRGINIA/train_015.jpg,WEST VIRGINIA,valid,train/WEST VIRGINIA/015.jpg
53,valid/WEST VIRGINIA/train_031.jpg,WEST VIRGINIA,valid,train/WEST VIRGINIA/031.jpg
53,valid/WEST VIRGINIA/train_034.jpg,WEST VIRGINIA,valid,train/WEST VIRGINIA/034.jpg
53,valid/WEST VIRGINIA/train_045.jpg,WEST VIRGINIA,valid,train/WEST VIRGINIA/045.jpg
53,valid/WEST VIRGINIA/train_047.jpg,WEST VIRGINIA,valid,train/WEST VIRGINIA/047.jpg
53,valid/WEST VIRGINIA/train_054.jpg,WEST VIRGINIA,valid,train/WEST VIRGINIA/054.jpg
53,valid/WEST VIRGINIA/train_072.jpg,WEST VIRGINIA,valid,train/WEST VIRGINIA/072.jpg
53,valid/WEST VIRGINIA/train_073.jpg,WEST VIRGINIA,valid,train/WEST VIRGINIA/073.jpg
53,valid/WEST VIRGINIA/train_080.jpg,WEST VIRGINIA,valid,train/WEST VIRGINIA/080.jpg
53,valid/WEST VIRGINIA/train_081.jpg,WEST VIRGINIA,valid,train/WEST VIRGINIA/081.jpg
53,valid/WEST VIRGINIA/train_095.jpg,WEST VIRGINIA,valid,train/WEST VIRGINIA/095.jpg
53,valid/WEST VIRGINIA/train_106.jpg,WEST VIRGINIA,valid,train/WEST VIRGINIA/106.jpg
53,valid/WEST VIRGINIA/train_107.jpg,WEST VIRGINIA,valid,train/WEST VIRGINIA/107.jpg
53,valid/WEST VIRGINIA/train_109.jpg,WEST VIRGINIA,valid,train/WEST VIRGINIA/109.jpg
53,valid/WEST VIRGINIA/train_112.jpg,WEST VIRGINIA,valid,train/WEST VIRGINIA/112.jpg
53,valid/WEST VIRGINIA/train_115.jpg,WEST VIRGINIA,valid,train/WEST VIRGINIA/115.jpg
53,valid/WEST VIRGINIA/train_118.jpg,WEST VIRGINIA,valid,train/WEST VIRGINIA/118.jpg
53,valid/WEST VIRGINIA/train_129.jpg,WEST VIRGINIA,valid,train/WEST VIRGINIA/129.jpg
53,valid/WEST VIRGINIA/train_130.jpg,WEST VIRGINIA,valid,train/WEST VIRGINIA/130.jpg
54,valid/WISCONSIN/train_020.jpg,WISCONSIN,valid,train/WISCONSIN/020.jpg
54,valid/WISCONSIN/train_026.jpg,WISCONSIN,valid,train/WISCONSIN/026.jpg
54,valid/WISCONSIN/train_031.jpg,WISCONSIN,valid,train/WISCONSIN/031.jpg
54,valid/WISCONSIN/train_033.jpg,WISCONSIN,valid,train/WISCONSIN/033.jpg
54,valid/WISCONSIN/train_037.jpg,WISCONSIN,valid,train/WISCONSIN/037.jpg
54,valid/WISCONSIN/train_047.jpg,WISCONSIN,valid,train/WISCONSIN/047.jpg
54,valid/WISCONSIN/train_048.jpg,WISCONSIN,valid,train/WISCONSIN/048.jpg
54,valid/WISCONSIN/train_052.jpg,WISCONSIN,valid,train/WISCONSIN/052.jpg
54,valid/WISCONSIN/train_056.jpg,WISCONSIN,valid,train/WISCONSIN/056.jpg
54,valid/WISCONSIN/train_057.jpg,WISCONSIN,valid,train/WISCONSIN/057.jpg
54,valid/WISCONSIN/train_058.jpg,WISCONSIN,valid,train/WISCONSIN/058.jpg
54,valid/WISCONSIN/train_078.jpg,WISCONSIN,valid,train/WISCONSIN/078.jpg
54,valid/WISCONSIN/train_085.jpg,WISCONSIN,valid,train/WISCONSIN/085.jpg
54,valid/WISCONSIN/train_089.jpg,WISCONSIN,valid,train/WISCONSIN/089.jpg
54,valid/WISCONSIN/train_091.jpg,WISCONSIN,valid,train/WISCONSIN/091.jpg
54,valid/WISCONSIN/train_103.jpg,WISCONSIN,valid,train/WISCONSIN/103.jpg
54,valid/WISCONSIN/train_104.jpg,WISCONSIN,valid,train/WISCONSIN/104.jpg
54,valid/WISCONSIN/train_105.jpg,WISCONSIN,valid,train/WISCONSIN/105.jpg
54,valid/WISCONSIN/train_107.jpg,WISCONSIN,valid,train/WISCONSIN/107.jpg
54,valid/WISCONSIN/train_131.jpg,WISCONSIN,valid,train/WISCONSIN/131.jpg
54,valid/WISCONSIN/train_133.jpg,WISCONSIN,valid,train/WISCONSIN/133.jpg
54,valid/WISCONSIN/train_134.jpg,WISCONSIN,valid,train/WISCONSIN/134.jpg
55,valid/WYOMING/train_019.jpg,WYOMING,valid,train/WYOMING/019.jpg
55,valid/WYOMING/train_020.jpg,WYOMING,valid,train/WYOMING/020.jpg
55,valid/WYOMING/train_022.jpg,WYOMING,valid,train/WYOMING/022.jpg
55,valid/WYOMING/train_024.jpg,WYOMING,valid,train/WYOMING/024.jpg
55,valid/WYOMING/train_049.jpg,WYOMING,valid,train/WYOMING/049.jpg
55,valid/WYOMING/train_051.jpg,WYOMING,valid,train/WYOMING/051.jpg
55,valid/WYOMING/train_053.jpg,WYOMING,valid,train/WYOMING/053.jpg
55,valid/WYOMING/train_056.jpg,WYOMING,valid,train/WYOMING/056.jpg
55,valid/WYOMING/train_057.jpg,WYOMING,valid,train/WYOMING/057.jpg
55,valid/WYOMING/train_077.jpg,WYOMING,valid,train/WYOMING/077.jpg
55,valid/WYOMING/train_086.jpg,WYOMING,valid,train/WYOMING/086.jpg
55,valid/WYOMING/train_090.jpg,WYOMING,valid,train/WYOMING/090.jpg
55,valid/WYOMING/train_097.jpg,WYOMING,valid,train/WYOMING/097.jpg
55,valid/WYOMING/train_107.jpg,WYOMING,valid,train/WYOMING/107.jpg
55,valid/WYOMING/train_110.jpg,WYOMING,valid,train/WYOMING/110.jpg
55,valid/WYOMING/train_112.jpg,WYOMING,valid,train/WYOMING/112.jpg
55,valid/WYOMING/train_121.jpg,WYOMING,valid,train/WYOMING/121.jpg
55,valid/WYOMING/train_123.jpg,WYOMING,valid,train/WYOMING/123.jpg
55,valid/WYOMING/train_125.jpg,WYOMING,valid,train/WYOMING/125.jpg
55,valid/WYOMING/train_132.jpg,WYOMING,valid,train/WYOMING/132.jpg
55,valid/WYOMING/train_139.jpg,WYOMING,valid,train/WYOMING/139.jpg
55,valid/WYOMING/train_142.jpg,WYOMING,valid,train/WYOMING/142.jpg
55,valid/WYOMING/train_148.jpg,WYOMING,valid,train/WYOMING/148.jpg
55,valid/WYOMING/valid_2.jpg,WYOMING,valid,valid/WYOMING/2.jpg
0,test/ALABAMA/train_011.jpg,ALABAMA,test,train/ALABAMA/011.jpg
0,test/ALABAMA/train_014.jpg,ALABAMA,test,train/ALABAMA/014.jpg
0,test/ALABAMA/train_017.jpg,ALABAMA,test,train/ALABAMA/017.jpg
0,test/ALABAMA/train_020.jpg,ALABAMA,test,train/ALABAMA/020.jpg
0,test/ALABAMA/train_021.jpg,ALABAMA,test,train/ALABAMA/021.jpg
0,test/ALABAMA/train_029.jpg,ALABAMA,test,train/ALABAMA/029.jpg
0,test/ALABAMA/train_034.jpg,ALABAMA,test,train/ALABAMA/034.jpg
0,test/ALABAMA/train_035.jpg,ALABAMA,test,train/ALABAMA/035.jpg
0,test/ALABAMA/train_060.jpg,ALABAMA,test,train/ALABAMA/060.jpg
0,test/ALABAMA/train_064.jpg,ALABAMA,test,train/ALABAMA/064.jpg
0,test/ALABAMA/train_069.jpg,ALABAMA,test,train/ALABAMA/069.jpg
0,test/ALABAMA/train_071.jpg,ALABAMA,test,train/ALABAMA/071.jpg
0,test/ALABAMA/train_072.jpg,ALABAMA,test,train/ALABAMA/072.jpg
0,test/ALABAMA/train_073.jpg,ALABAMA,test,train/ALABAMA/073.jpg
0,test/ALABAMA/train_087.jpg,ALABAMA,test,train/ALABAMA/087.jpg
0,test/ALABAMA/train_103.jpg,ALABAMA,test,train/ALABAMA/103.jpg
0,test/ALABAMA/train_118.jpg,ALABAMA,test,train/ALABAMA/118.jpg
0,test/ALABAMA/train_123.jpg,ALABAMA,test,train/ALABAMA/123.jpg
0,test/ALABAMA/train_126.jpg,ALABAMA,test,train/ALABAMA/126.jpg
0,test/ALABAMA/train_140.jpg,ALABAMA,test,train/ALABAMA/140.jpg
0,test/ALABAMA/train_142.jpg,ALABAMA,test,train/ALABAMA/142.jpg
0,test/ALABAMA/train_149.jpg,ALABAMA,test,train/ALABAMA/149.jpg
0,test/ALABAMA/train_150.jpg,ALABAMA,test,train/ALABAMA/150.jpg
0,test/ALABAMA/train_154.jpg,ALABAMA,test,train/ALABAMA/154.jpg
0,test/ALABAMA/valid_5.jpg,ALABAMA,test,valid/ALABAMA/5.jpg
1,test/ALASKA/train_002.jpg,ALASKA,test,train/ALASKA/002.jpg
1,test/ALASKA/train_013.jpg,ALASKA,test,train/ALASKA/013.jpg
1,test/ALASKA/train_014.jpg,ALASKA,test,train/ALASKA/014.jpg
1,test/ALASKA/train_017.jpg,ALASKA,test,train/ALASKA/017.jpg
1,test/ALASKA/train_033.jpg,ALASKA,test,train/ALASKA/033.jpg
1,test/ALASKA/train_040.jpg,ALASKA,test,train/ALASKA/040.jpg
1,test/ALASKA/train_041.jpg,ALASKA,test,train/ALASKA/041.jpg
1,test/ALASKA/train_048.jpg,ALASKA,test,train/ALASKA/048.jpg
1,test/ALASKA/train_058.jpg,ALASKA,test,train/ALASKA/058.jpg
1,test/ALASKA/train_060.jpg,ALASKA,test,train/ALASKA/060.jpg
1,test/ALASKA/train_066.jpg,ALASKA,test,train/ALASKA/066.jpg
1,test/ALASKA/train_071.jpg,ALASKA,test,train/ALASKA/071.jpg
1,test/ALASKA/train_075.jpg,ALASKA,test,train/ALASKA/075.jpg
1,test/ALASKA/train_081.jpg,ALASKA,test,train/ALASKA/081.jpg
1,test/ALASKA/train_082.jpg,ALASKA,test,train/ALASKA/082.jpg
1,test/ALASKA/train_095.jpg,ALASKA,test,train/ALASKA/095.jpg
1,test/ALASKA/train_098.jpg,ALASKA,test,train/ALASKA/098.jpg
1,test/ALASKA/train_099.jpg,ALASKA,test,train/ALASKA/099.jpg
1,test/ALASKA/train_107.jpg,ALASKA,test,train/ALASKA/107.jpg
1,test/ALASKA/train_108.jpg,ALASKA,test,train/ALASKA/108.jpg
1,test/ALASKA/train_131.jpg,ALASKA,test,train/ALASKA/131.jpg
1,test/ALASKA/train_141.jpg,ALASKA,test,train/ALASKA/141.jpg
1,test/ALASKA/train_148.jpg,ALASKA,test,train/ALASKA/148.jpg
1,test/ALASKA/train_149.jpg,ALASKA,test,train/ALASKA/149.jpg
2,test/AMERICAN SAMOA/test_5.jpg,AMERICAN SAMOA,test,test/AMERICAN SAMOA/5.jpg
2,test/AMERICAN SAMOA/train_009.jpg,AMERICAN SAMOA,test,train/AMERICAN SAMOA/009.jpg
2,test/AMERICAN SAMOA/train_010.jpg,AMERICAN SAMOA,test,train/AMERICAN SAMOA/010.jpg
2,test/AMERICAN SAMOA/train_012.jpg,AMERICAN SAMOA,test,train/AMERICAN SAMOA/012.jpg
2,test/AMERICAN SAMOA/train_025.jpg,AMERICAN SAMOA,test,train/AMERICAN SAMOA/025.jpg
2,test/AMERICAN SAMOA/train_033.jpg,AMERICAN SAMOA,test,train/AMERICAN SAMOA/033.jpg
2,test/AMERICAN SAMOA/train_041.jpg,AMERICAN SAMOA,test,train/AMERICAN SAMOA/041.jpg
2,test/AMERICAN SAMOA/train_047.jpg,AMERICAN SAMOA,test,train/AMERICAN SAMOA/047.jpg
2,test/AMERICAN SAMOA/train_049.jpg,AMERICAN SAMOA,test,train/AMERICAN SAMOA/049.jpg
2,test/AMERICAN SAMOA/train_056.jpg,AMERICAN SAMOA,test,train/AMERICAN SAMOA/056.jpg
2,test/AMERICAN SAMOA/train_060.jpg,AMERICAN SAMOA,test,train/AMERICAN SAMOA/060.jpg
2,test/AMERICAN SAMOA/train_066.jpg,AMERICAN SAMOA,test,train/AMERICAN SAMOA/066.jpg
2,test/AMERICAN SAMOA/train_068.jpg,AMERICAN SAMOA,test,train/AMERICAN SAMOA/068.jpg
2,test/AMERICAN SAMOA/train_073.jpg,AMERICAN SAMOA,test,train/AMERICAN SAMOA/073.jpg
2,test/AMERICAN SAMOA/train_084.jpg,AMERICAN SAMOA,test,train/AMERICAN SAMOA/084.jpg
2,test/AMERICAN SAMOA/train_085.jpg,AMERICAN SAMOA,test,train/AMERICAN SAMOA/085.jpg
2,test/AMERICAN SAMOA/train_088.jpg,AMERICAN SAMOA,test,train/AMERICAN SAMOA/088.jpg
2,test/AMERICAN SAMOA/train_091.jpg,AMERICAN SAMOA,test,train/AMERICAN SAMOA/091.jpg
2,test/AMERICAN SAMOA/train_106.jpg,AMERICAN SAMOA,test,train/AMERICAN SAMOA/106.jpg
2,test/AMERICAN SAMOA/train_140.jpg,AMERICAN SAMOA,test,train/AMERICAN SAMOA/140.jpg
2,test/AMERICAN SAMOA/valid_1.jpg,AMERICAN SAMOA,test,valid/AMERICAN SAMOA/1.jpg
2,test/AMERICAN SAMOA/valid_2.jpg,AMERICAN SAMOA,test,valid/AMERICAN SAMOA/2.jpg
2,test/AMERICAN SAMOA/valid_4.jpg,AMERICAN SAMOA,test,valid/AMERICAN SAMOA/4.jpg
3,test/ARIZONA/train_001.jpg,ARIZONA,test,train/ARIZONA/001.jpg
3,test/ARIZONA/train_005.jpg,ARIZONA,test,train/ARIZONA/005.jpg
3,test/ARIZONA/train_006.jpg,ARIZONA,test,train/ARIZONA/006.jpg
3,test/ARIZONA/train_012.jpg,ARIZONA,test,train/ARIZONA/012.jpg
3,test/ARIZONA/train_037.jpg,ARIZONA,test,train/ARIZONA/037.jpg
3,test/ARIZONA/train_053.jpg,ARIZONA,test,train/ARIZONA/053.jpg
3,test/ARIZONA/train_064.jpg,ARIZONA,test,train/ARIZONA/064.jpg
3,test/ARIZONA/train_066.jpg,ARIZONA,test,train/ARIZONA/066.jpg
3,test/ARIZONA/train_075.jpg,ARIZONA,test,train/ARIZONA/075.jpg
3,test/ARIZONA/train_077.jpg,ARIZONA,test,train/ARIZONA/077.jpg
3,test/ARIZONA/train_085.jpg,ARIZONA,test,train/ARIZONA/085.jpg
3,test/ARIZONA/train_088.jpg,ARIZONA,test,train/ARIZONA/088.jpg
3,test/ARIZONA/train_101.jpg,ARIZONA,test,train/ARIZONA/101.jpg
3,test/ARIZONA/train_110.jpg,ARIZONA,test,train/ARIZONA/110.jpg
3,test/ARIZONA/train_121.jpg,ARIZONA,test,train/ARIZONA/121.jpg
3,test/ARIZONA/train_122.jpg,ARIZONA,test,train/ARIZONA/122.jpg
3,test/ARIZONA/train_127.jpg,ARIZONA,test,train/ARIZONA/127.jpg
3,test/ARIZONA/train_133.jpg,ARIZONA,test,train/ARIZONA/133.jpg
3,test/ARIZONA/train_138.jpg,ARIZONA,test,train/ARIZONA/138.jpg
3,test/ARIZONA/valid_2.jpg,ARIZONA,test,valid/ARIZONA/2.jpg
3,test/ARIZONA/valid_3.jpg,ARIZONA,test,valid/ARIZONA/3.jpg
3,test/ARIZONA/valid_4.jpg,ARIZONA,test,valid/ARIZONA/4.jpg
4,test/ARKANSAS/train_006.jpg,ARKANSAS,test,train/ARKANSAS/006.jpg
4,test/ARKANSAS/train_011.jpg,ARKANSAS,test,train/ARKANSAS/011.jpg
4,test/ARKANSAS/train_013.jpg,ARKANSAS,test,train/ARKANSAS/013.jpg
4,test/ARKANSAS/train_014.jpg,ARKANSAS,test,train/ARKANSAS/014.jpg
4,test/ARKANSAS/train_031.jpg,ARKANSAS,test,train/ARKANSAS/031.jpg
4,test/ARKANSAS/train_035.jpg,ARKANSAS,test,train/ARKANSAS/035.jpg
4,test/ARKANSAS/train_049.jpg,ARKANSAS,test,train/ARKANSAS/049.jpg
4,test/ARKANSAS/train_051.jpg,ARKANSAS,test,train/ARKANSAS/051.jpg
4,test/ARKANSAS/train_055.jpg,ARKANSAS,test,train/ARKANSAS/055.jpg
4,test/ARKANSAS/train_056.jpg,ARKANSAS,test,train/ARKANSAS/056.jpg
4,test/ARKANSAS/train_061.jpg,ARKANSAS,test,train/ARKANSAS/061.jpg
4,test/ARKANSAS/train_062.jpg,ARKANSAS,test,train/ARKANSAS/062.jpg
4,test/ARKANSAS/train_068.jpg,ARKANSAS,test,train/ARKANSAS/068.jpg
4,test/ARKANSAS/train_083.jpg,ARKANSAS,test,train/ARKANSAS/083.jpg
4,test/ARKANSAS/train_091.jpg,ARKANSAS,test,train/ARKANSAS/091.jpg
4,test/ARKANSAS/train_092.jpg,ARKANSAS,test,train/ARKANSAS/092.jpg
4,test/ARKANSAS/train_095.jpg,ARKANSAS,test,train/ARKANSAS/095.jpg
4,test/ARKANSAS/train_096.jpg,ARKANSAS,test,train/ARKANSAS/096.jpg
4,test/ARKANSAS/train_115.jpg,ARKANSAS,test,train/ARKANSAS/115.jpg
4,test/ARKANSAS/train_116.jpg,ARKANSAS,test,train/ARKANSAS/116.jpg
4,test/ARKANSAS/train_122.jpg,ARKANSAS,test,train/ARKANSAS/122.jpg
4,test/ARKANSAS/train_123.jpg,ARKANSAS,test,train/ARKANSAS/123.jpg
4,test/ARKANSAS/train_125.jpg,ARKANSAS,test,train/ARKANSAS/125.jpg
4,test/ARKANSAS/train_128.jpg,ARKANSAS,test,train/ARKANSAS/128.jpg
4,test/ARKANSAS/train_142.jpg,ARKANSAS,test,train/ARKANSAS/142.jpg
4,test/ARKANSAS/train_157.jpg,ARKANSAS,test,train/ARKANSAS/157.jpg
4,test/ARKANSAS/train_161.jpg,ARKANSAS,test,train/ARKANSAS/161.jpg
5,test/CALIFORNIA/train_001.jpg,CALIFORNIA,test,train/CALIFORNIA/001.jpg
5,test/CALIFORNIA/train_004.jpg,CALIFORNIA,test,train/CALIFORNIA/004.jpg
5,test/CALIFORNIA/train_006.jpg,CALIFORNIA,test,train/CALIFORNIA/006.jpg
5,test/CALIFORNIA/train_011.jpg,CALIFORNIA,test,train/CALIFORNIA/011.jpg
5,test/CALIFORNIA/train_016.jpg,CALIFORNIA,test,train/CALIFORNIA/016.jpg
5,test/CALIFORNIA/train_037.jpg,CALIFORNIA,test,train/CALIFORNIA/037.jpg
5,test/CALIFORNIA/train_038.jpg,CALIFORNIA,test,train/CALIFORNIA/038.jpg
5,test/CALIFORNIA/train_039.jpg,CALIFORNIA,test,train/CALIFORNIA/039.jpg
5,test/CALIFORNIA/train_048.jpg,CALIFORNIA,test,train/CALIFORNIA/048.jpg
5,test/CALIFORNIA/train_067.jpg,CALIFORNIA,test,train/CALIFORNIA/067.jpg
5,test/CALIFORNIA/train_068.jpg,CALIFORNIA,test,train/CALIFORNIA/068.jpg
5,test/CALIFORNIA/train_069.jpg,CALIFORNIA,test,train/CALIFORNIA/069.jpg
5,test/CALIFORNIA/train_070.jpg,CALIFORNIA,test,train/CALIFORNIA/070.jpg
5,test/CALIFORNIA/train_085.jpg,CALIFORNIA,test,train/CALIFORNIA/085.jpg
5,test/CALIFORNIA/train_089.jpg,CALIFORNIA,test,train/CALIFORNIA/089.jpg
5,test/CALIFORNIA/train_105.jpg,CALIFORNIA,test,train/CALIFORNIA/105.jpg
5,test/CALIFORNIA/train_117.jpg,CALIFORNIA,test,train/CALIFORNIA/117.jpg
5,test/CALIFORNIA/train_119.jpg,CALIFORNIA,test,train/CALIFORNIA/119.jpg
5,test/CALIFORNIA/train_124.jpg,CALIFORNIA,test,train/CALIFORNIA/124.jpg
5,test/CALIFORNIA/train_135.jpg,CALIFORNIA,test,train/CALIFORNIA/135.jpg
5,test/CALIFORNIA/train_139.jpg,CALIFORNIA,test,train/CALIFORNIA/139.jpg
5,test/CALIFORNIA/train_140.jpg,CALIFORNIA,test,train/CALIFORNIA/140.jpg
5,test/CALIFORNIA/train_153.jpg,CALIFORNIA,test,train/CALIFORNIA/153.jpg
5,test/CALIFORNIA/valid_1.jpg,CALIFORNIA,test,valid/CALIFORNIA/1.jpg
5,test/CALIFORNIA/valid_5.jpg,CALIFORNIA,test,valid/CALIFORNIA/5.jpg
6,test/CNMI/train_05.jpg,CNMI,test,train/CNMI/05.jpg
6,test/CNMI/train_06.jpg,CNMI,test,train/CNMI/06.jpg
6,test/CNMI/train_10.jpg,CNMI,test,train/CNMI/10.jpg
6,test/CNMI/train_11.jpg,CNMI,test,train/CNMI/11.jpg
6,test/CNMI/train_22.jpg,CNMI,test,train/CNMI/22.jpg
6,test/CNMI/train_26.jpg,CNMI,test,train/CNMI/26.jpg
6,test/CNMI/train_27.jpg,CNMI,test,train/CNMI/27.jpg
6,test/CNMI/train_35.jpg,CNMI,test,train/CNMI/35.jpg
6,test/CNMI/train_39.jpg,CNMI,test,train/CNMI/39.jpg
6,test/CNMI/train_44.jpg,CNMI,test,train/CNMI/44.jpg
6,test/CNMI/train_56.jpg,CNMI,test,train/CNMI/56.jpg
6,test/CNMI/train_79.jpg,CNMI,test,train/CNMI/79.jpg
6,test/CNMI/train_85.jpg,CNMI,test,train/CNMI/85.jpg
6,test/CNMI/valid_5.jpg,CNMI,test,valid/CNMI/5.jpg
7,test/COLORADO/test_3.jpg,COLORADO,test,test/COLORADO/3.jpg
7,test/COLORADO/train_021.jpg,COLORADO,test,train/COLORADO/021.jpg
7,test/COLORADO/train_022.jpg,COLORADO,test,train/COLORADO/022.jpg
7,test/COLORADO/train_026.jpg,COLORADO,test,train/COLORADO/026.jpg
7,test/COLORADO/train_036.jpg,COLORADO,test,train/COLORADO/036.jpg
7,test/COLORADO/train_039.jpg,COLORADO,test,train/COLORADO/039.jpg
7,test/COLORADO/train_050.jpg,COLORADO,test,train/COLORADO/050.jpg
7,test/COLORADO/train_070.jpg,COLORADO,test,train/COLORADO/070.jpg
7,test/COLORADO/train_076.jpg,COLORADO,test,train/COLORADO/076.jpg
7,test/COLORADO/train_088.jpg,COLORADO,test,train/COLORADO/088.jpg
7,test/COLORADO/train_095.jpg,COLORADO,test,train/COLORADO/095.jpg
7,test/COLORADO/train_096.jpg,COLORADO,test,train/COLORADO/096.jpg
7,test/COLORADO/train_100.jpg,COLORADO,test,train/COLORADO/100.jpg
7,test/COLORADO/train_106.jpg,COLORADO,test,train/COLORADO/106.jpg
7,test/COLORADO/train_107.jpg,COLORADO,test,train/COLORADO/107.jpg
7,test/COLORADO/train_108.jpg,COLORADO,test,train/COLORADO/108.jpg
7,test/COLORADO/train_109.jpg,COLORADO,test,train/COLORADO/109.jpg
7,test/COLORADO/train_119.jpg,COLORADO,test,train/COLORADO/119.jpg
7,test/COLORADO/train_126.jpg,COLORADO,test,train/COLORADO/126.jpg
7,test/COLORADO/train_130.jpg,COLORADO,test,train/COLORADO/130.jpg
7,test/COLORADO/valid_5.jpg,COLORADO,test,valid/COLORADO/5.jpg
8,test/CONNECTICUT/test_3.jpg,CONNECTICUT,test,test/CONNECTICUT/3.jpg
8,test/CONNECTICUT/test_4.jpg,CONNECTICUT,test,test/CONNECTICUT/4.jpg
8,test/CONNECTICUT/train_015.jpg,CONNECTICUT,test,train/CONNECTICUT/015.jpg
8,test/CONNECTICUT/train_018.jpg,CONNECTICUT,test,train/CONNECTICUT/018.jpg
8,test/CONNECTICUT/train_020.jpg,CONNECTICUT,test,train/CONNECTICUT/020.jpg
8,test/CONNECTICUT/train_024.jpg,CONNECTICUT,test,train/CONNECTICUT/024.jpg
8,test/CONNECTICUT/train_027.jpg,CONNECTICUT,test,train/CONNECTICUT/027.jpg
8,test/CONNECTICUT/train_029.jpg,CONNECTICUT,test,train/CONNECTICUT/029.jpg
8,test/CONNECTICUT/train_038.jpg,CONNECTICUT,test,train/CONNECTICUT/038.jpg
8,test/CONNECTICUT/train_053.jpg,CONNECTICUT,test,train/CONNECTICUT/053.jpg
8,test/CONNECTICUT/train_060.jpg,CONNECTICUT,test,train/CONNECTICUT/060.jpg
8,test/CONNECTICUT/train_062.jpg,CONNECTICUT,test,train/CONNECTICUT/062.jpg
8,test/CONNECTICUT/train_063.jpg,CONNECTICUT,test,train/CONNECTICUT/063.jpg
8,test/CONNECTICUT/train_084.jpg,CONNECTICUT,test,train/CONNECTICUT/084.jpg
8,test/CONNECTICUT/train_085.jpg,CONNECTICUT,test,train/CONNECTICUT/085.jpg
8,test/CONNECTICUT/train_096.jpg,CONNECTICUT,test,train/CONNECTICUT/096.jpg
8,test/CONNECTICUT/train_097.jpg,CONNECTICUT,test,train/CONNECTICUT/097.jpg
8,test/CONNECTICUT/train_117.jpg,CONNECTICUT,test,train/CONNECTICUT/117.jpg
8,test/CONNECTICUT/train_119.jpg,CONNECTICUT,test,train/CONNECTICUT/119.jpg
8,test/CONNECTICUT/train_128.jpg,CONNECTICUT,test,train/CONNECTICUT/128.jpg
8,test/CONNECTICUT/train_133.jpg,CONNECTICUT,test,train/CONNECTICUT/133.jpg
8,test/CONNECTICUT/train_137.jpg,CONNECTICUT,test,train/CONNECTICUT/137.jpg
8,test/CONNECTICUT/train_141.jpg,CONNECTICUT,test,train/CONNECTICUT/141.jpg
9,test/DELAWARE/train_005.jpg,DELAWARE,test,train/DELAWARE/005.jpg
9,test/DELAWARE/train_013.jpg,DELAWARE,test,train/DELAWARE/013.jpg
9,test/DELAWARE/train_017.jpg,DELAWARE,test,train/DELAWARE/017.jpg
9,test/DELAWARE/train_024.jpg,DELAWARE,test,train/DELAWARE/024.jpg
9,test/DELAWARE/train_034.jpg,DELAWARE,test,train/DELAWARE/034.jpg
9,test/DELAWARE/train_045.jpg,DELAWARE,test,train/DELAWARE/045.jpg
9,test/DELAWARE/train_049.jpg,DELAWARE,test,train/DELAWARE/049.jpg
9,test/DELAWARE/train_064.jpg,DELAWARE,test,train/DELAWARE/064.jpg
9,test/DELAWARE/train_077.jpg,DELAWARE,test,train/DELAWARE/077.jpg
9,test/DELAWARE/train_078.jpg,DELAWARE,test,train/DELAWARE/078.jpg
9,test/DELAWARE/train_079.jpg,DELAWARE,test,train/DELAWARE/079.jpg
9,test/DELAWARE/train_082.jpg,DELAWARE,test,train/DELAWARE/082.jpg
9,test/DELAWARE/train_094.jpg,DELAWARE,test,train/DELAWARE/094.jpg
9,test/DELAWARE/train_095.jpg,DELAWARE,test,train/DELAWARE/095.jpg
9,test/DELAWARE/train_096.jpg,DELAWARE,test,train/DELAWARE/096.jpg
9,test/DELAWARE/train_098.jpg,DELAWARE,test,train/DELAWARE/098.jpg
9,test/DELAWARE/train_099.jpg,DELAWARE,test,train/DELAWARE/099.jpg
9,test/DELAWARE/train_101.jpg,DELAWARE,test,train/DELAWARE/101.jpg
9,test/DELAWARE/train_102.jpg,DELAWARE,test,train/DELAWARE/102.jpg
9,test/DELAWARE/train_103.jpg,DELAWARE,test,train/DELAWARE/103.jpg
9,test/DELAWARE/train_109.jpg,DELAWARE,test,train/DELAWARE/109.jpg
9,test/DELAWARE/train_112.jpg,DELAWARE,test,train/DELAWARE/112.jpg
9,test/DELAWARE/train_137.jpg,DELAWARE,test,train/DELAWARE/137.jpg
10,test/FLORIDA/train_004.jpg,FLORIDA,test,train/FLORIDA/004.jpg
10,test/FLORIDA/train_009.jpg,FLORIDA,test,train/FLORIDA/009.jpg
10,test/FLORIDA/train_025.jpg,FLORIDA,test,train/FLORIDA/025.jpg
10,test/FLORIDA/train_028.jpg,FLORIDA,test,train/FLORIDA/028.jpg
10,test/FLORIDA/train_039.jpg,FLORIDA,test,train/FLORIDA/039.jpg
10,test/FLORIDA/train_045.jpg,FLORIDA,test,train/FLORIDA/045.jpg
10,test/FLORIDA/train_046.jpg,FLORIDA,test,train/FLORIDA/046.jpg
10,test/FLORIDA/train_053.jpg,FLORIDA,test,train/FLORIDA/053.jpg
10,test/FLORIDA/train_058.jpg,FLORIDA,test,train/FLORIDA/058.jpg
10,test/FLORIDA/train_064.jpg,FLORIDA,test,train/FLORIDA/064.jpg
10,test/FLORIDA/train_070.jpg,FLORIDA,test,train/FLORIDA/070.jpg
10,test/FLORIDA/train_072.jpg,FLORIDA,test,train/FLORIDA/072.jpg
10,test/FLORIDA/train_080.jpg,FLORIDA,test,train/FLORIDA/080.jpg
10,test/FLORIDA/train_096.jpg,FLORIDA,test,train/FLORIDA/096.jpg
10,test/FLORIDA/train_102.jpg,FLORIDA,test,train/FLORIDA/102.jpg
10,test/FLORIDA/train_107.jpg,FLORIDA,test,train/FLORIDA/107.jpg
10,test/FLORIDA/train_110.jpg,FLORIDA,test,train/FLORIDA/110.jpg
10,test/FLORIDA/train_113.jpg,FLORIDA,test,train/FLORIDA/113.jpg
10,test/FLORIDA/train_124.jpg,FLORIDA,test,train/FLORIDA/124.jpg
10,test/FLORIDA/train_126.jpg,FLORIDA,test,train/FLORIDA/126.jpg
10,test/FLORIDA/train_131.jpg,FLORIDA,test,train/FLORIDA/131.jpg
10,test/FLORIDA/train_136.jpg,FLORIDA,test,train/FLORIDA/136.jpg
10,test/FLORIDA/train_143.jpg,FLORIDA,test,train/FLORIDA/143.jpg
10,test/FLORIDA/valid_3.jpg,FLORIDA,test,valid/FLORIDA/3.jpg
11,test/GEORGIA/train_001.jpg,GEORGIA,test,train/GEORGIA/001.jpg
11,test/GEORGIA/train_009.jpg,GEORGIA,test,train/GEORGIA/009.jpg
11,test/GEORGIA/train_026.jpg,GEORGIA,test,train/GEORGIA/026.jpg
11,test/GEORGIA/train_030.jpg,GEORGIA,test,train/GEORGIA/030.jpg
11,test/GEORGIA/train_033.jpg,GEORGIA,test,train/GEORGIA/033.jpg
11,test/GEORGIA/train_043.jpg,GEORGIA,test,train/GEORGIA/043.jpg
11,test/GEORGIA/train_044.jpg,GEORGIA,test,train/GEORGIA/044.jpg
11,test/GEORGIA/train_055.jpg,GEORGIA,test,train/GEORGIA/055.jpg
11,test/GEORGIA/train_059.jpg,GEORGIA,test,train/GEORGIA/059.jpg
11,test/GEORGIA/train_066.jpg,GEORGIA,test,train/GEORGIA/066.jpg
11,test/GEORGIA/train_069.jpg,GEORGIA,test,train/GEORGIA/069.jpg
11,test/GEORGIA/train_070.jpg,GEORGIA,test,train/GEORGIA/070.jpg
11,test/GEORGIA/train_099.jpg,GEORGIA,test,train/GEORGIA/099.jpg
11,test/GEORGIA/train_102.jpg,GEORGIA,test,train/GEORGIA/102.jpg
11,test/GEORGIA/train_108.jpg,GEORGIA,test,train/GEORGIA/108.jpg
11,test/GEORGIA/train_111.jpg,GEORGIA,test,train/GEORGIA/111.jpg
11,test/GEORGIA/train_113.jpg,GEORGIA,test,train/GEORGIA/113.jpg
11,test/GEORGIA/train_116.jpg,GEORGIA,test,train/GEORGIA/116.jpg
11,test/GEORGIA/train_118.jpg,GEORGIA,test,train/GEORGIA/118.jpg
11,test/GEORGIA/train_125.jpg,GEORGIA,test,train/GEORGIA/125.jpg
11,test/GEORGIA/train_132.jpg,GEORGIA,test,train/GEORGIA/132.jpg
11,test/GEORGIA/valid_5.jpg,GEORGIA,test,valid/GEORGIA/5.jpg
12,test/GUAM/test_2.jpg,GUAM,test,test/GUAM/2.jpg
12,test/GUAM/train_001.jpg,GUAM,test,train/GUAM/001.jpg
12,test/GUAM/train_006.jpg,GUAM,test,train/GUAM/006.jpg
12,test/GUAM/train_013.jpg,GUAM,test,train/GUAM/013.jpg
12,test/GUAM/train_036.jpg,GUAM,test,train/GUAM/036.jpg
12,test/GUAM/train_044.jpg,GUAM,test,train/GUAM/044.jpg
12,test/GUAM/train_046.jpg,GUAM,test,train/GUAM/046.jpg
12,test/GUAM/train_049.jpg,GUAM,test,train/GUAM/049.jpg
12,test/GUAM/train_079.jpg,GUAM,test,train/GUAM/079.jpg
12,test/GUAM/train_087.jpg,GUAM,test,train/GUAM/087.jpg
12,test/GUAM/train_094.jpg,GUAM,test,train/GUAM/094.jpg
12,test/GUAM/train_101.jpg,GUAM,test,train/GUAM/101.jpg
12,test/GUAM/train_105.jpg,GUAM,test,train/GUAM/105.jpg
12,test/GUAM/train_106.jpg,GUAM,test,train/GUAM/106.jpg
12,test/GUAM/train_116.jpg,GUAM,test,train/GUAM/116.jpg
12,test/GUAM/train_121.jpg,GUAM,test,train/GUAM/121.jpg
12,test/GUAM/train_131.jpg,GUAM,test,train/GUAM/131.jpg
12,test/GUAM/train_133.jpg,GUAM,test,train/GUAM/133.jpg
12,test/GUAM/train_135.jpg,GUAM,test,train/GUAM/135.jpg
12,test/GUAM/train_136.jpg,GUAM,test,train/GUAM/136.jpg
12,test/GUAM/train_138.jpg,GUAM,test,train/GUAM/138.jpg
12,test/GUAM/train_141.jpg,GUAM,test,train/GUAM/141.jpg
12,test/GUAM/train_150.jpg,GUAM,test,train/GUAM/150.jpg
12,test/GUAM/train_155.jpg,GUAM,test,train/GUAM/155.jpg
12,test/GUAM/valid_2.jpg,GUAM,test,valid/GUAM/2.jpg
12,test/GUAM/valid_5.jpg,GUAM,test,valid/GUAM/5.jpg
13,test/HAWAII/test_1.jpg,HAWAII,test,test/HAWAI/1.jpg
13,test/HAWAII/train_002.jpg,HAWAII,test,train/HAWAI/002.jpg
13,test/HAWAII/train_009.jpg,HAWAII,test,train/HAWAI/009.jpg
13,test/HAWAII/train_010.jpg,HAWAII,test,train/HAWAI/010.jpg
13,test/HAWAII/train_018.jpg,HAWAII,test,train/HAWAI/018.jpg
13,test/HAWAII/train_023.jpg,HAWAII,test,train/HAWAI/023.jpg
13,test/HAWAII/train_024.jpg,HAWAII,test,train/HAWAI/024.jpg
13,test/HAWAII/train_030.jpg,HAWAII,test,train/HAWAI/030.jpg
13,test/HAWAII/train_046.jpg,HAWAII,test,train/HAWAI/046.jpg
13,test/HAWAII/train_048.jpg,HAWAII,test,train/HAWAI/048.jpg
13,test/HAWAII/train_049.jpg,HAWAII,test,train/HAWAI/049.jpg
13,test/HAWAII/train_056.jpg,HAWAII,test,train/HAWAI/056.jpg
13,test/HAWAII/train_077.jpg,HAWAII,test,train/HAWAI/077.jpg
13,test/HAWAII/train_081.jpg,HAWAII,test,train/HAWAI/081.jpg
13,test/HAWAII/train_092.jpg,HAWAII,test,train/HAWAI/092.jpg
13,test/HAWAII/train_093.jpg,HAWAII,test,train/HAWAI/093.jpg
13,test/HAWAII/train_112.jpg,HAWAII,test,train/HAWAI/112.jpg
13,test/HAWAII/train_118.jpg,HAWAII,test,train/HAWAI/118.jpg
13,test/HAWAII/train_129.jpg,HAWAII,test,train/HAWAI/129.jpg
13,test/HAWAII/train_133.jpg,HAWAII,test,train/HAWAI/133.jpg
13,test/HAWAII/train_136.jpg,HAWAII,test,train/HAWAI/136.jpg
13,test/HAWAII/valid_1.jpg,HAWAII,test,valid/HAWAI/1.jpg
13,test/HAWAII/valid_3.jpg,HAWAII,test,valid/HAWAI/3.jpg
14,test/IDAHO/train_007.jpg,IDAHO,test,train/IDAHO/007.jpg
14,test/IDAHO/train_009.jpg,IDAHO,test,train/IDAHO/009.jpg
14,test/IDAHO/train_013.jpg,IDAHO,test,train/IDAHO/013.jpg
14,test/IDAHO/train_018.jpg,IDAHO,test,train/IDAHO/018.jpg
14,test/IDAHO/train_024.jpg,IDAHO,test,train/IDAHO/024.jpg
14,test/IDAHO/train_037.jpg,IDAHO,test,train/IDAHO/037.jpg
14,test/IDAHO/train_042.jpg,IDAHO,test,train/IDAHO/042.jpg
14,test/IDAHO/train_045.jpg,IDAHO,test,train/IDAHO/045.jpg
14,test/IDAHO/train_052.jpg,IDAHO,test,train/IDAHO/052.jpg
14,test/IDAHO/train_067.jpg,IDAHO,test,train/IDAHO/067.jpg
14,test/IDAHO/train_070.jpg,IDAHO,test,train/IDAHO/070.jpg
14,test/IDAHO/train_071.jpg,IDAHO,test,train/IDAHO/071.jpg
14,test/IDAHO/train_073.jpg,IDAHO,test,train/IDAHO/073.jpg
14,test/IDAHO/train_080.jpg,IDAHO,test,train/IDAHO/080.jpg
14,test/IDAHO/train_087.jpg,IDAHO,test,train/IDAHO/087.jpg
14,test/IDAHO/train_095.jpg,IDAHO,test,train/IDAHO/095.jpg
14,test/IDAHO/train_097.jpg,IDAHO,test,train/IDAHO/097.jpg
14,test/IDAHO/train_109.jpg,IDAHO,test,train/IDAHO/109.jpg
14,test/IDAHO/train_110.jpg,IDAHO,test,train/IDAHO/110.jpg
14,test/IDAHO/train_140.jpg,IDAHO,test,train/IDAHO/140.jpg
14,test/IDAHO/train_143.jpg,IDAHO,test,train/IDAHO/143.jpg
14,test/IDAHO/valid_1.jpg,IDAHO,test,valid/IDAHO/1.jpg
14,test/IDAHO/valid_3.jpg,IDAHO,test,valid/IDAHO/3.jpg
15,test/ILLINOIS/train_004.jpg,ILLINOIS,test,train/ILLINOIS/004.jpg
15,test/ILLINOIS/train_020.jpg,ILLINOIS,test,train/ILLINOIS/020.jpg
15,test/ILLINOIS/train_022.jpg,ILLINOIS,test,train/ILLINOIS/022.jpg
15,test/ILLINOIS/train_035.jpg,ILLINOIS,test,train/ILLINOIS/035.jpg
15,test/ILLINOIS/train_036.jpg,ILLINOIS,test,train/ILLINOIS/036.jpg
15,test/ILLINOIS/train_047.jpg,ILLINOIS,test,train/ILLINOIS/047.jpg
15,test/ILLINOIS/train_051.jpg,ILLINOIS,test,train/ILLINOIS/051.jpg
15,test/ILLINOIS/train_052.jpg,ILLINOIS,test,train/ILLINOIS/052.jpg
15,test/ILLINOIS/train_055.jpg,ILLINOIS,test,train/ILLINOIS/055.jpg
15,test/ILLINOIS/train_070.jpg,ILLINOIS,test,train/ILLINOIS/070.jpg
15,test/ILLINOIS/train_072.jpg,ILLINOIS,test,train/ILLINOIS/072.jpg
15,test/ILLINOIS/train_073.jpg,ILLINOIS,test,train/ILLINOIS/073.jpg
15,test/ILLINOIS/train_091.jpg,ILLINOIS,test,train/ILLINOIS/091.jpg
15,test/ILLINOIS/train_095.jpg,ILLINOIS,test,train/ILLINOIS/095.jpg
15,test/ILLINOIS/train_122.jpg,ILLINOIS,test,train/ILLINOIS/122.jpg
15,test/ILLINOIS/train_130.jpg,ILLINOIS,test,train/ILLINOIS/130.jpg
15,test/ILLINOIS/train_132.jpg,ILLINOIS,test,train/ILLINOIS/132.jpg
15,test/ILLINOIS/train_133.jpg,ILLINOIS,test,train/ILLINOIS/133.jpg
15,test/ILLINOIS/train_137.jpg,ILLINOIS,test,train/ILLINOIS/137.jpg
15,test/ILLINOIS/train_141.jpg,ILLINOIS,test,train/ILLINOIS/141.jpg
15,test/ILLINOIS/train_142.jpg,ILLINOIS,test,train/ILLINOIS/142.jpg
15,test/ILLINOIS/valid_3.jpg,ILLINOIS,test,valid/ILLINOIS/3.jpg
15,test/ILLINOIS/valid_5.jpg,ILLINOIS,test,valid/ILLINOIS/5.jpg
16,test/INDIANA/test_4.jpg,INDIANA,test,test/INDIANA/4.jpg
16,test/INDIANA/train_014.jpg,INDIANA,test,train/INDIANA/014.jpg
16,test/INDIANA/train_027.jpg,INDIANA,test,train/INDIANA/027.jpg
16,test/INDIANA/train_031.jpg,INDIANA,test,train/INDIANA/031.jpg
16,test/INDIANA/train_050.jpg,INDIANA,test,train/INDIANA/050.jpg
16,test/INDIANA/train_058.jpg,INDIANA,test,train/INDIANA/058.jpg
16,test/INDIANA/train_061.jpg,INDIANA,test,train/INDIANA/061.jpg
16,test/INDIANA/train_065.jpg,INDIANA,test,train/INDIANA/065.jpg
16,test/INDIANA/train_066.jpg,INDIANA,test,train/INDIANA/066.jpg
16,test/INDIANA/train_073.jpg,INDIANA,test,train/INDIANA/073.jpg
16,test/INDIANA/train_074.jpg,INDIANA,test,train/INDIANA/074.jpg
16,test/INDIANA/train_079.jpg,INDIANA,test,train/INDIANA/079.jpg
16,test/INDIANA/train_085.jpg,INDIANA,test,train/INDIANA/085.jpg
16,test/INDIANA/train_088.jpg,INDIANA,test,train/INDIANA/088.jpg
16,test/INDIANA/train_089.jpg,INDIANA,test,train/INDIANA/089.jpg
16,test/INDIANA/train_093.jpg,INDIANA,test,train/INDIANA/093.jpg
16,test/INDIANA/train_128.jpg,INDIANA,test,train/INDIANA/128.jpg
16,test/INDIANA/train_130.jpg,INDIANA,test,train/INDIANA/130.jpg
16,test/INDIANA/train_134.jpg,INDIANA,test,train/INDIANA/134.jpg
16,test/INDIANA/train_137.jpg,INDIANA,test,train/INDIANA/137.jpg
16,test/INDIANA/train_142.jpg,INDIANA,test,train/INDIANA/142.jpg
16,test/INDIANA/train_146.jpg,INDIANA,test,train/INDIANA/146.jpg
16,test/INDIANA/train_148.jpg,INDIANA,test,train/INDIANA/148.jpg
16,test/INDIANA/valid_1.jpg,INDIANA,test,valid/INDIANA/1.jpg
17,test/IOWA/test_2.jpg,IOWA,test,test/IOWA/2.jpg
17,test/IOWA/test_4.jpg,IOWA,test,test/IOWA/4.jpg
17,test/IOWA/train_001.jpg,IOWA,test,train/IOWA/001.jpg
17,test/IOWA/train_023.jpg,IOWA,test,train/IOWA/023.jpg
17,test/IOWA/train_024.jpg,IOWA,test,train/IOWA/024.jpg
17,test/IOWA/train_027.jpg,IOWA,test,train/IOWA/027.jpg
17,test/IOWA/train_032.jpg,IOWA,test,train/IOWA/032.jpg
17,test/IOWA/train_035.jpg,IOWA,test,train/IOWA/035.jpg
17,test/IOWA/train_049.jpg,IOWA,test,train/IOWA/049.jpg
17,test/IOWA/train_064.jpg,IOWA,test,train/IOWA/064.jpg
17,test/IOWA/train_070.jpg,IOWA,test,train/IOWA/070.jpg
17,test/IOWA/train_079.jpg,IOWA,test,train/IOWA/079.jpg
17,test/IOWA/train_094.jpg,IOWA,test,train/IOWA/094.jpg
17,test/IOWA/train_106.jpg,IOWA,test,train/IOWA/106.jpg
17,test/IOWA/train_108.jpg,IOWA,test,train/IOWA/108.jpg
17,test/IOWA/train_110.jpg,IOWA,test,train/IOWA/110.jpg
17,test/IOWA/train_112.jpg,IOWA,test,train/IOWA/112.jpg
17,test/IOWA/train_114.jpg,IOWA,test,train/IOWA/114.jpg
17,test/IOWA/train_123.jpg,IOWA,test,train/IOWA/123.jpg
17,test/IOWA/train_126.jpg,IOWA,test,train/IOWA/126.jpg
17,test/IOWA/train_134.jpg,IOWA,test,train/IOWA/134.jpg
17,test/IOWA/train_139.jpg,IOWA,test,train/IOWA/139.jpg
17,test/IOWA/valid_3.jpg,IOWA,test,valid/IOWA/3.jpg
18,test/KANSAS/test_4.jpg,KANSAS,test,test/KANSAS/4.jpg
18,test/KANSAS/train_005.jpg,KANSAS,test,train/KANSAS/005.jpg
18,test/KANSAS/train_016.jpg,KANSAS,test,train/KANSAS/016.jpg
18,test/KANSAS/train_024.jpg,KANSAS,test,train/KANSAS/024.jpg
18,test/KANSAS/train_030.jpg,KANSAS,test,train/KANSAS/030.jpg
18,test/KANSAS/train_038.jpg,KANSAS,test,train/KANSAS/038.jpg
18,test/KANSAS/train_043.jpg,KANSAS,test,train/KANSAS/043.jpg
18,test/KANSAS/train_046.jpg,KANSAS,test,train/KANSAS/046.jpg
18,test/KANSAS/train_049.jpg,KANSAS,test,train/KANSAS/049.jpg
18,test/KANSAS/train_053.jpg,KANSAS,test,train/KANSAS/053.jpg
18,test/KANSAS/train_054.jpg,KANSAS,test,train/KANSAS/054.jpg
18,test/KANSAS/train_059.jpg,KANSAS,test,train/KANSAS/059.jpg
18,test/KANSAS/train_063.jpg,KANSAS,test,train/KANSAS/063.jpg
18,test/KANSAS/train_069.jpg,KANSAS,test,train/KANSAS/069.jpg
18,test/KANSAS/train_070.jpg,KANSAS,test,train/KANSAS/070.jpg
18,test/KANSAS/train_080.jpg,KANSAS,test,train/KANSAS/080.jpg
18,test/KANSAS/train_081.jpg,KANSAS,test,train/KANSAS/081.jpg
18,test/KANSAS/train_093.jpg,KANSAS,test,train/KANSAS/093.jpg
18,test/KANSAS/train_094.jpg,KANSAS,test,train/KANSAS/094.jpg
18,test/KANSAS/train_104.jpg,KANSAS,test,train/KANSAS/104.jpg
18,test/KANSAS/train_117.jpg,KANSAS,test,train/KANSAS/117.jpg
18,test/KANSAS/train_123.jpg,KANSAS,test,train/KANSAS/123.jpg
18,test/KANSAS/train_135.jpg,KANSAS,test,train/KANSAS/135.jpg
18,test/KANSAS/train_146.jpg,KANSAS,test,train/KANSAS/146.jpg
19,test/KENTUCKY/test_3.jpg,KENTUCKY,test,test/KENTUCKY/3.jpg
19,test/KENTUCKY/train_001.jpg,KENTUCKY,test,train/KENTUCKY/001.jpg
19,test/KENTUCKY/train_020.jpg,KENTUCKY,test,train/KENTUCKY/020.jpg
19,test/KENTUCKY/train_034.jpg,KENTUCKY,test,train/KENTUCKY/034.jpg
19,test/KENTUCKY/train_035.jpg,KENTUCKY,test,train/KENTUCKY/035.jpg
19,test/KENTUCKY/train_039.jpg,KENTUCKY,test,train/KENTUCKY/039.jpg
19,test/KENTUCKY/train_044.jpg,KENTUCKY,test,train/KENTUCKY/044.jpg
19,test/KENTUCKY/train_057.jpg,KENTUCKY,test,train/KENTUCKY/057.jpg
19,test/KENTUCKY/train_063.jpg,KENTUCKY,test,train/KENTUCKY/063.jpg
19,test/KENTUCKY/train_070.jpg,KENTUCKY,test,train/KENTUCKY/070.jpg
19,test/KENTUCKY/train_076.jpg,KENTUCKY,test,train/KENTUCKY/076.jpg
19,test/KENTUCKY/train_078.jpg,KENTUCKY,test,train/KENTUCKY/078.jpg
19,test/KENTUCKY/train_079.jpg,KENTUCKY,test,train/KENTUCKY/079.jpg
19,test/KENTUCKY/train_082.jpg,KENTUCKY,test,train/KENTUCKY/082.jpg
19,test/KENTUCKY/train_098.jpg,KENTUCKY,test,train/KENTUCKY/098.jpg
19,test/KENTUCKY/train_104.jpg,KENTUCKY,test,train/KENTUCKY/104.jpg
19,test/KENTUCKY/train_107.jpg,KENTUCKY,test,train/KENTUCKY/107.jpg
19,test/KENTUCKY/train_109.jpg,KENTUCKY,test,train/KENTUCKY/109.jpg
19,test/KENTUCKY/train_115.jpg,KENTUCKY,test,train/KENTUCKY/115.jpg
19,test/KENTUCKY/train_132.jpg,KENTUCKY,test,train/KENTUCKY/132.jpg
19,test/KENTUCKY/train_135.jpg,KENTUCKY,test,train/KENTUCKY/135.jpg
19,test/KENTUCKY/train_139.jpg,KENTUCKY,test,train/KENTUCKY/139.jpg
19,test/KENTUCKY/train_144.jpg,KENTUCKY,test,train/KENTUCKY/144.jpg
20,test/LOUISIANA/train_008.jpg,LOUISIANA,test,train/LOUISIANA/008.jpg
20,test/LOUISIANA/train_010.jpg,LOUISIANA,test,train/LOUISIANA/010.jpg
20,test/LOUISIANA/train_016.jpg,LOUISIANA,test,train/LOUISIANA/016.jpg
20,test/LOUISIANA/train_029.jpg,LOUISIANA,test,train/LOUISIANA/029.jpg
20,test/LOUISIANA/train_034.jpg,LOUISIANA,test,train/LOUISIANA/034.jpg
20,test/LOUISIANA/train_044.jpg,LOUISIANA,test,train/LOUISIANA/044.jpg
20,test/LOUISIANA/train_053.jpg,LOUISIANA,test,train/LOUISIANA/053.jpg
20,test/LOUISIANA/train_063.jpg,LOUISIANA,test,train/LOUISIANA/063.jpg
20,test/LOUISIANA/train_068.jpg,LOUISIANA,test,train/LOUISIANA/068.jpg
20,test/LOUISIANA/train_070.jpg,LOUISIANA,test,train/LOUISIANA/070.jpg
20,test/LOUISIANA/train_072.jpg,LOUISIANA,test,train/LOUISIANA/072.jpg
20,test/LOUISIANA/train_077.jpg,LOUISIANA,test,train/LOUISIANA/077.jpg
20,test/LOUISIANA/train_084.jpg,LOUISIANA,test,train/LOUISIANA/084.jpg
20,test/LOUISIANA/train_091.jpg,LOUISIANA,test,train/LOUISIANA/091.jpg
20,test/LOUISIANA/train_092.jpg,LOUISIANA,test,train/LOUISIANA/092.jpg
20,test/LOUISIANA/train_098.jpg,LOUISIANA,test,train/LOUISIANA/098.jpg
20,test/LOUISIANA/train_106.jpg,LOUISIANA,test,train/LOUISIANA/106.jpg
20,test/LOUISIANA/train_113.jpg,LOUISIANA,test,train/LOUISIANA/113.jpg
20,test/LOUISIANA/train_120.jpg,LOUISIANA,test,train/LOUISIANA/120.jpg
20,test/LOUISIANA/train_124.jpg,LOUISIANA,test,train/LOUISIANA/124.jpg
20,test/LOUISIANA/train_131.jpg,LOUISIANA,test,train/LOUISIANA/131.jpg
20,test/LOUISIANA/train_144.jpg,LOUISIANA,test,train/LOUISIANA/144.jpg
20,test/LOUISIANA/valid_2.jpg,LOUISIANA,test,valid/LOUISIANA/2.jpg
21,test/MAINE/test_3.jpg,MAINE,test,test/MAINE/3.jpg
21,test/MAINE/train_003.jpg,MAINE,test,train/MAINE/003.jpg
21,test/MAINE/train_007.jpg,MAINE,test,train/MAINE/007.jpg
21,test/MAINE/train_025.jpg,MAINE,test,train/MAINE/025.jpg
21,test/MAINE/train_028.jpg,MAINE,test,train/MAINE/028.jpg
21,test/MAINE/train_029.jpg,MAINE,test,train/MAINE/029.jpg
21,test/MAINE/train_041.jpg,MAINE,test,train/MAINE/041.jpg
21,test/MAINE/train_046.jpg,MAINE,test,train/MAINE/046.jpg
21,test/MAINE/train_060.jpg,MAINE,test,train/MAINE/060.jpg
21,test/MAINE/train_073.jpg,MAINE,test,train/MAINE/073.jpg
21,test/MAINE/train_082.jpg,MAINE,test,train/MAINE/082.jpg
21,test/MAINE/train_092.jpg,MAINE,test,train/MAINE/092.jpg
21,test/MAINE/train_094.jpg,MAINE,test,train/MAINE/094.jpg
21,test/MAINE/train_111.jpg,MAINE,test,train/MAINE/111.jpg
21,test/MAINE/train_121.jpg,MAINE,test,train/MAINE/121.jpg
21,test/MAINE/train_127.jpg,MAINE,test,train/MAINE/127.jpg
21,test/MAINE/train_128.jpg,MAINE,test,train/MAINE/128.jpg
21,test/MAINE/train_130.jpg,MAINE,test,train/MAINE/130.jpg
21,test/MAINE/train_132.jpg,MAINE,test,train/MAINE/132.jpg
21,test/MAINE/train_135.jpg,MAINE,test,train/MAINE/135.jpg
21,test/MAINE/valid_1.jpg,MAINE,test,valid/MAINE/1.jpg
21,test/MAINE/valid_3.jpg,MAINE,test,valid/MAINE/3.jpg
21,test/MAINE/valid_5.jpg,MAINE,test,valid/MAINE/5.jpg
22,test/MARYLAND/test_3.jpg,MARYLAND,test,test/MARYLAND/3.jpg
22,test/MARYLAND/test_4.jpg,MARYLAND,test,test/MARYLAND/4.jpg
22,test/MARYLAND/train_008.jpg,MARYLAND,test,train/MARYLAND/008.jpg
22,test/MARYLAND/train_016.jpg,MARYLAND,test,train/MARYLAND/016.jpg
22,test/MARYLAND/train_024.jpg,MARYLAND,test,train/MARYLAND/024.jpg
22,test/MARYLAND/train_032.jpg,MARYLAND,test,train/MARYLAND/032.jpg
22,test/MARYLAND/train_037.jpg,MARYLAND,test,train/MARYLAND/037.jpg
22,test/MARYLAND/train_038.jpg,MARYLAND,test,train/MARYLAND/038.jpg
22,test/MARYLAND/train_039.jpg,MARYLAND,test,train/MARYLAND/039.jpg
22,test/MARYLAND/train_067.jpg,MARYLAND,test,train/MARYLAND/067.jpg
22,test/MARYLAND/train_075.jpg,MARYLAND,test,train/MARYLAND/075.jpg
22,test/MARYLAND/train_079.jpg,MARYLAND,test,train/MARYLAND/079.jpg
22,test/MARYLAND/train_084.jpg,MARYLAND,test,train/MARYLAND/084.jpg
22,test/MARYLAND/train_092.jpg,MARYLAND,test,train/MARYLAND/092.jpg
22,test/MARYLAND/train_093.jpg,MARYLAND,test,train/MARYLAND/093.jpg
22,test/MARYLAND/train_094.jpg,MARYLAND,test,train/MARYLAND/094.jpg
22,test/MARYLAND/train_095.jpg,MARYLAND,test,train/MARYLAND/095.jpg
22,test/MARYLAND/train_100.jpg,MARYLAND,test,train/MARYLAND/100.jpg
22,test/MARYLAND/train_103.jpg,MARYLAND,test,train/MARYLAND/103.jpg
22,test/MARYLAND/train_111.jpg,MARYLAND,test,train/MARYLAND/111.jpg
22,test/MARYLAND/train_123.jpg,MARYLAND,test,train/MARYLAND/123.jpg
22,test/MARYLAND/train_125.jpg,MARYLAND,test,train/MARYLAND/125.jpg
22,test/MARYLAND/train_135.jpg,MARYLAND,test,train/MARYLAND/135.jpg
22,test/MARYLAND/train_142.jpg,MARYLAND,test,train/MARYLAND/142.jpg
22,test/MARYLAND/train_149.jpg,MARYLAND,test,train/MARYLAND/149.jpg
22,test/MARYLAND/train_152.jpg,MARYLAND,test,train/MARYLAND/152.jpg
22,test/MARYLAND/train_153.jpg,MARYLAND,test,train/MARYLAND/153.jpg
22,test/MARYLAND/train_173.jpg,MARYLAND,test,train/MARYLAND/173.jpg
23,test/MASSACHUSETTS/train_010.jpg,MASSACHUSETTS,test,train/MASSACHUSETTS/010.jpg
23,test/MASSACHUSETTS/train_021.jpg,MASSACHUSETTS,test,train/MASSACHUSETTS/021.jpg
23,test/MASSACHUSETTS/train_023.jpg,MASSACHUSETTS,test,train/MASSACHUSETTS/023.jpg
23,test/MASSACHUSETTS/train_025.jpg,MASSACHUSETTS,test,train/MASSACHUSETTS/025.jpg
23,test/MASSACHUSETTS/train_029.jpg,MASSACHUSETTS,test,train/MASSACHUSETTS/029.jpg
23,test/MASSACHUSETTS/train_032.jpg,MASSACHUSETTS,test,train/MASSACHUSETTS/032.jpg
23,test/MASSACHUSETTS/train_040.jpg,MASSACHUSETTS,test,train/MASSACHUSETTS/040.jpg
23,test/MASSACHUSETTS/train_054.jpg,MASSACHUSETTS,test,train/MASSACHUSETTS/054.jpg
23,test/MASSACHUSETTS/train_056.jpg,MASSACHUSETTS,test,train/MASSACHUSETTS/056.jpg
23,test/MASSACHUSETTS/train_061.jpg,MASSACHUSETTS,test,train/MASSACHUSETTS/061.jpg
23,test/MASSACHUSETTS/train_069.jpg,MASSACHUSETTS,test,train/MASSACHUSETTS/069.jpg
23,test/MASSACHUSETTS/train_070.jpg,MASSACHUSETTS,test,train/MASSACHUSETTS/070.jpg
23,test/MASSACHUSETTS/train_072.jpg,MASSACHUSETTS,test,train/MASSACHUSETTS/072.jpg
23,test/MASSACHUSETTS/train_090.jpg,MASSACHUSETTS,test,train/MASSACHUSETTS/090.jpg
23,test/MASSACHUSETTS/train_094.jpg,MASSACHUSETTS,test,train/MASSACHUSETTS/094.jpg
23,test/MASSACHUSETTS/train_099.jpg,MASSACHUSETTS,test,train/MASSACHUSETTS/099.jpg
23,test/MASSACHUSETTS/train_108.jpg,MASSACHUSETTS,test,train/MASSACHUSETTS/108.jpg
23,test/MASSACHUSETTS/train_110.jpg,MASSACHUSETTS,test,train/MASSACHUSETTS/110.jpg
23,test/MASSACHUSETTS/train_115.jpg,MASSACHUSETTS,test,train/MASSACHUSETTS/115.jpg
23,test/MASSACHUSETTS/train_122.jpg,MASSACHUSETTS,test,train/MASSACHUSETTS/122.jpg
23,test/MASSACHUSETTS/train_128.jpg,MASSACHUSETTS,test,train/MASSACHUSETTS/128.jpg
23,test/MASSACHUSETTS/train_146.jpg,MASSACHUSETTS,test,train/MASSACHUSETTS/146.jpg
23,test/MASSACHUSETTS/train_151.jpg,MASSACHUSETTS,test,train/MASSACHUSETTS/151.jpg
23,test/MASSACHUSETTS/train_155.jpg,MASSACHUSETTS,test,train/MASSACHUSETTS/155.jpg
23,test/MASSACHUSETTS/valid_5.jpg,MASSACHUSETTS,test,valid/MASSACHUSETTS/5.jpg
24,test/MICHIGAN/train_001.jpg,MICHIGAN,test,train/MICHIGAN/001.jpg
24,test/MICHIGAN/train_005.jpg,MICHIGAN,test,train/MICHIGAN/005.jpg
24,test/MICHIGAN/train_009.jpg,MICHIGAN,test,train/MICHIGAN/009.jpg
24,test/MICHIGAN/train_014.jpg,MICHIGAN,test,train/MICHIGAN/014.jpg
24,test/MICHIGAN/train_019.jpg,MICHIGAN,test,train/MICHIGAN/019.jpg
24,test/MICHIGAN/train_042.jpg,MICHIGAN,test,train/MICHIGAN/042.jpg
24,test/MICHIGAN/train_047.jpg,MICHIGAN,test,train/MICHIGAN/047.jpg
24,test/MICHIGAN/train_049.jpg,MICHIGAN,test,train/MICHIGAN/049.jpg
24,test/MICHIGAN/train_053.jpg,MICHIGAN,test,train/MICHIGAN/053.jpg
24,test/MICHIGAN/train_057.jpg,MICHIGAN,test,train/MICHIGAN/057.jpg
24,test/MICHIGAN/train_070.jpg,MICHIGAN,test,train/MICHIGAN/070.jpg
24,test/MICHIGAN/train_074.jpg,MICHIGAN,test,train/MICHIGAN/074.jpg
24,test/MICHIGAN/train_077.jpg,MICHIGAN,test,train/MICHIGAN/077.jpg
24,test/MICHIGAN/train_090.jpg,MICHIGAN,test,train/MICHIGAN/090.jpg
24,test/MICHIGAN/train_094.jpg,MICHIGAN,test,train/MICHIGAN/094.jpg
24,test/MICHIGAN/train_100.jpg,MICHIGAN,test,train/MICHIGAN/100.jpg
24,test/MICHIGAN/train_102.jpg,MICHIGAN,test,train/MICHIGAN/102.jpg
24,test/MICHIGAN/train_103.jpg,MICHIGAN,test,train/MICHIGAN/103.jpg
24,test/MICHIGAN/train_113.jpg,MICHIGAN,test,train/MICHIGAN/113.jpg
24,test/MICHIGAN/train_117.jpg,MICHIGAN,test,train/MICHIGAN/117.jpg
24,test/MICHIGAN/train_126.jpg,MICHIGAN,test,train/MICHIGAN/126.jpg
24,test/MICHIGAN/train_128.jpg,MICHIGAN,test,train/MICHIGAN/128.jpg
24,test/MICHIGAN/train_148.jpg,MICHIGAN,test,train/MICHIGAN/148.jpg
24,test/MICHIGAN/valid_5.jpg,MICHIGAN,test,valid/MICHIGAN/5.jpg
25,test/MINNESOTA/test_5.jpg,MINNESOTA,test,test/MINNESOTA/5.jpg
25,test/MINNESOTA/train_004.jpg,MINNESOTA,test,train/MINNESOTA/004.jpg
25,test/MINNESOTA/train_005.jpg,MINNESOTA,test,train/MINNESOTA/005.jpg
25,test/MINNESOTA/train_009.jpg,MINNESOTA,test,train/MINNESOTA/009.jpg
25,test/MINNESOTA/train_021.jpg,MINNESOTA,test,train/MINNESOTA/021.jpg
25,test/MINNESOTA/train_037.jpg,MINNESOTA,test,train/MINNESOTA/037.jpg
25,test/MINNESOTA/train_052.jpg,MINNESOTA,test,train/MINNESOTA/052.jpg
25,test/MINNESOTA/train_053.jpg,MINNESOTA,test,train/MINNESOTA/053.jpg
25,test/MINNESOTA/train_055.jpg,MINNESOTA,test,train/MINNESOTA/055.jpg
25,test/MINNESOTA/train_056.jpg,MINNESOTA,test,train/MINNESOTA/056.jpg
25,test/MINNESOTA/train_059.jpg,MINNESOTA,test,train/MINNESOTA/059.jpg
25,test/MINNESOTA/train_067.jpg,MINNESOTA,test,train/MINNESOTA/067.jpg
25,test/MINNESOTA/train_076.jpg,MINNESOTA,test,train/MINNESOTA/076.jpg
25,test/MINNESOTA/train_079.jpg,MINNESOTA,test,train/MINNESOTA/079.jpg
25,test/MINNESOTA/train_083.jpg,MINNESOTA,test,train/MINNESOTA/083.jpg
25,test/MINNESOTA/train_089.jpg,MINNESOTA,test,train/MINNESOTA/089.jpg
25,test/MINNESOTA/train_093.jpg,MINNESOTA,test,train/MINNESOTA/093.jpg
25,test/MINNESOTA/train_105.jpg,MINNESOTA,test,train/MINNESOTA/105.jpg
25,test/MINNESOTA/train_111.jpg,MINNESOTA,test,train/MINNESOTA/111.jpg
25,test/MINNESOTA/train_117.jpg,MINNESOTA,test,train/MINNESOTA/117.jpg
25,test/MINNESOTA/train_119.jpg,MINNESOTA,test,train/MINNESOTA/119.jpg
25,test/MINNESOTA/train_133.jpg,MINNESOTA,test,train/MINNESOTA/133.jpg
25,test/MINNESOTA/valid_2.jpg,MINNESOTA,test,valid/MINNESOTA/2.jpg
26,test/MISSISSIPPI/test_1.jpg,MISSISSIPPI,test,test/MISSIPPI/1.jpg
26,test/MISSISSIPPI/train_016.jpg,MISSISSIPPI,test,train/MISSIPPI/016.jpg
26,test/MISSISSIPPI/train_020.jpg,MISSISSIPPI,test,train/MISSIPPI/020.jpg
26,test/MISSISSIPPI/train_022.jpg,MISSISSIPPI,test,train/MISSIPPI/022.jpg
26,test/MISSISSIPPI/train_025.jpg,MISSISSIPPI,test,train/MISSIPPI/025.jpg
26,test/MISSISSIPPI/train_033.jpg,MISSISSIPPI,test,train/MISSIPPI/033.jpg
26,test/MISSISSIPPI/train_036.jpg,MISSISSIPPI,test,train/MISSIPPI/036.jpg
26,test/MISSISSIPPI/train_042.jpg,MISSISSIPPI,test,train/MISSIPPI/042.jpg
26,test/MISSISSIPPI/train_046.jpg,MISSISSIPPI,test,train/MISSIPPI/046.jpg
26,test/MISSISSIPPI/train_048.jpg,MISSISSIPPI,test,train/MISSIPPI/048.jpg
26,test/MISSISSIPPI/train_057.jpg,MISSISSIPPI,test,train/MISSIPPI/057.jpg
26,test/MISSISSIPPI/train_059.jpg,MISSISSIPPI,test,train/MISSIPPI/059.jpg
26,test/MISSISSIPPI/train_064.jpg,MISSISSIPPI,test,train/MISSIPPI/064.jpg
26,test/MISSISSIPPI/train_069.jpg,MISSISSIPPI,test,train/MISSIPPI/069.jpg
26,test/MISSISSIPPI/train_071.jpg,MISSISSIPPI,test,train/MISSIPPI/071.jpg
26,test/MISSISSIPPI/train_079.jpg,MISSISSIPPI,test,train/MISSIPPI/079.jpg
26,test/MISSISSIPPI/train_085.jpg,MISSISSIPPI,test,train/MISSIPPI/085.jpg
26,test/MISSISSIPPI/train_089.jpg,MISSISSIPPI,test,train/MISSIPPI/089.jpg
26,test/MISSISSIPPI/train_097.jpg,MISSISSIPPI,test,train/MISSIPPI/097.jpg
26,test/MISSISSIPPI/train_102.jpg,MISSISSIPPI,test,train/MISSIPPI/102.jpg
26,test/MISSISSIPPI/train_114.jpg,MISSISSIPPI,test,train/MISSIPPI/114.jpg
26,test/MISSISSIPPI/train_117.jpg,MISSISSIPPI,test,train/MISSIPPI/117.jpg
26,test/MISSISSIPPI/train_147.jpg,MISSISSIPPI,test,train/MISSIPPI/147.jpg
26,test/MISSISSIPPI/valid_2.jpg,MISSISSIPPI,test,valid/MISSIPPI/2.jpg
27,test/MISSOURI/test_1.jpg,MISSOURI,test,test/MISSOURI/1.jpg
27,test/MISSOURI/train_005.jpg,MISSOURI,test,train/MISSOURI/005.jpg
27,test/MISSOURI/train_010.jpg,MISSOURI,test,train/MISSOURI/010.jpg
27,test/MISSOURI/train_012.jpg,MISSOURI,test,train/MISSOURI/012.jpg
27,test/MISSOURI/train_022.jpg,MISSOURI,test,train/MISSOURI/022.jpg
27,test/MISSOURI/train_033.jpg,MISSOURI,test,train/MISSOURI/033.jpg
27,test/MISSOURI/train_034.jpg,MISSOURI,test,train/MISSOURI/034.jpg
27,test/MISSOURI/train_035.jpg,MISSOURI,test,train/MISSOURI/035.jpg
27,test/MISSOURI/train_036.jpg,MISSOURI,test,train/MISSOURI/036.jpg
27,test/MISSOURI/train_064.jpg,MISSOURI,test,train/MISSOURI/064.jpg
27,test/MISSOURI/train_073.jpg,MISSOURI,test,train/MISSOURI/073.jpg
27,test/MISSOURI/train_080.jpg,MISSOURI,test,train/MISSOURI/080.jpg
27,test/MISSOURI/train_089.jpg,MISSOURI,test,train/MISSOURI/089.jpg
27,test/MISSOURI/train_094.jpg,MISSOURI,test,train/MISSOURI/094.jpg
27,test/MISSOURI/train_103.jpg,MISSOURI,test,train/MISSOURI/103.jpg
27,test/MISSOURI/train_104.jpg,MISSOURI,test,train/MISSOURI/104.jpg
27,test/MISSOURI/train_109.jpg,MISSOURI,test,train/MISSOURI/109.jpg
27,test/MISSOURI/train_110.jpg,MISSOURI,test,train/MISSOURI/110.jpg
27,test/MISSOURI/train_112.jpg,MISSOURI,test,train/MISSOURI/112.jpg
27,test/MISSOURI/train_113.jpg,MISSOURI,test,train/MISSOURI/113.jpg
27,test/MISSOURI/train_122.jpg,MISSOURI,test,train/MISSOURI/122.jpg
27,test/MISSOURI/train_125.jpg,MISSOURI,test,train/MISSOURI/125.jpg
27,test/MISSOURI/train_128.jpg,MISSOURI,test,train/MISSOURI/128.jpg
27,test/MISSOURI/train_140.jpg,MISSOURI,test,train/MISSOURI/140.jpg
28,test/MONTANA/train_008.jpg,MONTANA,test,train/MONTANA/008.jpg
28,test/MONTANA/train_015.jpg,MONTANA,test,train/MONTANA/015.jpg
28,test/MONTANA/train_017.jpg,MONTANA,test,train/MONTANA/017.jpg
28,test/MONTANA/train_019.jpg,MONTANA,test,train/MONTANA/019.jpg
28,test/MONTANA/train_021.jpg,MONTANA,test,train/MONTANA/021.jpg
28,test/MONTANA/train_023.jpg,MONTANA,test,train/MONTANA/023.jpg
28,test/MONTANA/train_054.jpg,MONTANA,test,train/MONTANA/054.jpg
28,test/MONTANA/train_059.jpg,MONTANA,test,train/MONTANA/059.jpg
28,test/MONTANA/train_061.jpg,MONTANA,test,train/MONTANA/061.jpg
28,test/MONTANA/train_074.jpg,MONTANA,test,train/MONTANA/074.jpg
28,test/MONTANA/train_081.jpg,MONTANA,test,train/MONTANA/081.jpg
28,test/MONTANA/train_091.jpg,MONTANA,test,train/MONTANA/091.jpg
28,test/MONTANA/train_094.jpg,MONTANA,test,train/MONTANA/094.jpg
28,test/MONTANA/train_097.jpg,MONTANA,test,train/MONTANA/097.jpg
28,test/MONTANA/train_100.jpg,MONTANA,test,train/MONTANA/100.jpg
28,test/MONTANA/train_102.jpg,MONTANA,test,train/MONTANA/102.jpg
28,test/MONTANA/train_103.jpg,MONTANA,test,train/MONTANA/103.jpg
28,test/MONTANA/train_105.jpg,MONTANA,test,train/MONTANA/105.jpg
28,test/MONTANA/train_107.jpg,MONTANA,test,train/MONTANA/107.jpg
28,test/MONTANA/train_111.jpg,MONTANA,test,train/MONTANA/111.jpg
28,test/MONTANA/train_114.jpg,MONTANA,test,train/MONTANA/114.jpg
28,test/MONTANA/train_131.jpg,MONTANA,test,train/MONTANA/131.jpg
28,test/MONTANA/train_141.jpg,MONTANA,test,train/MONTANA/141.jpg
28,test/MONTANA/valid_2.jpg,MONTANA,test,valid/MONTANA/2.jpg
29,test/NEBRASKA/test_2.jpg,NEBRASKA,test,test/NEBRASKA/2.jpg
29,test/NEBRASKA/test_3.jpg,NEBRASKA,test,test/NEBRASKA/3.jpg
29,test/NEBRASKA/train_007.jpg,NEBRASKA,test,train/NEBRASKA/007.jpg
29,test/NEBRASKA/train_010.jpg,NEBRASKA,test,train/NEBRASKA/010.jpg
29,test/NEBRASKA/train_046.jpg,NEBRASKA,test,train/NEBRASKA/046.jpg
29,test/NEBRASKA/train_058.jpg,NEBRASKA,test,train/NEBRASKA/058.jpg
29,test/NEBRASKA/train_062.jpg,NEBRASKA,test,train/NEBRASKA/062.jpg
29,test/NEBRASKA/train_066.jpg,NEBRASKA,test,train/NEBRASKA/066.jpg
29,test/NEBRASKA/train_076.jpg,NEBRASKA,test,train/NEBRASKA/076.jpg
29,test/NEBRASKA/train_078.jpg,NEBRASKA,test,train/NEBRASKA/078.jpg
29,test/NEBRASKA/train_079.jpg,NEBRASKA,test,train/NEBRASKA/079.jpg
29,test/NEBRASKA/train_091.jpg,NEBRASKA,test,train/NEBRASKA/091.jpg
29,test/NEBRASKA/train_098.jpg,NEBRASKA,test,train/NEBRASKA/098.jpg
29,test/NEBRASKA/train_102.jpg,NEBRASKA,test,train/NEBRASKA/102.jpg
29,test/NEBRASKA/train_103.jpg,NEBRASKA,test,train/NEBRASKA/103.jpg
29,test/NEBRASKA/train_105.jpg,NEBRASKA,test,train/NEBRASKA/105.jpg
29,test/NEBRASKA/train_112.jpg,NEBRASKA,test,train/NEBRASKA/112.jpg
29,test/NEBRASKA/train_116.jpg,NEBRASKA,test,train/NEBRASKA/116.jpg
29,test/NEBRASKA/train_121.jpg,NEBRASKA,test,train/NEBRASKA/121.jpg
29,test/NEBRASKA/train_129.jpg,NEBRASKA,test,train/NEBRASKA/129.jpg
29,test/NEBRASKA/train_130.jpg,NEBRASKA,test,train/NEBRASKA/130.jpg
29,test/NEBRASKA/train_134.jpg,NEBRASKA,test,train/NEBRASKA/134.jpg
29,test/NEBRASKA/train_140.jpg,NEBRASKA,test,train/NEBRASKA/140.jpg
30,test/NEVADA/test_1.jpg,NEVADA,test,test/NEVADA/1.jpg
30,test/NEVADA/test_5.jpg,NEVADA,test,test/NEVADA/5.jpg
30,test/NEVADA/train_005.jpg,NEVADA,test,train/NEVADA/005.jpg
30,test/NEVADA/train_007.jpg,NEVADA,test,train/NEVADA/007.jpg
30,test/NEVADA/train_010.jpg,NEVADA,test,train/NEVADA/010.jpg
30,test/NEVADA/train_012.jpg,NEVADA,test,train/NEVADA/012.jpg
30,test/NEVADA/train_015.jpg,NEVADA,test,train/NEVADA/015.jpg
30,test/NEVADA/train_017.jpg,NEVADA,test,train/NEVADA/017.jpg
30,test/NEVADA/train_021.jpg,NEVADA,test,train/NEVADA/021.jpg
30,test/NEVADA/train_023.jpg,NEVADA,test,train/NEVADA/023.jpg
30,test/NEVADA/train_025.jpg,NEVADA,test,train/NEVADA/025.jpg
30,test/NEVADA/train_029.jpg,NEVADA,test,train/NEVADA/029.jpg
30,test/NEVADA/train_034.jpg,NEVADA,test,train/NEVADA/034.jpg
30,test/NEVADA/train_066.jpg,NEVADA,test,train/NEVADA/066.jpg
30,test/NEVADA/train_070.jpg,NEVADA,test,train/NEVADA/070.jpg
30,test/NEVADA/train_077.jpg,NEVADA,test,train/NEVADA/077.jpg
30,test/NEVADA/train_095.jpg,NEVADA,test,train/NEVADA/095.jpg
30,test/NEVADA/train_108.jpg,NEVADA,test,train/NEVADA/108.jpg
30,test/NEVADA/train_111.jpg,NEVADA,test,train/NEVADA/111.jpg
30,test/NEVADA/train_129.jpg,NEVADA,test,train/NEVADA/129.jpg
30,test/NEVADA/valid_2.jpg,NEVADA,test,valid/NEVADA/2.jpg
30,test/NEVADA/valid_5.jpg,NEVADA,test,valid/NEVADA/5.jpg
31,test/NEW HAMPSHIRE/test_4.jpg,NEW HAMPSHIRE,test,test/NEW HAMPSHIRE/4.jpg
31,test/NEW HAMPSHIRE/train_016.jpg,NEW HAMPSHIRE,test,train/NEW HAMPSHIRE/016.jpg
31,test/NEW HAMPSHIRE/train_020.jpg,NEW HAMPSHIRE,test,train/NEW HAMPSHIRE/020.jpg
31,test/NEW HAMPSHIRE/train_025.jpg,NEW HAMPSHIRE,test,train/NEW HAMPSHIRE/025.jpg
31,test/NEW HAMPSHIRE/train_029.jpg,NEW HAMPSHIRE,test,train/NEW HAMPSHIRE/029.jpg
31,test/NEW HAMPSHIRE/train_033.jpg,NEW HAMPSHIRE,test,train/NEW HAMPSHIRE/033.jpg
31,test/NEW HAMPSHIRE/train_041.jpg,NEW HAMPSHIRE,test,train/NEW HAMPSHIRE/041.jpg
31,test/NEW HAMPSHIRE/train_045.jpg,NEW HAMPSHIRE,test,train/NEW HAMPSHIRE/045.jpg
31,test/NEW HAMPSHIRE/train_058.jpg,NEW HAMPSHIRE,test,train/NEW HAMPSHIRE/058.jpg
31,test/NEW HAMPSHIRE/train_075.jpg,NEW HAMPSHIRE,test,train/NEW HAMPSHIRE/075.jpg
31,test/NEW HAMPSHIRE/train_083.jpg,NEW HAMPSHIRE,test,train/NEW HAMPSHIRE/083.jpg
31,test/NEW HAMPSHIRE/train_084.jpg,NEW HAMPSHIRE,test,train/NEW HAMPSHIRE/084.jpg
31,test/NEW HAMPSHIRE/train_086.jpg,NEW HAMPSHIRE,test,train/NEW HAMPSHIRE/086.jpg
31,test/NEW HAMPSHIRE/train_087.jpg,NEW HAMPSHIRE,test,train/NEW HAMPSHIRE/087.jpg
31,test/NEW HAMPSHIRE/train_094.jpg,NEW HAMPSHIRE,test,train/NEW HAMPSHIRE/094.jpg
31,test/NEW HAMPSHIRE/train_106.jpg,NEW HAMPSHIRE,test,train/NEW HAMPSHIRE/106.jpg
31,test/NEW HAMPSHIRE/train_114.jpg,NEW HAMPSHIRE,test,train/NEW HAMPSHIRE/114.jpg
31,test/NEW HAMPSHIRE/train_117.jpg,NEW HAMPSHIRE,test,train/NEW HAMPSHIRE/117.jpg
31,test/NEW HAMPSHIRE/train_121.jpg,NEW HAMPSHIRE,test,train/NEW HAMPSHIRE/121.jpg
31,test/NEW HAMPSHIRE/train_125.jpg,NEW HAMPSHIRE,test,train/NEW HAMPSHIRE/125.jpg
31,test/NEW HAMPSHIRE/train_130.jpg,NEW HAMPSHIRE,test,train/NEW HAMPSHIRE/130.jpg
31,test/NEW HAMPSHIRE/train_148.jpg,NEW HAMPSHIRE,test,train/NEW HAMPSHIRE/148.jpg
31,test/NEW HAMPSHIRE/train_154.jpg,NEW HAMPSHIRE,test,train/NEW HAMPSHIRE/154.jpg
31,test/NEW HAMPSHIRE/valid_1.jpg,NEW HAMPSHIRE,test,valid/NEW HAMPSHIRE/1.jpg
31,test/NEW HAMPSHIRE/valid_2.jpg,NEW HAMPSHIRE,test,valid/NEW HAMPSHIRE/2.jpg
32,test/NEW JERSEY/test_1.jpg,NEW JERSEY,test,test/NEW JERSEY/1.jpg
32,test/NEW JERSEY/test_2.jpg,NEW JERSEY,test,test/NEW JERSEY/2.jpg
32,test/NEW JERSEY/test_5.jpg,NEW JERSEY,test,test/NEW JERSEY/5.jpg
32,test/NEW JERSEY/train_015.jpg,NEW JERSEY,test,train/NEW JERSEY/015.jpg
32,test/NEW JERSEY/train_018.jpg,NEW JERSEY,test,train/NEW JERSEY/018.jpg
32,test/NEW JERSEY/train_031.jpg,NEW JERSEY,test,train/NEW JERSEY/031.jpg
32,test/NEW JERSEY/train_046.jpg,NEW JERSEY,test,train/NEW JERSEY/046.jpg
32,test/NEW JERSEY/train_069.jpg,NEW JERSEY,test,train/NEW JERSEY/069.jpg
32,test/NEW JERSEY/train_080.jpg,NEW JERSEY,test,train/NEW JERSEY/080.jpg
32,test/NEW JERSEY/train_082.jpg,NEW JERSEY,test,train/NEW JERSEY/082.jpg
32,test/NEW JERSEY/train_084.jpg,NEW JERSEY,test,train/NEW JERSEY/084.jpg
32,test/NEW JERSEY/train_092.jpg,NEW JERSEY,test,train/NEW JERSEY/092.jpg
32,test/NEW JERSEY/train_095.jpg,NEW JERSEY,test,train/NEW JERSEY/095.jpg
32,test/NEW JERSEY/train_097.jpg,NEW JERSEY,test,train/NEW JERSEY/097.jpg
32,test/NEW JERSEY/train_106.jpg,NEW JERSEY,test,train/NEW JERSEY/106.jpg
32,test/NEW JERSEY/train_107.jpg,NEW JERSEY,test,train/NEW JERSEY/107.jpg
32,test/NEW JERSEY/train_111.jpg,NEW JERSEY,test,train/NEW JERSEY/111.jpg
32,test/NEW JERSEY/train_126.jpg,NEW JERSEY,test,train/NEW JERSEY/126.jpg
32,test/NEW JERSEY/train_129.jpg,NEW JERSEY,test,train/NEW JERSEY/129.jpg
32,test/NEW JERSEY/train_134.jpg,NEW JERSEY,test,train/NEW JERSEY/134.jpg
32,test/NEW JERSEY/train_137.jpg,NEW JERSEY,test,train/NEW JERSEY/137.jpg
32,test/NEW JERSEY/train_143.jpg,NEW JERSEY,test,train/NEW JERSEY/143.jpg
32,test/NEW JERSEY/train_145.jpg,NEW JERSEY,test,train/NEW JERSEY/145.jpg
32,test/NEW JERSEY/train_147.jpg,NEW JERSEY,test,train/NEW JERSEY/147.jpg
33,test/NEW MEXICO/test_1.jpg,NEW MEXICO,test,test/NEW MEXICO/1.jpg
33,test/NEW MEXICO/train_003.jpg,NEW MEXICO,test,train/NEW MEXICO/003.jpg
33,test/NEW MEXICO/train_007.jpg,NEW MEXICO,test,train/NEW MEXICO/007.jpg
33,test/NEW MEXICO/train_028.jpg,NEW MEXICO,test,train/NEW MEXICO/028.jpg
33,test/NEW MEXICO/train_043.jpg,NEW MEXICO,test,train/NEW MEXICO/043.jpg
33,test/NEW MEXICO/train_044.jpg,NEW MEXICO,test,train/NEW MEXICO/044.jpg
33,test/NEW MEXICO/train_050.jpg,NEW MEXICO,test,train/NEW MEXICO/050.jpg
33,test/NEW MEXICO/train_055.jpg,NEW MEXICO,test,train/NEW MEXICO/055.jpg
33,test/NEW MEXICO/train_058.jpg,NEW MEXICO,test,train/NEW MEXICO/058.jpg
33,test/NEW MEXICO/train_061.jpg,NEW MEXICO,test,train/NEW MEXICO/061.jpg
33,test/NEW MEXICO/train_064.jpg,NEW MEXICO,test,train/NEW MEXICO/064.jpg
33,test/NEW MEXICO/train_071.jpg,NEW MEXICO,test,train/NEW MEXICO/071.jpg
33,test/NEW MEXICO/train_078.jpg,NEW MEXICO,test,train/NEW MEXICO/078.jpg
33,test/NEW MEXICO/train_083.jpg,NEW MEXICO,test,train/NEW MEXICO/083.jpg
33,test/NEW MEXICO/train_085.jpg,NEW MEXICO,test,train/NEW MEXICO/085.jpg
33,test/NEW MEXICO/train_094.jpg,NEW MEXICO,test,train/NEW MEXICO/094.jpg
33,test/NEW MEXICO/train_095.jpg,NEW MEXICO,test,train/NEW MEXICO/095.jpg
33,test/NEW MEXICO/train_102.jpg,NEW MEXICO,test,train/NEW MEXICO/102.jpg
33,test/NEW MEXICO/train_104.jpg,NEW MEXICO,test,train/NEW MEXICO/104.jpg
33,test/NEW MEXICO/train_108.jpg,NEW MEXICO,test,train/NEW MEXICO/108.jpg
33,test/NEW MEXICO/train_112.jpg,NEW MEXICO,test,train/NEW MEXICO/112.jpg
34,test/NEW YORK/train_002.jpg,NEW YORK,test,train/NEW YORK/002.jpg
34,test/NEW YORK/train_006.jpg,NEW YORK,test,train/NEW YORK/006.jpg
34,test/NEW YORK/train_019.jpg,NEW YORK,test,train/NEW YORK/019.jpg
34,test/NEW YORK/train_021.jpg,NEW YORK,test,train/NEW YORK/021.jpg
34,test/NEW YORK/train_022.jpg,NEW YORK,test,train/NEW YORK/022.jpg
34,test/NEW YORK/train_027.jpg,NEW YORK,test,train/NEW YORK/027.jpg
34,test/NEW YORK/train_037.jpg,NEW YORK,test,train/NEW YORK/037.jpg
34,test/NEW YORK/train_046.jpg,NEW YORK,test,train/NEW YORK/046.jpg
34,test/NEW YORK/train_061.jpg,NEW YORK,test,train/NEW YORK/061.jpg
34,test/NEW YORK/train_069.jpg,NEW YORK,test,train/NEW YORK/069.jpg
34,test/NEW YORK/train_072.jpg,NEW YORK,test,train/NEW YORK/072.jpg
34,test/NEW YORK/train_077.jpg,NEW YORK,test,train/NEW YORK/077.jpg
34,test/NEW YORK/train_086.jpg,NEW YORK,test,train/NEW YORK/086.jpg
34,test/NEW YORK/train_094.jpg,NEW YORK,test,train/NEW YORK/094.jpg
34,test/NEW YORK/train_102.jpg,NEW YORK,test,train/NEW YORK/102.jpg
34,test/NEW YORK/train_110.jpg,NEW YORK,test,train/NEW YORK/110.jpg
34,test/NEW YORK/train_111.jpg,NEW YORK,test,train/NEW YORK/111.jpg
34,test/NEW YORK/train_115.jpg,NEW YORK,test,train/NEW YORK/115.jpg
34,test/NEW YORK/train_116.jpg,NEW YORK,test,train/NEW YORK/116.jpg
34,test/NEW YORK/train_118.jpg,NEW YORK,test,train/NEW YORK/118.jpg
34,test/NEW YORK/train_119.jpg,NEW YORK,test,train/NEW YORK/119.jpg
34,test/NEW YORK/train_130.jpg,NEW YORK,test,train/NEW YORK/130.jpg
35,test/NORTH CAROLINA/test_3.jpg,NORTH CAROLINA,test,test/NORTH CAROLINA/3.jpg
35,test/NORTH CAROLINA/train_007.jpg,NORTH CAROLINA,test,train/NORTH CAROLINA/007.jpg
35,test/NORTH CAROLINA/train_015.jpg,NORTH CAROLINA,test,train/NORTH CAROLINA/015.jpg
35,test/NORTH CAROLINA/train_017.jpg,NORTH CAROLINA,test,train/NORTH CAROLINA/017.jpg
35,test/NORTH CAROLINA/train_030.jpg,NORTH CAROLINA,test,train/NORTH CAROLINA/030.jpg
35,test/NORTH CAROLINA/train_048.jpg,NORTH CAROLINA,test,train/NORTH CAROLINA/048.jpg
35,test/NORTH CAROLINA/train_053.jpg,NORTH CAROLINA,test,train/NORTH CAROLINA/053.jpg
35,test/NORTH CAROLINA/train_054.jpg,NORTH CAROLINA,test,train/NORTH CAROLINA/054.jpg
35,test/NORTH CAROLINA/train_061.jpg,NORTH CAROLINA,test,train/NORTH CAROLINA/061.jpg
35,test/NORTH CAROLINA/train_072.jpg,NORTH CAROLINA,test,train/NORTH CAROLINA/072.jpg
35,test/NORTH CAROLINA/train_086.jpg,NORTH CAROLINA,test,train/NORTH CAROLINA/086.jpg
35,test/NORTH CAROLINA/train_090.jpg,NORTH CAROLINA,test,train/NORTH CAROLINA/090.jpg
35,test/NORTH CAROLINA/train_092.jpg,NORTH CAROLINA,test,train/NORTH CAROLINA/092.jpg
35,test/NORTH CAROLINA/train_094.jpg,NORTH CAROLINA,test,train/NORTH CAROLINA/094.jpg
35,test/NORTH CAROLINA/train_100.jpg,NORTH CAROLINA,test,train/NORTH CAROLINA/100.jpg
35,test/NORTH CAROLINA/train_108.jpg,NORTH CAROLINA,test,train/NORTH CAROLINA/108.jpg
35,test/NORTH CAROLINA/train_109.jpg,NORTH CAROLINA,test,train/NORTH CAROLINA/109.jpg
35,test/NORTH CAROLINA/train_114.jpg,NORTH CAROLINA,test,train/NORTH CAROLINA/114.jpg
35,test/NORTH CAROLINA/train_118.jpg,NORTH CAROLINA,test,train/NORTH CAROLINA/118.jpg
35,test/NORTH CAROLINA/train_119.jpg,NORTH CAROLINA,test,train/NORTH CAROLINA/119.jpg
35,test/NORTH CAROLINA/train_136.jpg,NORTH CAROLINA,test,train/NORTH CAROLINA/136.jpg
35,test/NORTH CAROLINA/train_139.jpg,NORTH CAROLINA,test,train/NORTH CAROLINA/139.jpg
35,test/NORTH CAROLINA/valid_1.jpg,NORTH CAROLINA,test,valid/NORTH CAROLINA/1.jpg
36,test/NORTH DAKOTA/train_003.jpg,NORTH DAKOTA,test,train/NORTH DAKOTA/003.jpg
36,test/NORTH DAKOTA/train_005.jpg,NORTH DAKOTA,test,train/NORTH DAKOTA/005.jpg
36,test/NORTH DAKOTA/train_017.jpg,NORTH DAKOTA,test,train/NORTH DAKOTA/017.jpg
36,test/NORTH DAKOTA/train_035.jpg,NORTH DAKOTA,test,train/NORTH DAKOTA/035.jpg
36,test/NORTH DAKOTA/train_039.jpg,NORTH DAKOTA,test,train/NORTH DAKOTA/039.jpg
36,test/NORTH DAKOTA/train_048.jpg,NORTH DAKOTA,test,train/NORTH DAKOTA/048.jpg
36,test/NORTH DAKOTA/train_052.jpg,NORTH DAKOTA,test,train/NORTH DAKOTA/052.jpg
36,test/NORTH DAKOTA/train_054.jpg,NORTH DAKOTA,test,train/NORTH DAKOTA/054.jpg
36,test/NORTH DAKOTA/train_055.jpg,NORTH DAKOTA,test,train/NORTH DAKOTA/055.jpg
36,test/NORTH DAKOTA/train_057.jpg,NORTH DAKOTA,test,train/NORTH DAKOTA/057.jpg
36,test/NORTH DAKOTA/train_063.jpg,NORTH DAKOTA,test,train/NORTH DAKOTA/063.jpg
36,test/NORTH DAKOTA/train_065.jpg,NORTH DAKOTA,test,train/NORTH DAKOTA/065.jpg
36,test/NORTH DAKOTA/train_071.jpg,NORTH DAKOTA,test,train/NORTH DAKOTA/071.jpg
36,test/NORTH DAKOTA/train_073.jpg,NORTH DAKOTA,test,train/NORTH DAKOTA/073.jpg
36,test/NORTH DAKOTA/train_075.jpg,NORTH DAKOTA,test,train/NORTH DAKOTA/075.jpg
36,test/NORTH DAKOTA/train_077.jpg,NORTH DAKOTA,test,train/NORTH DAKOTA/077.jpg
36,test/NORTH DAKOTA/train_091.jpg,NORTH DAKOTA,test,train/NORTH DAKOTA/091.jpg
36,test/NORTH DAKOTA/train_092.jpg,NORTH DAKOTA,test,train/NORTH DAKOTA/092.jpg
36,test/NORTH DAKOTA/train_099.jpg,NORTH DAKOTA,test,train/NORTH DAKOTA/099.jpg
36,test/NORTH DAKOTA/train_101.jpg,NORTH DAKOTA,test,train/NORTH DAKOTA/101.jpg
36,test/NORTH DAKOTA/train_107.jpg,NORTH DAKOTA,test,train/NORTH DAKOTA/107.jpg
36,test/NORTH DAKOTA/train_117.jpg,NORTH DAKOTA,test,train/NORTH DAKOTA/117.jpg
36,test/NORTH DAKOTA/train_118.jpg,NORTH DAKOTA,test,train/NORTH DAKOTA/118.jpg
37,test/OHIO/test_1.jpg,OHIO,test,test/OHIO/1.jpg
37,test/OHIO/test_4.jpg,OHIO,test,test/OHIO/4.jpg
37,test/OHIO/train_012.jpg,OHIO,test,train/OHIO/012.jpg
37,test/OHIO/train_026.jpg,OHIO,test,train/OHIO/026.jpg
37,test/OHIO/train_035.jpg,OHIO,test,train/OHIO/035.jpg
37,test/OHIO/train_042.jpg,OHIO,test,train/OHIO/042.jpg
37,test/OHIO/train_056.jpg,OHIO,test,train/OHIO/056.jpg
37,test/OHIO/train_060.jpg,OHIO,test,train/OHIO/060.jpg
37,test/OHIO/train_065.jpg,OHIO,test,train/OHIO/065.jpg
37,test/OHIO/train_069.jpg,OHIO,test,train/OHIO/069.jpg
37,test/OHIO/train_074.jpg,OHIO,test,train/OHIO/074.jpg
37,test/OHIO/train_076.jpg,OHIO,test,train/OHIO/076.jpg
37,test/OHIO/train_082.jpg,OHIO,test,train/OHIO/082.jpg
37,test/OHIO/train_090.jpg,OHIO,test,train/OHIO/090.jpg
37,test/OHIO/train_092.jpg,OHIO,test,train/OHIO/092.jpg
37,test/OHIO/train_096.jpg,OHIO,test,train/OHIO/096.jpg
37,test/OHIO/train_099.jpg,OHIO,test,train/OHIO/099.jpg
37,test/OHIO/train_104.jpg,OHIO,test,train/OHIO/104.jpg
37,test/OHIO/train_108.jpg,OHIO,test,train/OHIO/108.jpg
37,test/OHIO/train_123.jpg,OHIO,test,train/OHIO/123.jpg
37,test/OHIO/train_127.jpg,OHIO,test,train/OHIO/127.jpg
37,test/OHIO/train_138.jpg,OHIO,test,train/OHIO/138.jpg
37,test/OHIO/train_144.jpg,OHIO,test,train/OHIO/144.jpg
37,test/OHIO/train_150.jpg,OHIO,test,train/OHIO/150.jpg
37,test/OHIO/train_151.jpg,OHIO,test,train/OHIO/151.jpg
38,test/OKLAHOMA/test_5.jpg,OKLAHOMA,test,test/OKLAHOMA/5.jpg
38,test/OKLAHOMA/train_001.jpg,OKLAHOMA,test,train/OKLAHOMA/001.jpg
38,test/OKLAHOMA/train_003.jpg,OKLAHOMA,test,train/OKLAHOMA/003.jpg
38,test/OKLAHOMA/train_008.jpg,OKLAHOMA,test,train/OKLAHOMA/008.jpg
38,test/OKLAHOMA/train_016.jpg,OKLAHOMA,test,train/OKLAHOMA/016.jpg
38,test/OKLAHOMA/train_032.jpg,OKLAHOMA,test,train/OKLAHOMA/032.jpg
38,test/OKLAHOMA/train_036.jpg,OKLAHOMA,test,train/OKLAHOMA/036.jpg
38,test/OKLAHOMA/train_041.jpg,OKLAHOMA,test,train/OKLAHOMA/041.jpg
38,test/OKLAHOMA/train_050.jpg,OKLAHOMA,test,train/OKLAHOMA/050.jpg
38,test/OKLAHOMA/train_057.jpg,OKLAHOMA,test,train/OKLAHOMA/057.jpg
38,test/OKLAHOMA/train_060.jpg,OKLAHOMA,test,train/OKLAHOMA/060.jpg
38,test/OKLAHOMA/train_064.jpg,OKLAHOMA,test,train/OKLAHOMA/064.jpg
38,test/OKLAHOMA/train_072.jpg,OKLAHOMA,test,train/OKLAHOMA/072.jpg
38,test/OKLAHOMA/train_073.jpg,OKLAHOMA,test,train/OKLAHOMA/073.jpg
38,test/OKLAHOMA/train_079.jpg,OKLAHOMA,test,train/OKLAHOMA/079.jpg
38,test/OKLAHOMA/train_081.jpg,OKLAHOMA,test,train/OKLAHOMA/081.jpg
38,test/OKLAHOMA/train_086.jpg,OKLAHOMA,test,train/OKLAHOMA/086.jpg
38,test/OKLAHOMA/train_087.jpg,OKLAHOMA,test,train/OKLAHOMA/087.jpg
38,test/OKLAHOMA/train_091.jpg,OKLAHOMA,test,train/OKLAHOMA/091.jpg
38,test/OKLAHOMA/train_100.jpg,OKLAHOMA,test,train/OKLAHOMA/100.jpg
38,test/OKLAHOMA/train_113.jpg,OKLAHOMA,test,train/OKLAHOMA/113.jpg
38,test/OKLAHOMA/train_134.jpg,OKLAHOMA,test,train/OKLAHOMA/134.jpg
38,test/OKLAHOMA/train_142.jpg,OKLAHOMA,test,train/OKLAHOMA/142.jpg
38,test/OKLAHOMA/valid_2.jpg,OKLAHOMA,test,valid/OKLAHOMA/2.jpg
39,test/OREGON/train_012.jpg,OREGON,test,train/OREGON/012.jpg
39,test/OREGON/train_025.jpg,OREGON,test,train/OREGON/025.jpg
39,test/OREGON/train_027.jpg,OREGON,test,train/OREGON/027.jpg
39,test/OREGON/train_033.jpg,OREGON,test,train/OREGON/033.jpg
39,test/OREGON/train_036.jpg,OREGON,test,train/OREGON/036.jpg
39,test/OREGON/train_038.jpg,OREGON,test,train/OREGON/038.jpg
39,test/OREGON/train_040.jpg,OREGON,test,train/OREGON/040.jpg
39,test/OREGON/train_042.jpg,OREGON,test,train/OREGON/042.jpg
39,test/OREGON/train_072.jpg,OREGON,test,train/OREGON/072.jpg
39,test/OREGON/train_074.jpg,OREGON,test,train/OREGON/074.jpg
39,test/OREGON/train_075.jpg,OREGON,test,train/OREGON/075.jpg
39,test/OREGON/train_090.jpg,OREGON,test,train/OREGON/090.jpg
39,test/OREGON/train_092.jpg,OREGON,test,train/OREGON/092.jpg
39,test/OREGON/train_097.jpg,OREGON,test,train/OREGON/097.jpg
39,test/OREGON/train_101.jpg,OREGON,test,train/OREGON/101.jpg
39,test/OREGON/train_103.jpg,OREGON,test,train/OREGON/103.jpg
39,test/OREGON/train_110.jpg,OREGON,test,train/OREGON/110.jpg
39,test/OREGON/valid_4.jpg,OREGON,test,valid/OREGON/4.jpg
40,test/PENNSYLVANIA/train_003.jpg,PENNSYLVANIA,test,train/PENNSYLVANIA/003.jpg
40,test/PENNSYLVANIA/train_019.jpg,PENNSYLVANIA,test,train/PENNSYLVANIA/019.jpg
40,test/PENNSYLVANIA/train_021.jpg,PENNSYLVANIA,test,train/PENNSYLVANIA/021.jpg
40,test/PENNSYLVANIA/train_027.jpg,PENNSYLVANIA,test,train/PENNSYLVANIA/027.jpg
40,test/PENNSYLVANIA/train_031.jpg,PENNSYLVANIA,test,train/PENNSYLVANIA/031.jpg
40,test/PENNSYLVANIA/train_034.jpg,PENNSYLVANIA,test,train/PENNSYLVANIA/034.jpg
40,test/PENNSYLVANIA/train_036.jpg,PENNSYLVANIA,test,train/PENNSYLVANIA/036.jpg
40,test/PENNSYLVANIA/train_037.jpg,PENNSYLVANIA,test,train/PENNSYLVANIA/037.jpg
40,test/PENNSYLVANIA/train_041.jpg,PENNSYLVANIA,test,train/PENNSYLVANIA/041.jpg
40,test/PENNSYLVANIA/train_042.jpg,PENNSYLVANIA,test,train/PENNSYLVANIA/042.jpg
40,test/PENNSYLVANIA/train_050.jpg,PENNSYLVANIA,test,train/PENNSYLVANIA/050.jpg
40,test/PENNSYLVANIA/train_051.jpg,PENNSYLVANIA,test,train/PENNSYLVANIA/051.jpg
40,test/PENNSYLVANIA/train_064.jpg,PENNSYLVANIA,test,train/PENNSYLVANIA/064.jpg
40,test/PENNSYLVANIA/train_065.jpg,PENNSYLVANIA,test,train/PENNSYLVANIA/065.jpg
40,test/PENNSYLVANIA/train_084.jpg,PENNSYLVANIA,test,train/PENNSYLVANIA/084.jpg
40,test/PENNSYLVANIA/train_088.jpg,PENNSYLVANIA,test,train/PENNSYLVANIA/088.jpg
40,test/PENNSYLVANIA/train_111.jpg,PENNSYLVANIA,test,train/PENNSYLVANIA/111.jpg
40,test/PENNSYLVANIA/train_121.jpg,PENNSYLVANIA,test,train/PENNSYLVANIA/121.jpg
40,test/PENNSYLVANIA/train_122.jpg,PENNSYLVANIA,test,train/PENNSYLVANIA/122.jpg
40,test/PENNSYLVANIA/train_123.jpg,PENNSYLVANIA,test,train/PENNSYLVANIA/123.jpg
40,test/PENNSYLVANIA/train_125.jpg,PENNSYLVANIA,test,train/PENNSYLVANIA/125.jpg
40,test/PENNSYLVANIA/train_126.jpg,PENNSYLVANIA,test,train/PENNSYLVANIA/126.jpg
40,test/PENNSYLVANIA/valid_4.jpg,PENNSYLVANIA,test,valid/PENNSYLVANIA/4.jpg
41,test/PUERTO RICO/test_1.jpg,PUERTO RICO,test,test/PUERTO RICO/1.jpg
41,test/PUERTO RICO/train_014.jpg,PUERTO RICO,test,train/PUERTO RICO/014.jpg
41,test/PUERTO RICO/train_015.jpg,PUERTO RICO,test,train/PUERTO RICO/015.jpg
41,test/PUERTO RICO/train_021.jpg,PUERTO RICO,test,train/PUERTO RICO/021.jpg
41,test/PUERTO RICO/train_022.jpg,PUERTO RICO,test,train/PUERTO RICO/022.jpg
41,test/PUERTO RICO/train_030.jpg,PUERTO RICO,test,train/PUERTO RICO/030.jpg
41,test/PUERTO RICO/train_034.jpg,PUERTO RICO,test,train/PUERTO RICO/034.jpg
41,test/PUERTO RICO/train_046.jpg,PUERTO RICO,test,train/PUERTO RICO/046.jpg
41,test/PUERTO RICO/train_049.jpg,PUERTO RICO,test,train/PUERTO RICO/049.jpg
41,test/PUERTO RICO/train_056.jpg,PUERTO RICO,test,train/PUERTO RICO/056.jpg
41,test/PUERTO RICO/train_062.jpg,PUERTO RICO,test,train/PUERTO RICO/062.jpg
41,test/PUERTO RICO/train_077.jpg,PUERTO RICO,test,train/PUERTO RICO/077.jpg
41,test/PUERTO RICO/train_084.jpg,PUERTO RICO,test,train/PUERTO RICO/084.jpg
41,test/PUERTO RICO/train_095.jpg,PUERTO RICO,test,train/PUERTO RICO/095.jpg
41,test/PUERTO RICO/train_100.jpg,PUERTO RICO,test,train/PUERTO RICO/100.jpg
41,test/PUERTO RICO/train_103.jpg,PUERTO RICO,test,train/PUERTO RICO/103.jpg
41,test/PUERTO RICO/train_105.jpg,PUERTO RICO,test,train/PUERTO RICO/105.jpg
41,test/PUERTO RICO/train_117.jpg,PUERTO RICO,test,train/PUERTO RICO/117.jpg
41,test/PUERTO RICO/train_120.jpg,PUERTO RICO,test,train/PUERTO RICO/120.jpg
41,test/PUERTO RICO/train_122.jpg,PUERTO RICO,test,train/PUERTO RICO/122.jpg
41,test/PUERTO RICO/train_126.jpg,PUERTO RICO,test,train/PUERTO RICO/126.jpg
41,test/PUERTO RICO/train_131.jpg,PUERTO RICO,test,train/PUERTO RICO/131.jpg
41,test/PUERTO RICO/train_144.jpg,PUERTO RICO,test,train/PUERTO RICO/144.jpg
42,test/RHODE ISLAND/test_3.jpg,RHODE ISLAND,test,test/RHODE ISLAND/3.jpg
42,test/RHODE ISLAND/train_002.jpg,RHODE ISLAND,test,train/RHODE ISLAND/002.jpg
42,test/RHODE ISLAND/train_007.jpg,RHODE ISLAND,test,train/RHODE ISLAND/007.jpg
42,test/RHODE ISLAND/train_010.jpg,RHODE ISLAND,test,train/RHODE ISLAND/010.jpg
42,test/RHODE ISLAND/train_014.jpg,RHODE ISLAND,test,train/RHODE ISLAND/014.jpg
42,test/RHODE ISLAND/train_024.jpg,RHODE ISLAND,test,train/RHODE ISLAND/024.jpg
42,test/RHODE ISLAND/train_033.jpg,RHODE ISLAND,test,train/RHODE ISLAND/033.jpg
42,test/RHODE ISLAND/train_041.jpg,RHODE ISLAND,test,train/RHODE ISLAND/041.jpg
42,test/RHODE ISLAND/train_051.jpg,RHODE ISLAND,test,train/RHODE ISLAND/051.jpg
42,test/RHODE ISLAND/train_056.jpg,RHODE ISLAND,test,train/RHODE ISLAND/056.jpg
42,test/RHODE ISLAND/train_072.jpg,RHODE ISLAND,test,train/RHODE ISLAND/072.jpg
42,test/RHODE ISLAND/train_076.jpg,RHODE ISLAND,test,train/RHODE ISLAND/076.jpg
42,test/RHODE ISLAND/train_077.jpg,RHODE ISLAND,test,train/RHODE ISLAND/077.jpg
42,test/RHODE ISLAND/train_080.jpg,RHODE ISLAND,test,train/RHODE ISLAND/080.jpg
42,test/RHODE ISLAND/train_086.jpg,RHODE ISLAND,test,train/RHODE ISLAND/086.jpg
42,test/RHODE ISLAND/train_094.jpg,RHODE ISLAND,test,train/RHODE ISLAND/094.jpg
42,test/RHODE ISLAND/train_097.jpg,RHODE ISLAND,test,train/RHODE ISLAND/097.jpg
42,test/RHODE ISLAND/train_109.jpg,RHODE ISLAND,test,train/RHODE ISLAND/109.jpg
42,test/RHODE ISLAND/train_110.jpg,RHODE ISLAND,test,train/RHODE ISLAND/110.jpg
42,test/RHODE ISLAND/train_116.jpg,RHODE ISLAND,test,train/RHODE ISLAND/116.jpg
42,test/RHODE ISLAND/train_125.jpg,RHODE ISLAND,test,train/RHODE ISLAND/125.jpg
42,test/RHODE ISLAND/train_138.jpg,RHODE ISLAND,test,train/RHODE ISLAND/138.jpg
42,test/RHODE ISLAND/train_151.jpg,RHODE ISLAND,test,train/RHODE ISLAND/151.jpg
42,test/RHODE ISLAND/valid_1.jpg,RHODE ISLAND,test,valid/RHODE ISLAND/1.jpg
42,test/RHODE ISLAND/valid_3.jpg,RHODE ISLAND,test,valid/RHODE ISLAND/3.jpg
43,test/SOUTH CAROLINA/test_3.jpg,SOUTH CAROLINA,test,test/SOUTH CAROLINA/3.jpg
43,test/SOUTH CAROLINA/test_4.jpg,SOUTH CAROLINA,test,test/SOUTH CAROLINA/4.jpg
43,test/SOUTH CAROLINA/train_002.jpg,SOUTH CAROLINA,test,train/SOUTH CAROLINA/002.jpg
43,test/SOUTH CAROLINA/train_007.jpg,SOUTH CAROLINA,test,train/SOUTH CAROLINA/007.jpg
43,test/SOUTH CAROLINA/train_013.jpg,SOUTH CAROLINA,test,train/SOUTH CAROLINA/013.jpg
43,test/SOUTH CAROLINA/train_030.jpg,SOUTH CAROLINA,test,train/SOUTH CAROLINA/030.jpg
43,test/SOUTH CAROLINA/train_032.jpg,SOUTH CAROLINA,test,train/SOUTH CAROLINA/032.jpg
43,test/SOUTH CAROLINA/train_033.jpg,SOUTH CAROLINA,test,train/SOUTH CAROLINA/033.jpg
43,test/SOUTH CAROLINA/train_047.jpg,SOUTH CAROLINA,test,train/SOUTH CAROLINA/047.jpg
43,test/SOUTH CAROLINA/train_051.jpg,SOUTH CAROLINA,test,train/SOUTH CAROLINA/051.jpg
43,test/SOUTH CAROLINA/train_052.jpg,SOUTH CAROLINA,test,train/SOUTH CAROLINA/052.jpg
43,test/SOUTH CAROLINA/train_057.jpg,SOUTH CAROLINA,test,train/SOUTH CAROLINA/057.jpg
43,test/SOUTH CAROLINA/train_064.jpg,SOUTH CAROLINA,test,train/SOUTH CAROLINA/064.jpg
43,test/SOUTH CAROLINA/train_076.jpg,SOUTH CAROLINA,test,train/SOUTH CAROLINA/076.jpg
43,test/SOUTH CAROLINA/train_079.jpg,SOUTH CAROLINA,test,train/SOUTH CAROLINA/079.jpg
43,test/SOUTH CAROLINA/train_103.jpg,SOUTH CAROLINA,test,train/SOUTH CAROLINA/103.jpg
43,test/SOUTH CAROLINA/train_117.jpg,SOUTH CAROLINA,test,train/SOUTH CAROLINA/117.jpg
43,test/SOUTH CAROLINA/train_120.jpg,SOUTH CAROLINA,test,train/SOUTH CAROLINA/120.jpg
43,test/SOUTH CAROLINA/train_125.jpg,SOUTH CAROLINA,test,train/SOUTH CAROLINA/125.jpg
43,test/SOUTH CAROLINA/train_129.jpg,SOUTH CAROLINA,test,train/SOUTH CAROLINA/129.jpg
43,test/SOUTH CAROLINA/train_130.jpg,SOUTH CAROLINA,test,train/SOUTH CAROLINA/130.jpg
43,test/SOUTH CAROLINA/train_133.jpg,SOUTH CAROLINA,test,train/SOUTH CAROLINA/133.jpg
44,test/SOUTH DAKOTA/train_002.jpg,SOUTH DAKOTA,test,train/SOUTH DAKOTA/002.jpg
44,test/SOUTH DAKOTA/train_009.jpg,SOUTH DAKOTA,test,train/SOUTH DAKOTA/009.jpg
44,test/SOUTH DAKOTA/train_022.jpg,SOUTH DAKOTA,test,train/SOUTH DAKOTA/022.jpg
44,test/SOUTH DAKOTA/train_040.jpg,SOUTH DAKOTA,test,train/SOUTH DAKOTA/040.jpg
44,test/SOUTH DAKOTA/train_052.jpg,SOUTH DAKOTA,test,train/SOUTH DAKOTA/052.jpg
44,test/SOUTH DAKOTA/train_056.jpg,SOUTH DAKOTA,test,train/SOUTH DAKOTA/056.jpg
44,test/SOUTH DAKOTA/train_058.jpg,SOUTH DAKOTA,test,train/SOUTH DAKOTA/058.jpg
44,test/SOUTH DAKOTA/train_059.jpg,SOUTH DAKOTA,test,train/SOUTH DAKOTA/059.jpg
44,test/SOUTH DAKOTA/train_067.jpg,SOUTH DAKOTA,test,train/SOUTH DAKOTA/067.jpg
44,test/SOUTH DAKOTA/train_075.jpg,SOUTH DAKOTA,test,train/SOUTH DAKOTA/075.jpg
44,test/SOUTH DAKOTA/train_076.jpg,SOUTH DAKOTA,test,train/SOUTH DAKOTA/076.jpg
44,test/SOUTH DAKOTA/train_078.jpg,SOUTH DAKOTA,test,train/SOUTH DAKOTA/078.jpg
44,test/SOUTH DAKOTA/train_100.jpg,SOUTH DAKOTA,test,train/SOUTH DAKOTA/100.jpg
44,test/SOUTH DAKOTA/train_101.jpg,SOUTH DAKOTA,test,train/SOUTH DAKOTA/101.jpg
44,test/SOUTH DAKOTA/train_104.jpg,SOUTH DAKOTA,test,train/SOUTH DAKOTA/104.jpg
44,test/SOUTH DAKOTA/train_107.jpg,SOUTH DAKOTA,test,train/SOUTH DAKOTA/107.jpg
44,test/SOUTH DAKOTA/train_108.jpg,SOUTH DAKOTA,test,train/SOUTH DAKOTA/108.jpg
44,test/SOUTH DAKOTA/train_109.jpg,SOUTH DAKOTA,test,train/SOUTH DAKOTA/109.jpg
44,test/SOUTH DAKOTA/train_118.jpg,SOUTH DAKOTA,test,train/SOUTH DAKOTA/118.jpg
44,test/SOUTH DAKOTA/train_133.jpg,SOUTH DAKOTA,test,train/SOUTH DAKOTA/133.jpg
44,test/SOUTH DAKOTA/valid_5.jpg,SOUTH DAKOTA,test,valid/SOUTH DAKOTA/5.jpg
45,test/TENNESSEE/train_008.jpg,TENNESSEE,test,train/TENNESSEE/008.jpg
45,test/TENNESSEE/train_014.jpg,TENNESSEE,test,train/TENNESSEE/014.jpg
45,test/TENNESSEE/train_018.jpg,TENNESSEE,test,train/TENNESSEE/018.jpg
45,test/TENNESSEE/train_020.jpg,TENNESSEE,test,train/TENNESSEE/020.jpg
45,test/TENNESSEE/train_028.jpg,TENNESSEE,test,train/TENNESSEE/028.jpg
45,test/TENNESSEE/train_031.jpg,TENNESSEE,test,train/TENNESSEE/031.jpg
45,test/TENNESSEE/train_032.jpg,TENNESSEE,test,train/TENNESSEE/032.jpg
45,test/TENNESSEE/train_036.jpg,TENNESSEE,test,train/TENNESSEE/036.jpg
45,test/TENNESSEE/train_037.jpg,TENNESSEE,test,train/TENNESSEE/037.jpg
45,test/TENNESSEE/train_042.jpg,TENNESSEE,test,train/TENNESSEE/042.jpg
45,test/TENNESSEE/train_056.jpg,TENNESSEE,test,train/TENNESSEE/056.jpg
45,test/TENNESSEE/train_062.jpg,TENNESSEE,test,train/TENNESSEE/062.jpg
45,test/TENNESSEE/train_075.jpg,TENNESSEE,test,train/TENNESSEE/075.jpg
45,test/TENNESSEE/train_082.jpg,TENNESSEE,test,train/TENNESSEE/082.jpg
45,test/TENNESSEE/train_085.jpg,TENNESSEE,test,train/TENNESSEE/085.jpg
45,test/TENNESSEE/train_087.jpg,TENNESSEE,test,train/TENNESSEE/087.jpg
45,test/TENNESSEE/train_094.jpg,TENNESSEE,test,train/TENNESSEE/094.jpg
45,test/TENNESSEE/train_105.jpg,TENNESSEE,test,train/TENNESSEE/105.jpg
45,test/TENNESSEE/train_107.jpg,TENNESSEE,test,train/TENNESSEE/107.jpg
45,test/TENNESSEE/train_133.jpg,TENNESSEE,test,train/TENNESSEE/133.jpg
45,test/TENNESSEE/train_135.jpg,TENNESSEE,test,train/TENNESSEE/135.jpg
45,test/TENNESSEE/train_137.jpg,TENNESSEE,test,train/TENNESSEE/137.jpg
45,test/TENNESSEE/train_139.jpg,TENNESSEE,test,train/TENNESSEE/139.jpg
45,test/TENNESSEE/valid_5.jpg,TENNESSEE,test,valid/TENNESSEE/5.jpg
46,test/TEXAS/train_003.jpg,TEXAS,test,train/TEXAS/003.jpg
46,test/TEXAS/train_016.jpg,TEXAS,test,train/TEXAS/016.jpg
46,test/TEXAS/train_020.jpg,TEXAS,test,train/TEXAS/020.jpg
46,test/TEXAS/train_023.jpg,TEXAS,test,train/TEXAS/023.jpg
46,test/TEXAS/train_026.jpg,TEXAS,test,train/TEXAS/026.jpg
46,test/TEXAS/train_032.jpg,TEXAS,test,train/TEXAS/032.jpg
46,test/TEXAS/train_035.jpg,TEXAS,test,train/TEXAS/035.jpg
46,test/TEXAS/train_042.jpg,TEXAS,test,train/TEXAS/042.jpg
46,test/TEXAS/train_045.jpg,TEXAS,test,train/TEXAS/045.jpg
46,test/TEXAS/train_049.jpg,TEXAS,test,train/TEXAS/049.jpg
46,test/TEXAS/train_062.jpg,TEXAS,test,train/TEXAS/062.jpg
46,test/TEXAS/train_066.jpg,TEXAS,test,train/TEXAS/066.jpg
46,test/TEXAS/train_074.jpg,TEXAS,test,train/TEXAS/074.jpg
46,test/TEXAS/train_075.jpg,TEXAS,test,train/TEXAS/075.jpg
46,test/TEXAS/train_120.jpg,TEXAS,test,train/TEXAS/120.jpg
46,test/TEXAS/train_125.jpg,TEXAS,test,train/TEXAS/125.jpg
46,test/TEXAS/train_127.jpg,TEXAS,test,train/TEXAS/127.jpg
46,test/TEXAS/train_129.jpg,TEXAS,test,train/TEXAS/129.jpg
46,test/TEXAS/train_132.jpg,TEXAS,test,train/TEXAS/132.jpg
46,test/TEXAS/train_136.jpg,TEXAS,test,train/TEXAS/136.jpg
46,test/TEXAS/train_137.jpg,TEXAS,test,train/TEXAS/137.jpg
46,test/TEXAS/train_138.jpg,TEXAS,test,train/TEXAS/138.jpg
46,test/TEXAS/train_139.jpg,TEXAS,test,train/TEXAS/139.jpg
46,test/TEXAS/train_140.jpg,TEXAS,test,train/TEXAS/140.jpg
46,test/TEXAS/train_149.jpg,TEXAS,test,train/TEXAS/149.jpg
47,test/U S VIRGIN ISLANDS/test_3.jpg,U S VIRGIN ISLANDS,test,test/U S VIRGIN ISLANDS/3.jpg
47,test/U S VIRGIN ISLANDS/train_007.jpg,U S VIRGIN ISLANDS,test,train/U S VIRGIN ISLANDS/007.jpg
47,test/U S VIRGIN ISLANDS/train_008.jpg,U S VIRGIN ISLANDS,test,train/U S VIRGIN ISLANDS/008.jpg
47,test/U S VIRGIN ISLANDS/train_009.jpg,U S VIRGIN ISLANDS,test,train/U S VIRGIN ISLANDS/009.jpg
47,test/U S VIRGIN ISLANDS/train_011.jpg,U S VIRGIN ISLANDS,test,train/U S VIRGIN ISLANDS/011.jpg
47,test/U S VIRGIN ISLANDS/train_015.jpg,U S VIRGIN ISLANDS,test,train/U S VIRGIN ISLANDS/015.jpg
47,test/U S VIRGIN ISLANDS/train_020.jpg,U S VIRGIN ISLANDS,test,train/U S VIRGIN ISLANDS/020.jpg
47,test/U S VIRGIN ISLANDS/train_024.jpg,U S VIRGIN ISLANDS,test,train/U S VIRGIN ISLANDS/024.jpg
47,test/U S VIRGIN ISLANDS/train_025.jpg,U S VIRGIN ISLANDS,test,train/U S VIRGIN ISLANDS/025.jpg
47,test/U S VIRGIN ISLANDS/train_032.jpg,U S VIRGIN ISLANDS,test,train/U S VIRGIN ISLANDS/032.jpg
47,test/U S VIRGIN ISLANDS/train_049.jpg,U S VIRGIN ISLANDS,test,train/U S VIRGIN ISLANDS/049.jpg
47,test/U S VIRGIN ISLANDS/train_052.jpg,U S VIRGIN ISLANDS,test,train/U S VIRGIN ISLANDS/052.jpg
47,test/U S VIRGIN ISLANDS/train_068.jpg,U S VIRGIN ISLANDS,test,train/U S VIRGIN ISLANDS/068.jpg
47,test/U S VIRGIN ISLANDS/train_086.jpg,U S VIRGIN ISLANDS,test,train/U S VIRGIN ISLANDS/086.jpg
47,test/U S VIRGIN ISLANDS/train_095.jpg,U S VIRGIN ISLANDS,test,train/U S VIRGIN ISLANDS/095.jpg
47,test/U S VIRGIN ISLANDS/train_103.jpg,U S VIRGIN ISLANDS,test,train/U S VIRGIN ISLANDS/103.jpg
47,test/U S VIRGIN ISLANDS/train_110.jpg,U S VIRGIN ISLANDS,test,train/U S VIRGIN ISLANDS/110.jpg
47,test/U S VIRGIN ISLANDS/train_115.jpg,U S VIRGIN ISLANDS,test,train/U S VIRGIN ISLANDS/115.jpg
47,test/U S VIRGIN ISLANDS/train_119.jpg,U S VIRGIN ISLANDS,test,train/U S VIRGIN ISLANDS/119.jpg
47,test/U S VIRGIN ISLANDS/train_120.jpg,U S VIRGIN ISLANDS,test,train/U S VIRGIN ISLANDS/120.jpg
47,test/U S VIRGIN ISLANDS/train_129.jpg,U S VIRGIN ISLANDS,test,train/U S VIRGIN ISLANDS/129.jpg
47,test/U S VIRGIN ISLANDS/train_130.jpg,U S VIRGIN ISLANDS,test,train/U S VIRGIN ISLANDS/130.jpg
47,test/U S VIRGIN ISLANDS/train_140.jpg,U S VIRGIN ISLANDS,test,train/U S VIRGIN ISLANDS/140.jpg
48,test/UTAH/test_4.jpg,UTAH,test,test/UTAH/4.jpg
48,test/UTAH/train_017.jpg,UTAH,test,train/UTAH/017.jpg
48,test/UTAH/train_018.jpg,UTAH,test,train/UTAH/018.jpg
48,test/UTAH/train_023.jpg,UTAH,test,train/UTAH/023.jpg
48,test/UTAH/train_024.jpg,UTAH,test,train/UTAH/024.jpg
48,test/UTAH/train_027.jpg,UTAH,test,train/UTAH/027.jpg
48,test/UTAH/train_030.jpg,UTAH,test,train/UTAH/030.jpg
48,test/UTAH/train_031.jpg,UTAH,test,train/UTAH/031.jpg
48,test/UTAH/train_037.jpg,UTAH,test,train/UTAH/037.jpg
48,test/UTAH/train_044.jpg,UTAH,test,train/UTAH/044.jpg
48,test/UTAH/train_076.jpg,UTAH,test,train/UTAH/076.jpg
48,test/UTAH/train_083.jpg,UTAH,test,train/UTAH/083.jpg
48,test/UTAH/train_087.jpg,UTAH,test,train/UTAH/087.jpg
48,test/UTAH/train_101.jpg,UTAH,test,train/UTAH/101.jpg
48,test/UTAH/train_104.jpg,UTAH,test,train/UTAH/104.jpg
48,test/UTAH/train_114.jpg,UTAH,test,train/UTAH/114.jpg
48,test/UTAH/train_116.jpg,UTAH,test,train/UTAH/116.jpg
48,test/UTAH/train_128.jpg,UTAH,test,train/UTAH/128.jpg
48,test/UTAH/train_137.jpg,UTAH,test,train/UTAH/137.jpg
48,test/UTAH/train_139.jpg,UTAH,test,train/UTAH/139.jpg
48,test/UTAH/train_144.jpg,UTAH,test,train/UTAH/144.jpg
48,test/UTAH/train_146.jpg,UTAH,test,train/UTAH/146.jpg
48,test/UTAH/train_149.jpg,UTAH,test,train/UTAH/149.jpg
48,test/UTAH/train_150.jpg,UTAH,test,train/UTAH/150.jpg
48,test/UTAH/train_156.jpg,UTAH,test,train/UTAH/156.jpg
49,test/VERMONT/train_004.jpg,VERMONT,test,train/VERMONT/004.jpg
49,test/VERMONT/train_020.jpg,VERMONT,test,train/VERMONT/020.jpg
49,test/VERMONT/train_021.jpg,VERMONT,test,train/VERMONT/021.jpg
49,test/VERMONT/train_027.jpg,VERMONT,test,train/VERMONT/027.jpg
49,test/VERMONT/train_030.jpg,VERMONT,test,train/VERMONT/030.jpg
49,test/VERMONT/train_051.jpg,VERMONT,test,train/VERMONT/051.jpg
49,test/VERMONT/train_056.jpg,VERMONT,test,train/VERMONT/056.jpg
49,test/VERMONT/train_060.jpg,VERMONT,test,train/VERMONT/060.jpg
49,test/VERMONT/train_061.jpg,VERMONT,test,train/VERMONT/061.jpg
49,test/VERMONT/train_066.jpg,VERMONT,test,train/VERMONT/066.jpg
49,test/VERMONT/train_068.jpg,VERMONT,test,train/VERMONT/068.jpg
49,test/VERMONT/train_072.jpg,VERMONT,test,train/VERMONT/072.jpg
49,test/VERMONT/train_076.jpg,VERMONT,test,train/VERMONT/076.jpg
49,test/VERMONT/train_087.jpg,VERMONT,test,train/VERMONT/087.jpg
49,test/VERMONT/train_094.jpg,VERMONT,test,train/VERMONT/094.jpg
49,test/VERMONT/train_102.jpg,VERMONT,test,train/VERMONT/102.jpg
49,test/VERMONT/train_103.jpg,VERMONT,test,train/VERMONT/103.jpg
49,test/VERMONT/train_104.jpg,VERMONT,test,train/VERMONT/104.jpg
49,test/VERMONT/train_112.jpg,VERMONT,test,train/VERMONT/112.jpg
49,test/VERMONT/train_116.jpg,VERMONT,test,train/VERMONT/116.jpg
49,test/VERMONT/train_120.jpg,VERMONT,test,train/VERMONT/120.jpg
49,test/VERMONT/train_125.jpg,VERMONT,test,train/VERMONT/125.jpg
49,test/VERMONT/train_135.jpg,VERMONT,test,train/VERMONT/135.jpg
49,test/VERMONT/train_149.jpg,VERMONT,test,train/VERMONT/149.jpg
50,test/VIRGINIA/train_006.jpg,VIRGINIA,test,train/VIRGINIA/006.jpg
50,test/VIRGINIA/train_014.jpg,VIRGINIA,test,train/VIRGINIA/014.jpg
50,test/VIRGINIA/train_024.jpg,VIRGINIA,test,train/VIRGINIA/024.jpg
50,test/VIRGINIA/train_034.jpg,VIRGINIA,test,train/VIRGINIA/034.jpg
50,test/VIRGINIA/train_037.jpg,VIRGINIA,test,train/VIRGINIA/037.jpg
50,test/VIRGINIA/train_040.jpg,VIRGINIA,test,train/VIRGINIA/040.jpg
50,test/VIRGINIA/train_056.jpg,VIRGINIA,test,train/VIRGINIA/056.jpg
50,test/VIRGINIA/train_058.jpg,VIRGINIA,test,train/VIRGINIA/058.jpg
50,test/VIRGINIA/train_071.jpg,VIRGINIA,test,train/VIRGINIA/071.jpg
50,test/VIRGINIA/train_077.jpg,VIRGINIA,test,train/VIRGINIA/077.jpg
50,test/VIRGINIA/train_080.jpg,VIRGINIA,test,train/VIRGINIA/080.jpg
50,test/VIRGINIA/train_092.jpg,VIRGINIA,test,train/VIRGINIA/092.jpg
50,test/VIRGINIA/train_096.jpg,VIRGINIA,test,train/VIRGINIA/096.jpg
50,test/VIRGINIA/train_102.jpg,VIRGINIA,test,train/VIRGINIA/102.jpg
50,test/VIRGINIA/train_104.jpg,VIRGINIA,test,train/VIRGINIA/104.jpg
50,test/VIRGINIA/train_105.jpg,VIRGINIA,test,train/VIRGINIA/105.jpg
50,test/VIRGINIA/train_106.jpg,VIRGINIA,test,train/VIRGINIA/106.jpg
50,test/VIRGINIA/train_116.jpg,VIRGINIA,test,train/VIRGINIA/116.jpg
50,test/VIRGINIA/train_117.jpg,VIRGINIA,test,train/VIRGINIA/117.jpg
50,test/VIRGINIA/train_121.jpg,VIRGINIA,test,train/VIRGINIA/121.jpg
50,test/VIRGINIA/train_127.jpg,VIRGINIA,test,train/VIRGINIA/127.jpg
50,test/VIRGINIA/train_140.jpg,VIRGINIA,test,train/VIRGINIA/140.jpg
50,test/VIRGINIA/valid_1.jpg,VIRGINIA,test,valid/VIRGINIA/1.jpg
51,test/WASHINGTON/train_002.jpg,WASHINGTON,test,train/WASHINGTON/002.jpg
51,test/WASHINGTON/train_005.jpg,WASHINGTON,test,train/WASHINGTON/005.jpg
51,test/WASHINGTON/train_019.jpg,WASHINGTON,test,train/WASHINGTON/019.jpg
51,test/WASHINGTON/train_022.jpg,WASHINGTON,test,train/WASHINGTON/022.jpg
51,test/WASHINGTON/train_032.jpg,WASHINGTON,test,train/WASHINGTON/032.jpg
51,test/WASHINGTON/train_033.jpg,WASHINGTON,test,train/WASHINGTON/033.jpg
51,test/WASHINGTON/train_036.jpg,WASHINGTON,test,train/WASHINGTON/036.jpg
51,test/WASHINGTON/train_041.jpg,WASHINGTON,test,train/WASHINGTON/041.jpg
51,test/WASHINGTON/train_046.jpg,WASHINGTON,test,train/WASHINGTON/046.jpg
51,test/WASHINGTON/train_059.jpg,WASHINGTON,test,train/WASHINGTON/059.jpg
51,test/WASHINGTON/train_061.jpg,WASHINGTON,test,train/WASHINGTON/061.jpg
51,test/WASHINGTON/train_072.jpg,WASHINGTON,test,train/WASHINGTON/072.jpg
51,test/WASHINGTON/train_073.jpg,WASHINGTON,test,train/WASHINGTON/073.jpg
51,test/WASHINGTON/train_075.jpg,WASHINGTON,test,train/WASHINGTON/075.jpg
51,test/WASHINGTON/train_082.jpg,WASHINGTON,test,train/WASHINGTON/082.jpg
51,test/WASHINGTON/train_100.jpg,WASHINGTON,test,train/WASHINGTON/100.jpg
51,test/WASHINGTON/train_110.jpg,WASHINGTON,test,train/WASHINGTON/110.jpg
51,test/WASHINGTON/train_115.jpg,WASHINGTON,test,train/WASHINGTON/115.jpg
51,test/WASHINGTON/train_117.jpg,WASHINGTON,test,train/WASHINGTON/117.jpg
51,test/WASHINGTON/train_118.jpg,WASHINGTON,test,train/WASHINGTON/118.jpg
51,test/WASHINGTON/train_130.jpg,WASHINGTON,test,train/WASHINGTON/130.jpg
51,test/WASHINGTON/train_133.jpg,WASHINGTON,test,train/WASHINGTON/133.jpg
51,test/WASHINGTON/train_146.jpg,WASHINGTON,test,train/WASHINGTON/146.jpg
51,test/WASHINGTON/train_152.jpg,WASHINGTON,test,train/WASHINGTON/152.jpg
51,test/WASHINGTON/train_160.jpg,WASHINGTON,test,train/WASHINGTON/160.jpg
51,test/WASHINGTON/train_165.jpg,WASHINGTON,test,train/WASHINGTON/165.jpg
52,test/WASHINGTON DC/train_011.jpg,WASHINGTON DC,test,train/WASHINGTON DC/011.jpg
52,test/WASHINGTON DC/train_021.jpg,WASHINGTON DC,test,train/WASHINGTON DC/021.jpg
52,test/WASHINGTON DC/train_032.jpg,WASHINGTON DC,test,train/WASHINGTON DC/032.jpg
52,test/WASHINGTON DC/train_033.jpg,WASHINGTON DC,test,train/WASHINGTON DC/033.jpg
52,test/WASHINGTON DC/train_049.jpg,WASHINGTON DC,test,train/WASHINGTON DC/049.jpg
52,test/WASHINGTON DC/train_051.jpg,WASHINGTON DC,test,train/WASHINGTON DC/051.jpg
52,test/WASHINGTON DC/train_053.jpg,WASHINGTON DC,test,train/WASHINGTON DC/053.jpg
52,test/WASHINGTON DC/train_058.jpg,WASHINGTON DC,test,train/WASHINGTON DC/058.jpg
52,test/WASHINGTON DC/train_060.jpg,WASHINGTON DC,test,train/WASHINGTON DC/060.jpg
52,test/WASHINGTON DC/train_062.jpg,WASHINGTON DC,test,train/WASHINGTON DC/062.jpg
52,test/WASHINGTON DC/train_067.jpg,WASHINGTON DC,test,train/WASHINGTON DC/067.jpg
52,test/WASHINGTON DC/train_079.jpg,WASHINGTON DC,test,train/WASHINGTON DC/079.jpg
52,test/WASHINGTON DC/train_081.jpg,WASHINGTON DC,test,train/WASHINGTON DC/081.jpg
52,test/WASHINGTON DC/train_085.jpg,WASHINGTON DC,test,train/WASHINGTON DC/085.jpg
52,test/WASHINGTON DC/train_086.jpg,WASHINGTON DC,test,train/WASHINGTON DC/086.jpg
52,test/WASHINGTON DC/train_088.jpg,WASHINGTON DC,test,train/WASHINGTON DC/088.jpg
52,test/WASHINGTON DC/train_100.jpg,WASHINGTON DC,test,train/WASHINGTON DC/100.jpg
52,test/WASHINGTON DC/train_105.jpg,WASHINGTON DC,test,train/WASHINGTON DC/105.jpg
52,test/WASHINGTON DC/train_122.jpg,WASHINGTON DC,test,train/WASHINGTON DC/122.jpg
52,test/WASHINGTON DC/train_127.jpg,WASHINGTON DC,test,train/WASHINGTON DC/127.jpg
52,test/WASHINGTON DC/train_134.jpg,WASHINGTON DC,test,train/WASHINGTON DC/134.jpg
52,test/WASHINGTON DC/train_135.jpg,WASHINGTON DC,test,train/WASHINGTON DC/135.jpg
52,test/WASHINGTON DC/train_136.jpg,WASHINGTON DC,test,train/WASHINGTON DC/136.jpg
52,test/WASHINGTON DC/train_144.jpg,WASHINGTON DC,test,train/WASHINGTON DC/144.jpg
53,test/WEST VIRGINIA/test_2.jpg,WEST VIRGINIA,test,test/WEST VIRGINIA/2.jpg
53,test/WEST VIRGINIA/test_5.jpg,WEST VIRGINIA,test,test/WEST VIRGINIA/5.jpg
53,test/WEST VIRGINIA/train_012.jpg,WEST VIRGINIA,test,train/WEST VIRGINIA/012.jpg
53,test/WEST VIRGINIA/train_017.jpg,WEST VIRGINIA,test,train/WEST VIRGINIA/017.jpg
53,test/WEST VIRGINIA/train_018.jpg,WEST VIRGINIA,test,train/WEST VIRGINIA/018.jpg
53,test/WEST VIRGINIA/train_024.jpg,WEST VIRGINIA,test,train/WEST VIRGINIA/024.jpg
53,test/WEST VIRGINIA/train_055.jpg,WEST VIRGINIA,test,train/WEST VIRGINIA/055.jpg
53,test/WEST VIRGINIA/train_062.jpg,WEST VIRGINIA,test,train/WEST VIRGINIA/062.jpg
53,test/WEST VIRGINIA/train_065.jpg,WEST VIRGINIA,test,train/WEST VIRGINIA/065.jpg
53,test/WEST VIRGINIA/train_066.jpg,WEST VIRGINIA,test,train/WEST VIRGINIA/066.jpg
53,test/WEST VIRGINIA/train_070.jpg,WEST VIRGINIA,test,train/WEST VIRGINIA/070.jpg
53,test/WEST VIRGINIA/train_075.jpg,WEST VIRGINIA,test,train/WEST VIRGINIA/075.jpg
53,test/WEST VIRGINIA/train_082.jpg,WEST VIRGINIA,test,train/WEST VIRGINIA/082.jpg
53,test/WEST VIRGINIA/train_083.jpg,WEST VIRGINIA,test,train/WEST VIRGINIA/083.jpg
53,test/WEST VIRGINIA/train_086.jpg,WEST VIRGINIA,test,train/WEST VIRGINIA/086.jpg
53,test/WEST VIRGINIA/train_092.jpg,WEST VIRGINIA,test,train/WEST VIRGINIA/092.jpg
53,test/WEST VIRGINIA/train_098.jpg,WEST VIRGINIA,test,train/WEST VIRGINIA/098.jpg
53,test/WEST VIRGINIA/train_100.jpg,WEST VIRGINIA,test,train/WEST VIRGINIA/100.jpg
53,test/WEST VIRGINIA/train_122.jpg,WEST VIRGINIA,test,train/WEST VIRGINIA/122.jpg
53,test/WEST VIRGINIA/train_136.jpg,WEST VIRGINIA,test,train/WEST VIRGINIA/136.jpg
53,test/WEST VIRGINIA/valid_1.jpg,WEST VIRGINIA,test,valid/WEST VIRGINIA/1.jpg
53,test/WEST VIRGINIA/valid_2.jpg,WEST VIRGINIA,test,valid/WEST VIRGINIA/2.jpg
54,test/WISCONSIN/test_3.jpg,WISCONSIN,test,test/WISCONSIN/3.jpg
54,test/WISCONSIN/train_008.jpg,WISCONSIN,test,train/WISCONSIN/008.jpg
54,test/WISCONSIN/train_018.jpg,WISCONSIN,test,train/WISCONSIN/018.jpg
54,test/WISCONSIN/train_036.jpg,WISCONSIN,test,train/WISCONSIN/036.jpg
54,test/WISCONSIN/train_041.jpg,WISCONSIN,test,train/WISCONSIN/041.jpg
54,test/WISCONSIN/train_046.jpg,WISCONSIN,test,train/WISCONSIN/046.jpg
54,test/WISCONSIN/train_053.jpg,WISCONSIN,test,train/WISCONSIN/053.jpg
54,test/WISCONSIN/train_054.jpg,WISCONSIN,test,train/WISCONSIN/054.jpg
54,test/WISCONSIN/train_064.jpg,WISCONSIN,test,train/WISCONSIN/064.jpg
54,test/WISCONSIN/train_071.jpg,WISCONSIN,test,train/WISCONSIN/071.jpg
54,test/WISCONSIN/train_079.jpg,WISCONSIN,test,train/WISCONSIN/079.jpg
54,test/WISCONSIN/train_087.jpg,WISCONSIN,test,train/WISCONSIN/087.jpg
54,test/WISCONSIN/train_094.jpg,WISCONSIN,test,train/WISCONSIN/094.jpg
54,test/WISCONSIN/train_096.jpg,WISCONSIN,test,train/WISCONSIN/096.jpg
54,test/WISCONSIN/train_099.jpg,WISCONSIN,test,train/WISCONSIN/099.jpg
54,test/WISCONSIN/train_109.jpg,WISCONSIN,test,train/WISCONSIN/109.jpg
54,test/WISCONSIN/train_122.jpg,WISCONSIN,test,train/WISCONSIN/122.jpg
54,test/WISCONSIN/train_128.jpg,WISCONSIN,test,train/WISCONSIN/128.jpg
54,test/WISCONSIN/train_129.jpg,WISCONSIN,test,train/WISCONSIN/129.jpg
54,test/WISCONSIN/train_140.jpg,WISCONSIN,test,train/WISCONSIN/140.jpg
54,test/WISCONSIN/valid_1.jpg,WISCONSIN,test,valid/WISCONSIN/1.jpg
54,test/WISCONSIN/valid_5.jpg,WISCONSIN,test,valid/WISCONSIN/5.jpg
55,test/WYOMING/test_4.jpg,WYOMING,test,test/WYOMING/4.jpg
55,test/WYOMING/train_008.jpg,WYOMING,test,train/WYOMING/008.jpg
55,test/WYOMING/train_009.jpg,WYOMING,test,train/WYOMING/009.jpg
55,test/WYOMING/train_017.jpg,WYOMING,test,train/WYOMING/017.jpg
55,test/WYOMING/train_021.jpg,WYOMING,test,train/WYOMING/021.jpg
55,test/WYOMING/train_037.jpg,WYOMING,test,train/WYOMING/037.jpg
55,test/WYOMING/train_038.jpg,WYOMING,test,train/WYOMING/038.jpg
55,test/WYOMING/train_041.jpg,WYOMING,test,train/WYOMING/041.jpg
55,test/WYOMING/train_044.jpg,WYOMING,test,train/WYOMING/044.jpg
55,test/WYOMING/train_047.jpg,WYOMING,test,train/WYOMING/047.jpg
55,test/WYOMING/train_063.jpg,WYOMING,test,train/WYOMING/063.jpg
55,test/WYOMING/train_066.jpg,WYOMING,test,train/WYOMING/066.jpg
55,test/WYOMING/train_068.jpg,WYOMING,test,train/WYOMING/068.jpg
55,test/WYOMING/train_069.jpg,WYOMING,test,train/WYOMING/069.jpg
55,test/WYOMING/train_074.jpg,WYOMING,test,train/WYOMING/074.jpg
55,test/WYOMING/train_088.jpg,WYOMING,test,train/WYOMING/088.jpg
55,test/WYOMING/train_095.jpg,WYOMING,test,train/WYOMING/095.jpg
55,test/WYOMING/train_098.jpg,WYOMING,test,train/WYOMING/098.jpg
55,test/WYOMING/train_099.jpg,WYOMING,test,train/WYOMING/099.jpg
55,test/WYOMING/train_103.jpg,WYOMING,test,train/WYOMING/103.jpg
55,test/WYOMING/train_113.jpg,WYOMING,test,train/WYOMING/113.jpg
55,test/WYOMING/train_117.jpg,WYOMING,test,train/WYOMING/117.jpg
55,test/WYOMING/train_135.jpg,WYOMING,test,train/WYOMING/135.jpg
55,test/WYOMING/train_141.jpg,WYOMING,test,train/WYOMING/141.jpg
