clean_path,split_new,label,original_key,original_split,width,height,same_group,patient_group,split_group
data/brain_mri(clean_dataset)\train\glioma\glioma_00000.jpg,train,glioma,Training/glioma/Tr-gl_1.jpg,Training,512,512,0,0,0
data/brain_mri(clean_dataset)\test\glioma\glioma_00001.jpg,test,glioma,Training/glioma/Tr-gl_10.jpg,Training,512,512,1,1,1
data/brain_mri(clean_dataset)\train\glioma\glioma_00002.jpg,train,glioma,Training/glioma/Tr-gl_100.jpg,Training,512,512,2,2,2
data/brain_mri(clean_dataset)\train\glioma\glioma_00003.jpg,train,glioma,Training/glioma/Tr-gl_1000.jpg,Training,512,512,3,3,3
data/brain_mri(clean_dataset)\train\glioma\glioma_00004.jpg,train,glioma,Training/glioma/Tr-gl_1001.jpg,Training,512,512,4,4,6294
data/brain_mri(clean_dataset)\train\glioma\glioma_00005.jpg,train,glioma,Training/glioma/Tr-gl_1004.jpg,Training,512,512,5711,5711,6294
data/brain_mri(clean_dataset)\train\glioma\glioma_00006.jpg,train,glioma,Training/glioma/Tr-gl_1005.jpg,Training,512,512,8,8,6294
data/brain_mri(clean_dataset)\train\glioma\glioma_00007.jpg,train,glioma,Training/glioma/Tr-gl_1008.jpg,Training,512,512,11,11,11
data/brain_mri(clean_dataset)\train\glioma\glioma_00008.jpg,train,glioma,Training/glioma/Tr-gl_1009.jpg,Training,512,512,12,12,12
data/brain_mri(clean_dataset)\train\glioma\glioma_00009.jpg,train,glioma,Training/glioma/Tr-gl_101.jpg,Training,512,512,13,13,1265
data/brain_mri(clean_dataset)\train\glioma\glioma_00010.jpg,train,glioma,Training/glioma/Tr-gl_1010.jpg,Training,512,512,14,14,14
data/brain_mri(clean_dataset)\train\glioma\glioma_00011.jpg,train,glioma,Training/glioma/Tr-gl_1012.jpg,Training,512,512,16,16,16
data/brain_mri(clean_dataset)\train\glioma\glioma_00012.jpg,train,glioma,Training/glioma/Tr-gl_1013.jpg,Training,512,512,17,17,23
data/brain_mri(clean_dataset)\train\glioma\glioma_00013.jpg,train,glioma,Training/glioma/Tr-gl_1014.jpg,Training,512,512,791,791,791
data/brain_mri(clean_dataset)\train\glioma\glioma_00014.jpg,train,glioma,Training/glioma/Tr-gl_1015.jpg,Training,512,512,19,19,19
data/brain_mri(clean_dataset)\valid\glioma\glioma_00015.jpg,valid,glioma,Training/glioma/Tr-gl_1016.jpg,Training,512,512,20,20,1316
data/brain_mri(clean_dataset)\train\glioma\glioma_00016.jpg,train,glioma,Training/glioma/Tr-gl_1018.jpg,Training,512,512,810,810,810
data/brain_mri(clean_dataset)\train\glioma\glioma_00017.jpg,train,glioma,Training/glioma/Tr-gl_1019.jpg,Training,512,512,23,23,23
data/brain_mri(clean_dataset)\train\glioma\glioma_00018.jpg,train,glioma,Training/glioma/Tr-gl_102.jpg,Training,512,512,24,24,24
data/brain_mri(clean_dataset)\train\glioma\glioma_00019.jpg,train,glioma,Training/glioma/Tr-gl_1020.jpg,Training,512,512,25,25,964
data/brain_mri(clean_dataset)\train\glioma\glioma_00020.jpg,train,glioma,Training/glioma/Tr-gl_1021.jpg,Training,512,512,26,26,26
data/brain_mri(clean_dataset)\test\glioma\glioma_00021.jpg,test,glioma,Training/glioma/Tr-gl_1023.jpg,Training,512,512,28,28,28
data/brain_mri(clean_dataset)\train\glioma\glioma_00022.jpg,train,glioma,Training/glioma/Tr-gl_1025.jpg,Training,512,512,30,30,30
data/brain_mri(clean_dataset)\test\glioma\glioma_00023.jpg,test,glioma,Training/glioma/Tr-gl_1026.jpg,Training,512,512,31,31,31
data/brain_mri(clean_dataset)\train\glioma\glioma_00024.jpg,train,glioma,Training/glioma/Tr-gl_1027.jpg,Training,512,512,32,32,5896
data/brain_mri(clean_dataset)\train\glioma\glioma_00025.jpg,train,glioma,Training/glioma/Tr-gl_1028.jpg,Training,512,512,33,33,1145
data/brain_mri(clean_dataset)\train\glioma\glioma_00026.jpg,train,glioma,Training/glioma/Tr-gl_103.jpg,Training,512,512,35,5810,1262
data/brain_mri(clean_dataset)\train\glioma\glioma_00027.jpg,train,glioma,Training/glioma/Tr-gl_1030.jpg,Training,512,512,1064,1064,1064
data/brain_mri(clean_dataset)\test\glioma\glioma_00028.jpg,test,glioma,Training/glioma/Tr-gl_1031.jpg,Training,512,512,37,37,636
data/brain_mri(clean_dataset)\train\glioma\glioma_00029.jpg,train,glioma,Training/glioma/Tr-gl_1032.jpg,Training,512,512,38,38,5721
data/brain_mri(clean_dataset)\train\glioma\glioma_00030.jpg,train,glioma,Training/glioma/Tr-gl_1033.jpg,Training,512,512,488,488,488
data/brain_mri(clean_dataset)\test\glioma\glioma_00031.jpg,test,glioma,Training/glioma/Tr-gl_1034.jpg,Training,512,512,40,40,636
data/brain_mri(clean_dataset)\train\glioma\glioma_00032.jpg,train,glioma,Training/glioma/Tr-gl_1035.jpg,Training,512,512,41,41,41
data/brain_mri(clean_dataset)\train\glioma\glioma_00033.jpg,train,glioma,Training/glioma/Tr-gl_1036.jpg,Training,512,512,42,42,42
data/brain_mri(clean_dataset)\test\glioma\glioma_00034.jpg,test,glioma,Training/glioma/Tr-gl_1037.jpg,Training,512,512,43,43,43
data/brain_mri(clean_dataset)\valid\glioma\glioma_00035.jpg,valid,glioma,Training/glioma/Tr-gl_1038.jpg,Training,512,512,418,418,418
data/brain_mri(clean_dataset)\train\glioma\glioma_00036.jpg,train,glioma,Training/glioma/Tr-gl_1039.jpg,Training,512,512,45,45,1171
data/brain_mri(clean_dataset)\train\glioma\glioma_00037.jpg,train,glioma,Training/glioma/Tr-gl_104.jpg,Training,512,512,889,889,5933
data/brain_mri(clean_dataset)\test\glioma\glioma_00038.jpg,test,glioma,Training/glioma/Tr-gl_1040.jpg,Training,512,512,47,47,5676
data/brain_mri(clean_dataset)\train\glioma\glioma_00039.jpg,train,glioma,Training/glioma/Tr-gl_1041.jpg,Training,512,512,48,463,6294
data/brain_mri(clean_dataset)\train\glioma\glioma_00040.jpg,train,glioma,Training/glioma/Tr-gl_1042.jpg,Training,512,512,49,49,49
data/brain_mri(clean_dataset)\train\glioma\glioma_00041.jpg,train,glioma,Training/glioma/Tr-gl_1043.jpg,Training,512,512,50,50,50
data/brain_mri(clean_dataset)\valid\glioma\glioma_00042.jpg,valid,glioma,Training/glioma/Tr-gl_1044.jpg,Training,512,512,51,51,51
data/brain_mri(clean_dataset)\train\glioma\glioma_00043.jpg,train,glioma,Training/glioma/Tr-gl_1048.jpg,Training,512,512,55,55,5647
data/brain_mri(clean_dataset)\test\glioma\glioma_00044.jpg,test,glioma,Training/glioma/Tr-gl_1049.jpg,Training,512,512,56,1242,636
data/brain_mri(clean_dataset)\train\glioma\glioma_00045.jpg,train,glioma,Training/glioma/Tr-gl_105.jpg,Training,512,512,57,57,57
data/brain_mri(clean_dataset)\valid\glioma\glioma_00046.jpg,valid,glioma,Training/glioma/Tr-gl_1050.jpg,Training,512,512,58,58,360
data/brain_mri(clean_dataset)\train\glioma\glioma_00047.jpg,train,glioma,Training/glioma/Tr-gl_1051.jpg,Training,512,512,59,59,59
data/brain_mri(clean_dataset)\train\glioma\glioma_00048.jpg,train,glioma,Training/glioma/Tr-gl_1052.jpg,Training,512,512,60,60,60
data/brain_mri(clean_dataset)\train\glioma\glioma_00049.jpg,train,glioma,Training/glioma/Tr-gl_1054.jpg,Training,512,512,62,62,62
data/brain_mri(clean_dataset)\train\glioma\glioma_00050.jpg,train,glioma,Training/glioma/Tr-gl_1055.jpg,Training,512,512,63,63,1265
data/brain_mri(clean_dataset)\train\glioma\glioma_00051.jpg,train,glioma,Training/glioma/Tr-gl_1056.jpg,Training,512,512,64,64,1360
data/brain_mri(clean_dataset)\train\glioma\glioma_00052.jpg,train,glioma,Training/glioma/Tr-gl_1058.jpg,Training,512,512,66,66,66
data/brain_mri(clean_dataset)\train\glioma\glioma_00053.jpg,train,glioma,Training/glioma/Tr-gl_1059.jpg,Training,512,512,67,67,67
data/brain_mri(clean_dataset)\train\glioma\glioma_00054.jpg,train,glioma,Training/glioma/Tr-gl_106.jpg,Training,512,512,68,68,5964
data/brain_mri(clean_dataset)\train\glioma\glioma_00055.jpg,train,glioma,Training/glioma/Tr-gl_1060.jpg,Training,512,512,69,69,69
data/brain_mri(clean_dataset)\train\glioma\glioma_00056.jpg,train,glioma,Training/glioma/Tr-gl_1061.jpg,Training,512,512,70,70,70
data/brain_mri(clean_dataset)\valid\glioma\glioma_00057.jpg,valid,glioma,Training/glioma/Tr-gl_1062.jpg,Training,512,512,71,71,71
data/brain_mri(clean_dataset)\test\glioma\glioma_00058.jpg,test,glioma,Training/glioma/Tr-gl_1064.jpg,Training,512,512,73,73,73
data/brain_mri(clean_dataset)\test\glioma\glioma_00059.jpg,test,glioma,Training/glioma/Tr-gl_1065.jpg,Training,512,512,592,592,592
data/brain_mri(clean_dataset)\train\glioma\glioma_00060.jpg,train,glioma,Training/glioma/Tr-gl_1066.jpg,Training,512,512,75,75,5956
data/brain_mri(clean_dataset)\train\glioma\glioma_00061.jpg,train,glioma,Training/glioma/Tr-gl_1067.jpg,Training,512,512,76,76,76
data/brain_mri(clean_dataset)\test\glioma\glioma_00062.jpg,test,glioma,Training/glioma/Tr-gl_107.jpg,Training,512,512,1059,1059,1059
data/brain_mri(clean_dataset)\train\glioma\glioma_00063.jpg,train,glioma,Training/glioma/Tr-gl_1070.jpg,Training,512,512,80,80,891
data/brain_mri(clean_dataset)\train\glioma\glioma_00064.jpg,train,glioma,Training/glioma/Tr-gl_1071.jpg,Training,512,512,549,5786,5956
data/brain_mri(clean_dataset)\test\glioma\glioma_00065.jpg,test,glioma,Training/glioma/Tr-gl_1072.jpg,Training,512,512,82,82,82
data/brain_mri(clean_dataset)\train\glioma\glioma_00066.jpg,train,glioma,Training/glioma/Tr-gl_1073.jpg,Training,512,512,83,83,83
data/brain_mri(clean_dataset)\train\glioma\glioma_00067.jpg,train,glioma,Training/glioma/Tr-gl_1074.jpg,Training,512,512,84,84,5745
data/brain_mri(clean_dataset)\train\glioma\glioma_00068.jpg,train,glioma,Training/glioma/Tr-gl_1075.jpg,Training,512,512,85,85,85
data/brain_mri(clean_dataset)\train\glioma\glioma_00069.jpg,train,glioma,Training/glioma/Tr-gl_1076.jpg,Training,512,512,86,86,6294
data/brain_mri(clean_dataset)\train\glioma\glioma_00070.jpg,train,glioma,Training/glioma/Tr-gl_1077.jpg,Training,512,512,87,87,87
data/brain_mri(clean_dataset)\train\glioma\glioma_00071.jpg,train,glioma,Training/glioma/Tr-gl_1078.jpg,Training,512,512,5724,5724,5724
data/brain_mri(clean_dataset)\train\glioma\glioma_00072.jpg,train,glioma,Training/glioma/Tr-gl_1079.jpg,Training,512,512,89,89,89
data/brain_mri(clean_dataset)\train\glioma\glioma_00073.jpg,train,glioma,Training/glioma/Tr-gl_1080.jpg,Training,512,512,91,91,91
data/brain_mri(clean_dataset)\train\glioma\glioma_00074.jpg,train,glioma,Training/glioma/Tr-gl_1081.jpg,Training,512,512,92,92,92
data/brain_mri(clean_dataset)\train\glioma\glioma_00075.jpg,train,glioma,Training/glioma/Tr-gl_1082.jpg,Training,512,512,93,93,6294
data/brain_mri(clean_dataset)\valid\glioma\glioma_00076.jpg,valid,glioma,Training/glioma/Tr-gl_1083.jpg,Training,512,512,263,263,1322
data/brain_mri(clean_dataset)\valid\glioma\glioma_00077.jpg,valid,glioma,Training/glioma/Tr-gl_1084.jpg,Training,512,512,95,95,1316
data/brain_mri(clean_dataset)\train\glioma\glioma_00078.jpg,train,glioma,Training/glioma/Tr-gl_1087.jpg,Training,512,512,98,98,1018
data/brain_mri(clean_dataset)\train\glioma\glioma_00079.jpg,train,glioma,Training/glioma/Tr-gl_1088.jpg,Training,512,512,703,703,703
data/brain_mri(clean_dataset)\train\glioma\glioma_00080.jpg,train,glioma,Training/glioma/Tr-gl_1089.jpg,Training,512,512,100,100,1329
data/brain_mri(clean_dataset)\train\glioma\glioma_00081.jpg,train,glioma,Training/glioma/Tr-gl_109.jpg,Training,512,512,101,101,6294
data/brain_mri(clean_dataset)\test\glioma\glioma_00082.jpg,test,glioma,Training/glioma/Tr-gl_1090.jpg,Training,512,512,102,102,102
data/brain_mri(clean_dataset)\train\glioma\glioma_00083.jpg,train,glioma,Training/glioma/Tr-gl_1091.jpg,Training,512,512,103,103,1340
data/brain_mri(clean_dataset)\train\glioma\glioma_00084.jpg,train,glioma,Training/glioma/Tr-gl_1092.jpg,Training,512,512,104,104,104
data/brain_mri(clean_dataset)\train\glioma\glioma_00085.jpg,train,glioma,Training/glioma/Tr-gl_1093.jpg,Training,512,512,105,105,1276
data/brain_mri(clean_dataset)\train\glioma\glioma_00086.jpg,train,glioma,Training/glioma/Tr-gl_1095.jpg,Training,512,512,107,107,107
data/brain_mri(clean_dataset)\train\glioma\glioma_00087.jpg,train,glioma,Training/glioma/Tr-gl_1096.jpg,Training,512,512,108,108,6294
data/brain_mri(clean_dataset)\train\glioma\glioma_00088.jpg,train,glioma,Training/glioma/Tr-gl_1097.jpg,Training,512,512,109,5810,1262
data/brain_mri(clean_dataset)\train\glioma\glioma_00089.jpg,train,glioma,Training/glioma/Tr-gl_1098.jpg,Training,512,512,110,110,6294
data/brain_mri(clean_dataset)\train\glioma\glioma_00090.jpg,train,glioma,Training/glioma/Tr-gl_1099.jpg,Training,512,512,111,111,1385
data/brain_mri(clean_dataset)\train\glioma\glioma_00091.jpg,train,glioma,Training/glioma/Tr-gl_11.jpg,Training,512,512,112,112,112
data/brain_mri(clean_dataset)\train\glioma\glioma_00092.jpg,train,glioma,Training/glioma/Tr-gl_110.jpg,Training,512,512,113,113,113
data/brain_mri(clean_dataset)\test\glioma\glioma_00093.jpg,test,glioma,Training/glioma/Tr-gl_1100.jpg,Training,512,512,114,114,114
data/brain_mri(clean_dataset)\train\glioma\glioma_00094.jpg,train,glioma,Training/glioma/Tr-gl_1101.jpg,Training,512,512,208,208,1307
data/brain_mri(clean_dataset)\train\glioma\glioma_00095.jpg,train,glioma,Training/glioma/Tr-gl_1102.jpg,Training,512,512,116,116,116
data/brain_mri(clean_dataset)\train\glioma\glioma_00096.jpg,train,glioma,Training/glioma/Tr-gl_1103.jpg,Training,512,512,117,117,117
data/brain_mri(clean_dataset)\train\glioma\glioma_00097.jpg,train,glioma,Training/glioma/Tr-gl_1104.jpg,Training,512,512,118,118,118
data/brain_mri(clean_dataset)\test\glioma\glioma_00098.jpg,test,glioma,Training/glioma/Tr-gl_1105.jpg,Training,512,512,119,119,119
data/brain_mri(clean_dataset)\valid\glioma\glioma_00099.jpg,valid,glioma,Training/glioma/Tr-gl_1106.jpg,Training,512,512,120,120,120
data/brain_mri(clean_dataset)\valid\glioma\glioma_00100.jpg,valid,glioma,Training/glioma/Tr-gl_1107.jpg,Training,512,512,121,121,121
data/brain_mri(clean_dataset)\valid\glioma\glioma_00101.jpg,valid,glioma,Training/glioma/Tr-gl_1108.jpg,Training,512,512,122,1084,5891
data/brain_mri(clean_dataset)\train\glioma\glioma_00102.jpg,train,glioma,Training/glioma/Tr-gl_1109.jpg,Training,512,512,123,123,123
data/brain_mri(clean_dataset)\train\glioma\glioma_00103.jpg,train,glioma,Training/glioma/Tr-gl_111.jpg,Training,512,512,124,124,124
data/brain_mri(clean_dataset)\train\glioma\glioma_00104.jpg,train,glioma,Training/glioma/Tr-gl_1110.jpg,Training,512,512,301,301,1329
data/brain_mri(clean_dataset)\valid\glioma\glioma_00105.jpg,valid,glioma,Training/glioma/Tr-gl_1111.jpg,Training,512,512,126,126,126
data/brain_mri(clean_dataset)\train\glioma\glioma_00106.jpg,train,glioma,Training/glioma/Tr-gl_1112.jpg,Training,512,512,127,127,127
data/brain_mri(clean_dataset)\train\glioma\glioma_00107.jpg,train,glioma,Training/glioma/Tr-gl_1113.jpg,Training,512,512,128,128,6294
data/brain_mri(clean_dataset)\test\glioma\glioma_00108.jpg,test,glioma,Training/glioma/Tr-gl_1114.jpg,Training,512,512,129,129,129
data/brain_mri(clean_dataset)\train\glioma\glioma_00109.jpg,train,glioma,Training/glioma/Tr-gl_1115.jpg,Training,512,512,1066,1066,1066
data/brain_mri(clean_dataset)\train\glioma\glioma_00110.jpg,train,glioma,Training/glioma/Tr-gl_1116.jpg,Training,512,512,131,131,131
data/brain_mri(clean_dataset)\valid\glioma\glioma_00111.jpg,valid,glioma,Training/glioma/Tr-gl_1117.jpg,Training,512,512,132,132,132
data/brain_mri(clean_dataset)\test\glioma\glioma_00112.jpg,test,glioma,Training/glioma/Tr-gl_1118.jpg,Training,512,512,133,133,133
data/brain_mri(clean_dataset)\test\glioma\glioma_00113.jpg,test,glioma,Training/glioma/Tr-gl_112.jpg,Training,512,512,135,135,1331
data/brain_mri(clean_dataset)\train\glioma\glioma_00114.jpg,train,glioma,Training/glioma/Tr-gl_1120.jpg,Training,512,512,136,136,136
data/brain_mri(clean_dataset)\train\glioma\glioma_00115.jpg,train,glioma,Training/glioma/Tr-gl_1121.jpg,Training,512,512,137,137,137
data/brain_mri(clean_dataset)\train\glioma\glioma_00116.jpg,train,glioma,Training/glioma/Tr-gl_1122.jpg,Training,512,512,138,138,138
data/brain_mri(clean_dataset)\train\glioma\glioma_00117.jpg,train,glioma,Training/glioma/Tr-gl_1123.jpg,Training,512,512,477,477,477
data/brain_mri(clean_dataset)\train\glioma\glioma_00118.jpg,train,glioma,Training/glioma/Tr-gl_1124.jpg,Training,512,512,140,140,962
data/brain_mri(clean_dataset)\train\glioma\glioma_00119.jpg,train,glioma,Training/glioma/Tr-gl_1125.jpg,Training,512,512,141,419,1179
data/brain_mri(clean_dataset)\test\glioma\glioma_00120.jpg,test,glioma,Training/glioma/Tr-gl_1127.jpg,Training,512,512,143,143,143
data/brain_mri(clean_dataset)\valid\glioma\glioma_00121.jpg,valid,glioma,Training/glioma/Tr-gl_1128.jpg,Training,512,512,429,429,429
data/brain_mri(clean_dataset)\valid\glioma\glioma_00122.jpg,valid,glioma,Training/glioma/Tr-gl_1129.jpg,Training,512,512,145,145,145
data/brain_mri(clean_dataset)\valid\glioma\glioma_00123.jpg,valid,glioma,Training/glioma/Tr-gl_1130.jpg,Training,512,512,954,954,954
data/brain_mri(clean_dataset)\valid\glioma\glioma_00124.jpg,valid,glioma,Training/glioma/Tr-gl_1132.jpg,Training,512,512,149,718,5948
data/brain_mri(clean_dataset)\test\glioma\glioma_00125.jpg,test,glioma,Training/glioma/Tr-gl_1134.jpg,Training,512,512,5698,5698,5698
data/brain_mri(clean_dataset)\train\glioma\glioma_00126.jpg,train,glioma,Training/glioma/Tr-gl_1137.jpg,Training,512,512,154,154,154
data/brain_mri(clean_dataset)\train\glioma\glioma_00127.jpg,train,glioma,Training/glioma/Tr-gl_1138.jpg,Training,512,512,5926,5926,1258
data/brain_mri(clean_dataset)\test\glioma\glioma_00128.jpg,test,glioma,Training/glioma/Tr-gl_1139.jpg,Training,512,512,156,156,156
data/brain_mri(clean_dataset)\valid\glioma\glioma_00129.jpg,valid,glioma,Training/glioma/Tr-gl_114.jpg,Training,512,512,157,157,157
data/brain_mri(clean_dataset)\train\glioma\glioma_00130.jpg,train,glioma,Training/glioma/Tr-gl_1140.jpg,Training,512,512,158,158,158
data/brain_mri(clean_dataset)\train\glioma\glioma_00131.jpg,train,glioma,Training/glioma/Tr-gl_1141.jpg,Training,512,512,159,1098,6294
data/brain_mri(clean_dataset)\train\glioma\glioma_00132.jpg,train,glioma,Training/glioma/Tr-gl_1142.jpg,Training,512,512,160,160,160
data/brain_mri(clean_dataset)\train\glioma\glioma_00133.jpg,train,glioma,Training/glioma/Tr-gl_1143.jpg,Training,512,512,161,161,161
data/brain_mri(clean_dataset)\valid\glioma\glioma_00134.jpg,valid,glioma,Training/glioma/Tr-gl_1144.jpg,Training,512,512,873,873,5874
data/brain_mri(clean_dataset)\train\glioma\glioma_00135.jpg,train,glioma,Training/glioma/Tr-gl_1145.jpg,Training,512,512,163,163,163
data/brain_mri(clean_dataset)\train\glioma\glioma_00136.jpg,train,glioma,Training/glioma/Tr-gl_1146.jpg,Training,512,512,164,164,1073
data/brain_mri(clean_dataset)\test\glioma\glioma_00137.jpg,test,glioma,Training/glioma/Tr-gl_1147.jpg,Training,512,512,938,938,938
data/brain_mri(clean_dataset)\train\glioma\glioma_00138.jpg,train,glioma,Training/glioma/Tr-gl_1148.jpg,Training,512,512,166,166,166
data/brain_mri(clean_dataset)\train\glioma\glioma_00139.jpg,train,glioma,Training/glioma/Tr-gl_1149.jpg,Training,512,512,167,167,167
data/brain_mri(clean_dataset)\test\glioma\glioma_00140.jpg,test,glioma,Training/glioma/Tr-gl_115.jpg,Training,512,512,5757,5757,5757
data/brain_mri(clean_dataset)\train\glioma\glioma_00141.jpg,train,glioma,Training/glioma/Tr-gl_1150.jpg,Training,512,512,169,169,169
data/brain_mri(clean_dataset)\train\glioma\glioma_00142.jpg,train,glioma,Training/glioma/Tr-gl_1151.jpg,Training,512,512,5957,5957,1290
data/brain_mri(clean_dataset)\train\glioma\glioma_00143.jpg,train,glioma,Training/glioma/Tr-gl_1152.jpg,Training,512,512,171,171,171
data/brain_mri(clean_dataset)\train\glioma\glioma_00144.jpg,train,glioma,Training/glioma/Tr-gl_1153.jpg,Training,512,512,172,172,5986
data/brain_mri(clean_dataset)\train\glioma\glioma_00145.jpg,train,glioma,Training/glioma/Tr-gl_1154.jpg,Training,512,512,173,173,1258
data/brain_mri(clean_dataset)\train\glioma\glioma_00146.jpg,train,glioma,Training/glioma/Tr-gl_1156.jpg,Training,512,512,175,175,5958
data/brain_mri(clean_dataset)\train\glioma\glioma_00147.jpg,train,glioma,Training/glioma/Tr-gl_1157.jpg,Training,512,512,176,176,6294
data/brain_mri(clean_dataset)\train\glioma\glioma_00148.jpg,train,glioma,Training/glioma/Tr-gl_1158.jpg,Training,512,512,177,177,177
data/brain_mri(clean_dataset)\train\glioma\glioma_00149.jpg,train,glioma,Training/glioma/Tr-gl_1159.jpg,Training,512,512,178,178,178
data/brain_mri(clean_dataset)\valid\glioma\glioma_00150.jpg,valid,glioma,Training/glioma/Tr-gl_116.jpg,Training,512,512,179,179,179
data/brain_mri(clean_dataset)\train\glioma\glioma_00151.jpg,train,glioma,Training/glioma/Tr-gl_1160.jpg,Training,512,512,180,180,631
data/brain_mri(clean_dataset)\train\glioma\glioma_00152.jpg,train,glioma,Training/glioma/Tr-gl_1161.jpg,Training,512,512,181,181,181
data/brain_mri(clean_dataset)\train\glioma\glioma_00153.jpg,train,glioma,Training/glioma/Tr-gl_1162.jpg,Training,512,512,182,182,1371
data/brain_mri(clean_dataset)\train\glioma\glioma_00154.jpg,train,glioma,Training/glioma/Tr-gl_1163.jpg,Training,512,512,183,183,183
data/brain_mri(clean_dataset)\test\glioma\glioma_00155.jpg,test,glioma,Training/glioma/Tr-gl_1164.jpg,Training,512,512,184,1242,636
data/brain_mri(clean_dataset)\train\glioma\glioma_00156.jpg,train,glioma,Training/glioma/Tr-gl_1165.jpg,Training,512,512,759,759,759
data/brain_mri(clean_dataset)\train\glioma\glioma_00157.jpg,train,glioma,Training/glioma/Tr-gl_1166.jpg,Training,512,512,186,803,803
data/brain_mri(clean_dataset)\train\glioma\glioma_00158.jpg,train,glioma,Training/glioma/Tr-gl_1167.jpg,Training,512,512,187,187,187
data/brain_mri(clean_dataset)\train\glioma\glioma_00159.jpg,train,glioma,Training/glioma/Tr-gl_1168.jpg,Training,512,512,1020,1020,5819
data/brain_mri(clean_dataset)\valid\glioma\glioma_00160.jpg,valid,glioma,Training/glioma/Tr-gl_1169.jpg,Training,512,512,189,189,189
data/brain_mri(clean_dataset)\train\glioma\glioma_00161.jpg,train,glioma,Training/glioma/Tr-gl_117.jpg,Training,512,512,190,190,6294
data/brain_mri(clean_dataset)\valid\glioma\glioma_00162.jpg,valid,glioma,Training/glioma/Tr-gl_1170.jpg,Training,512,512,5874,5874,5874
data/brain_mri(clean_dataset)\train\glioma\glioma_00163.jpg,train,glioma,Training/glioma/Tr-gl_1171.jpg,Training,512,512,192,192,6294
data/brain_mri(clean_dataset)\test\glioma\glioma_00164.jpg,test,glioma,Training/glioma/Tr-gl_1172.jpg,Training,512,512,193,193,193
data/brain_mri(clean_dataset)\test\glioma\glioma_00165.jpg,test,glioma,Training/glioma/Tr-gl_1173.jpg,Training,512,512,194,194,194
data/brain_mri(clean_dataset)\train\glioma\glioma_00166.jpg,train,glioma,Training/glioma/Tr-gl_1174.jpg,Training,512,512,445,445,445
data/brain_mri(clean_dataset)\train\glioma\glioma_00167.jpg,train,glioma,Training/glioma/Tr-gl_1176.jpg,Training,512,512,964,964,964
data/brain_mri(clean_dataset)\valid\glioma\glioma_00168.jpg,valid,glioma,Training/glioma/Tr-gl_1177.jpg,Training,512,512,198,198,198
data/brain_mri(clean_dataset)\valid\glioma\glioma_00169.jpg,valid,glioma,Training/glioma/Tr-gl_1178.jpg,Training,512,512,199,199,199
data/brain_mri(clean_dataset)\train\glioma\glioma_00170.jpg,train,glioma,Training/glioma/Tr-gl_1179.jpg,Training,512,512,200,200,200
data/brain_mri(clean_dataset)\valid\glioma\glioma_00171.jpg,valid,glioma,Training/glioma/Tr-gl_118.jpg,Training,512,512,201,201,201
data/brain_mri(clean_dataset)\train\glioma\glioma_00172.jpg,train,glioma,Training/glioma/Tr-gl_1180.jpg,Training,512,512,202,202,202
data/brain_mri(clean_dataset)\train\glioma\glioma_00173.jpg,train,glioma,Training/glioma/Tr-gl_1181.jpg,Training,512,512,203,203,203
data/brain_mri(clean_dataset)\train\glioma\glioma_00174.jpg,train,glioma,Training/glioma/Tr-gl_1182.jpg,Training,512,512,204,204,204
data/brain_mri(clean_dataset)\train\glioma\glioma_00175.jpg,train,glioma,Training/glioma/Tr-gl_1183.jpg,Training,512,512,205,205,6294
data/brain_mri(clean_dataset)\train\glioma\glioma_00176.jpg,train,glioma,Training/glioma/Tr-gl_1184.jpg,Training,512,512,206,206,206
data/brain_mri(clean_dataset)\train\glioma\glioma_00177.jpg,train,glioma,Training/glioma/Tr-gl_1187.jpg,Training,512,512,209,209,5918
data/brain_mri(clean_dataset)\train\glioma\glioma_00178.jpg,train,glioma,Training/glioma/Tr-gl_1188.jpg,Training,512,512,210,210,210
data/brain_mri(clean_dataset)\train\glioma\glioma_00179.jpg,train,glioma,Training/glioma/Tr-gl_1189.jpg,Training,512,512,211,1393,2745
data/brain_mri(clean_dataset)\train\glioma\glioma_00180.jpg,train,glioma,Training/glioma/Tr-gl_1190.jpg,Training,512,512,213,213,5911
data/brain_mri(clean_dataset)\train\glioma\glioma_00181.jpg,train,glioma,Training/glioma/Tr-gl_1191.jpg,Training,512,512,214,214,214
data/brain_mri(clean_dataset)\valid\glioma\glioma_00182.jpg,valid,glioma,Training/glioma/Tr-gl_1192.jpg,Training,512,512,215,215,215
data/brain_mri(clean_dataset)\train\glioma\glioma_00183.jpg,train,glioma,Training/glioma/Tr-gl_1193.jpg,Training,512,512,216,216,216
data/brain_mri(clean_dataset)\train\glioma\glioma_00184.jpg,train,glioma,Training/glioma/Tr-gl_1195.jpg,Training,512,512,218,218,1249
data/brain_mri(clean_dataset)\valid\glioma\glioma_00185.jpg,valid,glioma,Training/glioma/Tr-gl_1196.jpg,Training,512,512,219,219,420
data/brain_mri(clean_dataset)\train\glioma\glioma_00186.jpg,train,glioma,Training/glioma/Tr-gl_1198.jpg,Training,512,512,221,221,221
data/brain_mri(clean_dataset)\valid\glioma\glioma_00187.jpg,valid,glioma,Training/glioma/Tr-gl_1199.jpg,Training,512,512,222,222,222
data/brain_mri(clean_dataset)\train\glioma\glioma_00188.jpg,train,glioma,Training/glioma/Tr-gl_12.jpg,Training,512,512,223,223,925
data/brain_mri(clean_dataset)\train\glioma\glioma_00189.jpg,train,glioma,Training/glioma/Tr-gl_120.jpg,Training,512,512,224,224,224
data/brain_mri(clean_dataset)\test\glioma\glioma_00190.jpg,test,glioma,Training/glioma/Tr-gl_1201.jpg,Training,512,512,226,226,226
data/brain_mri(clean_dataset)\valid\glioma\glioma_00191.jpg,valid,glioma,Training/glioma/Tr-gl_1202.jpg,Training,512,512,227,227,227
data/brain_mri(clean_dataset)\test\glioma\glioma_00192.jpg,test,glioma,Training/glioma/Tr-gl_1203.jpg,Training,512,512,228,228,228
data/brain_mri(clean_dataset)\train\glioma\glioma_00193.jpg,train,glioma,Training/glioma/Tr-gl_1204.jpg,Training,512,512,1243,1243,1243
data/brain_mri(clean_dataset)\train\glioma\glioma_00194.jpg,train,glioma,Training/glioma/Tr-gl_1206.jpg,Training,512,512,231,231,231
data/brain_mri(clean_dataset)\train\glioma\glioma_00195.jpg,train,glioma,Training/glioma/Tr-gl_1208.jpg,Training,512,512,233,233,6294
data/brain_mri(clean_dataset)\valid\glioma\glioma_00196.jpg,valid,glioma,Training/glioma/Tr-gl_1209.jpg,Training,512,512,595,595,595
data/brain_mri(clean_dataset)\test\glioma\glioma_00197.jpg,test,glioma,Training/glioma/Tr-gl_121.jpg,Training,512,512,235,235,636
data/brain_mri(clean_dataset)\train\glioma\glioma_00198.jpg,train,glioma,Training/glioma/Tr-gl_1210.jpg,Training,512,512,236,236,5897
data/brain_mri(clean_dataset)\train\glioma\glioma_00199.jpg,train,glioma,Training/glioma/Tr-gl_1211.jpg,Training,512,512,237,237,6294
data/brain_mri(clean_dataset)\train\glioma\glioma_00200.jpg,train,glioma,Training/glioma/Tr-gl_1212.jpg,Training,512,512,238,238,238
data/brain_mri(clean_dataset)\train\glioma\glioma_00201.jpg,train,glioma,Training/glioma/Tr-gl_1213.jpg,Training,512,512,239,239,6294
data/brain_mri(clean_dataset)\train\glioma\glioma_00202.jpg,train,glioma,Training/glioma/Tr-gl_1214.jpg,Training,512,512,240,240,6294
data/brain_mri(clean_dataset)\train\glioma\glioma_00203.jpg,train,glioma,Training/glioma/Tr-gl_1215.jpg,Training,512,512,621,621,782
data/brain_mri(clean_dataset)\train\glioma\glioma_00204.jpg,train,glioma,Training/glioma/Tr-gl_1216.jpg,Training,512,512,242,242,242
data/brain_mri(clean_dataset)\train\glioma\glioma_00205.jpg,train,glioma,Training/glioma/Tr-gl_1217.jpg,Training,512,512,243,243,5918
data/brain_mri(clean_dataset)\train\glioma\glioma_00206.jpg,train,glioma,Training/glioma/Tr-gl_1219.jpg,Training,512,512,245,245,245
data/brain_mri(clean_dataset)\train\glioma\glioma_00207.jpg,train,glioma,Training/glioma/Tr-gl_122.jpg,Training,512,512,246,246,246
data/brain_mri(clean_dataset)\test\glioma\glioma_00208.jpg,test,glioma,Training/glioma/Tr-gl_1220.jpg,Training,512,512,247,247,247
data/brain_mri(clean_dataset)\train\glioma\glioma_00209.jpg,train,glioma,Training/glioma/Tr-gl_1221.jpg,Training,512,512,530,530,5935
data/brain_mri(clean_dataset)\train\glioma\glioma_00210.jpg,train,glioma,Training/glioma/Tr-gl_1222.jpg,Training,512,512,249,249,6294
data/brain_mri(clean_dataset)\valid\glioma\glioma_00211.jpg,valid,glioma,Training/glioma/Tr-gl_1224.jpg,Training,512,512,251,251,5867
data/brain_mri(clean_dataset)\valid\glioma\glioma_00212.jpg,valid,glioma,Training/glioma/Tr-gl_1225.jpg,Training,512,512,252,605,1342
data/brain_mri(clean_dataset)\train\glioma\glioma_00213.jpg,train,glioma,Training/glioma/Tr-gl_1226.jpg,Training,512,512,253,253,253
data/brain_mri(clean_dataset)\train\glioma\glioma_00214.jpg,train,glioma,Training/glioma/Tr-gl_1227.jpg,Training,512,512,1207,1207,1207
data/brain_mri(clean_dataset)\valid\glioma\glioma_00215.jpg,valid,glioma,Training/glioma/Tr-gl_1229.jpg,Training,512,512,5882,5882,5882
data/brain_mri(clean_dataset)\train\glioma\glioma_00216.jpg,train,glioma,Training/glioma/Tr-gl_123.jpg,Training,512,512,257,257,257
data/brain_mri(clean_dataset)\valid\glioma\glioma_00217.jpg,valid,glioma,Training/glioma/Tr-gl_1230.jpg,Training,512,512,258,1012,1344
data/brain_mri(clean_dataset)\train\glioma\glioma_00218.jpg,train,glioma,Training/glioma/Tr-gl_1231.jpg,Training,512,512,991,991,1040
data/brain_mri(clean_dataset)\valid\glioma\glioma_00219.jpg,valid,glioma,Training/glioma/Tr-gl_1232.jpg,Training,512,512,260,260,260
data/brain_mri(clean_dataset)\test\glioma\glioma_00220.jpg,test,glioma,Training/glioma/Tr-gl_1233.jpg,Training,512,512,261,261,5872
data/brain_mri(clean_dataset)\test\glioma\glioma_00221.jpg,test,glioma,Training/glioma/Tr-gl_1234.jpg,Training,512,512,262,262,262
data/brain_mri(clean_dataset)\train\glioma\glioma_00222.jpg,train,glioma,Training/glioma/Tr-gl_1236.jpg,Training,512,512,866,866,866
data/brain_mri(clean_dataset)\test\glioma\glioma_00223.jpg,test,glioma,Training/glioma/Tr-gl_1237.jpg,Training,512,512,265,1333,5640
data/brain_mri(clean_dataset)\train\glioma\glioma_00224.jpg,train,glioma,Training/glioma/Tr-gl_1238.jpg,Training,512,512,1117,1117,1290
data/brain_mri(clean_dataset)\train\glioma\glioma_00225.jpg,train,glioma,Training/glioma/Tr-gl_1239.jpg,Training,512,512,267,267,267
data/brain_mri(clean_dataset)\train\glioma\glioma_00226.jpg,train,glioma,Training/glioma/Tr-gl_124.jpg,Training,512,512,268,268,268
data/brain_mri(clean_dataset)\train\glioma\glioma_00227.jpg,train,glioma,Training/glioma/Tr-gl_1241.jpg,Training,512,512,270,270,6294
data/brain_mri(clean_dataset)\train\glioma\glioma_00228.jpg,train,glioma,Training/glioma/Tr-gl_1243.jpg,Training,512,512,874,874,874
data/brain_mri(clean_dataset)\train\glioma\glioma_00229.jpg,train,glioma,Training/glioma/Tr-gl_1245.jpg,Training,512,512,274,274,274
data/brain_mri(clean_dataset)\train\glioma\glioma_00230.jpg,train,glioma,Training/glioma/Tr-gl_1246.jpg,Training,512,512,275,275,6294
data/brain_mri(clean_dataset)\train\glioma\glioma_00231.jpg,train,glioma,Training/glioma/Tr-gl_1247.jpg,Training,512,512,276,276,276
data/brain_mri(clean_dataset)\train\glioma\glioma_00232.jpg,train,glioma,Training/glioma/Tr-gl_1248.jpg,Training,512,512,277,277,277
data/brain_mri(clean_dataset)\valid\glioma\glioma_00233.jpg,valid,glioma,Training/glioma/Tr-gl_1249.jpg,Training,512,512,278,278,278
data/brain_mri(clean_dataset)\valid\glioma\glioma_00234.jpg,valid,glioma,Training/glioma/Tr-gl_125.jpg,Training,512,512,279,1084,5891
data/brain_mri(clean_dataset)\train\glioma\glioma_00235.jpg,train,glioma,Training/glioma/Tr-gl_1250.jpg,Training,512,512,280,280,525
data/brain_mri(clean_dataset)\train\glioma\glioma_00236.jpg,train,glioma,Training/glioma/Tr-gl_1251.jpg,Training,512,512,281,281,281
data/brain_mri(clean_dataset)\test\glioma\glioma_00237.jpg,test,glioma,Training/glioma/Tr-gl_1252.jpg,Training,512,512,282,282,5640
data/brain_mri(clean_dataset)\train\glioma\glioma_00238.jpg,train,glioma,Training/glioma/Tr-gl_1253.jpg,Training,512,512,283,283,283
data/brain_mri(clean_dataset)\train\glioma\glioma_00239.jpg,train,glioma,Training/glioma/Tr-gl_1254.jpg,Training,512,512,606,606,1179
data/brain_mri(clean_dataset)\train\glioma\glioma_00240.jpg,train,glioma,Training/glioma/Tr-gl_1255.jpg,Training,512,512,596,596,878
data/brain_mri(clean_dataset)\train\glioma\glioma_00241.jpg,train,glioma,Training/glioma/Tr-gl_1256.jpg,Training,512,512,858,858,5734
data/brain_mri(clean_dataset)\train\glioma\glioma_00242.jpg,train,glioma,Training/glioma/Tr-gl_1257.jpg,Training,512,512,504,504,504
data/brain_mri(clean_dataset)\train\glioma\glioma_00243.jpg,train,glioma,Training/glioma/Tr-gl_1258.jpg,Training,512,512,688,688,832
data/brain_mri(clean_dataset)\train\glioma\glioma_00244.jpg,train,glioma,Training/glioma/Tr-gl_1259.jpg,Training,512,512,289,289,2745
data/brain_mri(clean_dataset)\train\glioma\glioma_00245.jpg,train,glioma,Training/glioma/Tr-gl_126.jpg,Training,512,512,290,290,1258
data/brain_mri(clean_dataset)\train\glioma\glioma_00246.jpg,train,glioma,Training/glioma/Tr-gl_1260.jpg,Training,512,512,291,291,291
data/brain_mri(clean_dataset)\valid\glioma\glioma_00247.jpg,valid,glioma,Training/glioma/Tr-gl_1261.jpg,Training,512,512,292,292,292
data/brain_mri(clean_dataset)\train\glioma\glioma_00248.jpg,train,glioma,Training/glioma/Tr-gl_1262.jpg,Training,512,512,293,293,293
data/brain_mri(clean_dataset)\test\glioma\glioma_00249.jpg,test,glioma,Training/glioma/Tr-gl_1263.jpg,Training,512,512,294,294,294
data/brain_mri(clean_dataset)\train\glioma\glioma_00250.jpg,train,glioma,Training/glioma/Tr-gl_1264.jpg,Training,512,512,295,295,5941
data/brain_mri(clean_dataset)\train\glioma\glioma_00251.jpg,train,glioma,Training/glioma/Tr-gl_1266.jpg,Training,512,512,5705,5705,5705
data/brain_mri(clean_dataset)\valid\glioma\glioma_00252.jpg,valid,glioma,Training/glioma/Tr-gl_1267.jpg,Training,512,512,298,298,298
data/brain_mri(clean_dataset)\train\glioma\glioma_00253.jpg,train,glioma,Training/glioma/Tr-gl_1268.jpg,Training,512,512,299,299,299
data/brain_mri(clean_dataset)\train\glioma\glioma_00254.jpg,train,glioma,Training/glioma/Tr-gl_1269.jpg,Training,512,512,300,300,525
data/brain_mri(clean_dataset)\train\glioma\glioma_00255.jpg,train,glioma,Training/glioma/Tr-gl_1270.jpg,Training,512,512,302,302,1171
data/brain_mri(clean_dataset)\test\glioma\glioma_00256.jpg,test,glioma,Training/glioma/Tr-gl_1272.jpg,Training,512,512,304,304,5982
data/brain_mri(clean_dataset)\valid\glioma\glioma_00257.jpg,valid,glioma,Training/glioma/Tr-gl_1273.jpg,Training,512,512,1294,1294,1294
data/brain_mri(clean_dataset)\train\glioma\glioma_00258.jpg,train,glioma,Training/glioma/Tr-gl_1274.jpg,Training,512,512,306,306,6294
data/brain_mri(clean_dataset)\train\glioma\glioma_00259.jpg,train,glioma,Training/glioma/Tr-gl_1275.jpg,Training,512,512,413,413,6294
data/brain_mri(clean_dataset)\train\glioma\glioma_00260.jpg,train,glioma,Training/glioma/Tr-gl_1276.jpg,Training,512,512,913,913,913
data/brain_mri(clean_dataset)\train\glioma\glioma_00261.jpg,train,glioma,Training/glioma/Tr-gl_1277.jpg,Training,512,512,5769,5769,5769
data/brain_mri(clean_dataset)\train\glioma\glioma_00262.jpg,train,glioma,Training/glioma/Tr-gl_1278.jpg,Training,512,512,310,310,5966
data/brain_mri(clean_dataset)\train\glioma\glioma_00263.jpg,train,glioma,Training/glioma/Tr-gl_128.jpg,Training,512,512,832,832,832
data/brain_mri(clean_dataset)\test\glioma\glioma_00264.jpg,test,glioma,Training/glioma/Tr-gl_1280.jpg,Training,512,512,313,1333,5640
data/brain_mri(clean_dataset)\train\glioma\glioma_00265.jpg,train,glioma,Training/glioma/Tr-gl_1281.jpg,Training,512,512,314,314,314
data/brain_mri(clean_dataset)\train\glioma\glioma_00266.jpg,train,glioma,Training/glioma/Tr-gl_1282.jpg,Training,512,512,1015,1015,5945
data/brain_mri(clean_dataset)\test\glioma\glioma_00267.jpg,test,glioma,Training/glioma/Tr-gl_1283.jpg,Training,512,512,316,316,1051
data/brain_mri(clean_dataset)\train\glioma\glioma_00268.jpg,train,glioma,Training/glioma/Tr-gl_1284.jpg,Training,512,512,317,317,5661
data/brain_mri(clean_dataset)\train\glioma\glioma_00269.jpg,train,glioma,Training/glioma/Tr-gl_1285.jpg,Training,512,512,318,318,5933
data/brain_mri(clean_dataset)\train\glioma\glioma_00270.jpg,train,glioma,Training/glioma/Tr-gl_1286.jpg,Training,512,512,319,319,319
data/brain_mri(clean_dataset)\train\glioma\glioma_00271.jpg,train,glioma,Training/glioma/Tr-gl_1287.jpg,Training,512,512,320,320,320
data/brain_mri(clean_dataset)\valid\glioma\glioma_00272.jpg,valid,glioma,Training/glioma/Tr-gl_1288.jpg,Training,512,512,321,321,321
data/brain_mri(clean_dataset)\train\glioma\glioma_00273.jpg,train,glioma,Training/glioma/Tr-gl_1289.jpg,Training,512,512,322,322,322
data/brain_mri(clean_dataset)\test\glioma\glioma_00274.jpg,test,glioma,Training/glioma/Tr-gl_129.jpg,Training,512,512,961,961,961
data/brain_mri(clean_dataset)\valid\glioma\glioma_00275.jpg,valid,glioma,Training/glioma/Tr-gl_1290.jpg,Training,512,512,324,324,324
data/brain_mri(clean_dataset)\train\glioma\glioma_00276.jpg,train,glioma,Training/glioma/Tr-gl_1291.jpg,Training,512,512,325,325,6294
data/brain_mri(clean_dataset)\valid\glioma\glioma_00277.jpg,valid,glioma,Training/glioma/Tr-gl_1292.jpg,Training,512,512,326,326,326
data/brain_mri(clean_dataset)\train\glioma\glioma_00278.jpg,train,glioma,Training/glioma/Tr-gl_1293.jpg,Training,512,512,327,327,525
data/brain_mri(clean_dataset)\train\glioma\glioma_00279.jpg,train,glioma,Training/glioma/Tr-gl_1294.jpg,Training,512,512,328,328,328
data/brain_mri(clean_dataset)\train\glioma\glioma_00280.jpg,train,glioma,Training/glioma/Tr-gl_1296.jpg,Training,512,512,330,330,6294
data/brain_mri(clean_dataset)\train\glioma\glioma_00281.jpg,train,glioma,Training/glioma/Tr-gl_1297.jpg,Training,512,512,1372,1372,1372
data/brain_mri(clean_dataset)\train\glioma\glioma_00282.jpg,train,glioma,Training/glioma/Tr-gl_1298.jpg,Training,512,512,332,332,332
data/brain_mri(clean_dataset)\train\glioma\glioma_00283.jpg,train,glioma,Training/glioma/Tr-gl_13.jpg,Training,512,512,334,334,6294
data/brain_mri(clean_dataset)\train\glioma\glioma_00284.jpg,train,glioma,Training/glioma/Tr-gl_130.jpg,Training,512,512,335,335,335
data/brain_mri(clean_dataset)\test\glioma\glioma_00285.jpg,test,glioma,Training/glioma/Tr-gl_1300.jpg,Training,512,512,401,1219,5982
data/brain_mri(clean_dataset)\train\glioma\glioma_00286.jpg,train,glioma,Training/glioma/Tr-gl_1301.jpg,Training,512,512,337,337,337
data/brain_mri(clean_dataset)\train\glioma\glioma_00287.jpg,train,glioma,Training/glioma/Tr-gl_1302.jpg,Training,512,512,722,722,722
data/brain_mri(clean_dataset)\train\glioma\glioma_00288.jpg,train,glioma,Training/glioma/Tr-gl_1303.jpg,Training,512,512,339,339,339
data/brain_mri(clean_dataset)\test\glioma\glioma_00289.jpg,test,glioma,Training/glioma/Tr-gl_1305.jpg,Training,512,512,5760,5760,5760
data/brain_mri(clean_dataset)\train\glioma\glioma_00290.jpg,train,glioma,Training/glioma/Tr-gl_1306.jpg,Training,512,512,342,342,6294
data/brain_mri(clean_dataset)\train\glioma\glioma_00291.jpg,train,glioma,Training/glioma/Tr-gl_1307.jpg,Training,512,512,343,1392,1392
data/brain_mri(clean_dataset)\train\glioma\glioma_00292.jpg,train,glioma,Training/glioma/Tr-gl_1308.jpg,Training,512,512,344,344,344
data/brain_mri(clean_dataset)\train\glioma\glioma_00293.jpg,train,glioma,Training/glioma/Tr-gl_1309.jpg,Training,512,512,345,345,6294
data/brain_mri(clean_dataset)\train\glioma\glioma_00294.jpg,train,glioma,Training/glioma/Tr-gl_1310.jpg,Training,512,512,347,347,347
data/brain_mri(clean_dataset)\valid\glioma\glioma_00295.jpg,valid,glioma,Training/glioma/Tr-gl_1312.jpg,Training,512,512,349,349,5861
data/brain_mri(clean_dataset)\train\glioma\glioma_00296.jpg,train,glioma,Training/glioma/Tr-gl_1313.jpg,Training,512,512,350,350,5933
data/brain_mri(clean_dataset)\train\glioma\glioma_00297.jpg,train,glioma,Training/glioma/Tr-gl_1314.jpg,Training,512,512,387,387,5931
data/brain_mri(clean_dataset)\train\glioma\glioma_00298.jpg,train,glioma,Training/glioma/Tr-gl_1315.jpg,Training,512,512,805,805,805
data/brain_mri(clean_dataset)\train\glioma\glioma_00299.jpg,train,glioma,Training/glioma/Tr-gl_1316.jpg,Training,512,512,353,353,353
data/brain_mri(clean_dataset)\test\glioma\glioma_00300.jpg,test,glioma,Training/glioma/Tr-gl_1317.jpg,Training,512,512,354,354,636
data/brain_mri(clean_dataset)\train\glioma\glioma_00301.jpg,train,glioma,Training/glioma/Tr-gl_1319.jpg,Training,512,512,356,356,1389
data/brain_mri(clean_dataset)\train\glioma\glioma_00302.jpg,train,glioma,Training/glioma/Tr-gl_132.jpg,Training,512,512,357,357,5724
data/brain_mri(clean_dataset)\valid\glioma\glioma_00303.jpg,valid,glioma,Training/glioma/Tr-gl_1320.jpg,Training,512,512,358,358,1074
data/brain_mri(clean_dataset)\valid\glioma\glioma_00304.jpg,valid,glioma,Training/glioma/Tr-gl_1321.jpg,Training,512,512,359,359,359
data/brain_mri(clean_dataset)\valid\glioma\glioma_00305.jpg,valid,glioma,Training/glioma/Tr-gl_1322.jpg,Training,512,512,360,360,360
data/brain_mri(clean_dataset)\train\glioma\glioma_00306.jpg,train,glioma,Training/glioma/Tr-gl_1323.jpg,Training,512,512,1368,1368,5626
data/brain_mri(clean_dataset)\test\glioma\glioma_00307.jpg,test,glioma,Training/glioma/Tr-gl_1324.jpg,Training,512,512,1138,1138,1138
data/brain_mri(clean_dataset)\train\glioma\glioma_00308.jpg,train,glioma,Training/glioma/Tr-gl_1325.jpg,Training,512,512,363,363,2745
data/brain_mri(clean_dataset)\valid\glioma\glioma_00309.jpg,valid,glioma,Training/glioma/Tr-gl_1326.jpg,Training,512,512,364,364,364
data/brain_mri(clean_dataset)\valid\glioma\glioma_00310.jpg,valid,glioma,Training/glioma/Tr-gl_1327.jpg,Training,512,512,365,365,365
data/brain_mri(clean_dataset)\train\glioma\glioma_00311.jpg,train,glioma,Training/glioma/Tr-gl_1328.jpg,Training,512,512,366,366,1371
data/brain_mri(clean_dataset)\valid\glioma\glioma_00312.jpg,valid,glioma,Training/glioma/Tr-gl_1329.jpg,Training,512,512,367,367,367
data/brain_mri(clean_dataset)\train\glioma\glioma_00313.jpg,train,glioma,Training/glioma/Tr-gl_133.jpg,Training,512,512,5844,5844,5844
data/brain_mri(clean_dataset)\valid\glioma\glioma_00314.jpg,valid,glioma,Training/glioma/Tr-gl_1330.jpg,Training,512,512,369,369,369
data/brain_mri(clean_dataset)\train\glioma\glioma_00315.jpg,train,glioma,Training/glioma/Tr-gl_1331.jpg,Training,512,512,370,370,370
data/brain_mri(clean_dataset)\train\glioma\glioma_00316.jpg,train,glioma,Training/glioma/Tr-gl_1332.jpg,Training,512,512,371,371,371
data/brain_mri(clean_dataset)\train\glioma\glioma_00317.jpg,train,glioma,Training/glioma/Tr-gl_1333.jpg,Training,512,512,372,372,5647
data/brain_mri(clean_dataset)\train\glioma\glioma_00318.jpg,train,glioma,Training/glioma/Tr-gl_1334.jpg,Training,512,512,373,5647,5647
data/brain_mri(clean_dataset)\train\glioma\glioma_00319.jpg,train,glioma,Training/glioma/Tr-gl_1337.jpg,Training,512,512,376,376,376
data/brain_mri(clean_dataset)\train\glioma\glioma_00320.jpg,train,glioma,Training/glioma/Tr-gl_1338.jpg,Training,512,512,377,377,377
data/brain_mri(clean_dataset)\train\glioma\glioma_00321.jpg,train,glioma,Training/glioma/Tr-gl_1339.jpg,Training,512,512,378,378,6294
data/brain_mri(clean_dataset)\valid\glioma\glioma_00322.jpg,valid,glioma,Training/glioma/Tr-gl_134.jpg,Training,512,512,560,560,5902
data/brain_mri(clean_dataset)\train\glioma\glioma_00323.jpg,train,glioma,Training/glioma/Tr-gl_1340.jpg,Training,512,512,380,380,1259
data/brain_mri(clean_dataset)\train\glioma\glioma_00324.jpg,train,glioma,Training/glioma/Tr-gl_1341.jpg,Training,512,512,381,381,381
data/brain_mri(clean_dataset)\train\glioma\glioma_00325.jpg,train,glioma,Training/glioma/Tr-gl_1342.jpg,Training,512,512,518,518,6294
data/brain_mri(clean_dataset)\train\glioma\glioma_00326.jpg,train,glioma,Training/glioma/Tr-gl_1343.jpg,Training,512,512,383,383,962
data/brain_mri(clean_dataset)\test\glioma\glioma_00327.jpg,test,glioma,Training/glioma/Tr-gl_1344.jpg,Training,512,512,5772,5772,5982
data/brain_mri(clean_dataset)\train\glioma\glioma_00328.jpg,train,glioma,Training/glioma/Tr-gl_1345.jpg,Training,512,512,5665,5665,5665
data/brain_mri(clean_dataset)\train\glioma\glioma_00329.jpg,train,glioma,Training/glioma/Tr-gl_1346.jpg,Training,512,512,792,792,792
data/brain_mri(clean_dataset)\train\glioma\glioma_00330.jpg,train,glioma,Training/glioma/Tr-gl_1348.jpg,Training,512,512,838,838,838
data/brain_mri(clean_dataset)\train\glioma\glioma_00331.jpg,train,glioma,Training/glioma/Tr-gl_135.jpg,Training,512,512,390,390,390
data/brain_mri(clean_dataset)\test\glioma\glioma_00332.jpg,test,glioma,Training/glioma/Tr-gl_1350.jpg,Training,512,512,1198,1198,636
data/brain_mri(clean_dataset)\train\glioma\glioma_00333.jpg,train,glioma,Training/glioma/Tr-gl_1351.jpg,Training,512,512,392,392,392
data/brain_mri(clean_dataset)\train\glioma\glioma_00334.jpg,train,glioma,Training/glioma/Tr-gl_1352.jpg,Training,512,512,393,393,1360
data/brain_mri(clean_dataset)\valid\glioma\glioma_00335.jpg,valid,glioma,Training/glioma/Tr-gl_1353.jpg,Training,512,512,394,394,394
data/brain_mri(clean_dataset)\train\glioma\glioma_00336.jpg,train,glioma,Training/glioma/Tr-gl_1354.jpg,Training,512,512,395,395,395
data/brain_mri(clean_dataset)\train\glioma\glioma_00337.jpg,train,glioma,Training/glioma/Tr-gl_1356.jpg,Training,512,512,397,397,397
data/brain_mri(clean_dataset)\train\glioma\glioma_00338.jpg,train,glioma,Training/glioma/Tr-gl_1357.jpg,Training,512,512,398,398,398
data/brain_mri(clean_dataset)\train\glioma\glioma_00339.jpg,train,glioma,Training/glioma/Tr-gl_1358.jpg,Training,512,512,399,399,399
data/brain_mri(clean_dataset)\test\glioma\glioma_00340.jpg,test,glioma,Training/glioma/Tr-gl_1359.jpg,Training,512,512,400,400,400
data/brain_mri(clean_dataset)\valid\glioma\glioma_00341.jpg,valid,glioma,Training/glioma/Tr-gl_1360.jpg,Training,512,512,402,402,402
data/brain_mri(clean_dataset)\valid\glioma\glioma_00342.jpg,valid,glioma,Training/glioma/Tr-gl_1361.jpg,Training,512,512,403,403,806
data/brain_mri(clean_dataset)\valid\glioma\glioma_00343.jpg,valid,glioma,Training/glioma/Tr-gl_1362.jpg,Training,512,512,404,404,404
data/brain_mri(clean_dataset)\train\glioma\glioma_00344.jpg,train,glioma,Training/glioma/Tr-gl_1363.jpg,Training,512,512,405,405,5896
data/brain_mri(clean_dataset)\train\glioma\glioma_00345.jpg,train,glioma,Training/glioma/Tr-gl_1364.jpg,Training,512,512,406,406,5918
data/brain_mri(clean_dataset)\train\glioma\glioma_00346.jpg,train,glioma,Training/glioma/Tr-gl_1365.jpg,Training,512,512,407,407,6294
data/brain_mri(clean_dataset)\train\glioma\glioma_00347.jpg,train,glioma,Training/glioma/Tr-gl_1366.jpg,Training,512,512,756,756,1278
data/brain_mri(clean_dataset)\valid\glioma\glioma_00348.jpg,valid,glioma,Training/glioma/Tr-gl_1367.jpg,Training,512,512,409,1012,1344
data/brain_mri(clean_dataset)\valid\glioma\glioma_00349.jpg,valid,glioma,Training/glioma/Tr-gl_1368.jpg,Training,512,512,410,410,410
data/brain_mri(clean_dataset)\valid\glioma\glioma_00350.jpg,valid,glioma,Training/glioma/Tr-gl_1369.jpg,Training,512,512,411,411,411
data/brain_mri(clean_dataset)\train\glioma\glioma_00351.jpg,train,glioma,Training/glioma/Tr-gl_137.jpg,Training,512,512,5960,5960,1171
data/brain_mri(clean_dataset)\train\glioma\glioma_00352.jpg,train,glioma,Training/glioma/Tr-gl_1371.jpg,Training,512,512,414,414,635
data/brain_mri(clean_dataset)\train\glioma\glioma_00353.jpg,train,glioma,Training/glioma/Tr-gl_1372.jpg,Training,512,512,415,415,415
data/brain_mri(clean_dataset)\valid\glioma\glioma_00354.jpg,valid,glioma,Training/glioma/Tr-gl_1373.jpg,Training,512,512,416,416,416
data/brain_mri(clean_dataset)\train\glioma\glioma_00355.jpg,train,glioma,Training/glioma/Tr-gl_1374.jpg,Training,512,512,417,417,417
data/brain_mri(clean_dataset)\train\glioma\glioma_00356.jpg,train,glioma,Training/glioma/Tr-gl_1376.jpg,Training,512,512,419,419,1179
data/brain_mri(clean_dataset)\valid\glioma\glioma_00357.jpg,valid,glioma,Training/glioma/Tr-gl_1377.jpg,Training,512,512,420,420,420
data/brain_mri(clean_dataset)\train\glioma\glioma_00358.jpg,train,glioma,Training/glioma/Tr-gl_1379.jpg,Training,512,512,422,422,422
data/brain_mri(clean_dataset)\train\glioma\glioma_00359.jpg,train,glioma,Training/glioma/Tr-gl_138.jpg,Training,512,512,423,423,423
data/brain_mri(clean_dataset)\train\glioma\glioma_00360.jpg,train,glioma,Training/glioma/Tr-gl_1380.jpg,Training,512,512,5925,5925,5925
data/brain_mri(clean_dataset)\valid\glioma\glioma_00361.jpg,valid,glioma,Training/glioma/Tr-gl_1381.jpg,Training,512,512,425,425,425
data/brain_mri(clean_dataset)\train\glioma\glioma_00362.jpg,train,glioma,Training/glioma/Tr-gl_1382.jpg,Training,512,512,426,426,426
data/brain_mri(clean_dataset)\train\glioma\glioma_00363.jpg,train,glioma,Training/glioma/Tr-gl_1383.jpg,Training,512,512,427,427,427
data/brain_mri(clean_dataset)\train\glioma\glioma_00364.jpg,train,glioma,Training/glioma/Tr-gl_1384.jpg,Training,512,512,428,428,878
data/brain_mri(clean_dataset)\train\glioma\glioma_00365.jpg,train,glioma,Training/glioma/Tr-gl_1386.jpg,Training,512,512,430,430,430
data/brain_mri(clean_dataset)\train\glioma\glioma_00366.jpg,train,glioma,Training/glioma/Tr-gl_1389.jpg,Training,512,512,433,433,433
data/brain_mri(clean_dataset)\train\glioma\glioma_00367.jpg,train,glioma,Training/glioma/Tr-gl_1390.jpg,Training,512,512,435,435,435
data/brain_mri(clean_dataset)\train\glioma\glioma_00368.jpg,train,glioma,Training/glioma/Tr-gl_1391.jpg,Training,512,512,436,436,436
data/brain_mri(clean_dataset)\test\glioma\glioma_00369.jpg,test,glioma,Training/glioma/Tr-gl_1392.jpg,Training,512,512,437,437,437
data/brain_mri(clean_dataset)\train\glioma\glioma_00370.jpg,train,glioma,Training/glioma/Tr-gl_1393.jpg,Training,512,512,438,438,5848
data/brain_mri(clean_dataset)\train\glioma\glioma_00371.jpg,train,glioma,Training/glioma/Tr-gl_1394.jpg,Training,512,512,439,439,439
data/brain_mri(clean_dataset)\train\glioma\glioma_00372.jpg,train,glioma,Training/glioma/Tr-gl_1395.jpg,Training,512,512,440,440,440
data/brain_mri(clean_dataset)\train\glioma\glioma_00373.jpg,train,glioma,Training/glioma/Tr-gl_1397.jpg,Training,512,512,442,442,525
data/brain_mri(clean_dataset)\test\glioma\glioma_00374.jpg,test,glioma,Training/glioma/Tr-gl_1398.jpg,Training,512,512,443,443,443
data/brain_mri(clean_dataset)\train\glioma\glioma_00375.jpg,train,glioma,Training/glioma/Tr-gl_1399.jpg,Training,512,512,444,444,444
data/brain_mri(clean_dataset)\valid\glioma\glioma_00376.jpg,valid,glioma,Training/glioma/Tr-gl_140.jpg,Training,512,512,446,446,446
data/brain_mri(clean_dataset)\train\glioma\glioma_00377.jpg,train,glioma,Training/glioma/Tr-gl_141.jpg,Training,512,512,448,463,6294
data/brain_mri(clean_dataset)\train\glioma\glioma_00378.jpg,train,glioma,Training/glioma/Tr-gl_142.jpg,Training,512,512,449,449,449
data/brain_mri(clean_dataset)\test\glioma\glioma_00379.jpg,test,glioma,Training/glioma/Tr-gl_143.jpg,Training,512,512,450,450,450
data/brain_mri(clean_dataset)\train\glioma\glioma_00380.jpg,train,glioma,Training/glioma/Tr-gl_144.jpg,Training,512,512,451,451,451
data/brain_mri(clean_dataset)\train\glioma\glioma_00381.jpg,train,glioma,Training/glioma/Tr-gl_145.jpg,Training,512,512,452,452,452
data/brain_mri(clean_dataset)\train\glioma\glioma_00382.jpg,train,glioma,Training/glioma/Tr-gl_146.jpg,Training,512,512,453,453,453
data/brain_mri(clean_dataset)\train\glioma\glioma_00383.jpg,train,glioma,Training/glioma/Tr-gl_148.jpg,Training,512,512,455,455,6294
data/brain_mri(clean_dataset)\train\glioma\glioma_00384.jpg,train,glioma,Training/glioma/Tr-gl_149.jpg,Training,512,512,456,456,456
data/brain_mri(clean_dataset)\train\glioma\glioma_00385.jpg,train,glioma,Training/glioma/Tr-gl_15.jpg,Training,512,512,457,457,5767
data/brain_mri(clean_dataset)\train\glioma\glioma_00386.jpg,train,glioma,Training/glioma/Tr-gl_150.jpg,Training,512,512,458,458,6294
data/brain_mri(clean_dataset)\test\glioma\glioma_00387.jpg,test,glioma,Training/glioma/Tr-gl_151.jpg,Training,512,512,459,459,459
data/brain_mri(clean_dataset)\train\glioma\glioma_00388.jpg,train,glioma,Training/glioma/Tr-gl_152.jpg,Training,512,512,460,460,1265
data/brain_mri(clean_dataset)\test\glioma\glioma_00389.jpg,test,glioma,Training/glioma/Tr-gl_153.jpg,Training,512,512,684,1198,636
data/brain_mri(clean_dataset)\train\glioma\glioma_00390.jpg,train,glioma,Training/glioma/Tr-gl_154.jpg,Training,512,512,462,462,1312
data/brain_mri(clean_dataset)\train\glioma\glioma_00391.jpg,train,glioma,Training/glioma/Tr-gl_155.jpg,Training,512,512,463,463,6294
data/brain_mri(clean_dataset)\train\glioma\glioma_00392.jpg,train,glioma,Training/glioma/Tr-gl_156.jpg,Training,512,512,464,464,464
data/brain_mri(clean_dataset)\test\glioma\glioma_00393.jpg,test,glioma,Training/glioma/Tr-gl_157.jpg,Training,512,512,465,465,5939
data/brain_mri(clean_dataset)\train\glioma\glioma_00394.jpg,train,glioma,Training/glioma/Tr-gl_158.jpg,Training,512,512,466,1144,5966
data/brain_mri(clean_dataset)\train\glioma\glioma_00395.jpg,train,glioma,Training/glioma/Tr-gl_161.jpg,Training,512,512,608,608,608
data/brain_mri(clean_dataset)\train\glioma\glioma_00396.jpg,train,glioma,Training/glioma/Tr-gl_162.jpg,Training,512,512,471,471,803
data/brain_mri(clean_dataset)\train\glioma\glioma_00397.jpg,train,glioma,Training/glioma/Tr-gl_163.jpg,Training,512,512,472,472,1389
data/brain_mri(clean_dataset)\train\glioma\glioma_00398.jpg,train,glioma,Training/glioma/Tr-gl_165.jpg,Training,512,512,474,474,6294
data/brain_mri(clean_dataset)\train\glioma\glioma_00399.jpg,train,glioma,Training/glioma/Tr-gl_166.jpg,Training,512,512,475,475,497
data/brain_mri(clean_dataset)\train\glioma\glioma_00400.jpg,train,glioma,Training/glioma/Tr-gl_167.jpg,Training,512,512,476,476,476
data/brain_mri(clean_dataset)\train\glioma\glioma_00401.jpg,train,glioma,Training/glioma/Tr-gl_17.jpg,Training,512,512,479,479,479
data/brain_mri(clean_dataset)\train\glioma\glioma_00402.jpg,train,glioma,Training/glioma/Tr-gl_170.jpg,Training,512,512,1238,1238,1238
data/brain_mri(clean_dataset)\test\glioma\glioma_00403.jpg,test,glioma,Training/glioma/Tr-gl_171.jpg,Training,512,512,481,481,481
data/brain_mri(clean_dataset)\valid\glioma\glioma_00404.jpg,valid,glioma,Training/glioma/Tr-gl_172.jpg,Training,512,512,1210,1210,1210
data/brain_mri(clean_dataset)\train\glioma\glioma_00405.jpg,train,glioma,Training/glioma/Tr-gl_173.jpg,Training,512,512,483,483,483
data/brain_mri(clean_dataset)\train\glioma\glioma_00406.jpg,train,glioma,Training/glioma/Tr-gl_175.jpg,Training,512,512,485,485,987
data/brain_mri(clean_dataset)\train\glioma\glioma_00407.jpg,train,glioma,Training/glioma/Tr-gl_176.jpg,Training,512,512,486,486,6294
data/brain_mri(clean_dataset)\train\glioma\glioma_00408.jpg,train,glioma,Training/glioma/Tr-gl_177.jpg,Training,512,512,509,509,1265
data/brain_mri(clean_dataset)\train\glioma\glioma_00409.jpg,train,glioma,Training/glioma/Tr-gl_179.jpg,Training,512,512,489,489,489
data/brain_mri(clean_dataset)\train\glioma\glioma_00410.jpg,train,glioma,Training/glioma/Tr-gl_18.jpg,Training,512,512,490,490,1381
data/brain_mri(clean_dataset)\train\glioma\glioma_00411.jpg,train,glioma,Training/glioma/Tr-gl_180.jpg,Training,512,512,491,491,5945
data/brain_mri(clean_dataset)\train\glioma\glioma_00412.jpg,train,glioma,Training/glioma/Tr-gl_181.jpg,Training,512,512,5908,5908,5908
data/brain_mri(clean_dataset)\valid\glioma\glioma_00413.jpg,valid,glioma,Training/glioma/Tr-gl_182.jpg,Training,512,512,493,493,493
data/brain_mri(clean_dataset)\train\glioma\glioma_00414.jpg,train,glioma,Training/glioma/Tr-gl_183.jpg,Training,512,512,494,494,5918
data/brain_mri(clean_dataset)\train\glioma\glioma_00415.jpg,train,glioma,Training/glioma/Tr-gl_184.jpg,Training,512,512,495,495,2745
data/brain_mri(clean_dataset)\train\glioma\glioma_00416.jpg,train,glioma,Training/glioma/Tr-gl_185.jpg,Training,512,512,496,496,496
data/brain_mri(clean_dataset)\train\glioma\glioma_00417.jpg,train,glioma,Training/glioma/Tr-gl_186.jpg,Training,512,512,497,497,497
data/brain_mri(clean_dataset)\test\glioma\glioma_00418.jpg,test,glioma,Training/glioma/Tr-gl_187.jpg,Training,512,512,498,498,498
data/brain_mri(clean_dataset)\train\glioma\glioma_00419.jpg,train,glioma,Training/glioma/Tr-gl_189.jpg,Training,512,512,1045,1045,6294
data/brain_mri(clean_dataset)\test\glioma\glioma_00420.jpg,test,glioma,Training/glioma/Tr-gl_19.jpg,Training,512,512,1266,1266,5982
data/brain_mri(clean_dataset)\train\glioma\glioma_00421.jpg,train,glioma,Training/glioma/Tr-gl_190.jpg,Training,512,512,502,502,502
data/brain_mri(clean_dataset)\valid\glioma\glioma_00422.jpg,valid,glioma,Training/glioma/Tr-gl_191.jpg,Training,512,512,503,503,503
data/brain_mri(clean_dataset)\test\glioma\glioma_00423.jpg,test,glioma,Training/glioma/Tr-gl_193.jpg,Training,512,512,505,505,636
data/brain_mri(clean_dataset)\train\glioma\glioma_00424.jpg,train,glioma,Training/glioma/Tr-gl_194.jpg,Training,512,512,640,640,1224
data/brain_mri(clean_dataset)\test\glioma\glioma_00425.jpg,test,glioma,Training/glioma/Tr-gl_195.jpg,Training,512,512,507,507,5872
data/brain_mri(clean_dataset)\train\glioma\glioma_00426.jpg,train,glioma,Training/glioma/Tr-gl_198.jpg,Training,512,512,510,510,510
data/brain_mri(clean_dataset)\train\glioma\glioma_00427.jpg,train,glioma,Training/glioma/Tr-gl_199.jpg,Training,512,512,511,511,6294
data/brain_mri(clean_dataset)\train\glioma\glioma_00428.jpg,train,glioma,Training/glioma/Tr-gl_2.jpg,Training,512,512,785,785,785
data/brain_mri(clean_dataset)\train\glioma\glioma_00429.jpg,train,glioma,Training/glioma/Tr-gl_20.jpg,Training,512,512,513,513,513
data/brain_mri(clean_dataset)\valid\glioma\glioma_00430.jpg,valid,glioma,Training/glioma/Tr-gl_200.jpg,Training,512,512,514,514,514
data/brain_mri(clean_dataset)\train\glioma\glioma_00431.jpg,train,glioma,Training/glioma/Tr-gl_202.jpg,Training,512,512,516,516,6294
data/brain_mri(clean_dataset)\train\glioma\glioma_00432.jpg,train,glioma,Training/glioma/Tr-gl_203.jpg,Training,512,512,517,517,517
data/brain_mri(clean_dataset)\train\glioma\glioma_00433.jpg,train,glioma,Training/glioma/Tr-gl_205.jpg,Training,512,512,519,519,519
data/brain_mri(clean_dataset)\train\glioma\glioma_00434.jpg,train,glioma,Training/glioma/Tr-gl_206.jpg,Training,512,512,520,520,520
data/brain_mri(clean_dataset)\train\glioma\glioma_00435.jpg,train,glioma,Training/glioma/Tr-gl_207.jpg,Training,512,512,521,521,635
data/brain_mri(clean_dataset)\train\glioma\glioma_00436.jpg,train,glioma,Training/glioma/Tr-gl_208.jpg,Training,512,512,522,522,522
data/brain_mri(clean_dataset)\train\glioma\glioma_00437.jpg,train,glioma,Training/glioma/Tr-gl_21.jpg,Training,512,512,524,524,1259
data/brain_mri(clean_dataset)\train\glioma\glioma_00438.jpg,train,glioma,Training/glioma/Tr-gl_210.jpg,Training,512,512,525,525,525
data/brain_mri(clean_dataset)\train\glioma\glioma_00439.jpg,train,glioma,Training/glioma/Tr-gl_211.jpg,Training,512,512,526,526,526
data/brain_mri(clean_dataset)\train\glioma\glioma_00440.jpg,train,glioma,Training/glioma/Tr-gl_212.jpg,Training,512,512,527,527,527
data/brain_mri(clean_dataset)\train\glioma\glioma_00441.jpg,train,glioma,Training/glioma/Tr-gl_213.jpg,Training,512,512,528,528,528
data/brain_mri(clean_dataset)\train\glioma\glioma_00442.jpg,train,glioma,Training/glioma/Tr-gl_214.jpg,Training,512,512,529,5786,5956
data/brain_mri(clean_dataset)\train\glioma\glioma_00443.jpg,train,glioma,Training/glioma/Tr-gl_216.jpg,Training,512,512,531,531,531
data/brain_mri(clean_dataset)\valid\glioma\glioma_00444.jpg,valid,glioma,Training/glioma/Tr-gl_217.jpg,Training,512,512,532,532,532
data/brain_mri(clean_dataset)\train\glioma\glioma_00445.jpg,train,glioma,Training/glioma/Tr-gl_218.jpg,Training,512,512,533,533,533
data/brain_mri(clean_dataset)\train\glioma\glioma_00446.jpg,train,glioma,Training/glioma/Tr-gl_219.jpg,Training,512,512,534,534,534
data/brain_mri(clean_dataset)\train\glioma\glioma_00447.jpg,train,glioma,Training/glioma/Tr-gl_22.jpg,Training,512,512,535,535,535
data/brain_mri(clean_dataset)\valid\glioma\glioma_00448.jpg,valid,glioma,Training/glioma/Tr-gl_220.jpg,Training,512,512,978,978,978
data/brain_mri(clean_dataset)\test\glioma\glioma_00449.jpg,test,glioma,Training/glioma/Tr-gl_221.jpg,Training,512,512,537,537,1271
data/brain_mri(clean_dataset)\test\glioma\glioma_00450.jpg,test,glioma,Training/glioma/Tr-gl_222.jpg,Training,512,512,538,538,538
data/brain_mri(clean_dataset)\train\glioma\glioma_00451.jpg,train,glioma,Training/glioma/Tr-gl_223.jpg,Training,512,512,539,539,539
data/brain_mri(clean_dataset)\test\glioma\glioma_00452.jpg,test,glioma,Training/glioma/Tr-gl_224.jpg,Training,512,512,540,540,540
data/brain_mri(clean_dataset)\train\glioma\glioma_00453.jpg,train,glioma,Training/glioma/Tr-gl_225.jpg,Training,512,512,541,541,1307
data/brain_mri(clean_dataset)\train\glioma\glioma_00454.jpg,train,glioma,Training/glioma/Tr-gl_226.jpg,Training,512,512,542,542,903
data/brain_mri(clean_dataset)\train\glioma\glioma_00455.jpg,train,glioma,Training/glioma/Tr-gl_227.jpg,Training,512,512,543,543,5628
data/brain_mri(clean_dataset)\train\glioma\glioma_00456.jpg,train,glioma,Training/glioma/Tr-gl_229.jpg,Training,512,512,545,545,6294
data/brain_mri(clean_dataset)\train\glioma\glioma_00457.jpg,train,glioma,Training/glioma/Tr-gl_23.jpg,Training,512,512,546,546,546
data/brain_mri(clean_dataset)\valid\glioma\glioma_00458.jpg,valid,glioma,Training/glioma/Tr-gl_230.jpg,Training,512,512,547,547,547
data/brain_mri(clean_dataset)\train\glioma\glioma_00459.jpg,train,glioma,Training/glioma/Tr-gl_233.jpg,Training,512,512,550,550,6294
data/brain_mri(clean_dataset)\train\glioma\glioma_00460.jpg,train,glioma,Training/glioma/Tr-gl_234.jpg,Training,512,512,551,551,551
data/brain_mri(clean_dataset)\train\glioma\glioma_00461.jpg,train,glioma,Training/glioma/Tr-gl_235.jpg,Training,512,512,552,552,552
data/brain_mri(clean_dataset)\test\glioma\glioma_00462.jpg,test,glioma,Training/glioma/Tr-gl_236.jpg,Training,512,512,553,553,553
data/brain_mri(clean_dataset)\train\glioma\glioma_00463.jpg,train,glioma,Training/glioma/Tr-gl_237.jpg,Training,512,512,554,554,1196
data/brain_mri(clean_dataset)\train\glioma\glioma_00464.jpg,train,glioma,Training/glioma/Tr-gl_238.jpg,Training,512,512,555,555,555
data/brain_mri(clean_dataset)\train\glioma\glioma_00465.jpg,train,glioma,Training/glioma/Tr-gl_24.jpg,Training,512,512,557,5750,1307
data/brain_mri(clean_dataset)\train\glioma\glioma_00466.jpg,train,glioma,Training/glioma/Tr-gl_240.jpg,Training,512,512,558,558,558
data/brain_mri(clean_dataset)\train\glioma\glioma_00467.jpg,train,glioma,Training/glioma/Tr-gl_241.jpg,Training,512,512,559,559,559
data/brain_mri(clean_dataset)\train\glioma\glioma_00468.jpg,train,glioma,Training/glioma/Tr-gl_243.jpg,Training,512,512,561,561,561
data/brain_mri(clean_dataset)\valid\glioma\glioma_00469.jpg,valid,glioma,Training/glioma/Tr-gl_245.jpg,Training,512,512,563,563,563
data/brain_mri(clean_dataset)\test\glioma\glioma_00470.jpg,test,glioma,Training/glioma/Tr-gl_246.jpg,Training,512,512,564,564,564
data/brain_mri(clean_dataset)\valid\glioma\glioma_00471.jpg,valid,glioma,Training/glioma/Tr-gl_247.jpg,Training,512,512,565,565,565
data/brain_mri(clean_dataset)\train\glioma\glioma_00472.jpg,train,glioma,Training/glioma/Tr-gl_248.jpg,Training,512,512,566,566,5941
data/brain_mri(clean_dataset)\train\glioma\glioma_00473.jpg,train,glioma,Training/glioma/Tr-gl_249.jpg,Training,512,512,567,567,567
data/brain_mri(clean_dataset)\train\glioma\glioma_00474.jpg,train,glioma,Training/glioma/Tr-gl_250.jpg,Training,512,512,569,569,569
data/brain_mri(clean_dataset)\train\glioma\glioma_00475.jpg,train,glioma,Training/glioma/Tr-gl_251.jpg,Training,512,512,570,570,570
data/brain_mri(clean_dataset)\train\glioma\glioma_00476.jpg,train,glioma,Training/glioma/Tr-gl_252.jpg,Training,512,512,571,571,571
data/brain_mri(clean_dataset)\train\glioma\glioma_00477.jpg,train,glioma,Training/glioma/Tr-gl_253.jpg,Training,512,512,572,572,572
data/brain_mri(clean_dataset)\train\glioma\glioma_00478.jpg,train,glioma,Training/glioma/Tr-gl_254.jpg,Training,512,512,573,573,573
data/brain_mri(clean_dataset)\train\glioma\glioma_00479.jpg,train,glioma,Training/glioma/Tr-gl_255.jpg,Training,512,512,574,574,574
data/brain_mri(clean_dataset)\train\glioma\glioma_00480.jpg,train,glioma,Training/glioma/Tr-gl_257.jpg,Training,512,512,576,576,576
data/brain_mri(clean_dataset)\train\glioma\glioma_00481.jpg,train,glioma,Training/glioma/Tr-gl_258.jpg,Training,512,512,577,577,6294
data/brain_mri(clean_dataset)\valid\glioma\glioma_00482.jpg,valid,glioma,Training/glioma/Tr-gl_259.jpg,Training,512,512,5895,5895,5895
data/brain_mri(clean_dataset)\train\glioma\glioma_00483.jpg,train,glioma,Training/glioma/Tr-gl_26.jpg,Training,512,512,579,579,579
data/brain_mri(clean_dataset)\test\glioma\glioma_00484.jpg,test,glioma,Training/glioma/Tr-gl_260.jpg,Training,512,512,580,580,580
data/brain_mri(clean_dataset)\train\glioma\glioma_00485.jpg,train,glioma,Training/glioma/Tr-gl_261.jpg,Training,512,512,581,581,581
data/brain_mri(clean_dataset)\train\glioma\glioma_00486.jpg,train,glioma,Training/glioma/Tr-gl_262.jpg,Training,512,512,582,582,582
data/brain_mri(clean_dataset)\train\glioma\glioma_00487.jpg,train,glioma,Training/glioma/Tr-gl_263.jpg,Training,512,512,583,583,6294
data/brain_mri(clean_dataset)\train\glioma\glioma_00488.jpg,train,glioma,Training/glioma/Tr-gl_264.jpg,Training,512,512,1227,1227,5915
data/brain_mri(clean_dataset)\train\glioma\glioma_00489.jpg,train,glioma,Training/glioma/Tr-gl_265.jpg,Training,512,512,585,585,585
data/brain_mri(clean_dataset)\train\glioma\glioma_00490.jpg,train,glioma,Training/glioma/Tr-gl_266.jpg,Training,512,512,586,586,5672
data/brain_mri(clean_dataset)\train\glioma\glioma_00491.jpg,train,glioma,Training/glioma/Tr-gl_267.jpg,Training,512,512,587,587,587
data/brain_mri(clean_dataset)\train\glioma\glioma_00492.jpg,train,glioma,Training/glioma/Tr-gl_268.jpg,Training,512,512,588,588,588
data/brain_mri(clean_dataset)\train\glioma\glioma_00493.jpg,train,glioma,Training/glioma/Tr-gl_269.jpg,Training,512,512,589,589,6294
data/brain_mri(clean_dataset)\train\glioma\glioma_00494.jpg,train,glioma,Training/glioma/Tr-gl_27.jpg,Training,512,512,1032,1032,1032
data/brain_mri(clean_dataset)\train\glioma\glioma_00495.jpg,train,glioma,Training/glioma/Tr-gl_270.jpg,Training,512,512,591,591,591
data/brain_mri(clean_dataset)\train\glioma\glioma_00496.jpg,train,glioma,Training/glioma/Tr-gl_272.jpg,Training,512,512,593,593,1378
data/brain_mri(clean_dataset)\valid\glioma\glioma_00497.jpg,valid,glioma,Training/glioma/Tr-gl_273.jpg,Training,512,512,594,594,594
data/brain_mri(clean_dataset)\train\glioma\glioma_00498.jpg,train,glioma,Training/glioma/Tr-gl_276.jpg,Training,512,512,597,597,597
data/brain_mri(clean_dataset)\train\glioma\glioma_00499.jpg,train,glioma,Training/glioma/Tr-gl_278.jpg,Training,512,512,599,599,6294
data/brain_mri(clean_dataset)\train\glioma\glioma_00500.jpg,train,glioma,Training/glioma/Tr-gl_279.jpg,Training,512,512,600,600,600
data/brain_mri(clean_dataset)\train\glioma\glioma_00501.jpg,train,glioma,Training/glioma/Tr-gl_28.jpg,Training,512,512,601,601,601
data/brain_mri(clean_dataset)\train\glioma\glioma_00502.jpg,train,glioma,Training/glioma/Tr-gl_280.jpg,Training,512,512,602,602,602
data/brain_mri(clean_dataset)\train\glioma\glioma_00503.jpg,train,glioma,Training/glioma/Tr-gl_281.jpg,Training,512,512,603,603,603
data/brain_mri(clean_dataset)\valid\glioma\glioma_00504.jpg,valid,glioma,Training/glioma/Tr-gl_282.jpg,Training,512,512,1211,1211,1225
data/brain_mri(clean_dataset)\valid\glioma\glioma_00505.jpg,valid,glioma,Training/glioma/Tr-gl_283.jpg,Training,512,512,605,605,1342
data/brain_mri(clean_dataset)\train\glioma\glioma_00506.jpg,train,glioma,Training/glioma/Tr-gl_285.jpg,Training,512,512,607,607,1290
data/brain_mri(clean_dataset)\valid\glioma\glioma_00507.jpg,valid,glioma,Training/glioma/Tr-gl_287.jpg,Training,512,512,609,609,609
data/brain_mri(clean_dataset)\train\glioma\glioma_00508.jpg,train,glioma,Training/glioma/Tr-gl_288.jpg,Training,512,512,610,610,6294
data/brain_mri(clean_dataset)\train\glioma\glioma_00509.jpg,train,glioma,Training/glioma/Tr-gl_289.jpg,Training,512,512,611,611,611
data/brain_mri(clean_dataset)\train\glioma\glioma_00510.jpg,train,glioma,Training/glioma/Tr-gl_29.jpg,Training,512,512,612,612,1292
data/brain_mri(clean_dataset)\train\glioma\glioma_00511.jpg,train,glioma,Training/glioma/Tr-gl_291.jpg,Training,512,512,614,614,614
data/brain_mri(clean_dataset)\test\glioma\glioma_00512.jpg,test,glioma,Training/glioma/Tr-gl_293.jpg,Training,512,512,616,616,616
data/brain_mri(clean_dataset)\valid\glioma\glioma_00513.jpg,valid,glioma,Training/glioma/Tr-gl_295.jpg,Training,512,512,618,618,5770
data/brain_mri(clean_dataset)\train\glioma\glioma_00514.jpg,train,glioma,Training/glioma/Tr-gl_296.jpg,Training,512,512,619,619,619
data/brain_mri(clean_dataset)\valid\glioma\glioma_00515.jpg,valid,glioma,Training/glioma/Tr-gl_297.jpg,Training,512,512,620,620,1344
data/brain_mri(clean_dataset)\train\glioma\glioma_00516.jpg,train,glioma,Training/glioma/Tr-gl_299.jpg,Training,512,512,622,622,622
data/brain_mri(clean_dataset)\test\glioma\glioma_00517.jpg,test,glioma,Training/glioma/Tr-gl_3.jpg,Training,512,512,623,623,5872
data/brain_mri(clean_dataset)\train\glioma\glioma_00518.jpg,train,glioma,Training/glioma/Tr-gl_30.jpg,Training,512,512,624,624,624
data/brain_mri(clean_dataset)\train\glioma\glioma_00519.jpg,train,glioma,Training/glioma/Tr-gl_300.jpg,Training,512,512,625,625,625
data/brain_mri(clean_dataset)\valid\glioma\glioma_00520.jpg,valid,glioma,Training/glioma/Tr-gl_302.jpg,Training,512,512,627,627,627
data/brain_mri(clean_dataset)\train\glioma\glioma_00521.jpg,train,glioma,Training/glioma/Tr-gl_304.jpg,Training,512,512,629,629,629
data/brain_mri(clean_dataset)\train\glioma\glioma_00522.jpg,train,glioma,Training/glioma/Tr-gl_306.jpg,Training,512,512,631,631,631
data/brain_mri(clean_dataset)\train\glioma\glioma_00523.jpg,train,glioma,Training/glioma/Tr-gl_307.jpg,Training,512,512,5767,5767,5767
data/brain_mri(clean_dataset)\test\glioma\glioma_00524.jpg,test,glioma,Training/glioma/Tr-gl_308.jpg,Training,512,512,633,633,633
data/brain_mri(clean_dataset)\train\glioma\glioma_00525.jpg,train,glioma,Training/glioma/Tr-gl_309.jpg,Training,512,512,634,634,5721
data/brain_mri(clean_dataset)\train\glioma\glioma_00526.jpg,train,glioma,Training/glioma/Tr-gl_31.jpg,Training,512,512,635,635,635
data/brain_mri(clean_dataset)\test\glioma\glioma_00527.jpg,test,glioma,Training/glioma/Tr-gl_310.jpg,Training,512,512,636,636,636
data/brain_mri(clean_dataset)\train\glioma\glioma_00528.jpg,train,glioma,Training/glioma/Tr-gl_311.jpg,Training,512,512,637,637,637
data/brain_mri(clean_dataset)\test\glioma\glioma_00529.jpg,test,glioma,Training/glioma/Tr-gl_312.jpg,Training,512,512,638,638,638
data/brain_mri(clean_dataset)\train\glioma\glioma_00530.jpg,train,glioma,Training/glioma/Tr-gl_313.jpg,Training,512,512,5884,5884,5884
data/brain_mri(clean_dataset)\train\glioma\glioma_00531.jpg,train,glioma,Training/glioma/Tr-gl_316.jpg,Training,512,512,642,642,642
data/brain_mri(clean_dataset)\train\glioma\glioma_00532.jpg,train,glioma,Training/glioma/Tr-gl_317.jpg,Training,512,512,643,643,5933
data/brain_mri(clean_dataset)\train\glioma\glioma_00533.jpg,train,glioma,Training/glioma/Tr-gl_318.jpg,Training,512,512,644,644,5896
data/brain_mri(clean_dataset)\train\glioma\glioma_00534.jpg,train,glioma,Training/glioma/Tr-gl_319.jpg,Training,512,512,645,645,832
data/brain_mri(clean_dataset)\train\glioma\glioma_00535.jpg,train,glioma,Training/glioma/Tr-gl_32.jpg,Training,512,512,646,646,646
data/brain_mri(clean_dataset)\train\glioma\glioma_00536.jpg,train,glioma,Training/glioma/Tr-gl_320.jpg,Training,512,512,647,647,5672
data/brain_mri(clean_dataset)\valid\glioma\glioma_00537.jpg,valid,glioma,Training/glioma/Tr-gl_321.jpg,Training,512,512,648,648,648
data/brain_mri(clean_dataset)\valid\glioma\glioma_00538.jpg,valid,glioma,Training/glioma/Tr-gl_322.jpg,Training,512,512,649,649,649
data/brain_mri(clean_dataset)\train\glioma\glioma_00539.jpg,train,glioma,Training/glioma/Tr-gl_325.jpg,Training,512,512,652,652,652
data/brain_mri(clean_dataset)\train\glioma\glioma_00540.jpg,train,glioma,Training/glioma/Tr-gl_326.jpg,Training,512,512,989,989,5601
data/brain_mri(clean_dataset)\train\glioma\glioma_00541.jpg,train,glioma,Training/glioma/Tr-gl_327.jpg,Training,512,512,654,654,5601
data/brain_mri(clean_dataset)\train\glioma\glioma_00542.jpg,train,glioma,Training/glioma/Tr-gl_328.jpg,Training,512,512,655,655,655
data/brain_mri(clean_dataset)\train\glioma\glioma_00543.jpg,train,glioma,Training/glioma/Tr-gl_329.jpg,Training,512,512,1143,1143,1143
data/brain_mri(clean_dataset)\train\glioma\glioma_00544.jpg,train,glioma,Training/glioma/Tr-gl_33.jpg,Training,512,512,5673,5673,5673
data/brain_mri(clean_dataset)\test\glioma\glioma_00545.jpg,test,glioma,Training/glioma/Tr-gl_330.jpg,Training,512,512,658,658,658
data/brain_mri(clean_dataset)\train\glioma\glioma_00546.jpg,train,glioma,Training/glioma/Tr-gl_331.jpg,Training,512,512,659,659,5896
data/brain_mri(clean_dataset)\train\glioma\glioma_00547.jpg,train,glioma,Training/glioma/Tr-gl_332.jpg,Training,512,512,660,660,5601
data/brain_mri(clean_dataset)\valid\glioma\glioma_00548.jpg,valid,glioma,Training/glioma/Tr-gl_333.jpg,Training,512,512,1024,1024,5874
data/brain_mri(clean_dataset)\test\glioma\glioma_00549.jpg,test,glioma,Training/glioma/Tr-gl_334.jpg,Training,512,512,662,662,900
data/brain_mri(clean_dataset)\train\glioma\glioma_00550.jpg,train,glioma,Training/glioma/Tr-gl_335.jpg,Training,512,512,663,663,1018
data/brain_mri(clean_dataset)\train\glioma\glioma_00551.jpg,train,glioma,Training/glioma/Tr-gl_336.jpg,Training,512,512,664,664,5647
data/brain_mri(clean_dataset)\test\glioma\glioma_00552.jpg,test,glioma,Training/glioma/Tr-gl_337.jpg,Training,512,512,665,665,5710
data/brain_mri(clean_dataset)\train\glioma\glioma_00553.jpg,train,glioma,Training/glioma/Tr-gl_338.jpg,Training,512,512,666,666,666
data/brain_mri(clean_dataset)\train\glioma\glioma_00554.jpg,train,glioma,Training/glioma/Tr-gl_339.jpg,Training,512,512,667,667,6294
data/brain_mri(clean_dataset)\train\glioma\glioma_00555.jpg,train,glioma,Training/glioma/Tr-gl_34.jpg,Training,512,512,668,668,5628
data/brain_mri(clean_dataset)\test\glioma\glioma_00556.jpg,test,glioma,Training/glioma/Tr-gl_340.jpg,Training,512,512,669,669,883
data/brain_mri(clean_dataset)\valid\glioma\glioma_00557.jpg,valid,glioma,Training/glioma/Tr-gl_341.jpg,Training,512,512,670,670,670
data/brain_mri(clean_dataset)\train\glioma\glioma_00558.jpg,train,glioma,Training/glioma/Tr-gl_344.jpg,Training,512,512,673,673,673
data/brain_mri(clean_dataset)\train\glioma\glioma_00559.jpg,train,glioma,Training/glioma/Tr-gl_345.jpg,Training,512,512,674,674,1171
data/brain_mri(clean_dataset)\train\glioma\glioma_00560.jpg,train,glioma,Training/glioma/Tr-gl_347.jpg,Training,512,512,1338,1338,6294
data/brain_mri(clean_dataset)\train\glioma\glioma_00561.jpg,train,glioma,Training/glioma/Tr-gl_348.jpg,Training,512,512,677,5964,5964
data/brain_mri(clean_dataset)\train\glioma\glioma_00562.jpg,train,glioma,Training/glioma/Tr-gl_35.jpg,Training,512,512,679,679,6294
data/brain_mri(clean_dataset)\train\glioma\glioma_00563.jpg,train,glioma,Training/glioma/Tr-gl_350.jpg,Training,512,512,680,680,680
data/brain_mri(clean_dataset)\train\glioma\glioma_00564.jpg,train,glioma,Training/glioma/Tr-gl_351.jpg,Training,512,512,681,681,681
data/brain_mri(clean_dataset)\train\glioma\glioma_00565.jpg,train,glioma,Training/glioma/Tr-gl_352.jpg,Training,512,512,682,682,5964
data/brain_mri(clean_dataset)\train\glioma\glioma_00566.jpg,train,glioma,Training/glioma/Tr-gl_353.jpg,Training,512,512,683,683,683
data/brain_mri(clean_dataset)\train\glioma\glioma_00567.jpg,train,glioma,Training/glioma/Tr-gl_355.jpg,Training,512,512,685,685,1196
data/brain_mri(clean_dataset)\train\glioma\glioma_00568.jpg,train,glioma,Training/glioma/Tr-gl_356.jpg,Training,512,512,1153,1153,5945
data/brain_mri(clean_dataset)\valid\glioma\glioma_00569.jpg,valid,glioma,Training/glioma/Tr-gl_357.jpg,Training,512,512,687,687,1344
data/brain_mri(clean_dataset)\train\glioma\glioma_00570.jpg,train,glioma,Training/glioma/Tr-gl_359.jpg,Training,512,512,689,689,689
data/brain_mri(clean_dataset)\train\glioma\glioma_00571.jpg,train,glioma,Training/glioma/Tr-gl_360.jpg,Training,512,512,691,691,6294
data/brain_mri(clean_dataset)\train\glioma\glioma_00572.jpg,train,glioma,Training/glioma/Tr-gl_362.jpg,Training,512,512,693,693,693
data/brain_mri(clean_dataset)\train\glioma\glioma_00573.jpg,train,glioma,Training/glioma/Tr-gl_363.jpg,Training,512,512,694,694,694
data/brain_mri(clean_dataset)\valid\glioma\glioma_00574.jpg,valid,glioma,Training/glioma/Tr-gl_364.jpg,Training,512,512,914,914,1225
data/brain_mri(clean_dataset)\valid\glioma\glioma_00575.jpg,valid,glioma,Training/glioma/Tr-gl_367.jpg,Training,512,512,698,698,698
data/brain_mri(clean_dataset)\valid\glioma\glioma_00576.jpg,valid,glioma,Training/glioma/Tr-gl_368.jpg,Training,512,512,699,699,699
data/brain_mri(clean_dataset)\train\glioma\glioma_00577.jpg,train,glioma,Training/glioma/Tr-gl_369.jpg,Training,512,512,902,902,902
data/brain_mri(clean_dataset)\train\glioma\glioma_00578.jpg,train,glioma,Training/glioma/Tr-gl_37.jpg,Training,512,512,976,976,976
data/brain_mri(clean_dataset)\train\glioma\glioma_00579.jpg,train,glioma,Training/glioma/Tr-gl_370.jpg,Training,512,512,702,702,702
data/brain_mri(clean_dataset)\valid\glioma\glioma_00580.jpg,valid,glioma,Training/glioma/Tr-gl_372.jpg,Training,512,512,704,704,5766
data/brain_mri(clean_dataset)\train\glioma\glioma_00581.jpg,train,glioma,Training/glioma/Tr-gl_373.jpg,Training,512,512,705,705,705
data/brain_mri(clean_dataset)\train\glioma\glioma_00582.jpg,train,glioma,Training/glioma/Tr-gl_374.jpg,Training,512,512,706,706,6294
data/brain_mri(clean_dataset)\train\glioma\glioma_00583.jpg,train,glioma,Training/glioma/Tr-gl_375.jpg,Training,512,512,707,707,707
data/brain_mri(clean_dataset)\test\glioma\glioma_00584.jpg,test,glioma,Training/glioma/Tr-gl_376.jpg,Training,512,512,708,708,708
data/brain_mri(clean_dataset)\train\glioma\glioma_00585.jpg,train,glioma,Training/glioma/Tr-gl_377.jpg,Training,512,512,814,814,6294
data/brain_mri(clean_dataset)\test\glioma\glioma_00586.jpg,test,glioma,Training/glioma/Tr-gl_379.jpg,Training,512,512,711,711,5982
data/brain_mri(clean_dataset)\train\glioma\glioma_00587.jpg,train,glioma,Training/glioma/Tr-gl_38.jpg,Training,512,512,712,712,5734
data/brain_mri(clean_dataset)\train\glioma\glioma_00588.jpg,train,glioma,Training/glioma/Tr-gl_380.jpg,Training,512,512,713,713,713
data/brain_mri(clean_dataset)\train\glioma\glioma_00589.jpg,train,glioma,Training/glioma/Tr-gl_381.jpg,Training,512,512,714,714,714
data/brain_mri(clean_dataset)\train\glioma\glioma_00590.jpg,train,glioma,Training/glioma/Tr-gl_382.jpg,Training,512,512,715,715,1292
data/brain_mri(clean_dataset)\train\glioma\glioma_00591.jpg,train,glioma,Training/glioma/Tr-gl_383.jpg,Training,512,512,1114,1114,1114
data/brain_mri(clean_dataset)\train\glioma\glioma_00592.jpg,train,glioma,Training/glioma/Tr-gl_384.jpg,Training,512,512,717,717,878
data/brain_mri(clean_dataset)\valid\glioma\glioma_00593.jpg,valid,glioma,Training/glioma/Tr-gl_385.jpg,Training,512,512,718,718,5948
data/brain_mri(clean_dataset)\train\glioma\glioma_00594.jpg,train,glioma,Training/glioma/Tr-gl_386.jpg,Training,512,512,719,719,719
data/brain_mri(clean_dataset)\train\glioma\glioma_00595.jpg,train,glioma,Training/glioma/Tr-gl_387.jpg,Training,512,512,720,720,6294
data/brain_mri(clean_dataset)\train\glioma\glioma_00596.jpg,train,glioma,Training/glioma/Tr-gl_388.jpg,Training,512,512,903,903,903
data/brain_mri(clean_dataset)\train\glioma\glioma_00597.jpg,train,glioma,Training/glioma/Tr-gl_39.jpg,Training,512,512,723,723,6294
data/brain_mri(clean_dataset)\train\glioma\glioma_00598.jpg,train,glioma,Training/glioma/Tr-gl_390.jpg,Training,512,512,724,724,724
data/brain_mri(clean_dataset)\valid\glioma\glioma_00599.jpg,valid,glioma,Training/glioma/Tr-gl_392.jpg,Training,512,512,1088,1088,1088
data/brain_mri(clean_dataset)\train\glioma\glioma_00600.jpg,train,glioma,Training/glioma/Tr-gl_394.jpg,Training,512,512,728,728,6294
data/brain_mri(clean_dataset)\train\glioma\glioma_00601.jpg,train,glioma,Training/glioma/Tr-gl_395.jpg,Training,512,512,729,729,729
data/brain_mri(clean_dataset)\test\glioma\glioma_00602.jpg,test,glioma,Training/glioma/Tr-gl_396.jpg,Training,512,512,5825,5825,5982
data/brain_mri(clean_dataset)\train\glioma\glioma_00603.jpg,train,glioma,Training/glioma/Tr-gl_397.jpg,Training,512,512,731,731,731
data/brain_mri(clean_dataset)\train\glioma\glioma_00604.jpg,train,glioma,Training/glioma/Tr-gl_398.jpg,Training,512,512,732,1292,1292
data/brain_mri(clean_dataset)\valid\glioma\glioma_00605.jpg,valid,glioma,Training/glioma/Tr-gl_399.jpg,Training,512,512,1225,1225,1225
data/brain_mri(clean_dataset)\train\glioma\glioma_00606.jpg,train,glioma,Training/glioma/Tr-gl_4.jpg,Training,512,512,734,734,1290
data/brain_mri(clean_dataset)\train\glioma\glioma_00607.jpg,train,glioma,Training/glioma/Tr-gl_40.jpg,Training,512,512,5728,5810,1262
data/brain_mri(clean_dataset)\test\glioma\glioma_00608.jpg,test,glioma,Training/glioma/Tr-gl_400.jpg,Training,512,512,736,1068,5982
data/brain_mri(clean_dataset)\test\glioma\glioma_00609.jpg,test,glioma,Training/glioma/Tr-gl_401.jpg,Training,512,512,737,737,737
data/brain_mri(clean_dataset)\train\glioma\glioma_00610.jpg,train,glioma,Training/glioma/Tr-gl_402.jpg,Training,512,512,738,738,738
data/brain_mri(clean_dataset)\train\glioma\glioma_00611.jpg,train,glioma,Training/glioma/Tr-gl_403.jpg,Training,512,512,739,739,739
data/brain_mri(clean_dataset)\train\glioma\glioma_00612.jpg,train,glioma,Training/glioma/Tr-gl_404.jpg,Training,512,512,740,740,740
data/brain_mri(clean_dataset)\train\glioma\glioma_00613.jpg,train,glioma,Training/glioma/Tr-gl_405.jpg,Training,512,512,741,741,799
data/brain_mri(clean_dataset)\test\glioma\glioma_00614.jpg,test,glioma,Training/glioma/Tr-gl_406.jpg,Training,512,512,1219,1219,5982
data/brain_mri(clean_dataset)\train\glioma\glioma_00615.jpg,train,glioma,Training/glioma/Tr-gl_407.jpg,Training,512,512,743,743,743
data/brain_mri(clean_dataset)\train\glioma\glioma_00616.jpg,train,glioma,Training/glioma/Tr-gl_409.jpg,Training,512,512,745,745,745
data/brain_mri(clean_dataset)\valid\glioma\glioma_00617.jpg,valid,glioma,Training/glioma/Tr-gl_41.jpg,Training,512,512,746,746,5943
data/brain_mri(clean_dataset)\train\glioma\glioma_00618.jpg,train,glioma,Training/glioma/Tr-gl_411.jpg,Training,512,512,748,748,1340
data/brain_mri(clean_dataset)\train\glioma\glioma_00619.jpg,train,glioma,Training/glioma/Tr-gl_412.jpg,Training,512,512,749,749,5791
data/brain_mri(clean_dataset)\test\glioma\glioma_00620.jpg,test,glioma,Training/glioma/Tr-gl_413.jpg,Training,512,512,1058,1058,1058
data/brain_mri(clean_dataset)\train\glioma\glioma_00621.jpg,train,glioma,Training/glioma/Tr-gl_415.jpg,Training,512,512,752,752,752
data/brain_mri(clean_dataset)\train\glioma\glioma_00622.jpg,train,glioma,Training/glioma/Tr-gl_416.jpg,Training,512,512,753,753,753
data/brain_mri(clean_dataset)\train\glioma\glioma_00623.jpg,train,glioma,Training/glioma/Tr-gl_417.jpg,Training,512,512,5881,5881,5881
data/brain_mri(clean_dataset)\train\glioma\glioma_00624.jpg,train,glioma,Training/glioma/Tr-gl_418.jpg,Training,512,512,755,755,755
data/brain_mri(clean_dataset)\train\glioma\glioma_00625.jpg,train,glioma,Training/glioma/Tr-gl_42.jpg,Training,512,512,757,757,6294
data/brain_mri(clean_dataset)\train\glioma\glioma_00626.jpg,train,glioma,Training/glioma/Tr-gl_422.jpg,Training,512,512,760,760,1249
data/brain_mri(clean_dataset)\train\glioma\glioma_00627.jpg,train,glioma,Training/glioma/Tr-gl_423.jpg,Training,512,512,1086,1086,1086
data/brain_mri(clean_dataset)\train\glioma\glioma_00628.jpg,train,glioma,Training/glioma/Tr-gl_424.jpg,Training,512,512,762,762,5848
data/brain_mri(clean_dataset)\train\glioma\glioma_00629.jpg,train,glioma,Training/glioma/Tr-gl_425.jpg,Training,512,512,763,763,5975
data/brain_mri(clean_dataset)\train\glioma\glioma_00630.jpg,train,glioma,Training/glioma/Tr-gl_426.jpg,Training,512,512,764,764,764
data/brain_mri(clean_dataset)\test\glioma\glioma_00631.jpg,test,glioma,Training/glioma/Tr-gl_427.jpg,Training,512,512,765,765,765
data/brain_mri(clean_dataset)\train\glioma\glioma_00632.jpg,train,glioma,Training/glioma/Tr-gl_428.jpg,Training,512,512,766,803,803
data/brain_mri(clean_dataset)\train\glioma\glioma_00633.jpg,train,glioma,Training/glioma/Tr-gl_429.jpg,Training,512,512,767,767,767
data/brain_mri(clean_dataset)\train\glioma\glioma_00634.jpg,train,glioma,Training/glioma/Tr-gl_43.jpg,Training,512,512,768,768,5918
data/brain_mri(clean_dataset)\train\glioma\glioma_00635.jpg,train,glioma,Training/glioma/Tr-gl_430.jpg,Training,512,512,769,769,769
data/brain_mri(clean_dataset)\train\glioma\glioma_00636.jpg,train,glioma,Training/glioma/Tr-gl_431.jpg,Training,512,512,770,770,770
data/brain_mri(clean_dataset)\train\glioma\glioma_00637.jpg,train,glioma,Training/glioma/Tr-gl_432.jpg,Training,512,512,5626,5626,5626
data/brain_mri(clean_dataset)\test\glioma\glioma_00638.jpg,test,glioma,Training/glioma/Tr-gl_433.jpg,Training,512,512,772,772,5952
data/brain_mri(clean_dataset)\test\glioma\glioma_00639.jpg,test,glioma,Training/glioma/Tr-gl_434.jpg,Training,512,512,773,773,773
data/brain_mri(clean_dataset)\test\glioma\glioma_00640.jpg,test,glioma,Training/glioma/Tr-gl_435.jpg,Training,512,512,774,774,774
data/brain_mri(clean_dataset)\train\glioma\glioma_00641.jpg,train,glioma,Training/glioma/Tr-gl_436.jpg,Training,512,512,775,775,6294
data/brain_mri(clean_dataset)\train\glioma\glioma_00642.jpg,train,glioma,Training/glioma/Tr-gl_437.jpg,Training,512,512,776,776,6294
data/brain_mri(clean_dataset)\valid\glioma\glioma_00643.jpg,valid,glioma,Training/glioma/Tr-gl_438.jpg,Training,512,512,777,777,1344
data/brain_mri(clean_dataset)\train\glioma\glioma_00644.jpg,train,glioma,Training/glioma/Tr-gl_439.jpg,Training,512,512,778,778,778
data/brain_mri(clean_dataset)\train\glioma\glioma_00645.jpg,train,glioma,Training/glioma/Tr-gl_440.jpg,Training,512,512,780,780,780
data/brain_mri(clean_dataset)\train\glioma\glioma_00646.jpg,train,glioma,Training/glioma/Tr-gl_441.jpg,Training,512,512,1303,1303,1303
data/brain_mri(clean_dataset)\train\glioma\glioma_00647.jpg,train,glioma,Training/glioma/Tr-gl_442.jpg,Training,512,512,782,782,782
data/brain_mri(clean_dataset)\train\glioma\glioma_00648.jpg,train,glioma,Training/glioma/Tr-gl_443.jpg,Training,512,512,783,783,1137
data/brain_mri(clean_dataset)\train\glioma\glioma_00649.jpg,train,glioma,Training/glioma/Tr-gl_444.jpg,Training,512,512,784,784,784
data/brain_mri(clean_dataset)\train\glioma\glioma_00650.jpg,train,glioma,Training/glioma/Tr-gl_446.jpg,Training,512,512,786,786,786
data/brain_mri(clean_dataset)\train\glioma\glioma_00651.jpg,train,glioma,Training/glioma/Tr-gl_447.jpg,Training,512,512,5794,5794,1340
data/brain_mri(clean_dataset)\valid\glioma\glioma_00652.jpg,valid,glioma,Training/glioma/Tr-gl_448.jpg,Training,512,512,788,788,1317
data/brain_mri(clean_dataset)\train\glioma\glioma_00653.jpg,train,glioma,Training/glioma/Tr-gl_449.jpg,Training,512,512,789,789,789
data/brain_mri(clean_dataset)\valid\glioma\glioma_00654.jpg,valid,glioma,Training/glioma/Tr-gl_452.jpg,Training,512,512,793,793,5891
data/brain_mri(clean_dataset)\train\glioma\glioma_00655.jpg,train,glioma,Training/glioma/Tr-gl_453.jpg,Training,512,512,794,794,794
data/brain_mri(clean_dataset)\test\glioma\glioma_00656.jpg,test,glioma,Training/glioma/Tr-gl_454.jpg,Training,512,512,795,795,795
data/brain_mri(clean_dataset)\train\glioma\glioma_00657.jpg,train,glioma,Training/glioma/Tr-gl_455.jpg,Training,512,512,796,796,796
data/brain_mri(clean_dataset)\train\glioma\glioma_00658.jpg,train,glioma,Training/glioma/Tr-gl_456.jpg,Training,512,512,797,797,1196
data/brain_mri(clean_dataset)\train\glioma\glioma_00659.jpg,train,glioma,Training/glioma/Tr-gl_457.jpg,Training,512,512,798,5803,5958
data/brain_mri(clean_dataset)\train\glioma\glioma_00660.jpg,train,glioma,Training/glioma/Tr-gl_458.jpg,Training,512,512,799,799,799
data/brain_mri(clean_dataset)\train\glioma\glioma_00661.jpg,train,glioma,Training/glioma/Tr-gl_459.jpg,Training,512,512,800,800,800
data/brain_mri(clean_dataset)\test\glioma\glioma_00662.jpg,test,glioma,Training/glioma/Tr-gl_46.jpg,Training,512,512,801,801,801
data/brain_mri(clean_dataset)\train\glioma\glioma_00663.jpg,train,glioma,Training/glioma/Tr-gl_460.jpg,Training,512,512,802,802,802
data/brain_mri(clean_dataset)\train\glioma\glioma_00664.jpg,train,glioma,Training/glioma/Tr-gl_461.jpg,Training,512,512,803,803,803
data/brain_mri(clean_dataset)\train\glioma\glioma_00665.jpg,train,glioma,Training/glioma/Tr-gl_462.jpg,Training,512,512,804,804,1040
data/brain_mri(clean_dataset)\valid\glioma\glioma_00666.jpg,valid,glioma,Training/glioma/Tr-gl_464.jpg,Training,512,512,806,806,806
data/brain_mri(clean_dataset)\train\glioma\glioma_00667.jpg,train,glioma,Training/glioma/Tr-gl_466.jpg,Training,512,512,808,808,808
data/brain_mri(clean_dataset)\test\glioma\glioma_00668.jpg,test,glioma,Training/glioma/Tr-gl_467.jpg,Training,512,512,809,809,809
data/brain_mri(clean_dataset)\valid\glioma\glioma_00669.jpg,valid,glioma,Training/glioma/Tr-gl_469.jpg,Training,512,512,811,811,1074
data/brain_mri(clean_dataset)\train\glioma\glioma_00670.jpg,train,glioma,Training/glioma/Tr-gl_47.jpg,Training,512,512,812,812,1231
data/brain_mri(clean_dataset)\valid\glioma\glioma_00671.jpg,valid,glioma,Training/glioma/Tr-gl_470.jpg,Training,512,512,813,813,813
data/brain_mri(clean_dataset)\test\glioma\glioma_00672.jpg,test,glioma,Training/glioma/Tr-gl_472.jpg,Training,512,512,815,1198,636
data/brain_mri(clean_dataset)\train\glioma\glioma_00673.jpg,train,glioma,Training/glioma/Tr-gl_473.jpg,Training,512,512,5842,5842,6294
data/brain_mri(clean_dataset)\test\glioma\glioma_00674.jpg,test,glioma,Training/glioma/Tr-gl_475.jpg,Training,512,512,818,818,818
data/brain_mri(clean_dataset)\train\glioma\glioma_00675.jpg,train,glioma,Training/glioma/Tr-gl_476.jpg,Training,512,512,819,819,819
data/brain_mri(clean_dataset)\train\glioma\glioma_00676.jpg,train,glioma,Training/glioma/Tr-gl_477.jpg,Training,512,512,820,820,820
data/brain_mri(clean_dataset)\train\glioma\glioma_00677.jpg,train,glioma,Training/glioma/Tr-gl_478.jpg,Training,512,512,821,821,821
data/brain_mri(clean_dataset)\test\glioma\glioma_00678.jpg,test,glioma,Training/glioma/Tr-gl_479.jpg,Training,512,512,933,933,933
data/brain_mri(clean_dataset)\test\glioma\glioma_00679.jpg,test,glioma,Training/glioma/Tr-gl_48.jpg,Training,512,512,1323,1323,1323
data/brain_mri(clean_dataset)\test\glioma\glioma_00680.jpg,test,glioma,Training/glioma/Tr-gl_480.jpg,Training,512,512,824,824,5982
data/brain_mri(clean_dataset)\train\glioma\glioma_00681.jpg,train,glioma,Training/glioma/Tr-gl_482.jpg,Training,512,512,826,826,826
data/brain_mri(clean_dataset)\valid\glioma\glioma_00682.jpg,valid,glioma,Training/glioma/Tr-gl_483.jpg,Training,512,512,827,827,827
data/brain_mri(clean_dataset)\test\glioma\glioma_00683.jpg,test,glioma,Training/glioma/Tr-gl_484.jpg,Training,512,512,828,828,828
data/brain_mri(clean_dataset)\train\glioma\glioma_00684.jpg,train,glioma,Training/glioma/Tr-gl_485.jpg,Training,512,512,829,829,829
data/brain_mri(clean_dataset)\train\glioma\glioma_00685.jpg,train,glioma,Training/glioma/Tr-gl_486.jpg,Training,512,512,830,830,1350
data/brain_mri(clean_dataset)\train\glioma\glioma_00686.jpg,train,glioma,Training/glioma/Tr-gl_487.jpg,Training,512,512,831,831,831
data/brain_mri(clean_dataset)\test\glioma\glioma_00687.jpg,test,glioma,Training/glioma/Tr-gl_489.jpg,Training,512,512,833,833,833
data/brain_mri(clean_dataset)\train\glioma\glioma_00688.jpg,train,glioma,Training/glioma/Tr-gl_49.jpg,Training,512,512,5708,5708,5708
data/brain_mri(clean_dataset)\train\glioma\glioma_00689.jpg,train,glioma,Training/glioma/Tr-gl_490.jpg,Training,512,512,835,835,835
data/brain_mri(clean_dataset)\train\glioma\glioma_00690.jpg,train,glioma,Training/glioma/Tr-gl_492.jpg,Training,512,512,837,5822,5672
data/brain_mri(clean_dataset)\train\glioma\glioma_00691.jpg,train,glioma,Training/glioma/Tr-gl_494.jpg,Training,512,512,839,839,839
data/brain_mri(clean_dataset)\train\glioma\glioma_00692.jpg,train,glioma,Training/glioma/Tr-gl_495.jpg,Training,512,512,840,840,1196
data/brain_mri(clean_dataset)\test\glioma\glioma_00693.jpg,test,glioma,Training/glioma/Tr-gl_496.jpg,Training,512,512,841,841,5737
data/brain_mri(clean_dataset)\valid\glioma\glioma_00694.jpg,valid,glioma,Training/glioma/Tr-gl_497.jpg,Training,512,512,842,842,5766
data/brain_mri(clean_dataset)\train\glioma\glioma_00695.jpg,train,glioma,Training/glioma/Tr-gl_498.jpg,Training,512,512,1221,1221,1360
data/brain_mri(clean_dataset)\train\glioma\glioma_00696.jpg,train,glioma,Training/glioma/Tr-gl_499.jpg,Training,512,512,844,844,5975
data/brain_mri(clean_dataset)\train\glioma\glioma_00697.jpg,train,glioma,Training/glioma/Tr-gl_5.jpg,Training,512,512,845,845,845
data/brain_mri(clean_dataset)\train\glioma\glioma_00698.jpg,train,glioma,Training/glioma/Tr-gl_50.jpg,Training,512,512,846,846,846
data/brain_mri(clean_dataset)\train\glioma\glioma_00699.jpg,train,glioma,Training/glioma/Tr-gl_500.jpg,Training,512,512,847,847,1371
data/brain_mri(clean_dataset)\train\glioma\glioma_00700.jpg,train,glioma,Training/glioma/Tr-gl_501.jpg,Training,512,512,848,848,848
data/brain_mri(clean_dataset)\train\glioma\glioma_00701.jpg,train,glioma,Training/glioma/Tr-gl_502.jpg,Training,512,512,849,849,849
data/brain_mri(clean_dataset)\train\glioma\glioma_00702.jpg,train,glioma,Training/glioma/Tr-gl_503.jpg,Training,512,512,850,850,850
data/brain_mri(clean_dataset)\valid\glioma\glioma_00703.jpg,valid,glioma,Training/glioma/Tr-gl_504.jpg,Training,512,512,851,851,851
data/brain_mri(clean_dataset)\train\glioma\glioma_00704.jpg,train,glioma,Training/glioma/Tr-gl_505.jpg,Training,512,512,852,852,6294
data/brain_mri(clean_dataset)\train\glioma\glioma_00705.jpg,train,glioma,Training/glioma/Tr-gl_507.jpg,Training,512,512,854,854,854
data/brain_mri(clean_dataset)\train\glioma\glioma_00706.jpg,train,glioma,Training/glioma/Tr-gl_508.jpg,Training,512,512,855,855,855
data/brain_mri(clean_dataset)\train\glioma\glioma_00707.jpg,train,glioma,Training/glioma/Tr-gl_509.jpg,Training,512,512,856,856,856
data/brain_mri(clean_dataset)\train\glioma\glioma_00708.jpg,train,glioma,Training/glioma/Tr-gl_51.jpg,Training,512,512,857,857,857
data/brain_mri(clean_dataset)\valid\glioma\glioma_00709.jpg,valid,glioma,Training/glioma/Tr-gl_511.jpg,Training,512,512,859,859,859
data/brain_mri(clean_dataset)\valid\glioma\glioma_00710.jpg,valid,glioma,Training/glioma/Tr-gl_512.jpg,Training,512,512,860,860,860
data/brain_mri(clean_dataset)\valid\glioma\glioma_00711.jpg,valid,glioma,Training/glioma/Tr-gl_513.jpg,Training,512,512,861,861,5948
data/brain_mri(clean_dataset)\train\glioma\glioma_00712.jpg,train,glioma,Training/glioma/Tr-gl_514.jpg,Training,512,512,862,862,862
data/brain_mri(clean_dataset)\test\glioma\glioma_00713.jpg,test,glioma,Training/glioma/Tr-gl_515.jpg,Training,512,512,863,1333,5640
data/brain_mri(clean_dataset)\train\glioma\glioma_00714.jpg,train,glioma,Training/glioma/Tr-gl_516.jpg,Training,512,512,864,864,1257
data/brain_mri(clean_dataset)\train\glioma\glioma_00715.jpg,train,glioma,Training/glioma/Tr-gl_517.jpg,Training,512,512,865,865,865
data/brain_mri(clean_dataset)\valid\glioma\glioma_00716.jpg,valid,glioma,Training/glioma/Tr-gl_519.jpg,Training,512,512,867,867,867
data/brain_mri(clean_dataset)\valid\glioma\glioma_00717.jpg,valid,glioma,Training/glioma/Tr-gl_52.jpg,Training,512,512,868,868,868
data/brain_mri(clean_dataset)\train\glioma\glioma_00718.jpg,train,glioma,Training/glioma/Tr-gl_520.jpg,Training,512,512,869,869,869
data/brain_mri(clean_dataset)\train\glioma\glioma_00719.jpg,train,glioma,Training/glioma/Tr-gl_521.jpg,Training,512,512,870,870,870
data/brain_mri(clean_dataset)\valid\glioma\glioma_00720.jpg,valid,glioma,Training/glioma/Tr-gl_522.jpg,Training,512,512,871,871,871
data/brain_mri(clean_dataset)\train\glioma\glioma_00721.jpg,train,glioma,Training/glioma/Tr-gl_523.jpg,Training,512,512,872,872,872
data/brain_mri(clean_dataset)\train\glioma\glioma_00722.jpg,train,glioma,Training/glioma/Tr-gl_526.jpg,Training,512,512,875,875,875
data/brain_mri(clean_dataset)\train\glioma\glioma_00723.jpg,train,glioma,Training/glioma/Tr-gl_527.jpg,Training,512,512,876,876,5941
data/brain_mri(clean_dataset)\train\glioma\glioma_00724.jpg,train,glioma,Training/glioma/Tr-gl_529.jpg,Training,512,512,878,878,878
data/brain_mri(clean_dataset)\test\glioma\glioma_00725.jpg,test,glioma,Training/glioma/Tr-gl_53.jpg,Training,512,512,879,879,879
data/brain_mri(clean_dataset)\train\glioma\glioma_00726.jpg,train,glioma,Training/glioma/Tr-gl_530.jpg,Training,512,512,880,880,880
data/brain_mri(clean_dataset)\test\glioma\glioma_00727.jpg,test,glioma,Training/glioma/Tr-gl_531.jpg,Training,512,512,881,881,881
data/brain_mri(clean_dataset)\train\glioma\glioma_00728.jpg,train,glioma,Training/glioma/Tr-gl_532.jpg,Training,512,512,882,882,1389
data/brain_mri(clean_dataset)\test\glioma\glioma_00729.jpg,test,glioma,Training/glioma/Tr-gl_533.jpg,Training,512,512,883,883,883
data/brain_mri(clean_dataset)\train\glioma\glioma_00730.jpg,train,glioma,Training/glioma/Tr-gl_534.jpg,Training,512,512,884,884,884
data/brain_mri(clean_dataset)\valid\glioma\glioma_00731.jpg,valid,glioma,Training/glioma/Tr-gl_536.jpg,Training,512,512,886,886,886
data/brain_mri(clean_dataset)\train\glioma\glioma_00732.jpg,train,glioma,Training/glioma/Tr-gl_538.jpg,Training,512,512,888,888,912
data/brain_mri(clean_dataset)\valid\glioma\glioma_00733.jpg,valid,glioma,Training/glioma/Tr-gl_54.jpg,Training,512,512,890,890,1074
data/brain_mri(clean_dataset)\train\glioma\glioma_00734.jpg,train,glioma,Training/glioma/Tr-gl_540.jpg,Training,512,512,891,891,891
data/brain_mri(clean_dataset)\train\glioma\glioma_00735.jpg,train,glioma,Training/glioma/Tr-gl_541.jpg,Training,512,512,892,892,892
data/brain_mri(clean_dataset)\train\glioma\glioma_00736.jpg,train,glioma,Training/glioma/Tr-gl_542.jpg,Training,512,512,893,893,893
data/brain_mri(clean_dataset)\train\glioma\glioma_00737.jpg,train,glioma,Training/glioma/Tr-gl_543.jpg,Training,512,512,894,894,894
data/brain_mri(clean_dataset)\train\glioma\glioma_00738.jpg,train,glioma,Training/glioma/Tr-gl_545.jpg,Training,512,512,896,896,896
data/brain_mri(clean_dataset)\train\glioma\glioma_00739.jpg,train,glioma,Training/glioma/Tr-gl_546.jpg,Training,512,512,897,897,897
data/brain_mri(clean_dataset)\train\glioma\glioma_00740.jpg,train,glioma,Training/glioma/Tr-gl_548.jpg,Training,512,512,899,899,899
data/brain_mri(clean_dataset)\test\glioma\glioma_00741.jpg,test,glioma,Training/glioma/Tr-gl_549.jpg,Training,512,512,900,900,900
data/brain_mri(clean_dataset)\train\glioma\glioma_00742.jpg,train,glioma,Training/glioma/Tr-gl_55.jpg,Training,512,512,901,901,963
data/brain_mri(clean_dataset)\valid\glioma\glioma_00743.jpg,valid,glioma,Training/glioma/Tr-gl_552.jpg,Training,512,512,904,1084,5891
data/brain_mri(clean_dataset)\train\glioma\glioma_00744.jpg,train,glioma,Training/glioma/Tr-gl_553.jpg,Training,512,512,1347,1347,6294
data/brain_mri(clean_dataset)\train\glioma\glioma_00745.jpg,train,glioma,Training/glioma/Tr-gl_554.jpg,Training,512,512,906,1144,5966
data/brain_mri(clean_dataset)\valid\glioma\glioma_00746.jpg,valid,glioma,Training/glioma/Tr-gl_556.jpg,Training,512,512,908,908,908
data/brain_mri(clean_dataset)\train\glioma\glioma_00747.jpg,train,glioma,Training/glioma/Tr-gl_557.jpg,Training,512,512,909,909,909
data/brain_mri(clean_dataset)\test\glioma\glioma_00748.jpg,test,glioma,Training/glioma/Tr-gl_558.jpg,Training,512,512,910,910,910
data/brain_mri(clean_dataset)\train\glioma\glioma_00749.jpg,train,glioma,Training/glioma/Tr-gl_56.jpg,Training,512,512,912,912,912
data/brain_mri(clean_dataset)\valid\glioma\glioma_00750.jpg,valid,glioma,Training/glioma/Tr-gl_562.jpg,Training,512,512,915,915,5891
data/brain_mri(clean_dataset)\train\glioma\glioma_00751.jpg,train,glioma,Training/glioma/Tr-gl_563.jpg,Training,512,512,5786,5786,5956
data/brain_mri(clean_dataset)\valid\glioma\glioma_00752.jpg,valid,glioma,Training/glioma/Tr-gl_564.jpg,Training,512,512,917,917,1316
data/brain_mri(clean_dataset)\train\glioma\glioma_00753.jpg,train,glioma,Training/glioma/Tr-gl_565.jpg,Training,512,512,918,918,918
data/brain_mri(clean_dataset)\test\glioma\glioma_00754.jpg,test,glioma,Training/glioma/Tr-gl_566.jpg,Training,512,512,919,1198,636
data/brain_mri(clean_dataset)\train\glioma\glioma_00755.jpg,train,glioma,Training/glioma/Tr-gl_567.jpg,Training,512,512,920,920,920
data/brain_mri(clean_dataset)\valid\glioma\glioma_00756.jpg,valid,glioma,Training/glioma/Tr-gl_568.jpg,Training,512,512,921,921,1074
data/brain_mri(clean_dataset)\train\glioma\glioma_00757.jpg,train,glioma,Training/glioma/Tr-gl_569.jpg,Training,512,512,922,922,1224
data/brain_mri(clean_dataset)\test\glioma\glioma_00758.jpg,test,glioma,Training/glioma/Tr-gl_57.jpg,Training,512,512,923,923,923
data/brain_mri(clean_dataset)\train\glioma\glioma_00759.jpg,train,glioma,Training/glioma/Tr-gl_570.jpg,Training,512,512,924,924,924
data/brain_mri(clean_dataset)\train\glioma\glioma_00760.jpg,train,glioma,Training/glioma/Tr-gl_571.jpg,Training,512,512,925,925,925
data/brain_mri(clean_dataset)\test\glioma\glioma_00761.jpg,test,glioma,Training/glioma/Tr-gl_572.jpg,Training,512,512,926,926,5716
data/brain_mri(clean_dataset)\valid\glioma\glioma_00762.jpg,valid,glioma,Training/glioma/Tr-gl_573.jpg,Training,512,512,927,927,927
data/brain_mri(clean_dataset)\train\glioma\glioma_00763.jpg,train,glioma,Training/glioma/Tr-gl_574.jpg,Training,512,512,928,928,928
data/brain_mri(clean_dataset)\train\glioma\glioma_00764.jpg,train,glioma,Training/glioma/Tr-gl_575.jpg,Training,512,512,929,929,6294
data/brain_mri(clean_dataset)\valid\glioma\glioma_00765.jpg,valid,glioma,Training/glioma/Tr-gl_576.jpg,Training,512,512,930,930,930
data/brain_mri(clean_dataset)\train\glioma\glioma_00766.jpg,train,glioma,Training/glioma/Tr-gl_577.jpg,Training,512,512,931,931,6294
data/brain_mri(clean_dataset)\test\glioma\glioma_00767.jpg,test,glioma,Training/glioma/Tr-gl_578.jpg,Training,512,512,5778,5778,5778
data/brain_mri(clean_dataset)\train\glioma\glioma_00768.jpg,train,glioma,Training/glioma/Tr-gl_58.jpg,Training,512,512,934,934,1224
data/brain_mri(clean_dataset)\train\glioma\glioma_00769.jpg,train,glioma,Training/glioma/Tr-gl_580.jpg,Training,512,512,935,935,935
data/brain_mri(clean_dataset)\train\glioma\glioma_00770.jpg,train,glioma,Training/glioma/Tr-gl_581.jpg,Training,512,512,936,936,936
data/brain_mri(clean_dataset)\test\glioma\glioma_00771.jpg,test,glioma,Training/glioma/Tr-gl_582.jpg,Training,512,512,937,937,636
data/brain_mri(clean_dataset)\train\glioma\glioma_00772.jpg,train,glioma,Training/glioma/Tr-gl_584.jpg,Training,512,512,939,939,5945
data/brain_mri(clean_dataset)\train\glioma\glioma_00773.jpg,train,glioma,Training/glioma/Tr-gl_585.jpg,Training,512,512,1309,1309,1309
data/brain_mri(clean_dataset)\train\glioma\glioma_00774.jpg,train,glioma,Training/glioma/Tr-gl_587.jpg,Training,512,512,942,942,942
data/brain_mri(clean_dataset)\train\glioma\glioma_00775.jpg,train,glioma,Training/glioma/Tr-gl_588.jpg,Training,512,512,943,943,6294
data/brain_mri(clean_dataset)\test\glioma\glioma_00776.jpg,test,glioma,Training/glioma/Tr-gl_59.jpg,Training,512,512,1193,1193,5982
data/brain_mri(clean_dataset)\test\glioma\glioma_00777.jpg,test,glioma,Training/glioma/Tr-gl_590.jpg,Training,512,512,946,946,946
data/brain_mri(clean_dataset)\train\glioma\glioma_00778.jpg,train,glioma,Training/glioma/Tr-gl_591.jpg,Training,512,512,947,947,1179
data/brain_mri(clean_dataset)\train\glioma\glioma_00779.jpg,train,glioma,Training/glioma/Tr-gl_592.jpg,Training,512,512,948,948,5958
data/brain_mri(clean_dataset)\train\glioma\glioma_00780.jpg,train,glioma,Training/glioma/Tr-gl_593.jpg,Training,512,512,949,949,949
data/brain_mri(clean_dataset)\valid\glioma\glioma_00781.jpg,valid,glioma,Training/glioma/Tr-gl_594.jpg,Training,512,512,950,950,5948
data/brain_mri(clean_dataset)\test\glioma\glioma_00782.jpg,test,glioma,Training/glioma/Tr-gl_595.jpg,Training,512,512,951,951,951
data/brain_mri(clean_dataset)\train\glioma\glioma_00783.jpg,train,glioma,Training/glioma/Tr-gl_597.jpg,Training,512,512,953,953,6294
data/brain_mri(clean_dataset)\train\glioma\glioma_00784.jpg,train,glioma,Training/glioma/Tr-gl_599.jpg,Training,512,512,955,955,1101
data/brain_mri(clean_dataset)\test\glioma\glioma_00785.jpg,test,glioma,Training/glioma/Tr-gl_6.jpg,Training,512,512,956,956,956
data/brain_mri(clean_dataset)\test\glioma\glioma_00786.jpg,test,glioma,Training/glioma/Tr-gl_60.jpg,Training,512,512,957,1068,5982
data/brain_mri(clean_dataset)\train\glioma\glioma_00787.jpg,train,glioma,Training/glioma/Tr-gl_600.jpg,Training,512,512,958,958,958
data/brain_mri(clean_dataset)\test\glioma\glioma_00788.jpg,test,glioma,Training/glioma/Tr-gl_601.jpg,Training,512,512,959,959,959
data/brain_mri(clean_dataset)\train\glioma\glioma_00789.jpg,train,glioma,Training/glioma/Tr-gl_602.jpg,Training,512,512,960,960,1196
data/brain_mri(clean_dataset)\train\glioma\glioma_00790.jpg,train,glioma,Training/glioma/Tr-gl_604.jpg,Training,512,512,962,962,962
data/brain_mri(clean_dataset)\train\glioma\glioma_00791.jpg,train,glioma,Training/glioma/Tr-gl_605.jpg,Training,512,512,963,963,963
data/brain_mri(clean_dataset)\train\glioma\glioma_00792.jpg,train,glioma,Training/glioma/Tr-gl_607.jpg,Training,512,512,965,965,5819
data/brain_mri(clean_dataset)\train\glioma\glioma_00793.jpg,train,glioma,Training/glioma/Tr-gl_608.jpg,Training,512,512,1397,1397,1265
data/brain_mri(clean_dataset)\train\glioma\glioma_00794.jpg,train,glioma,Training/glioma/Tr-gl_609.jpg,Training,512,512,967,5647,5647
data/brain_mri(clean_dataset)\train\glioma\glioma_00795.jpg,train,glioma,Training/glioma/Tr-gl_61.jpg,Training,512,512,968,968,968
data/brain_mri(clean_dataset)\train\glioma\glioma_00796.jpg,train,glioma,Training/glioma/Tr-gl_611.jpg,Training,512,512,970,970,970
data/brain_mri(clean_dataset)\train\glioma\glioma_00797.jpg,train,glioma,Training/glioma/Tr-gl_613.jpg,Training,512,512,972,972,1389
data/brain_mri(clean_dataset)\train\glioma\glioma_00798.jpg,train,glioma,Training/glioma/Tr-gl_614.jpg,Training,512,512,973,973,5647
data/brain_mri(clean_dataset)\train\glioma\glioma_00799.jpg,train,glioma,Training/glioma/Tr-gl_615.jpg,Training,512,512,974,974,974
data/brain_mri(clean_dataset)\valid\glioma\glioma_00800.jpg,valid,glioma,Training/glioma/Tr-gl_616.jpg,Training,512,512,975,975,975
data/brain_mri(clean_dataset)\train\glioma\glioma_00801.jpg,train,glioma,Training/glioma/Tr-gl_618.jpg,Training,512,512,977,977,1196
data/brain_mri(clean_dataset)\train\glioma\glioma_00802.jpg,train,glioma,Training/glioma/Tr-gl_62.jpg,Training,512,512,979,979,1299
data/brain_mri(clean_dataset)\train\glioma\glioma_00803.jpg,train,glioma,Training/glioma/Tr-gl_620.jpg,Training,512,512,980,980,1018
data/brain_mri(clean_dataset)\train\glioma\glioma_00804.jpg,train,glioma,Training/glioma/Tr-gl_621.jpg,Training,512,512,981,981,981
data/brain_mri(clean_dataset)\train\glioma\glioma_00805.jpg,train,glioma,Training/glioma/Tr-gl_623.jpg,Training,512,512,983,983,983
data/brain_mri(clean_dataset)\train\glioma\glioma_00806.jpg,train,glioma,Training/glioma/Tr-gl_624.jpg,Training,512,512,984,984,984
data/brain_mri(clean_dataset)\test\glioma\glioma_00807.jpg,test,glioma,Training/glioma/Tr-gl_625.jpg,Training,512,512,5939,5939,5939
data/brain_mri(clean_dataset)\train\glioma\glioma_00808.jpg,train,glioma,Training/glioma/Tr-gl_626.jpg,Training,512,512,986,986,986
data/brain_mri(clean_dataset)\train\glioma\glioma_00809.jpg,train,glioma,Training/glioma/Tr-gl_627.jpg,Training,512,512,987,987,987
data/brain_mri(clean_dataset)\train\glioma\glioma_00810.jpg,train,glioma,Training/glioma/Tr-gl_628.jpg,Training,512,512,988,988,6294
data/brain_mri(clean_dataset)\train\glioma\glioma_00811.jpg,train,glioma,Training/glioma/Tr-gl_631.jpg,Training,512,512,1340,1340,1340
data/brain_mri(clean_dataset)\valid\glioma\glioma_00812.jpg,valid,glioma,Training/glioma/Tr-gl_632.jpg,Training,512,512,993,993,993
data/brain_mri(clean_dataset)\valid\glioma\glioma_00813.jpg,valid,glioma,Training/glioma/Tr-gl_633.jpg,Training,512,512,994,994,1344
data/brain_mri(clean_dataset)\train\glioma\glioma_00814.jpg,train,glioma,Training/glioma/Tr-gl_634.jpg,Training,512,512,995,995,1385
data/brain_mri(clean_dataset)\train\glioma\glioma_00815.jpg,train,glioma,Training/glioma/Tr-gl_635.jpg,Training,512,512,996,996,5915
data/brain_mri(clean_dataset)\train\glioma\glioma_00816.jpg,train,glioma,Training/glioma/Tr-gl_636.jpg,Training,512,512,997,997,1278
data/brain_mri(clean_dataset)\valid\glioma\glioma_00817.jpg,valid,glioma,Training/glioma/Tr-gl_637.jpg,Training,512,512,998,998,998
data/brain_mri(clean_dataset)\valid\glioma\glioma_00818.jpg,valid,glioma,Training/glioma/Tr-gl_638.jpg,Training,512,512,999,999,5766
data/brain_mri(clean_dataset)\train\glioma\glioma_00819.jpg,train,glioma,Training/glioma/Tr-gl_639.jpg,Training,512,512,1000,1000,5734
data/brain_mri(clean_dataset)\train\glioma\glioma_00820.jpg,train,glioma,Training/glioma/Tr-gl_64.jpg,Training,512,512,1001,1001,1001
data/brain_mri(clean_dataset)\train\glioma\glioma_00821.jpg,train,glioma,Training/glioma/Tr-gl_640.jpg,Training,512,512,1002,1002,1002
data/brain_mri(clean_dataset)\test\glioma\glioma_00822.jpg,test,glioma,Training/glioma/Tr-gl_641.jpg,Training,512,512,1003,1003,1003
data/brain_mri(clean_dataset)\train\glioma\glioma_00823.jpg,train,glioma,Training/glioma/Tr-gl_642.jpg,Training,512,512,5706,5706,878
data/brain_mri(clean_dataset)\test\glioma\glioma_00824.jpg,test,glioma,Training/glioma/Tr-gl_643.jpg,Training,512,512,1005,1005,1005
data/brain_mri(clean_dataset)\train\glioma\glioma_00825.jpg,train,glioma,Training/glioma/Tr-gl_644.jpg,Training,512,512,1006,1006,1006
data/brain_mri(clean_dataset)\train\glioma\glioma_00826.jpg,train,glioma,Training/glioma/Tr-gl_645.jpg,Training,512,512,1007,1007,1360
data/brain_mri(clean_dataset)\train\glioma\glioma_00827.jpg,train,glioma,Training/glioma/Tr-gl_646.jpg,Training,512,512,1008,1008,1008
data/brain_mri(clean_dataset)\train\glioma\glioma_00828.jpg,train,glioma,Training/glioma/Tr-gl_647.jpg,Training,512,512,1009,1009,5819
data/brain_mri(clean_dataset)\train\glioma\glioma_00829.jpg,train,glioma,Training/glioma/Tr-gl_648.jpg,Training,512,512,1010,1010,5713
data/brain_mri(clean_dataset)\train\glioma\glioma_00830.jpg,train,glioma,Training/glioma/Tr-gl_649.jpg,Training,512,512,1011,1011,1090
data/brain_mri(clean_dataset)\valid\glioma\glioma_00831.jpg,valid,glioma,Training/glioma/Tr-gl_65.jpg,Training,512,512,1012,1012,1344
data/brain_mri(clean_dataset)\valid\glioma\glioma_00832.jpg,valid,glioma,Training/glioma/Tr-gl_650.jpg,Training,512,512,1013,1013,1013
data/brain_mri(clean_dataset)\train\glioma\glioma_00833.jpg,train,glioma,Training/glioma/Tr-gl_651.jpg,Training,512,512,1014,1014,1014
data/brain_mri(clean_dataset)\test\glioma\glioma_00834.jpg,test,glioma,Training/glioma/Tr-gl_653.jpg,Training,512,512,1016,1016,636
data/brain_mri(clean_dataset)\train\glioma\glioma_00835.jpg,train,glioma,Training/glioma/Tr-gl_654.jpg,Training,512,512,5935,5935,5935
data/brain_mri(clean_dataset)\train\glioma\glioma_00836.jpg,train,glioma,Training/glioma/Tr-gl_655.jpg,Training,512,512,1018,1018,1018
data/brain_mri(clean_dataset)\train\glioma\glioma_00837.jpg,train,glioma,Training/glioma/Tr-gl_656.jpg,Training,512,512,1019,1019,1019
data/brain_mri(clean_dataset)\train\glioma\glioma_00838.jpg,train,glioma,Training/glioma/Tr-gl_658.jpg,Training,512,512,1021,1021,1021
data/brain_mri(clean_dataset)\train\glioma\glioma_00839.jpg,train,glioma,Training/glioma/Tr-gl_659.jpg,Training,512,512,1022,1022,6294
data/brain_mri(clean_dataset)\valid\glioma\glioma_00840.jpg,valid,glioma,Training/glioma/Tr-gl_66.jpg,Training,512,512,1023,1023,1023
data/brain_mri(clean_dataset)\train\glioma\glioma_00841.jpg,train,glioma,Training/glioma/Tr-gl_661.jpg,Training,512,512,1025,1025,1025
data/brain_mri(clean_dataset)\train\glioma\glioma_00842.jpg,train,glioma,Training/glioma/Tr-gl_663.jpg,Training,512,512,1027,1027,5915
data/brain_mri(clean_dataset)\train\glioma\glioma_00843.jpg,train,glioma,Training/glioma/Tr-gl_664.jpg,Training,512,512,1028,1028,5848
data/brain_mri(clean_dataset)\valid\glioma\glioma_00844.jpg,valid,glioma,Training/glioma/Tr-gl_665.jpg,Training,512,512,1029,1029,5943
data/brain_mri(clean_dataset)\train\glioma\glioma_00845.jpg,train,glioma,Training/glioma/Tr-gl_667.jpg,Training,512,512,1031,1031,1031
data/brain_mri(clean_dataset)\train\glioma\glioma_00846.jpg,train,glioma,Training/glioma/Tr-gl_669.jpg,Training,512,512,1033,1033,1033
data/brain_mri(clean_dataset)\train\glioma\glioma_00847.jpg,train,glioma,Training/glioma/Tr-gl_67.jpg,Training,512,512,1034,1034,1312
data/brain_mri(clean_dataset)\train\glioma\glioma_00848.jpg,train,glioma,Training/glioma/Tr-gl_671.jpg,Training,512,512,1036,1036,1036
data/brain_mri(clean_dataset)\test\glioma\glioma_00849.jpg,test,glioma,Training/glioma/Tr-gl_672.jpg,Training,512,512,1037,1037,1037
data/brain_mri(clean_dataset)\train\glioma\glioma_00850.jpg,train,glioma,Training/glioma/Tr-gl_673.jpg,Training,512,512,5801,5801,1378
data/brain_mri(clean_dataset)\test\glioma\glioma_00851.jpg,test,glioma,Training/glioma/Tr-gl_674.jpg,Training,512,512,1039,1242,636
data/brain_mri(clean_dataset)\train\glioma\glioma_00852.jpg,train,glioma,Training/glioma/Tr-gl_675.jpg,Training,512,512,1040,1040,1040
data/brain_mri(clean_dataset)\train\glioma\glioma_00853.jpg,train,glioma,Training/glioma/Tr-gl_676.jpg,Training,512,512,1041,1041,1041
data/brain_mri(clean_dataset)\train\glioma\glioma_00854.jpg,train,glioma,Training/glioma/Tr-gl_677.jpg,Training,512,512,1042,1042,1042
data/brain_mri(clean_dataset)\train\glioma\glioma_00855.jpg,train,glioma,Training/glioma/Tr-gl_678.jpg,Training,512,512,1043,1043,1043
data/brain_mri(clean_dataset)\train\glioma\glioma_00856.jpg,train,glioma,Training/glioma/Tr-gl_679.jpg,Training,512,512,1044,1044,1044
data/brain_mri(clean_dataset)\train\glioma\glioma_00857.jpg,train,glioma,Training/glioma/Tr-gl_680.jpg,Training,512,512,1046,1046,1046
data/brain_mri(clean_dataset)\train\glioma\glioma_00858.jpg,train,glioma,Training/glioma/Tr-gl_681.jpg,Training,512,512,1047,1047,1047
data/brain_mri(clean_dataset)\test\glioma\glioma_00859.jpg,test,glioma,Training/glioma/Tr-gl_682.jpg,Training,512,512,1048,1048,1048
data/brain_mri(clean_dataset)\train\glioma\glioma_00860.jpg,train,glioma,Training/glioma/Tr-gl_683.jpg,Training,512,512,1049,1049,1049
data/brain_mri(clean_dataset)\train\glioma\glioma_00861.jpg,train,glioma,Training/glioma/Tr-gl_684.jpg,Training,512,512,1050,1050,1050
data/brain_mri(clean_dataset)\test\glioma\glioma_00862.jpg,test,glioma,Training/glioma/Tr-gl_685.jpg,Training,512,512,1051,1051,1051
data/brain_mri(clean_dataset)\train\glioma\glioma_00863.jpg,train,glioma,Training/glioma/Tr-gl_686.jpg,Training,512,512,1052,1052,6294
data/brain_mri(clean_dataset)\train\glioma\glioma_00864.jpg,train,glioma,Training/glioma/Tr-gl_687.jpg,Training,512,512,5860,5860,5860
data/brain_mri(clean_dataset)\train\glioma\glioma_00865.jpg,train,glioma,Training/glioma/Tr-gl_688.jpg,Training,512,512,1054,1054,1054
data/brain_mri(clean_dataset)\valid\glioma\glioma_00866.jpg,valid,glioma,Training/glioma/Tr-gl_689.jpg,Training,512,512,1055,1055,1055
data/brain_mri(clean_dataset)\test\glioma\glioma_00867.jpg,test,glioma,Training/glioma/Tr-gl_69.jpg,Training,512,512,1056,1056,1056
data/brain_mri(clean_dataset)\train\glioma\glioma_00868.jpg,train,glioma,Training/glioma/Tr-gl_693.jpg,Training,512,512,1060,1060,1060
data/brain_mri(clean_dataset)\train\glioma\glioma_00869.jpg,train,glioma,Training/glioma/Tr-gl_694.jpg,Training,512,512,1061,1061,1061
data/brain_mri(clean_dataset)\valid\glioma\glioma_00870.jpg,valid,glioma,Training/glioma/Tr-gl_696.jpg,Training,512,512,1234,1234,1234
data/brain_mri(clean_dataset)\train\glioma\glioma_00871.jpg,train,glioma,Training/glioma/Tr-gl_698.jpg,Training,512,512,1065,1065,1065
data/brain_mri(clean_dataset)\train\glioma\glioma_00872.jpg,train,glioma,Training/glioma/Tr-gl_7.jpg,Training,512,512,1067,1067,1067
data/brain_mri(clean_dataset)\test\glioma\glioma_00873.jpg,test,glioma,Training/glioma/Tr-gl_70.jpg,Training,512,512,1068,1068,5982
data/brain_mri(clean_dataset)\train\glioma\glioma_00874.jpg,train,glioma,Training/glioma/Tr-gl_700.jpg,Training,512,512,1069,5870,6294
data/brain_mri(clean_dataset)\train\glioma\glioma_00875.jpg,train,glioma,Training/glioma/Tr-gl_701.jpg,Training,512,512,1070,1070,1231
data/brain_mri(clean_dataset)\train\glioma\glioma_00876.jpg,train,glioma,Training/glioma/Tr-gl_702.jpg,Training,512,512,1071,1071,1278
data/brain_mri(clean_dataset)\train\glioma\glioma_00877.jpg,train,glioma,Training/glioma/Tr-gl_704.jpg,Training,512,512,1073,1073,1073
data/brain_mri(clean_dataset)\valid\glioma\glioma_00878.jpg,valid,glioma,Training/glioma/Tr-gl_705.jpg,Training,512,512,1074,1074,1074
data/brain_mri(clean_dataset)\train\glioma\glioma_00879.jpg,train,glioma,Training/glioma/Tr-gl_706.jpg,Training,512,512,5696,5696,1307
data/brain_mri(clean_dataset)\train\glioma\glioma_00880.jpg,train,glioma,Training/glioma/Tr-gl_707.jpg,Training,512,512,1076,1076,6294
data/brain_mri(clean_dataset)\train\glioma\glioma_00881.jpg,train,glioma,Training/glioma/Tr-gl_708.jpg,Training,512,512,1077,1077,5601
data/brain_mri(clean_dataset)\valid\glioma\glioma_00882.jpg,valid,glioma,Training/glioma/Tr-gl_709.jpg,Training,512,512,1078,1078,1078
data/brain_mri(clean_dataset)\train\glioma\glioma_00883.jpg,train,glioma,Training/glioma/Tr-gl_71.jpg,Training,512,512,1079,1079,1018
data/brain_mri(clean_dataset)\test\glioma\glioma_00884.jpg,test,glioma,Training/glioma/Tr-gl_710.jpg,Training,512,512,1080,1080,1271
data/brain_mri(clean_dataset)\train\glioma\glioma_00885.jpg,train,glioma,Training/glioma/Tr-gl_711.jpg,Training,512,512,1081,1081,6294
data/brain_mri(clean_dataset)\train\glioma\glioma_00886.jpg,train,glioma,Training/glioma/Tr-gl_712.jpg,Training,512,512,1082,1082,1082
data/brain_mri(clean_dataset)\train\glioma\glioma_00887.jpg,train,glioma,Training/glioma/Tr-gl_713.jpg,Training,512,512,1083,1083,1083
data/brain_mri(clean_dataset)\valid\glioma\glioma_00888.jpg,valid,glioma,Training/glioma/Tr-gl_714.jpg,Training,512,512,1084,1084,5891
data/brain_mri(clean_dataset)\train\glioma\glioma_00889.jpg,train,glioma,Training/glioma/Tr-gl_715.jpg,Training,512,512,1085,1085,1196
data/brain_mri(clean_dataset)\train\glioma\glioma_00890.jpg,train,glioma,Training/glioma/Tr-gl_717.jpg,Training,512,512,1087,1087,6294
data/brain_mri(clean_dataset)\train\glioma\glioma_00891.jpg,train,glioma,Training/glioma/Tr-gl_719.jpg,Training,512,512,1089,1089,1381
data/brain_mri(clean_dataset)\train\glioma\glioma_00892.jpg,train,glioma,Training/glioma/Tr-gl_72.jpg,Training,512,512,1090,1090,1090
data/brain_mri(clean_dataset)\valid\glioma\glioma_00893.jpg,valid,glioma,Training/glioma/Tr-gl_720.jpg,Training,512,512,5916,5916,5916
data/brain_mri(clean_dataset)\train\glioma\glioma_00894.jpg,train,glioma,Training/glioma/Tr-gl_721.jpg,Training,512,512,1345,1345,1345
data/brain_mri(clean_dataset)\test\glioma\glioma_00895.jpg,test,glioma,Training/glioma/Tr-gl_722.jpg,Training,512,512,1093,1093,1093
data/brain_mri(clean_dataset)\train\glioma\glioma_00896.jpg,train,glioma,Training/glioma/Tr-gl_723.jpg,Training,512,512,1094,1094,1094
data/brain_mri(clean_dataset)\train\glioma\glioma_00897.jpg,train,glioma,Training/glioma/Tr-gl_724.jpg,Training,512,512,1095,1095,1095
data/brain_mri(clean_dataset)\train\glioma\glioma_00898.jpg,train,glioma,Training/glioma/Tr-gl_725.jpg,Training,512,512,5683,5683,5683
data/brain_mri(clean_dataset)\train\glioma\glioma_00899.jpg,train,glioma,Training/glioma/Tr-gl_726.jpg,Training,512,512,1097,1097,1097
data/brain_mri(clean_dataset)\train\glioma\glioma_00900.jpg,train,glioma,Training/glioma/Tr-gl_727.jpg,Training,512,512,1098,1098,6294
data/brain_mri(clean_dataset)\valid\glioma\glioma_00901.jpg,valid,glioma,Training/glioma/Tr-gl_728.jpg,Training,512,512,1099,1099,1099
data/brain_mri(clean_dataset)\test\glioma\glioma_00902.jpg,test,glioma,Training/glioma/Tr-gl_729.jpg,Training,512,512,1100,1100,1100
data/brain_mri(clean_dataset)\train\glioma\glioma_00903.jpg,train,glioma,Training/glioma/Tr-gl_73.jpg,Training,512,512,1101,1101,1101
data/brain_mri(clean_dataset)\train\glioma\glioma_00904.jpg,train,glioma,Training/glioma/Tr-gl_730.jpg,Training,512,512,1102,1102,6294
data/brain_mri(clean_dataset)\test\glioma\glioma_00905.jpg,test,glioma,Training/glioma/Tr-gl_731.jpg,Training,512,512,1103,1103,1103
data/brain_mri(clean_dataset)\train\glioma\glioma_00906.jpg,train,glioma,Training/glioma/Tr-gl_733.jpg,Training,512,512,1105,1105,1105
data/brain_mri(clean_dataset)\train\glioma\glioma_00907.jpg,train,glioma,Training/glioma/Tr-gl_734.jpg,Training,512,512,5968,5968,5968
data/brain_mri(clean_dataset)\train\glioma\glioma_00908.jpg,train,glioma,Training/glioma/Tr-gl_735.jpg,Training,512,512,1107,1107,5741
data/brain_mri(clean_dataset)\train\glioma\glioma_00909.jpg,train,glioma,Training/glioma/Tr-gl_736.jpg,Training,512,512,1108,1108,1108
data/brain_mri(clean_dataset)\valid\glioma\glioma_00910.jpg,valid,glioma,Training/glioma/Tr-gl_737.jpg,Training,512,512,1109,1109,1109
data/brain_mri(clean_dataset)\train\glioma\glioma_00911.jpg,train,glioma,Training/glioma/Tr-gl_738.jpg,Training,512,512,1110,1110,1110
data/brain_mri(clean_dataset)\test\glioma\glioma_00912.jpg,test,glioma,Training/glioma/Tr-gl_74.jpg,Training,512,512,1112,1112,1112
data/brain_mri(clean_dataset)\train\glioma\glioma_00913.jpg,train,glioma,Training/glioma/Tr-gl_740.jpg,Training,512,512,1113,1113,1113
data/brain_mri(clean_dataset)\valid\glioma\glioma_00914.jpg,valid,glioma,Training/glioma/Tr-gl_742.jpg,Training,512,512,1115,1115,1115
data/brain_mri(clean_dataset)\train\glioma\glioma_00915.jpg,train,glioma,Training/glioma/Tr-gl_743.jpg,Training,512,512,1116,1116,1116
data/brain_mri(clean_dataset)\valid\glioma\glioma_00916.jpg,valid,glioma,Training/glioma/Tr-gl_745.jpg,Training,512,512,1118,1118,1118
data/brain_mri(clean_dataset)\valid\glioma\glioma_00917.jpg,valid,glioma,Training/glioma/Tr-gl_747.jpg,Training,512,512,1120,1120,1120
data/brain_mri(clean_dataset)\valid\glioma\glioma_00918.jpg,valid,glioma,Training/glioma/Tr-gl_748.jpg,Training,512,512,1121,1121,1121
data/brain_mri(clean_dataset)\train\glioma\glioma_00919.jpg,train,glioma,Training/glioma/Tr-gl_749.jpg,Training,512,512,1122,1122,1122
data/brain_mri(clean_dataset)\test\glioma\glioma_00920.jpg,test,glioma,Training/glioma/Tr-gl_75.jpg,Training,512,512,1123,1123,5676
data/brain_mri(clean_dataset)\train\glioma\glioma_00921.jpg,train,glioma,Training/glioma/Tr-gl_750.jpg,Training,512,512,1124,1124,6294
data/brain_mri(clean_dataset)\train\glioma\glioma_00922.jpg,train,glioma,Training/glioma/Tr-gl_753.jpg,Training,512,512,1127,1127,1127
data/brain_mri(clean_dataset)\train\glioma\glioma_00923.jpg,train,glioma,Training/glioma/Tr-gl_754.jpg,Training,512,512,1128,1128,1128
data/brain_mri(clean_dataset)\test\glioma\glioma_00924.jpg,test,glioma,Training/glioma/Tr-gl_755.jpg,Training,512,512,1267,1267,5982
data/brain_mri(clean_dataset)\train\glioma\glioma_00925.jpg,train,glioma,Training/glioma/Tr-gl_757.jpg,Training,512,512,1131,1131,1131
data/brain_mri(clean_dataset)\valid\glioma\glioma_00926.jpg,valid,glioma,Training/glioma/Tr-gl_758.jpg,Training,512,512,1132,1132,1132
data/brain_mri(clean_dataset)\test\glioma\glioma_00927.jpg,test,glioma,Training/glioma/Tr-gl_759.jpg,Training,512,512,1133,1133,1133
data/brain_mri(clean_dataset)\test\glioma\glioma_00928.jpg,test,glioma,Training/glioma/Tr-gl_76.jpg,Training,512,512,1341,1341,1341
data/brain_mri(clean_dataset)\test\glioma\glioma_00929.jpg,test,glioma,Training/glioma/Tr-gl_760.jpg,Training,512,512,1135,1135,1135
data/brain_mri(clean_dataset)\train\glioma\glioma_00930.jpg,train,glioma,Training/glioma/Tr-gl_761.jpg,Training,512,512,1136,1136,1136
data/brain_mri(clean_dataset)\train\glioma\glioma_00931.jpg,train,glioma,Training/glioma/Tr-gl_762.jpg,Training,512,512,1137,1137,1137
data/brain_mri(clean_dataset)\train\glioma\glioma_00932.jpg,train,glioma,Training/glioma/Tr-gl_764.jpg,Training,512,512,1139,1139,1139
data/brain_mri(clean_dataset)\train\glioma\glioma_00933.jpg,train,glioma,Training/glioma/Tr-gl_765.jpg,Training,512,512,1140,1140,1140
data/brain_mri(clean_dataset)\test\glioma\glioma_00934.jpg,test,glioma,Training/glioma/Tr-gl_766.jpg,Training,512,512,1141,1141,1141
data/brain_mri(clean_dataset)\train\glioma\glioma_00935.jpg,train,glioma,Training/glioma/Tr-gl_767.jpg,Training,512,512,1142,1142,1142
data/brain_mri(clean_dataset)\train\glioma\glioma_00936.jpg,train,glioma,Training/glioma/Tr-gl_769.jpg,Training,512,512,1144,1144,5966
data/brain_mri(clean_dataset)\train\glioma\glioma_00937.jpg,train,glioma,Training/glioma/Tr-gl_77.jpg,Training,512,512,1145,1145,1145
data/brain_mri(clean_dataset)\train\glioma\glioma_00938.jpg,train,glioma,Training/glioma/Tr-gl_770.jpg,Training,512,512,1146,1146,1146
data/brain_mri(clean_dataset)\train\glioma\glioma_00939.jpg,train,glioma,Training/glioma/Tr-gl_771.jpg,Training,512,512,1147,1147,1147
data/brain_mri(clean_dataset)\train\glioma\glioma_00940.jpg,train,glioma,Training/glioma/Tr-gl_772.jpg,Training,512,512,1148,1148,1148
data/brain_mri(clean_dataset)\train\glioma\glioma_00941.jpg,train,glioma,Training/glioma/Tr-gl_773.jpg,Training,512,512,1149,1149,6294
data/brain_mri(clean_dataset)\train\glioma\glioma_00942.jpg,train,glioma,Training/glioma/Tr-gl_775.jpg,Training,512,512,1151,1151,2745
data/brain_mri(clean_dataset)\valid\glioma\glioma_00943.jpg,valid,glioma,Training/glioma/Tr-gl_776.jpg,Training,512,512,1152,1152,1152
data/brain_mri(clean_dataset)\train\glioma\glioma_00944.jpg,train,glioma,Training/glioma/Tr-gl_778.jpg,Training,512,512,1154,1154,1154
data/brain_mri(clean_dataset)\train\glioma\glioma_00945.jpg,train,glioma,Training/glioma/Tr-gl_779.jpg,Training,512,512,1155,1155,1155
data/brain_mri(clean_dataset)\train\glioma\glioma_00946.jpg,train,glioma,Training/glioma/Tr-gl_780.jpg,Training,512,512,1157,1157,1157
data/brain_mri(clean_dataset)\valid\glioma\glioma_00947.jpg,valid,glioma,Training/glioma/Tr-gl_782.jpg,Training,512,512,1159,1159,806
data/brain_mri(clean_dataset)\train\glioma\glioma_00948.jpg,train,glioma,Training/glioma/Tr-gl_783.jpg,Training,512,512,1160,1160,1160
data/brain_mri(clean_dataset)\test\glioma\glioma_00949.jpg,test,glioma,Training/glioma/Tr-gl_784.jpg,Training,512,512,1161,1161,1161
data/brain_mri(clean_dataset)\valid\glioma\glioma_00950.jpg,valid,glioma,Training/glioma/Tr-gl_785.jpg,Training,512,512,1162,1162,1162
data/brain_mri(clean_dataset)\test\glioma\glioma_00951.jpg,test,glioma,Training/glioma/Tr-gl_786.jpg,Training,512,512,1163,1163,1163
data/brain_mri(clean_dataset)\valid\glioma\glioma_00952.jpg,valid,glioma,Training/glioma/Tr-gl_787.jpg,Training,512,512,1164,1164,1344
data/brain_mri(clean_dataset)\valid\glioma\glioma_00953.jpg,valid,glioma,Training/glioma/Tr-gl_788.jpg,Training,512,512,1165,1165,1165
data/brain_mri(clean_dataset)\valid\glioma\glioma_00954.jpg,valid,glioma,Training/glioma/Tr-gl_789.jpg,Training,512,512,1166,1166,5948
data/brain_mri(clean_dataset)\test\glioma\glioma_00955.jpg,test,glioma,Training/glioma/Tr-gl_79.jpg,Training,512,512,1167,1167,5676
data/brain_mri(clean_dataset)\train\glioma\glioma_00956.jpg,train,glioma,Training/glioma/Tr-gl_790.jpg,Training,512,512,1168,1168,6294
data/brain_mri(clean_dataset)\valid\glioma\glioma_00957.jpg,valid,glioma,Training/glioma/Tr-gl_791.jpg,Training,512,512,1169,1169,1169
data/brain_mri(clean_dataset)\train\glioma\glioma_00958.jpg,train,glioma,Training/glioma/Tr-gl_792.jpg,Training,512,512,1171,1171,1171
data/brain_mri(clean_dataset)\train\glioma\glioma_00959.jpg,train,glioma,Training/glioma/Tr-gl_794.jpg,Training,512,512,1172,1172,1172
data/brain_mri(clean_dataset)\train\glioma\glioma_00960.jpg,train,glioma,Training/glioma/Tr-gl_795.jpg,Training,512,512,1173,1173,6294
data/brain_mri(clean_dataset)\train\glioma\glioma_00961.jpg,train,glioma,Training/glioma/Tr-gl_796.jpg,Training,512,512,1174,1174,1174
data/brain_mri(clean_dataset)\train\glioma\glioma_00962.jpg,train,glioma,Training/glioma/Tr-gl_797.jpg,Training,512,512,1175,1175,1278
data/brain_mri(clean_dataset)\train\glioma\glioma_00963.jpg,train,glioma,Training/glioma/Tr-gl_798.jpg,Training,512,512,1176,1176,1176
data/brain_mri(clean_dataset)\train\glioma\glioma_00964.jpg,train,glioma,Training/glioma/Tr-gl_799.jpg,Training,512,512,1177,1177,1177
data/brain_mri(clean_dataset)\train\glioma\glioma_00965.jpg,train,glioma,Training/glioma/Tr-gl_8.jpg,Training,512,512,1178,1178,1340
data/brain_mri(clean_dataset)\train\glioma\glioma_00966.jpg,train,glioma,Training/glioma/Tr-gl_80.jpg,Training,512,512,1179,1179,1179
data/brain_mri(clean_dataset)\train\glioma\glioma_00967.jpg,train,glioma,Training/glioma/Tr-gl_800.jpg,Training,512,512,1180,1180,1180
data/brain_mri(clean_dataset)\valid\glioma\glioma_00968.jpg,valid,glioma,Training/glioma/Tr-gl_801.jpg,Training,512,512,1181,1181,1181
data/brain_mri(clean_dataset)\test\glioma\glioma_00969.jpg,test,glioma,Training/glioma/Tr-gl_802.jpg,Training,512,512,1182,1182,1182
data/brain_mri(clean_dataset)\train\glioma\glioma_00970.jpg,train,glioma,Training/glioma/Tr-gl_803.jpg,Training,512,512,1183,1183,1183
data/brain_mri(clean_dataset)\train\glioma\glioma_00971.jpg,train,glioma,Training/glioma/Tr-gl_804.jpg,Training,512,512,1184,1184,1184
data/brain_mri(clean_dataset)\test\glioma\glioma_00972.jpg,test,glioma,Training/glioma/Tr-gl_805.jpg,Training,512,512,1185,1185,1185
data/brain_mri(clean_dataset)\valid\glioma\glioma_00973.jpg,valid,glioma,Training/glioma/Tr-gl_806.jpg,Training,512,512,1186,1186,1186
data/brain_mri(clean_dataset)\train\glioma\glioma_00974.jpg,train,glioma,Training/glioma/Tr-gl_807.jpg,Training,512,512,1187,1187,6294
data/brain_mri(clean_dataset)\train\glioma\glioma_00975.jpg,train,glioma,Training/glioma/Tr-gl_808.jpg,Training,512,512,1188,1188,1188
data/brain_mri(clean_dataset)\valid\glioma\glioma_00976.jpg,valid,glioma,Training/glioma/Tr-gl_809.jpg,Training,512,512,1189,1189,1316
data/brain_mri(clean_dataset)\test\glioma\glioma_00977.jpg,test,glioma,Training/glioma/Tr-gl_81.jpg,Training,512,512,1190,1190,1190
data/brain_mri(clean_dataset)\train\glioma\glioma_00978.jpg,train,glioma,Training/glioma/Tr-gl_810.jpg,Training,512,512,1191,5786,5956
data/brain_mri(clean_dataset)\train\glioma\glioma_00979.jpg,train,glioma,Training/glioma/Tr-gl_811.jpg,Training,512,512,1192,1192,1192
data/brain_mri(clean_dataset)\train\glioma\glioma_00980.jpg,train,glioma,Training/glioma/Tr-gl_813.jpg,Training,512,512,1194,1194,1194
data/brain_mri(clean_dataset)\train\glioma\glioma_00981.jpg,train,glioma,Training/glioma/Tr-gl_814.jpg,Training,512,512,1195,1195,1195
data/brain_mri(clean_dataset)\train\glioma\glioma_00982.jpg,train,glioma,Training/glioma/Tr-gl_815.jpg,Training,512,512,1196,1196,1196
data/brain_mri(clean_dataset)\train\glioma\glioma_00983.jpg,train,glioma,Training/glioma/Tr-gl_816.jpg,Training,512,512,1197,1197,1197
data/brain_mri(clean_dataset)\train\glioma\glioma_00984.jpg,train,glioma,Training/glioma/Tr-gl_818.jpg,Training,512,512,1199,1199,6294
data/brain_mri(clean_dataset)\train\glioma\glioma_00985.jpg,train,glioma,Training/glioma/Tr-gl_819.jpg,Training,512,512,1200,1200,1200
data/brain_mri(clean_dataset)\test\glioma\glioma_00986.jpg,test,glioma,Training/glioma/Tr-gl_82.jpg,Training,512,512,1201,1201,5989
data/brain_mri(clean_dataset)\train\glioma\glioma_00987.jpg,train,glioma,Training/glioma/Tr-gl_821.jpg,Training,512,512,1203,1203,1203
data/brain_mri(clean_dataset)\train\glioma\glioma_00988.jpg,train,glioma,Training/glioma/Tr-gl_822.jpg,Training,512,512,1204,1204,5734
data/brain_mri(clean_dataset)\train\glioma\glioma_00989.jpg,train,glioma,Training/glioma/Tr-gl_823.jpg,Training,512,512,5912,5912,5734
data/brain_mri(clean_dataset)\test\glioma\glioma_00990.jpg,test,glioma,Training/glioma/Tr-gl_824.jpg,Training,512,512,1271,1271,1271
data/brain_mri(clean_dataset)\test\glioma\glioma_00991.jpg,test,glioma,Training/glioma/Tr-gl_826.jpg,Training,512,512,1208,1208,5982
data/brain_mri(clean_dataset)\test\glioma\glioma_00992.jpg,test,glioma,Training/glioma/Tr-gl_83.jpg,Training,512,512,1212,1212,1212
data/brain_mri(clean_dataset)\train\glioma\glioma_00993.jpg,train,glioma,Training/glioma/Tr-gl_831.jpg,Training,512,512,1214,1214,1214
data/brain_mri(clean_dataset)\test\glioma\glioma_00994.jpg,test,glioma,Training/glioma/Tr-gl_832.jpg,Training,512,512,1215,1215,5716
data/brain_mri(clean_dataset)\train\glioma\glioma_00995.jpg,train,glioma,Training/glioma/Tr-gl_833.jpg,Training,512,512,1216,1216,1265
data/brain_mri(clean_dataset)\train\glioma\glioma_00996.jpg,train,glioma,Training/glioma/Tr-gl_834.jpg,Training,512,512,1217,1217,1217
data/brain_mri(clean_dataset)\train\glioma\glioma_00997.jpg,train,glioma,Training/glioma/Tr-gl_835.jpg,Training,512,512,1218,1218,1224
data/brain_mri(clean_dataset)\train\glioma\glioma_00998.jpg,train,glioma,Training/glioma/Tr-gl_837.jpg,Training,512,512,5980,5980,5626
data/brain_mri(clean_dataset)\train\glioma\glioma_00999.jpg,train,glioma,Training/glioma/Tr-gl_839.jpg,Training,512,512,1222,1222,1222
data/brain_mri(clean_dataset)\train\glioma\glioma_01000.jpg,train,glioma,Training/glioma/Tr-gl_84.jpg,Training,512,512,1223,1223,5958
data/brain_mri(clean_dataset)\train\glioma\glioma_01001.jpg,train,glioma,Training/glioma/Tr-gl_840.jpg,Training,512,512,1224,1224,1224
data/brain_mri(clean_dataset)\test\glioma\glioma_01002.jpg,test,glioma,Training/glioma/Tr-gl_842.jpg,Training,512,512,1226,1226,636
data/brain_mri(clean_dataset)\train\glioma\glioma_01003.jpg,train,glioma,Training/glioma/Tr-gl_844.jpg,Training,512,512,1228,1228,1262
data/brain_mri(clean_dataset)\train\glioma\glioma_01004.jpg,train,glioma,Training/glioma/Tr-gl_845.jpg,Training,512,512,1229,1229,1229
data/brain_mri(clean_dataset)\train\glioma\glioma_01005.jpg,train,glioma,Training/glioma/Tr-gl_846.jpg,Training,512,512,1230,1230,1230
data/brain_mri(clean_dataset)\train\glioma\glioma_01006.jpg,train,glioma,Training/glioma/Tr-gl_847.jpg,Training,512,512,1231,1231,1231
data/brain_mri(clean_dataset)\valid\glioma\glioma_01007.jpg,valid,glioma,Training/glioma/Tr-gl_848.jpg,Training,512,512,1232,1232,1232
data/brain_mri(clean_dataset)\train\glioma\glioma_01008.jpg,train,glioma,Training/glioma/Tr-gl_849.jpg,Training,512,512,1233,1233,1233
data/brain_mri(clean_dataset)\train\glioma\glioma_01009.jpg,train,glioma,Training/glioma/Tr-gl_850.jpg,Training,512,512,1235,1235,1235
data/brain_mri(clean_dataset)\train\glioma\glioma_01010.jpg,train,glioma,Training/glioma/Tr-gl_851.jpg,Training,512,512,1236,1236,1236
data/brain_mri(clean_dataset)\train\glioma\glioma_01011.jpg,train,glioma,Training/glioma/Tr-gl_852.jpg,Training,512,512,1237,1237,1237
data/brain_mri(clean_dataset)\train\glioma\glioma_01012.jpg,train,glioma,Training/glioma/Tr-gl_854.jpg,Training,512,512,1239,1239,1239
data/brain_mri(clean_dataset)\train\glioma\glioma_01013.jpg,train,glioma,Training/glioma/Tr-gl_855.jpg,Training,512,512,1278,1278,1278
data/brain_mri(clean_dataset)\train\glioma\glioma_01014.jpg,train,glioma,Training/glioma/Tr-gl_856.jpg,Training,512,512,1241,1241,1241
data/brain_mri(clean_dataset)\test\glioma\glioma_01015.jpg,test,glioma,Training/glioma/Tr-gl_857.jpg,Training,512,512,1242,1242,636
data/brain_mri(clean_dataset)\train\glioma\glioma_01016.jpg,train,glioma,Training/glioma/Tr-gl_859.jpg,Training,512,512,1244,1244,1244
data/brain_mri(clean_dataset)\train\glioma\glioma_01017.jpg,train,glioma,Training/glioma/Tr-gl_86.jpg,Training,512,512,1245,1245,1245
data/brain_mri(clean_dataset)\train\glioma\glioma_01018.jpg,train,glioma,Training/glioma/Tr-gl_860.jpg,Training,512,512,1246,1246,1265
data/brain_mri(clean_dataset)\train\glioma\glioma_01019.jpg,train,glioma,Training/glioma/Tr-gl_861.jpg,Training,512,512,1247,1392,1392
data/brain_mri(clean_dataset)\train\glioma\glioma_01020.jpg,train,glioma,Training/glioma/Tr-gl_862.jpg,Training,512,512,1248,5647,5647
data/brain_mri(clean_dataset)\train\glioma\glioma_01021.jpg,train,glioma,Training/glioma/Tr-gl_863.jpg,Training,512,512,1249,1249,1249
data/brain_mri(clean_dataset)\train\glioma\glioma_01022.jpg,train,glioma,Training/glioma/Tr-gl_864.jpg,Training,512,512,1250,1250,1312
data/brain_mri(clean_dataset)\train\glioma\glioma_01023.jpg,train,glioma,Training/glioma/Tr-gl_865.jpg,Training,512,512,1251,1251,1251
data/brain_mri(clean_dataset)\train\glioma\glioma_01024.jpg,train,glioma,Training/glioma/Tr-gl_867.jpg,Training,512,512,1253,1253,1350
data/brain_mri(clean_dataset)\train\glioma\glioma_01025.jpg,train,glioma,Training/glioma/Tr-gl_868.jpg,Training,512,512,1254,1254,5945
data/brain_mri(clean_dataset)\train\glioma\glioma_01026.jpg,train,glioma,Training/glioma/Tr-gl_869.jpg,Training,512,512,1255,1255,2745
data/brain_mri(clean_dataset)\valid\glioma\glioma_01027.jpg,valid,glioma,Training/glioma/Tr-gl_87.jpg,Training,512,512,1256,1256,5874
data/brain_mri(clean_dataset)\train\glioma\glioma_01028.jpg,train,glioma,Training/glioma/Tr-gl_870.jpg,Training,512,512,1257,1257,1257
data/brain_mri(clean_dataset)\train\glioma\glioma_01029.jpg,train,glioma,Training/glioma/Tr-gl_871.jpg,Training,512,512,1258,1258,1258
data/brain_mri(clean_dataset)\train\glioma\glioma_01030.jpg,train,glioma,Training/glioma/Tr-gl_872.jpg,Training,512,512,1259,1259,1259
data/brain_mri(clean_dataset)\valid\glioma\glioma_01031.jpg,valid,glioma,Training/glioma/Tr-gl_873.jpg,Training,512,512,1260,1260,1260
data/brain_mri(clean_dataset)\test\glioma\glioma_01032.jpg,test,glioma,Training/glioma/Tr-gl_874.jpg,Training,512,512,1261,1261,1261
data/brain_mri(clean_dataset)\train\glioma\glioma_01033.jpg,train,glioma,Training/glioma/Tr-gl_875.jpg,Training,512,512,1262,1262,1262
data/brain_mri(clean_dataset)\train\glioma\glioma_01034.jpg,train,glioma,Training/glioma/Tr-gl_876.jpg,Training,512,512,1263,1263,1263
data/brain_mri(clean_dataset)\train\glioma\glioma_01035.jpg,train,glioma,Training/glioma/Tr-gl_877.jpg,Training,512,512,1264,1264,1264
data/brain_mri(clean_dataset)\train\glioma\glioma_01036.jpg,train,glioma,Training/glioma/Tr-gl_878.jpg,Training,512,512,1265,1265,1265
data/brain_mri(clean_dataset)\train\glioma\glioma_01037.jpg,train,glioma,Training/glioma/Tr-gl_880.jpg,Training,512,512,1268,1268,1268
data/brain_mri(clean_dataset)\train\glioma\glioma_01038.jpg,train,glioma,Training/glioma/Tr-gl_882.jpg,Training,512,512,1270,1270,5896
data/brain_mri(clean_dataset)\test\glioma\glioma_01039.jpg,test,glioma,Training/glioma/Tr-gl_884.jpg,Training,512,512,1272,1333,5640
data/brain_mri(clean_dataset)\train\glioma\glioma_01040.jpg,train,glioma,Training/glioma/Tr-gl_885.jpg,Training,512,512,1273,1273,1273
data/brain_mri(clean_dataset)\test\glioma\glioma_01041.jpg,test,glioma,Training/glioma/Tr-gl_887.jpg,Training,512,512,1275,1275,1275
data/brain_mri(clean_dataset)\train\glioma\glioma_01042.jpg,train,glioma,Training/glioma/Tr-gl_888.jpg,Training,512,512,1276,1276,1276
data/brain_mri(clean_dataset)\valid\glioma\glioma_01043.jpg,valid,glioma,Training/glioma/Tr-gl_889.jpg,Training,512,512,1277,1277,1277
data/brain_mri(clean_dataset)\test\glioma\glioma_01044.jpg,test,glioma,Training/glioma/Tr-gl_890.jpg,Training,512,512,1279,1279,1279
data/brain_mri(clean_dataset)\train\glioma\glioma_01045.jpg,train,glioma,Training/glioma/Tr-gl_891.jpg,Training,512,512,1280,1280,1280
data/brain_mri(clean_dataset)\valid\glioma\glioma_01046.jpg,valid,glioma,Training/glioma/Tr-gl_892.jpg,Training,512,512,1281,1281,1281
data/brain_mri(clean_dataset)\train\glioma\glioma_01047.jpg,train,glioma,Training/glioma/Tr-gl_894.jpg,Training,512,512,1283,1283,1283
data/brain_mri(clean_dataset)\valid\glioma\glioma_01048.jpg,valid,glioma,Training/glioma/Tr-gl_895.jpg,Training,512,512,1284,1284,1342
data/brain_mri(clean_dataset)\valid\glioma\glioma_01049.jpg,valid,glioma,Training/glioma/Tr-gl_896.jpg,Training,512,512,1285,1285,1285
data/brain_mri(clean_dataset)\train\glioma\glioma_01050.jpg,train,glioma,Training/glioma/Tr-gl_897.jpg,Training,512,512,1286,1286,5791
data/brain_mri(clean_dataset)\train\glioma\glioma_01051.jpg,train,glioma,Training/glioma/Tr-gl_898.jpg,Training,512,512,1287,1287,1287
data/brain_mri(clean_dataset)\train\glioma\glioma_01052.jpg,train,glioma,Training/glioma/Tr-gl_899.jpg,Training,512,512,1288,1288,1288
data/brain_mri(clean_dataset)\train\glioma\glioma_01053.jpg,train,glioma,Training/glioma/Tr-gl_9.jpg,Training,512,512,1289,1289,5661
data/brain_mri(clean_dataset)\train\glioma\glioma_01054.jpg,train,glioma,Training/glioma/Tr-gl_90.jpg,Training,512,512,1290,1290,1290
data/brain_mri(clean_dataset)\train\glioma\glioma_01055.jpg,train,glioma,Training/glioma/Tr-gl_901.jpg,Training,512,512,1292,1292,1292
data/brain_mri(clean_dataset)\train\glioma\glioma_01056.jpg,train,glioma,Training/glioma/Tr-gl_902.jpg,Training,512,512,1293,1293,6294
data/brain_mri(clean_dataset)\test\glioma\glioma_01057.jpg,test,glioma,Training/glioma/Tr-gl_904.jpg,Training,512,512,1295,1295,1295
data/brain_mri(clean_dataset)\train\glioma\glioma_01058.jpg,train,glioma,Training/glioma/Tr-gl_905.jpg,Training,512,512,1296,1296,1296
data/brain_mri(clean_dataset)\train\glioma\glioma_01059.jpg,train,glioma,Training/glioma/Tr-gl_906.jpg,Training,512,512,1297,1297,1297
data/brain_mri(clean_dataset)\train\glioma\glioma_01060.jpg,train,glioma,Training/glioma/Tr-gl_907.jpg,Training,512,512,1298,1298,1298
data/brain_mri(clean_dataset)\train\glioma\glioma_01061.jpg,train,glioma,Training/glioma/Tr-gl_908.jpg,Training,512,512,1299,1299,1299
data/brain_mri(clean_dataset)\train\glioma\glioma_01062.jpg,train,glioma,Training/glioma/Tr-gl_909.jpg,Training,512,512,1300,1300,1300
data/brain_mri(clean_dataset)\train\glioma\glioma_01063.jpg,train,glioma,Training/glioma/Tr-gl_91.jpg,Training,512,512,1301,1301,1090
data/brain_mri(clean_dataset)\train\glioma\glioma_01064.jpg,train,glioma,Training/glioma/Tr-gl_910.jpg,Training,512,512,1302,1302,1302
data/brain_mri(clean_dataset)\valid\glioma\glioma_01065.jpg,valid,glioma,Training/glioma/Tr-gl_912.jpg,Training,512,512,1304,1304,5902
data/brain_mri(clean_dataset)\train\glioma\glioma_01066.jpg,train,glioma,Training/glioma/Tr-gl_913.jpg,Training,512,512,1305,1305,1305
data/brain_mri(clean_dataset)\valid\glioma\glioma_01067.jpg,valid,glioma,Training/glioma/Tr-gl_914.jpg,Training,512,512,1306,1306,1306
data/brain_mri(clean_dataset)\train\glioma\glioma_01068.jpg,train,glioma,Training/glioma/Tr-gl_915.jpg,Training,512,512,1307,1307,1307
data/brain_mri(clean_dataset)\valid\glioma\glioma_01069.jpg,valid,glioma,Training/glioma/Tr-gl_916.jpg,Training,512,512,1308,1308,1308
data/brain_mri(clean_dataset)\train\glioma\glioma_01070.jpg,train,glioma,Training/glioma/Tr-gl_918.jpg,Training,512,512,1310,1310,1310
data/brain_mri(clean_dataset)\train\glioma\glioma_01071.jpg,train,glioma,Training/glioma/Tr-gl_919.jpg,Training,512,512,1311,1311,1311
data/brain_mri(clean_dataset)\train\glioma\glioma_01072.jpg,train,glioma,Training/glioma/Tr-gl_92.jpg,Training,512,512,1312,1312,1312
data/brain_mri(clean_dataset)\valid\glioma\glioma_01073.jpg,valid,glioma,Training/glioma/Tr-gl_920.jpg,Training,512,512,1313,1313,1313
data/brain_mri(clean_dataset)\train\glioma\glioma_01074.jpg,train,glioma,Training/glioma/Tr-gl_921.jpg,Training,512,512,1314,1314,1314
data/brain_mri(clean_dataset)\train\glioma\glioma_01075.jpg,train,glioma,Training/glioma/Tr-gl_922.jpg,Training,512,512,1315,1315,1315
data/brain_mri(clean_dataset)\valid\glioma\glioma_01076.jpg,valid,glioma,Training/glioma/Tr-gl_923.jpg,Training,512,512,1316,1316,1316
data/brain_mri(clean_dataset)\valid\glioma\glioma_01077.jpg,valid,glioma,Training/glioma/Tr-gl_924.jpg,Training,512,512,1317,1317,1317
data/brain_mri(clean_dataset)\train\glioma\glioma_01078.jpg,train,glioma,Training/glioma/Tr-gl_925.jpg,Training,512,512,1318,1318,1318
data/brain_mri(clean_dataset)\train\glioma\glioma_01079.jpg,train,glioma,Training/glioma/Tr-gl_926.jpg,Training,512,512,1320,1320,1320
data/brain_mri(clean_dataset)\train\glioma\glioma_01080.jpg,train,glioma,Training/glioma/Tr-gl_928.jpg,Training,512,512,1321,1321,1321
data/brain_mri(clean_dataset)\valid\glioma\glioma_01081.jpg,valid,glioma,Training/glioma/Tr-gl_929.jpg,Training,512,512,1322,1322,1322
data/brain_mri(clean_dataset)\train\glioma\glioma_01082.jpg,train,glioma,Training/glioma/Tr-gl_930.jpg,Training,512,512,1324,1324,1324
data/brain_mri(clean_dataset)\train\glioma\glioma_01083.jpg,train,glioma,Training/glioma/Tr-gl_931.jpg,Training,512,512,1325,1325,1325
data/brain_mri(clean_dataset)\train\glioma\glioma_01084.jpg,train,glioma,Training/glioma/Tr-gl_932.jpg,Training,512,512,1326,1326,1326
data/brain_mri(clean_dataset)\train\glioma\glioma_01085.jpg,train,glioma,Training/glioma/Tr-gl_933.jpg,Training,512,512,1327,1327,1327
data/brain_mri(clean_dataset)\train\glioma\glioma_01086.jpg,train,glioma,Training/glioma/Tr-gl_935.jpg,Training,512,512,1329,1329,1329
data/brain_mri(clean_dataset)\train\glioma\glioma_01087.jpg,train,glioma,Training/glioma/Tr-gl_936.jpg,Training,512,512,1330,1330,1330
data/brain_mri(clean_dataset)\test\glioma\glioma_01088.jpg,test,glioma,Training/glioma/Tr-gl_937.jpg,Training,512,512,1331,1331,1331
data/brain_mri(clean_dataset)\train\glioma\glioma_01089.jpg,train,glioma,Training/glioma/Tr-gl_938.jpg,Training,512,512,1332,1332,1332
data/brain_mri(clean_dataset)\test\glioma\glioma_01090.jpg,test,glioma,Training/glioma/Tr-gl_939.jpg,Training,512,512,1333,1333,5640
data/brain_mri(clean_dataset)\valid\glioma\glioma_01091.jpg,valid,glioma,Training/glioma/Tr-gl_94.jpg,Training,512,512,5923,5923,5923
data/brain_mri(clean_dataset)\test\glioma\glioma_01092.jpg,test,glioma,Training/glioma/Tr-gl_940.jpg,Training,512,512,1335,1335,5676
data/brain_mri(clean_dataset)\train\glioma\glioma_01093.jpg,train,glioma,Training/glioma/Tr-gl_941.jpg,Training,512,512,1336,1336,1336
data/brain_mri(clean_dataset)\test\glioma\glioma_01094.jpg,test,glioma,Training/glioma/Tr-gl_942.jpg,Training,512,512,1337,1337,1337
data/brain_mri(clean_dataset)\train\glioma\glioma_01095.jpg,train,glioma,Training/glioma/Tr-gl_944.jpg,Training,512,512,1339,1339,1339
data/brain_mri(clean_dataset)\valid\glioma\glioma_01096.jpg,valid,glioma,Training/glioma/Tr-gl_947.jpg,Training,512,512,1342,1342,1342
data/brain_mri(clean_dataset)\train\glioma\glioma_01097.jpg,train,glioma,Training/glioma/Tr-gl_948.jpg,Training,512,512,1343,1343,1343
data/brain_mri(clean_dataset)\valid\glioma\glioma_01098.jpg,valid,glioma,Training/glioma/Tr-gl_949.jpg,Training,512,512,1344,1344,1344
data/brain_mri(clean_dataset)\train\glioma\glioma_01099.jpg,train,glioma,Training/glioma/Tr-gl_950.jpg,Training,512,512,1346,1346,1381
data/brain_mri(clean_dataset)\test\glioma\glioma_01100.jpg,test,glioma,Training/glioma/Tr-gl_952.jpg,Training,512,512,1348,1348,5737
data/brain_mri(clean_dataset)\train\glioma\glioma_01101.jpg,train,glioma,Training/glioma/Tr-gl_953.jpg,Training,512,512,1349,1349,1349
data/brain_mri(clean_dataset)\train\glioma\glioma_01102.jpg,train,glioma,Training/glioma/Tr-gl_954.jpg,Training,512,512,1350,1350,1350
data/brain_mri(clean_dataset)\test\glioma\glioma_01103.jpg,test,glioma,Training/glioma/Tr-gl_956.jpg,Training,512,512,1352,1352,1352
data/brain_mri(clean_dataset)\test\glioma\glioma_01104.jpg,test,glioma,Training/glioma/Tr-gl_957.jpg,Training,512,512,1353,1353,1353
data/brain_mri(clean_dataset)\train\glioma\glioma_01105.jpg,train,glioma,Training/glioma/Tr-gl_958.jpg,Training,512,512,1354,1354,1354
data/brain_mri(clean_dataset)\valid\glioma\glioma_01106.jpg,valid,glioma,Training/glioma/Tr-gl_959.jpg,Training,512,512,1355,1355,1355
data/brain_mri(clean_dataset)\train\glioma\glioma_01107.jpg,train,glioma,Training/glioma/Tr-gl_96.jpg,Training,512,512,1356,1356,5721
data/brain_mri(clean_dataset)\train\glioma\glioma_01108.jpg,train,glioma,Training/glioma/Tr-gl_960.jpg,Training,512,512,1357,5786,5956
data/brain_mri(clean_dataset)\test\glioma\glioma_01109.jpg,test,glioma,Training/glioma/Tr-gl_961.jpg,Training,512,512,1358,1358,1358
data/brain_mri(clean_dataset)\train\glioma\glioma_01110.jpg,train,glioma,Training/glioma/Tr-gl_962.jpg,Training,512,512,1359,1359,1359
data/brain_mri(clean_dataset)\train\glioma\glioma_01111.jpg,train,glioma,Training/glioma/Tr-gl_963.jpg,Training,512,512,1360,1360,1360
data/brain_mri(clean_dataset)\train\glioma\glioma_01112.jpg,train,glioma,Training/glioma/Tr-gl_964.jpg,Training,512,512,1361,1361,6294
data/brain_mri(clean_dataset)\train\glioma\glioma_01113.jpg,train,glioma,Training/glioma/Tr-gl_965.jpg,Training,512,512,1362,1362,1362
data/brain_mri(clean_dataset)\train\glioma\glioma_01114.jpg,train,glioma,Training/glioma/Tr-gl_966.jpg,Training,512,512,1363,1363,1363
data/brain_mri(clean_dataset)\train\glioma\glioma_01115.jpg,train,glioma,Training/glioma/Tr-gl_967.jpg,Training,512,512,1364,1364,6294
data/brain_mri(clean_dataset)\train\glioma\glioma_01116.jpg,train,glioma,Training/glioma/Tr-gl_968.jpg,Training,512,512,1365,1365,1365
data/brain_mri(clean_dataset)\valid\glioma\glioma_01117.jpg,valid,glioma,Training/glioma/Tr-gl_969.jpg,Training,512,512,1366,1366,5891
data/brain_mri(clean_dataset)\train\glioma\glioma_01118.jpg,train,glioma,Training/glioma/Tr-gl_97.jpg,Training,512,512,1367,1367,1367
data/brain_mri(clean_dataset)\train\glioma\glioma_01119.jpg,train,glioma,Training/glioma/Tr-gl_971.jpg,Training,512,512,1369,1369,5958
data/brain_mri(clean_dataset)\train\glioma\glioma_01120.jpg,train,glioma,Training/glioma/Tr-gl_972.jpg,Training,512,512,1370,1370,1370
data/brain_mri(clean_dataset)\train\glioma\glioma_01121.jpg,train,glioma,Training/glioma/Tr-gl_973.jpg,Training,512,512,1371,1371,1371
data/brain_mri(clean_dataset)\train\glioma\glioma_01122.jpg,train,glioma,Training/glioma/Tr-gl_975.jpg,Training,512,512,1373,1373,6294
data/brain_mri(clean_dataset)\train\glioma\glioma_01123.jpg,train,glioma,Training/glioma/Tr-gl_976.jpg,Training,512,512,1374,1374,1374
data/brain_mri(clean_dataset)\train\glioma\glioma_01124.jpg,train,glioma,Training/glioma/Tr-gl_977.jpg,Training,512,512,1375,1375,1375
data/brain_mri(clean_dataset)\train\glioma\glioma_01125.jpg,train,glioma,Training/glioma/Tr-gl_978.jpg,Training,512,512,1376,1376,1376
data/brain_mri(clean_dataset)\train\glioma\glioma_01126.jpg,train,glioma,Training/glioma/Tr-gl_979.jpg,Training,512,512,1377,1377,1377
data/brain_mri(clean_dataset)\train\glioma\glioma_01127.jpg,train,glioma,Training/glioma/Tr-gl_98.jpg,Training,512,512,1378,1378,1378
data/brain_mri(clean_dataset)\train\glioma\glioma_01128.jpg,train,glioma,Training/glioma/Tr-gl_980.jpg,Training,512,512,1379,1379,5848
data/brain_mri(clean_dataset)\train\glioma\glioma_01129.jpg,train,glioma,Training/glioma/Tr-gl_981.jpg,Training,512,512,1380,1380,1380
data/brain_mri(clean_dataset)\train\glioma\glioma_01130.jpg,train,glioma,Training/glioma/Tr-gl_982.jpg,Training,512,512,1381,1381,1381
data/brain_mri(clean_dataset)\test\glioma\glioma_01131.jpg,test,glioma,Training/glioma/Tr-gl_983.jpg,Training,512,512,1382,1382,1382
data/brain_mri(clean_dataset)\train\glioma\glioma_01132.jpg,train,glioma,Training/glioma/Tr-gl_985.jpg,Training,512,512,1384,1384,6294
data/brain_mri(clean_dataset)\train\glioma\glioma_01133.jpg,train,glioma,Training/glioma/Tr-gl_986.jpg,Training,512,512,1385,1385,1385
data/brain_mri(clean_dataset)\train\glioma\glioma_01134.jpg,train,glioma,Training/glioma/Tr-gl_989.jpg,Training,512,512,1388,1388,1388
data/brain_mri(clean_dataset)\train\glioma\glioma_01135.jpg,train,glioma,Training/glioma/Tr-gl_99.jpg,Training,512,512,1389,1389,1389
data/brain_mri(clean_dataset)\test\glioma\glioma_01136.jpg,test,glioma,Training/glioma/Tr-gl_990.jpg,Training,512,512,1390,1390,1390
data/brain_mri(clean_dataset)\test\glioma\glioma_01137.jpg,test,glioma,Training/glioma/Tr-gl_991.jpg,Training,512,512,1391,1391,1391
data/brain_mri(clean_dataset)\train\glioma\glioma_01138.jpg,train,glioma,Training/glioma/Tr-gl_992.jpg,Training,512,512,1392,1392,1392
data/brain_mri(clean_dataset)\train\glioma\glioma_01139.jpg,train,glioma,Training/glioma/Tr-gl_993.jpg,Training,512,512,1393,1393,2745
data/brain_mri(clean_dataset)\train\glioma\glioma_01140.jpg,train,glioma,Training/glioma/Tr-gl_994.jpg,Training,512,512,1394,1394,525
data/brain_mri(clean_dataset)\train\glioma\glioma_01141.jpg,train,glioma,Training/glioma/Tr-gl_995.jpg,Training,512,512,1395,1395,1395
data/brain_mri(clean_dataset)\valid\glioma\glioma_01142.jpg,valid,glioma,Training/glioma/Tr-gl_996.jpg,Training,512,512,1396,1396,5943
data/brain_mri(clean_dataset)\test\glioma\glioma_01143.jpg,test,glioma,Training/glioma/Tr-gl_998.jpg,Training,512,512,1398,1398,5982
data/brain_mri(clean_dataset)\train\glioma\glioma_01144.jpg,train,glioma,Training/glioma/Tr-gl_999.jpg,Training,512,512,1399,1399,6294
data/brain_mri(clean_dataset)\train\meningioma\meningioma_01145.jpg,train,meningioma,Training/meningioma/Tr-me_1.jpg,Training,512,512,2014,2014,2403
data/brain_mri(clean_dataset)\train\meningioma\meningioma_01146.jpg,train,meningioma,Training/meningioma/Tr-me_1000.jpg,Training,512,512,1915,1915,1915
data/brain_mri(clean_dataset)\train\meningioma\meningioma_01147.jpg,train,meningioma,Training/meningioma/Tr-me_1001.jpg,Training,512,512,1844,1844,1844
data/brain_mri(clean_dataset)\train\meningioma\meningioma_01148.jpg,train,meningioma,Training/meningioma/Tr-me_1002.jpg,Training,512,512,1864,1864,6332
data/brain_mri(clean_dataset)\train\meningioma\meningioma_01149.jpg,train,meningioma,Training/meningioma/Tr-me_1003.jpg,Training,512,512,1987,1987,1987
data/brain_mri(clean_dataset)\train\meningioma\meningioma_01150.jpg,train,meningioma,Training/meningioma/Tr-me_1004.jpg,Training,512,512,2376,2376,2376
data/brain_mri(clean_dataset)\train\meningioma\meningioma_01151.jpg,train,meningioma,Training/meningioma/Tr-me_1006.jpg,Training,512,512,1839,1839,2377
data/brain_mri(clean_dataset)\train\meningioma\meningioma_01152.jpg,train,meningioma,Training/meningioma/Tr-me_1007.jpg,Training,512,512,2354,2354,6294
data/brain_mri(clean_dataset)\valid\meningioma\meningioma_01153.jpg,valid,meningioma,Training/meningioma/Tr-me_1008.jpg,Training,512,512,2168,2168,2168
data/brain_mri(clean_dataset)\train\meningioma\meningioma_01154.jpg,train,meningioma,Training/meningioma/Tr-me_1009.jpg,Training,512,512,2252,2252,2252
data/brain_mri(clean_dataset)\train\meningioma\meningioma_01155.jpg,train,meningioma,Training/meningioma/Tr-me_101.jpg,Training,512,512,1513,1513,1513
data/brain_mri(clean_dataset)\train\meningioma\meningioma_01156.jpg,train,meningioma,Training/meningioma/Tr-me_1010.jpg,Training,512,512,6226,6226,6226
data/brain_mri(clean_dataset)\train\meningioma\meningioma_01157.jpg,train,meningioma,Training/meningioma/Tr-me_1012.jpg,Training,512,512,2410,2410,2410
data/brain_mri(clean_dataset)\train\meningioma\meningioma_01158.jpg,train,meningioma,Training/meningioma/Tr-me_1013.jpg,Training,512,512,2743,2743,6180
data/brain_mri(clean_dataset)\valid\meningioma\meningioma_01159.jpg,valid,meningioma,Training/meningioma/Tr-me_1014.jpg,Training,226,212,1518,1518,1518
data/brain_mri(clean_dataset)\train\meningioma\meningioma_01160.jpg,train,meningioma,Training/meningioma/Tr-me_1015.jpg,Training,512,512,2178,2178,2178
data/brain_mri(clean_dataset)\train\meningioma\meningioma_01161.jpg,train,meningioma,Training/meningioma/Tr-me_1016.jpg,Training,512,512,6330,6330,6330
data/brain_mri(clean_dataset)\test\meningioma\meningioma_01162.jpg,test,meningioma,Training/meningioma/Tr-me_1019.jpg,Training,512,512,2560,2560,2560
data/brain_mri(clean_dataset)\train\meningioma\meningioma_01163.jpg,train,meningioma,Training/meningioma/Tr-me_1026.jpg,Training,512,512,2474,2474,6294
data/brain_mri(clean_dataset)\train\meningioma\meningioma_01164.jpg,train,meningioma,Training/meningioma/Tr-me_1027.jpg,Training,512,512,1656,1656,1656
data/brain_mri(clean_dataset)\train\meningioma\meningioma_01165.jpg,train,meningioma,Training/meningioma/Tr-me_1029.jpg,Training,512,512,1972,1972,1972
data/brain_mri(clean_dataset)\train\meningioma\meningioma_01166.jpg,train,meningioma,Training/meningioma/Tr-me_1030.jpg,Training,512,512,6355,6355,6355
data/brain_mri(clean_dataset)\train\meningioma\meningioma_01167.jpg,train,meningioma,Training/meningioma/Tr-me_1031.jpg,Training,512,512,1537,1537,1537
data/brain_mri(clean_dataset)\valid\meningioma\meningioma_01168.jpg,valid,meningioma,Training/meningioma/Tr-me_1032.jpg,Training,1275,1427,1538,1538,1538
data/brain_mri(clean_dataset)\train\meningioma\meningioma_01169.jpg,train,meningioma,Training/meningioma/Tr-me_1034.jpg,Training,512,512,2325,2325,2325
data/brain_mri(clean_dataset)\train\meningioma\meningioma_01170.jpg,train,meningioma,Training/meningioma/Tr-me_1035.jpg,Training,512,512,2054,2054,2054
data/brain_mri(clean_dataset)\train\meningioma\meningioma_01171.jpg,train,meningioma,Training/meningioma/Tr-me_1037.jpg,Training,512,512,2587,2587,2587
data/brain_mri(clean_dataset)\test\meningioma\meningioma_01172.jpg,test,meningioma,Training/meningioma/Tr-me_1038.jpg,Training,512,512,6161,6161,6161
data/brain_mri(clean_dataset)\train\meningioma\meningioma_01173.jpg,train,meningioma,Training/meningioma/Tr-me_1039.jpg,Training,512,512,6283,6283,6283
data/brain_mri(clean_dataset)\train\meningioma\meningioma_01174.jpg,train,meningioma,Training/meningioma/Tr-me_104.jpg,Training,512,512,2395,2395,2433
data/brain_mri(clean_dataset)\valid\meningioma\meningioma_01175.jpg,valid,meningioma,Training/meningioma/Tr-me_1040.jpg,Training,512,512,2150,2150,2503
data/brain_mri(clean_dataset)\valid\meningioma\meningioma_01176.jpg,valid,meningioma,Training/meningioma/Tr-me_1041.jpg,Training,512,512,6151,6151,2650
data/brain_mri(clean_dataset)\valid\meningioma\meningioma_01177.jpg,valid,meningioma,Training/meningioma/Tr-me_1042.jpg,Training,512,512,2137,2137,2137
data/brain_mri(clean_dataset)\train\meningioma\meningioma_01178.jpg,train,meningioma,Training/meningioma/Tr-me_1045.jpg,Training,512,512,6256,6256,6256
data/brain_mri(clean_dataset)\test\meningioma\meningioma_01179.jpg,test,meningioma,Training/meningioma/Tr-me_1046.jpg,Training,512,512,6234,6234,6234
data/brain_mri(clean_dataset)\train\meningioma\meningioma_01180.jpg,train,meningioma,Training/meningioma/Tr-me_1048.jpg,Training,512,512,2656,2656,2656
data/brain_mri(clean_dataset)\train\meningioma\meningioma_01181.jpg,train,meningioma,Training/meningioma/Tr-me_1049.jpg,Training,512,512,6210,6210,6210
data/brain_mri(clean_dataset)\train\meningioma\meningioma_01182.jpg,train,meningioma,Training/meningioma/Tr-me_1051.jpg,Training,512,512,2144,2144,2792
data/brain_mri(clean_dataset)\train\meningioma\meningioma_01183.jpg,train,meningioma,Training/meningioma/Tr-me_1052.jpg,Training,512,512,1902,1902,6294
data/brain_mri(clean_dataset)\test\meningioma\meningioma_01184.jpg,test,meningioma,Training/meningioma/Tr-me_1053.jpg,Training,512,512,2784,2784,2784
data/brain_mri(clean_dataset)\valid\meningioma\meningioma_01185.jpg,valid,meningioma,Training/meningioma/Tr-me_1058.jpg,Training,512,512,1760,1760,1760
data/brain_mri(clean_dataset)\train\meningioma\meningioma_01186.jpg,train,meningioma,Training/meningioma/Tr-me_1059.jpg,Training,512,512,2693,2693,2693
data/brain_mri(clean_dataset)\train\meningioma\meningioma_01187.jpg,train,meningioma,Training/meningioma/Tr-me_106.jpg,Training,512,512,1707,1707,6294
data/brain_mri(clean_dataset)\train\meningioma\meningioma_01188.jpg,train,meningioma,Training/meningioma/Tr-me_1062.jpg,Training,512,512,2377,2377,2377
data/brain_mri(clean_dataset)\train\meningioma\meningioma_01189.jpg,train,meningioma,Training/meningioma/Tr-me_1063.jpg,Training,512,512,2540,2540,2540
data/brain_mri(clean_dataset)\train\meningioma\meningioma_01190.jpg,train,meningioma,Training/meningioma/Tr-me_1064.jpg,Training,374,456,1573,1573,1573
data/brain_mri(clean_dataset)\train\meningioma\meningioma_01191.jpg,train,meningioma,Training/meningioma/Tr-me_1066.jpg,Training,512,512,1889,1889,1889
data/brain_mri(clean_dataset)\train\meningioma\meningioma_01192.jpg,train,meningioma,Training/meningioma/Tr-me_107.jpg,Training,512,512,6349,6349,6349
data/brain_mri(clean_dataset)\train\meningioma\meningioma_01193.jpg,train,meningioma,Training/meningioma/Tr-me_1070.jpg,Training,512,512,1695,1695,1695
data/brain_mri(clean_dataset)\train\meningioma\meningioma_01194.jpg,train,meningioma,Training/meningioma/Tr-me_1071.jpg,Training,512,512,1661,1661,1661
data/brain_mri(clean_dataset)\test\meningioma\meningioma_01195.jpg,test,meningioma,Training/meningioma/Tr-me_1074.jpg,Training,512,512,2239,2239,2239
data/brain_mri(clean_dataset)\train\meningioma\meningioma_01196.jpg,train,meningioma,Training/meningioma/Tr-me_1075.jpg,Training,512,512,6170,6170,6170
data/brain_mri(clean_dataset)\train\meningioma\meningioma_01197.jpg,train,meningioma,Training/meningioma/Tr-me_1077.jpg,Training,512,512,1779,1779,1779
data/brain_mri(clean_dataset)\train\meningioma\meningioma_01198.jpg,train,meningioma,Training/meningioma/Tr-me_108.jpg,Training,512,512,1798,1798,1798
data/brain_mri(clean_dataset)\valid\meningioma\meningioma_01199.jpg,valid,meningioma,Training/meningioma/Tr-me_1080.jpg,Training,512,512,6216,6216,2069
data/brain_mri(clean_dataset)\train\meningioma\meningioma_01200.jpg,train,meningioma,Training/meningioma/Tr-me_1085.jpg,Training,512,512,2671,2671,2671
data/brain_mri(clean_dataset)\test\meningioma\meningioma_01201.jpg,test,meningioma,Training/meningioma/Tr-me_1089.jpg,Training,512,512,1600,1600,1600
data/brain_mri(clean_dataset)\test\meningioma\meningioma_01202.jpg,test,meningioma,Training/meningioma/Tr-me_1090.jpg,Training,512,512,1806,1806,1806
data/brain_mri(clean_dataset)\train\meningioma\meningioma_01203.jpg,train,meningioma,Training/meningioma/Tr-me_1092.jpg,Training,512,512,2502,2502,2502
data/brain_mri(clean_dataset)\train\meningioma\meningioma_01204.jpg,train,meningioma,Training/meningioma/Tr-me_1093.jpg,Training,512,512,2026,2026,2381
data/brain_mri(clean_dataset)\train\meningioma\meningioma_01205.jpg,train,meningioma,Training/meningioma/Tr-me_1094.jpg,Training,512,512,2536,2536,2536
data/brain_mri(clean_dataset)\test\meningioma\meningioma_01206.jpg,test,meningioma,Training/meningioma/Tr-me_1098.jpg,Training,512,512,6190,6190,6190
data/brain_mri(clean_dataset)\valid\meningioma\meningioma_01207.jpg,valid,meningioma,Training/meningioma/Tr-me_11.jpg,Training,512,512,1612,1612,6353
data/brain_mri(clean_dataset)\train\meningioma\meningioma_01208.jpg,train,meningioma,Training/meningioma/Tr-me_1101.jpg,Training,512,512,2619,2619,6364
data/brain_mri(clean_dataset)\train\meningioma\meningioma_01209.jpg,train,meningioma,Training/meningioma/Tr-me_1102.jpg,Training,512,512,1978,1978,1978
data/brain_mri(clean_dataset)\train\meningioma\meningioma_01210.jpg,train,meningioma,Training/meningioma/Tr-me_1103.jpg,Training,512,512,2558,2558,6142
data/brain_mri(clean_dataset)\test\meningioma\meningioma_01211.jpg,test,meningioma,Training/meningioma/Tr-me_1105.jpg,Training,512,512,6352,6352,6352
data/brain_mri(clean_dataset)\train\meningioma\meningioma_01212.jpg,train,meningioma,Training/meningioma/Tr-me_1106.jpg,Training,512,512,1620,1620,6311
data/brain_mri(clean_dataset)\train\meningioma\meningioma_01213.jpg,train,meningioma,Training/meningioma/Tr-me_1107.jpg,Training,512,512,2269,2269,2269
data/brain_mri(clean_dataset)\train\meningioma\meningioma_01214.jpg,train,meningioma,Training/meningioma/Tr-me_1108.jpg,Training,512,512,1995,1995,1995
data/brain_mri(clean_dataset)\train\meningioma\meningioma_01215.jpg,train,meningioma,Training/meningioma/Tr-me_1109.jpg,Training,512,512,1623,1623,6399
data/brain_mri(clean_dataset)\train\meningioma\meningioma_01216.jpg,train,meningioma,Training/meningioma/Tr-me_111.jpg,Training,512,512,1996,1996,6294
data/brain_mri(clean_dataset)\train\meningioma\meningioma_01217.jpg,train,meningioma,Training/meningioma/Tr-me_1111.jpg,Training,512,512,1990,1990,6332
data/brain_mri(clean_dataset)\train\meningioma\meningioma_01218.jpg,train,meningioma,Training/meningioma/Tr-me_1114.jpg,Training,512,512,1658,1658,1658
data/brain_mri(clean_dataset)\valid\meningioma\meningioma_01219.jpg,valid,meningioma,Training/meningioma/Tr-me_1116.jpg,Training,512,512,1829,1829,1829
data/brain_mri(clean_dataset)\train\meningioma\meningioma_01220.jpg,train,meningioma,Training/meningioma/Tr-me_1117.jpg,Training,512,512,6206,6206,6206
data/brain_mri(clean_dataset)\train\meningioma\meningioma_01221.jpg,train,meningioma,Training/meningioma/Tr-me_1118.jpg,Training,512,512,2232,2232,2232
data/brain_mri(clean_dataset)\train\meningioma\meningioma_01222.jpg,train,meningioma,Training/meningioma/Tr-me_1120.jpg,Training,512,512,1636,1636,1636
data/brain_mri(clean_dataset)\train\meningioma\meningioma_01223.jpg,train,meningioma,Training/meningioma/Tr-me_1124.jpg,Training,512,512,6237,6237,6237
data/brain_mri(clean_dataset)\valid\meningioma\meningioma_01224.jpg,valid,meningioma,Training/meningioma/Tr-me_1125.jpg,Training,300,359,1641,1641,1641
data/brain_mri(clean_dataset)\train\meningioma\meningioma_01225.jpg,train,meningioma,Training/meningioma/Tr-me_1126.jpg,Training,512,512,6278,6278,6278
data/brain_mri(clean_dataset)\train\meningioma\meningioma_01226.jpg,train,meningioma,Training/meningioma/Tr-me_1129.jpg,Training,512,512,1988,1988,1988
data/brain_mri(clean_dataset)\train\meningioma\meningioma_01227.jpg,train,meningioma,Training/meningioma/Tr-me_1130.jpg,Training,512,512,1943,1943,6164
data/brain_mri(clean_dataset)\train\meningioma\meningioma_01228.jpg,train,meningioma,Training/meningioma/Tr-me_1133.jpg,Training,512,512,2047,2047,2047
data/brain_mri(clean_dataset)\valid\meningioma\meningioma_01229.jpg,valid,meningioma,Training/meningioma/Tr-me_1134.jpg,Training,512,512,1651,1651,1651
data/brain_mri(clean_dataset)\train\meningioma\meningioma_01230.jpg,train,meningioma,Training/meningioma/Tr-me_1137.jpg,Training,512,512,1857,1857,6111
data/brain_mri(clean_dataset)\valid\meningioma\meningioma_01231.jpg,valid,meningioma,Training/meningioma/Tr-me_1138.jpg,Training,512,512,6362,6362,6362
data/brain_mri(clean_dataset)\train\meningioma\meningioma_01232.jpg,train,meningioma,Training/meningioma/Tr-me_114.jpg,Training,512,512,1670,1670,1670
data/brain_mri(clean_dataset)\valid\meningioma\meningioma_01233.jpg,valid,meningioma,Training/meningioma/Tr-me_1141.jpg,Training,512,512,2517,2517,2517
data/brain_mri(clean_dataset)\train\meningioma\meningioma_01234.jpg,train,meningioma,Training/meningioma/Tr-me_1144.jpg,Training,512,512,1821,1821,1821
data/brain_mri(clean_dataset)\train\meningioma\meningioma_01235.jpg,train,meningioma,Training/meningioma/Tr-me_1145.jpg,Training,512,512,6217,6217,6217
data/brain_mri(clean_dataset)\train\meningioma\meningioma_01236.jpg,train,meningioma,Training/meningioma/Tr-me_1147.jpg,Training,512,512,2403,2403,2403
data/brain_mri(clean_dataset)\valid\meningioma\meningioma_01237.jpg,valid,meningioma,Training/meningioma/Tr-me_1148.jpg,Training,512,512,2078,2078,2078
data/brain_mri(clean_dataset)\train\meningioma\meningioma_01238.jpg,train,meningioma,Training/meningioma/Tr-me_1149.jpg,Training,512,512,2777,2777,2777
data/brain_mri(clean_dataset)\train\meningioma\meningioma_01239.jpg,train,meningioma,Training/meningioma/Tr-me_115.jpg,Training,512,512,2074,2074,2365
data/brain_mri(clean_dataset)\train\meningioma\meningioma_01240.jpg,train,meningioma,Training/meningioma/Tr-me_1150.jpg,Training,512,512,6165,6165,6165
data/brain_mri(clean_dataset)\test\meningioma\meningioma_01241.jpg,test,meningioma,Training/meningioma/Tr-me_1152.jpg,Training,512,512,6115,6115,6115
data/brain_mri(clean_dataset)\valid\meningioma\meningioma_01242.jpg,valid,meningioma,Training/meningioma/Tr-me_1154.jpg,Training,512,512,2771,2771,2771
data/brain_mri(clean_dataset)\train\meningioma\meningioma_01243.jpg,train,meningioma,Training/meningioma/Tr-me_1156.jpg,Training,512,512,2241,2241,2542
data/brain_mri(clean_dataset)\train\meningioma\meningioma_01244.jpg,train,meningioma,Training/meningioma/Tr-me_1157.jpg,Training,512,512,1782,1782,1782
data/brain_mri(clean_dataset)\valid\meningioma\meningioma_01245.jpg,valid,meningioma,Training/meningioma/Tr-me_1159.jpg,Training,512,512,6329,6329,6329
data/brain_mri(clean_dataset)\train\meningioma\meningioma_01246.jpg,train,meningioma,Training/meningioma/Tr-me_1160.jpg,Training,512,512,6174,6174,2143
data/brain_mri(clean_dataset)\train\meningioma\meningioma_01247.jpg,train,meningioma,Training/meningioma/Tr-me_1161.jpg,Training,512,512,2282,2282,2282
data/brain_mri(clean_dataset)\valid\meningioma\meningioma_01248.jpg,valid,meningioma,Training/meningioma/Tr-me_1162.jpg,Training,512,512,6252,6252,6252
data/brain_mri(clean_dataset)\train\meningioma\meningioma_01249.jpg,train,meningioma,Training/meningioma/Tr-me_1165.jpg,Training,512,512,2111,2111,2111
data/brain_mri(clean_dataset)\train\meningioma\meningioma_01250.jpg,train,meningioma,Training/meningioma/Tr-me_1167.jpg,Training,512,512,6149,6149,6149
data/brain_mri(clean_dataset)\train\meningioma\meningioma_01251.jpg,train,meningioma,Training/meningioma/Tr-me_1169.jpg,Training,512,512,2122,2122,6294
data/brain_mri(clean_dataset)\train\meningioma\meningioma_01252.jpg,train,meningioma,Training/meningioma/Tr-me_1170.jpg,Training,512,512,2311,2311,2792
data/brain_mri(clean_dataset)\train\meningioma\meningioma_01253.jpg,train,meningioma,Training/meningioma/Tr-me_1172.jpg,Training,512,512,1693,1693,1693
data/brain_mri(clean_dataset)\train\meningioma\meningioma_01254.jpg,train,meningioma,Training/meningioma/Tr-me_1173.jpg,Training,512,512,1694,1694,6294
data/brain_mri(clean_dataset)\train\meningioma\meningioma_01255.jpg,train,meningioma,Training/meningioma/Tr-me_1176.jpg,Training,512,512,2292,2292,2292
data/brain_mri(clean_dataset)\train\meningioma\meningioma_01256.jpg,train,meningioma,Training/meningioma/Tr-me_1177.jpg,Training,512,512,1698,1698,1698
data/brain_mri(clean_dataset)\test\meningioma\meningioma_01257.jpg,test,meningioma,Training/meningioma/Tr-me_1178.jpg,Training,512,512,2476,2476,2476
data/brain_mri(clean_dataset)\valid\meningioma\meningioma_01258.jpg,valid,meningioma,Training/meningioma/Tr-me_1179.jpg,Training,512,512,1700,1700,6131
data/brain_mri(clean_dataset)\valid\meningioma\meningioma_01259.jpg,valid,meningioma,Training/meningioma/Tr-me_1180.jpg,Training,512,512,1702,1702,1702
data/brain_mri(clean_dataset)\train\meningioma\meningioma_01260.jpg,train,meningioma,Training/meningioma/Tr-me_1183.jpg,Training,512,512,2274,2274,2274
data/brain_mri(clean_dataset)\train\meningioma\meningioma_01261.jpg,train,meningioma,Training/meningioma/Tr-me_1186.jpg,Training,512,512,1708,1708,1708
data/brain_mri(clean_dataset)\train\meningioma\meningioma_01262.jpg,train,meningioma,Training/meningioma/Tr-me_1187.jpg,Training,512,512,2135,2135,6294
data/brain_mri(clean_dataset)\train\meningioma\meningioma_01263.jpg,train,meningioma,Training/meningioma/Tr-me_1188.jpg,Training,512,512,2002,2002,2002
data/brain_mri(clean_dataset)\train\meningioma\meningioma_01264.jpg,train,meningioma,Training/meningioma/Tr-me_1189.jpg,Training,512,512,2315,2315,2315
data/brain_mri(clean_dataset)\train\meningioma\meningioma_01265.jpg,train,meningioma,Training/meningioma/Tr-me_1190.jpg,Training,512,512,2036,2036,2036
data/brain_mri(clean_dataset)\valid\meningioma\meningioma_01266.jpg,valid,meningioma,Training/meningioma/Tr-me_1191.jpg,Training,512,512,2302,2302,2302
data/brain_mri(clean_dataset)\train\meningioma\meningioma_01267.jpg,train,meningioma,Training/meningioma/Tr-me_1192.jpg,Training,512,512,1738,1738,6113
data/brain_mri(clean_dataset)\train\meningioma\meningioma_01268.jpg,train,meningioma,Training/meningioma/Tr-me_1195.jpg,Training,512,512,1863,1863,1863
data/brain_mri(clean_dataset)\train\meningioma\meningioma_01269.jpg,train,meningioma,Training/meningioma/Tr-me_1196.jpg,Training,512,512,1974,1974,1974
data/brain_mri(clean_dataset)\train\meningioma\meningioma_01270.jpg,train,meningioma,Training/meningioma/Tr-me_1199.jpg,Training,512,512,1722,1722,1722
data/brain_mri(clean_dataset)\train\meningioma\meningioma_01271.jpg,train,meningioma,Training/meningioma/Tr-me_12.jpg,Training,512,512,6179,6179,2377
data/brain_mri(clean_dataset)\train\meningioma\meningioma_01272.jpg,train,meningioma,Training/meningioma/Tr-me_120.jpg,Training,512,512,6332,6332,6332
data/brain_mri(clean_dataset)\train\meningioma\meningioma_01273.jpg,train,meningioma,Training/meningioma/Tr-me_1201.jpg,Training,512,512,2153,2153,2153
data/brain_mri(clean_dataset)\train\meningioma\meningioma_01274.jpg,train,meningioma,Training/meningioma/Tr-me_1202.jpg,Training,512,512,2749,2749,6294
data/brain_mri(clean_dataset)\train\meningioma\meningioma_01275.jpg,train,meningioma,Training/meningioma/Tr-me_1203.jpg,Training,512,512,6225,6225,6180
data/brain_mri(clean_dataset)\train\meningioma\meningioma_01276.jpg,train,meningioma,Training/meningioma/Tr-me_1206.jpg,Training,512,512,6202,6202,6294
data/brain_mri(clean_dataset)\train\meningioma\meningioma_01277.jpg,train,meningioma,Training/meningioma/Tr-me_1207.jpg,Training,512,512,2387,2387,2387
data/brain_mri(clean_dataset)\valid\meningioma\meningioma_01278.jpg,valid,meningioma,Training/meningioma/Tr-me_1208.jpg,Training,512,512,1733,1733,1733
data/brain_mri(clean_dataset)\train\meningioma\meningioma_01279.jpg,train,meningioma,Training/meningioma/Tr-me_1209.jpg,Training,512,512,1734,1734,1734
data/brain_mri(clean_dataset)\train\meningioma\meningioma_01280.jpg,train,meningioma,Training/meningioma/Tr-me_121.jpg,Training,512,512,1911,1911,1911
data/brain_mri(clean_dataset)\train\meningioma\meningioma_01281.jpg,train,meningioma,Training/meningioma/Tr-me_1213.jpg,Training,512,512,2048,2048,6294
data/brain_mri(clean_dataset)\train\meningioma\meningioma_01282.jpg,train,meningioma,Training/meningioma/Tr-me_1216.jpg,Training,512,512,2681,2681,2681
data/brain_mri(clean_dataset)\test\meningioma\meningioma_01283.jpg,test,meningioma,Training/meningioma/Tr-me_1218.jpg,Training,512,512,2301,2301,6374
data/brain_mri(clean_dataset)\valid\meningioma\meningioma_01284.jpg,valid,meningioma,Training/meningioma/Tr-me_1219.jpg,Training,512,512,1745,1745,1745
data/brain_mri(clean_dataset)\train\meningioma\meningioma_01285.jpg,train,meningioma,Training/meningioma/Tr-me_122.jpg,Training,512,512,1796,1796,6294
data/brain_mri(clean_dataset)\test\meningioma\meningioma_01286.jpg,test,meningioma,Training/meningioma/Tr-me_1220.jpg,Training,512,512,6152,6152,6152
data/brain_mri(clean_dataset)\valid\meningioma\meningioma_01287.jpg,valid,meningioma,Training/meningioma/Tr-me_1222.jpg,Training,512,512,2165,2165,2165
data/brain_mri(clean_dataset)\train\meningioma\meningioma_01288.jpg,train,meningioma,Training/meningioma/Tr-me_1224.jpg,Training,512,512,2337,2337,2337
data/brain_mri(clean_dataset)\valid\meningioma\meningioma_01289.jpg,valid,meningioma,Training/meningioma/Tr-me_1228.jpg,Training,512,512,2237,2237,2589
data/brain_mri(clean_dataset)\train\meningioma\meningioma_01290.jpg,train,meningioma,Training/meningioma/Tr-me_1229.jpg,Training,512,512,2080,2080,2080
data/brain_mri(clean_dataset)\train\meningioma\meningioma_01291.jpg,train,meningioma,Training/meningioma/Tr-me_1233.jpg,Training,512,512,1812,1812,6294
data/brain_mri(clean_dataset)\train\meningioma\meningioma_01292.jpg,train,meningioma,Training/meningioma/Tr-me_1237.jpg,Training,503,369,1765,1765,1765
data/brain_mri(clean_dataset)\test\meningioma\meningioma_01293.jpg,test,meningioma,Training/meningioma/Tr-me_124.jpg,Training,512,512,6213,6213,6213
data/brain_mri(clean_dataset)\valid\meningioma\meningioma_01294.jpg,valid,meningioma,Training/meningioma/Tr-me_1240.jpg,Training,512,512,1769,1769,6252
data/brain_mri(clean_dataset)\train\meningioma\meningioma_01295.jpg,train,meningioma,Training/meningioma/Tr-me_1241.jpg,Training,512,512,1980,1980,6319
data/brain_mri(clean_dataset)\train\meningioma\meningioma_01296.jpg,train,meningioma,Training/meningioma/Tr-me_1243.jpg,Training,512,512,1772,1772,1772
data/brain_mri(clean_dataset)\valid\meningioma\meningioma_01297.jpg,valid,meningioma,Training/meningioma/Tr-me_1246.jpg,Training,512,512,1775,1775,1775
data/brain_mri(clean_dataset)\train\meningioma\meningioma_01298.jpg,train,meningioma,Training/meningioma/Tr-me_1247.jpg,Training,512,512,6271,6271,6271
data/brain_mri(clean_dataset)\train\meningioma\meningioma_01299.jpg,train,meningioma,Training/meningioma/Tr-me_1248.jpg,Training,512,512,2032,2032,2032
data/brain_mri(clean_dataset)\train\meningioma\meningioma_01300.jpg,train,meningioma,Training/meningioma/Tr-me_1251.jpg,Training,512,512,2197,2197,6258
data/brain_mri(clean_dataset)\train\meningioma\meningioma_01301.jpg,train,meningioma,Training/meningioma/Tr-me_1254.jpg,Training,512,512,6112,6112,6294
data/brain_mri(clean_dataset)\train\meningioma\meningioma_01302.jpg,train,meningioma,Training/meningioma/Tr-me_1256.jpg,Training,512,512,1869,1869,2195
data/brain_mri(clean_dataset)\train\meningioma\meningioma_01303.jpg,train,meningioma,Training/meningioma/Tr-me_1257.jpg,Training,512,512,2463,2463,6341
data/brain_mri(clean_dataset)\train\meningioma\meningioma_01304.jpg,train,meningioma,Training/meningioma/Tr-me_1258.jpg,Training,512,512,1849,1849,6294
data/brain_mri(clean_dataset)\train\meningioma\meningioma_01305.jpg,train,meningioma,Training/meningioma/Tr-me_1259.jpg,Training,512,512,6296,6296,6296
data/brain_mri(clean_dataset)\test\meningioma\meningioma_01306.jpg,test,meningioma,Training/meningioma/Tr-me_1261.jpg,Training,512,512,1792,1792,1792
data/brain_mri(clean_dataset)\train\meningioma\meningioma_01307.jpg,train,meningioma,Training/meningioma/Tr-me_1264.jpg,Training,512,512,2666,2666,2666
data/brain_mri(clean_dataset)\train\meningioma\meningioma_01308.jpg,train,meningioma,Training/meningioma/Tr-me_1268.jpg,Training,512,512,1799,1799,1799
data/brain_mri(clean_dataset)\train\meningioma\meningioma_01309.jpg,train,meningioma,Training/meningioma/Tr-me_1269.jpg,Training,512,512,6120,6120,6120
data/brain_mri(clean_dataset)\train\meningioma\meningioma_01310.jpg,train,meningioma,Training/meningioma/Tr-me_127.jpg,Training,512,512,1801,1801,2388
data/brain_mri(clean_dataset)\train\meningioma\meningioma_01311.jpg,train,meningioma,Training/meningioma/Tr-me_1270.jpg,Training,512,512,6313,6313,6313
data/brain_mri(clean_dataset)\train\meningioma\meningioma_01312.jpg,train,meningioma,Training/meningioma/Tr-me_1272.jpg,Training,512,512,2236,2236,2258
data/brain_mri(clean_dataset)\train\meningioma\meningioma_01313.jpg,train,meningioma,Training/meningioma/Tr-me_1273.jpg,Training,512,512,2578,2578,2578
data/brain_mri(clean_dataset)\test\meningioma\meningioma_01314.jpg,test,meningioma,Training/meningioma/Tr-me_1275.jpg,Training,512,512,1942,1942,6336
data/brain_mri(clean_dataset)\train\meningioma\meningioma_01315.jpg,train,meningioma,Training/meningioma/Tr-me_1276.jpg,Training,512,512,2121,2121,2588
data/brain_mri(clean_dataset)\train\meningioma\meningioma_01316.jpg,train,meningioma,Training/meningioma/Tr-me_1277.jpg,Training,512,512,1826,1826,1826
data/brain_mri(clean_dataset)\train\meningioma\meningioma_01317.jpg,train,meningioma,Training/meningioma/Tr-me_1278.jpg,Training,512,512,2238,2238,2238
data/brain_mri(clean_dataset)\train\meningioma\meningioma_01318.jpg,train,meningioma,Training/meningioma/Tr-me_1279.jpg,Training,512,512,1811,1811,6294
data/brain_mri(clean_dataset)\train\meningioma\meningioma_01319.jpg,train,meningioma,Training/meningioma/Tr-me_1284.jpg,Training,512,512,6316,6316,6316
data/brain_mri(clean_dataset)\train\meningioma\meningioma_01320.jpg,train,meningioma,Training/meningioma/Tr-me_1285.jpg,Training,512,512,1818,1818,1818
data/brain_mri(clean_dataset)\train\meningioma\meningioma_01321.jpg,train,meningioma,Training/meningioma/Tr-me_1287.jpg,Training,512,512,1820,1820,6399
data/brain_mri(clean_dataset)\test\meningioma\meningioma_01322.jpg,test,meningioma,Training/meningioma/Tr-me_129.jpg,Training,512,512,2000,2000,2000
data/brain_mri(clean_dataset)\train\meningioma\meningioma_01323.jpg,train,meningioma,Training/meningioma/Tr-me_1293.jpg,Training,512,512,2588,2588,2588
data/brain_mri(clean_dataset)\test\meningioma\meningioma_01324.jpg,test,meningioma,Training/meningioma/Tr-me_1294.jpg,Training,507,362,1828,1828,1828
data/brain_mri(clean_dataset)\test\meningioma\meningioma_01325.jpg,test,meningioma,Training/meningioma/Tr-me_1296.jpg,Training,512,512,6141,6141,6141
data/brain_mri(clean_dataset)\train\meningioma\meningioma_01326.jpg,train,meningioma,Training/meningioma/Tr-me_1297.jpg,Training,512,512,2223,2223,2601
data/brain_mri(clean_dataset)\train\meningioma\meningioma_01327.jpg,train,meningioma,Training/meningioma/Tr-me_1298.jpg,Training,512,512,2396,2396,6294
data/brain_mri(clean_dataset)\train\meningioma\meningioma_01328.jpg,train,meningioma,Training/meningioma/Tr-me_1299.jpg,Training,512,512,6306,6306,6306
data/brain_mri(clean_dataset)\train\meningioma\meningioma_01329.jpg,train,meningioma,Training/meningioma/Tr-me_130.jpg,Training,512,512,1835,1835,1835
data/brain_mri(clean_dataset)\test\meningioma\meningioma_01330.jpg,test,meningioma,Training/meningioma/Tr-me_1300.jpg,Training,512,512,2582,2582,2582
data/brain_mri(clean_dataset)\valid\meningioma\meningioma_01331.jpg,valid,meningioma,Training/meningioma/Tr-me_134.jpg,Training,512,512,6317,6317,6317
data/brain_mri(clean_dataset)\test\meningioma\meningioma_01332.jpg,test,meningioma,Training/meningioma/Tr-me_137.jpg,Training,512,512,1843,1843,1843
data/brain_mri(clean_dataset)\valid\meningioma\meningioma_01333.jpg,valid,meningioma,Training/meningioma/Tr-me_139.jpg,Training,512,512,1845,1845,1845
data/brain_mri(clean_dataset)\train\meningioma\meningioma_01334.jpg,train,meningioma,Training/meningioma/Tr-me_14.jpg,Training,216,234,1846,1846,1846
data/brain_mri(clean_dataset)\train\meningioma\meningioma_01335.jpg,train,meningioma,Training/meningioma/Tr-me_141.jpg,Training,512,512,2348,2348,2348
data/brain_mri(clean_dataset)\test\meningioma\meningioma_01336.jpg,test,meningioma,Training/meningioma/Tr-me_143.jpg,Training,512,512,2431,2431,2431
data/brain_mri(clean_dataset)\train\meningioma\meningioma_01337.jpg,train,meningioma,Training/meningioma/Tr-me_144.jpg,Training,512,512,2675,2675,2599
data/brain_mri(clean_dataset)\valid\meningioma\meningioma_01338.jpg,valid,meningioma,Training/meningioma/Tr-me_146.jpg,Training,512,512,2412,2412,2412
data/brain_mri(clean_dataset)\train\meningioma\meningioma_01339.jpg,train,meningioma,Training/meningioma/Tr-me_148.jpg,Training,512,512,2768,2768,2768
data/brain_mri(clean_dataset)\train\meningioma\meningioma_01340.jpg,train,meningioma,Training/meningioma/Tr-me_149.jpg,Training,512,512,2791,2791,2791
data/brain_mri(clean_dataset)\test\meningioma\meningioma_01341.jpg,test,meningioma,Training/meningioma/Tr-me_150.jpg,Training,512,512,2066,2066,2066
data/brain_mri(clean_dataset)\train\meningioma\meningioma_01342.jpg,train,meningioma,Training/meningioma/Tr-me_151.jpg,Training,512,512,2473,2473,6294
data/brain_mri(clean_dataset)\test\meningioma\meningioma_01343.jpg,test,meningioma,Training/meningioma/Tr-me_152.jpg,Training,512,512,2489,2489,2637
data/brain_mri(clean_dataset)\test\meningioma\meningioma_01344.jpg,test,meningioma,Training/meningioma/Tr-me_153.jpg,Training,512,512,2590,2590,2715
data/brain_mri(clean_dataset)\train\meningioma\meningioma_01345.jpg,train,meningioma,Training/meningioma/Tr-me_157.jpg,Training,512,512,6148,6148,6148
data/brain_mri(clean_dataset)\test\meningioma\meningioma_01346.jpg,test,meningioma,Training/meningioma/Tr-me_163.jpg,Training,512,512,6181,6181,6181
data/brain_mri(clean_dataset)\train\meningioma\meningioma_01347.jpg,train,meningioma,Training/meningioma/Tr-me_164.jpg,Training,512,512,2550,2550,2550
data/brain_mri(clean_dataset)\train\meningioma\meningioma_01348.jpg,train,meningioma,Training/meningioma/Tr-me_165.jpg,Training,512,512,2102,2102,6397
data/brain_mri(clean_dataset)\valid\meningioma\meningioma_01349.jpg,valid,meningioma,Training/meningioma/Tr-me_166.jpg,Training,512,512,2740,2740,6240
data/brain_mri(clean_dataset)\train\meningioma\meningioma_01350.jpg,train,meningioma,Training/meningioma/Tr-me_169.jpg,Training,512,512,1878,1878,1878
data/brain_mri(clean_dataset)\train\meningioma\meningioma_01351.jpg,train,meningioma,Training/meningioma/Tr-me_170.jpg,Training,512,512,2195,2195,2195
data/brain_mri(clean_dataset)\train\meningioma\meningioma_01352.jpg,train,meningioma,Training/meningioma/Tr-me_171.jpg,Training,512,512,2797,2797,2797
data/brain_mri(clean_dataset)\train\meningioma\meningioma_01353.jpg,train,meningioma,Training/meningioma/Tr-me_172.jpg,Training,512,512,2397,2397,2397
data/brain_mri(clean_dataset)\train\meningioma\meningioma_01354.jpg,train,meningioma,Training/meningioma/Tr-me_174.jpg,Training,512,512,2548,2548,2548
data/brain_mri(clean_dataset)\valid\meningioma\meningioma_01355.jpg,valid,meningioma,Training/meningioma/Tr-me_175.jpg,Training,512,512,2482,2482,2069
data/brain_mri(clean_dataset)\test\meningioma\meningioma_01356.jpg,test,meningioma,Training/meningioma/Tr-me_18.jpg,Training,512,512,1890,1890,1890
data/brain_mri(clean_dataset)\train\meningioma\meningioma_01357.jpg,train,meningioma,Training/meningioma/Tr-me_180.jpg,Training,512,512,2772,2772,6111
data/brain_mri(clean_dataset)\test\meningioma\meningioma_01358.jpg,test,meningioma,Training/meningioma/Tr-me_182.jpg,Training,512,512,1893,1893,2299
data/brain_mri(clean_dataset)\train\meningioma\meningioma_01359.jpg,train,meningioma,Training/meningioma/Tr-me_183.jpg,Training,512,512,6361,6361,6361
data/brain_mri(clean_dataset)\valid\meningioma\meningioma_01360.jpg,valid,meningioma,Training/meningioma/Tr-me_185.jpg,Training,512,512,1896,1896,1896
data/brain_mri(clean_dataset)\test\meningioma\meningioma_01361.jpg,test,meningioma,Training/meningioma/Tr-me_186.jpg,Training,324,284,1897,1897,1897
data/brain_mri(clean_dataset)\train\meningioma\meningioma_01362.jpg,train,meningioma,Training/meningioma/Tr-me_188.jpg,Training,512,512,2128,2128,2128
data/brain_mri(clean_dataset)\train\meningioma\meningioma_01363.jpg,train,meningioma,Training/meningioma/Tr-me_192.jpg,Training,512,512,6140,6140,6140
data/brain_mri(clean_dataset)\train\meningioma\meningioma_01364.jpg,train,meningioma,Training/meningioma/Tr-me_193.jpg,Training,512,512,2075,2075,6361
data/brain_mri(clean_dataset)\train\meningioma\meningioma_01365.jpg,train,meningioma,Training/meningioma/Tr-me_194.jpg,Training,512,512,2459,2459,6294
data/brain_mri(clean_dataset)\train\meningioma\meningioma_01366.jpg,train,meningioma,Training/meningioma/Tr-me_195.jpg,Training,512,512,1907,1907,6258
data/brain_mri(clean_dataset)\train\meningioma\meningioma_01367.jpg,train,meningioma,Training/meningioma/Tr-me_198.jpg,Training,512,512,6198,6198,6198
data/brain_mri(clean_dataset)\train\meningioma\meningioma_01368.jpg,train,meningioma,Training/meningioma/Tr-me_2.jpg,Training,512,512,6343,6343,6343
data/brain_mri(clean_dataset)\train\meningioma\meningioma_01369.jpg,train,meningioma,Training/meningioma/Tr-me_20.jpg,Training,512,512,1913,1913,1913
data/brain_mri(clean_dataset)\train\meningioma\meningioma_01370.jpg,train,meningioma,Training/meningioma/Tr-me_202.jpg,Training,230,241,1916,1916,1916
data/brain_mri(clean_dataset)\test\meningioma\meningioma_01371.jpg,test,meningioma,Training/meningioma/Tr-me_203.jpg,Training,512,512,1917,1917,1917
data/brain_mri(clean_dataset)\train\meningioma\meningioma_01372.jpg,train,meningioma,Training/meningioma/Tr-me_204.jpg,Training,512,512,2711,2711,6294
data/brain_mri(clean_dataset)\valid\meningioma\meningioma_01373.jpg,valid,meningioma,Training/meningioma/Tr-me_207.jpg,Training,512,512,6390,6390,6390
data/brain_mri(clean_dataset)\train\meningioma\meningioma_01374.jpg,train,meningioma,Training/meningioma/Tr-me_208.jpg,Training,512,512,6134,6134,6134
data/brain_mri(clean_dataset)\train\meningioma\meningioma_01375.jpg,train,meningioma,Training/meningioma/Tr-me_209.jpg,Training,512,512,2418,2418,2418
data/brain_mri(clean_dataset)\train\meningioma\meningioma_01376.jpg,train,meningioma,Training/meningioma/Tr-me_211.jpg,Training,512,512,1926,1926,1926
data/brain_mri(clean_dataset)\train\meningioma\meningioma_01377.jpg,train,meningioma,Training/meningioma/Tr-me_212.jpg,Training,512,512,6377,6377,6377
data/brain_mri(clean_dataset)\train\meningioma\meningioma_01378.jpg,train,meningioma,Training/meningioma/Tr-me_214.jpg,Training,512,512,6386,6386,6386
data/brain_mri(clean_dataset)\train\meningioma\meningioma_01379.jpg,train,meningioma,Training/meningioma/Tr-me_216.jpg,Training,512,512,1931,1931,1931
data/brain_mri(clean_dataset)\train\meningioma\meningioma_01380.jpg,train,meningioma,Training/meningioma/Tr-me_217.jpg,Training,512,512,1932,1932,1932
data/brain_mri(clean_dataset)\train\meningioma\meningioma_01381.jpg,train,meningioma,Training/meningioma/Tr-me_22.jpg,Training,512,512,1935,1935,6342
data/brain_mri(clean_dataset)\train\meningioma\meningioma_01382.jpg,train,meningioma,Training/meningioma/Tr-me_221.jpg,Training,450,446,1937,1937,1937
data/brain_mri(clean_dataset)\train\meningioma\meningioma_01383.jpg,train,meningioma,Training/meningioma/Tr-me_223.jpg,Training,512,512,1939,1939,1939
data/brain_mri(clean_dataset)\test\meningioma\meningioma_01384.jpg,test,meningioma,Training/meningioma/Tr-me_224.jpg,Training,512,512,1940,1940,1940
data/brain_mri(clean_dataset)\train\meningioma\meningioma_01385.jpg,train,meningioma,Training/meningioma/Tr-me_225.jpg,Training,512,512,1941,1941,1941
data/brain_mri(clean_dataset)\train\meningioma\meningioma_01386.jpg,train,meningioma,Training/meningioma/Tr-me_229.jpg,Training,512,512,1945,1945,1945
data/brain_mri(clean_dataset)\train\meningioma\meningioma_01387.jpg,train,meningioma,Training/meningioma/Tr-me_230.jpg,Training,512,512,2096,2096,2716
data/brain_mri(clean_dataset)\train\meningioma\meningioma_01388.jpg,train,meningioma,Training/meningioma/Tr-me_231.jpg,Training,512,512,2640,2640,2640
data/brain_mri(clean_dataset)\valid\meningioma\meningioma_01389.jpg,valid,meningioma,Training/meningioma/Tr-me_232.jpg,Training,512,512,2545,2545,2545
data/brain_mri(clean_dataset)\train\meningioma\meningioma_01390.jpg,train,meningioma,Training/meningioma/Tr-me_233.jpg,Training,512,512,1950,1950,1950
data/brain_mri(clean_dataset)\train\meningioma\meningioma_01391.jpg,train,meningioma,Training/meningioma/Tr-me_234.jpg,Training,512,512,2076,2076,2076
data/brain_mri(clean_dataset)\test\meningioma\meningioma_01392.jpg,test,meningioma,Training/meningioma/Tr-me_235.jpg,Training,512,512,1952,1952,1952
data/brain_mri(clean_dataset)\train\meningioma\meningioma_01393.jpg,train,meningioma,Training/meningioma/Tr-me_236.jpg,Training,512,512,1953,1953,1953
data/brain_mri(clean_dataset)\train\meningioma\meningioma_01394.jpg,train,meningioma,Training/meningioma/Tr-me_237.jpg,Training,512,512,1954,1954,6294
data/brain_mri(clean_dataset)\test\meningioma\meningioma_01395.jpg,test,meningioma,Training/meningioma/Tr-me_24.jpg,Training,512,512,2257,2257,2257
data/brain_mri(clean_dataset)\train\meningioma\meningioma_01396.jpg,train,meningioma,Training/meningioma/Tr-me_240.jpg,Training,512,512,2440,2440,2440
data/brain_mri(clean_dataset)\train\meningioma\meningioma_01397.jpg,train,meningioma,Training/meningioma/Tr-me_241.jpg,Training,825,993,1959,1959,1959
data/brain_mri(clean_dataset)\train\meningioma\meningioma_01398.jpg,train,meningioma,Training/meningioma/Tr-me_242.jpg,Training,512,512,6172,6172,6172
data/brain_mri(clean_dataset)\valid\meningioma\meningioma_01399.jpg,valid,meningioma,Training/meningioma/Tr-me_243.jpg,Training,512,512,2468,2468,2468
data/brain_mri(clean_dataset)\train\meningioma\meningioma_01400.jpg,train,meningioma,Training/meningioma/Tr-me_246.jpg,Training,512,512,2498,2498,2498
data/brain_mri(clean_dataset)\valid\meningioma\meningioma_01401.jpg,valid,meningioma,Training/meningioma/Tr-me_247.jpg,Training,512,512,2649,2649,2649
data/brain_mri(clean_dataset)\train\meningioma\meningioma_01402.jpg,train,meningioma,Training/meningioma/Tr-me_248.jpg,Training,512,512,1966,1966,1966
data/brain_mri(clean_dataset)\train\meningioma\meningioma_01403.jpg,train,meningioma,Training/meningioma/Tr-me_25.jpg,Training,512,512,2367,2367,6319
data/brain_mri(clean_dataset)\valid\meningioma\meningioma_01404.jpg,valid,meningioma,Training/meningioma/Tr-me_251.jpg,Training,512,512,1970,1970,1970
data/brain_mri(clean_dataset)\train\meningioma\meningioma_01405.jpg,train,meningioma,Training/meningioma/Tr-me_252.jpg,Training,512,512,1998,1998,2381
data/brain_mri(clean_dataset)\train\meningioma\meningioma_01406.jpg,train,meningioma,Training/meningioma/Tr-me_254.jpg,Training,512,512,2006,2006,2006
data/brain_mri(clean_dataset)\train\meningioma\meningioma_01407.jpg,train,meningioma,Training/meningioma/Tr-me_256.jpg,Training,512,512,2423,2423,2423
data/brain_mri(clean_dataset)\train\meningioma\meningioma_01408.jpg,train,meningioma,Training/meningioma/Tr-me_257.jpg,Training,512,512,6248,6248,6294
data/brain_mri(clean_dataset)\test\meningioma\meningioma_01409.jpg,test,meningioma,Training/meningioma/Tr-me_258.jpg,Training,512,512,1999,1999,2000
data/brain_mri(clean_dataset)\valid\meningioma\meningioma_01410.jpg,valid,meningioma,Training/meningioma/Tr-me_26.jpg,Training,512,512,2069,2069,2069
data/brain_mri(clean_dataset)\valid\meningioma\meningioma_01411.jpg,valid,meningioma,Training/meningioma/Tr-me_261.jpg,Training,512,512,6118,6118,6118
data/brain_mri(clean_dataset)\train\meningioma\meningioma_01412.jpg,train,meningioma,Training/meningioma/Tr-me_262.jpg,Training,512,512,2226,2226,2226
data/brain_mri(clean_dataset)\train\meningioma\meningioma_01413.jpg,train,meningioma,Training/meningioma/Tr-me_263.jpg,Training,512,512,2175,2175,2175
data/brain_mri(clean_dataset)\train\meningioma\meningioma_01414.jpg,train,meningioma,Training/meningioma/Tr-me_265.jpg,Training,512,512,1985,1985,6360
data/brain_mri(clean_dataset)\train\meningioma\meningioma_01415.jpg,train,meningioma,Training/meningioma/Tr-me_266.jpg,Training,512,512,6371,6371,6371
data/brain_mri(clean_dataset)\train\meningioma\meningioma_01416.jpg,train,meningioma,Training/meningioma/Tr-me_271.jpg,Training,202,223,1992,1992,1992
data/brain_mri(clean_dataset)\train\meningioma\meningioma_01417.jpg,train,meningioma,Training/meningioma/Tr-me_272.jpg,Training,512,512,1993,1993,1993
data/brain_mri(clean_dataset)\train\meningioma\meningioma_01418.jpg,train,meningioma,Training/meningioma/Tr-me_276.jpg,Training,512,512,1997,1997,1997
data/brain_mri(clean_dataset)\train\meningioma\meningioma_01419.jpg,train,meningioma,Training/meningioma/Tr-me_281.jpg,Training,512,512,2003,2003,2003
data/brain_mri(clean_dataset)\train\meningioma\meningioma_01420.jpg,train,meningioma,Training/meningioma/Tr-me_282.jpg,Training,512,512,2611,2611,2611
data/brain_mri(clean_dataset)\test\meningioma\meningioma_01421.jpg,test,meningioma,Training/meningioma/Tr-me_287.jpg,Training,512,512,2009,2009,2009
data/brain_mri(clean_dataset)\train\meningioma\meningioma_01422.jpg,train,meningioma,Training/meningioma/Tr-me_289.jpg,Training,306,365,2011,2011,2011
data/brain_mri(clean_dataset)\train\meningioma\meningioma_01423.jpg,train,meningioma,Training/meningioma/Tr-me_29.jpg,Training,512,512,6392,6392,6392
data/brain_mri(clean_dataset)\train\meningioma\meningioma_01424.jpg,train,meningioma,Training/meningioma/Tr-me_290.jpg,Training,512,512,2115,2115,6294
data/brain_mri(clean_dataset)\train\meningioma\meningioma_01425.jpg,train,meningioma,Training/meningioma/Tr-me_292.jpg,Training,512,512,6244,6244,2682
data/brain_mri(clean_dataset)\train\meningioma\meningioma_01426.jpg,train,meningioma,Training/meningioma/Tr-me_293.jpg,Training,512,512,2573,2573,2573
data/brain_mri(clean_dataset)\train\meningioma\meningioma_01427.jpg,train,meningioma,Training/meningioma/Tr-me_294.jpg,Training,512,512,6125,6125,6125
data/brain_mri(clean_dataset)\train\meningioma\meningioma_01428.jpg,train,meningioma,Training/meningioma/Tr-me_296.jpg,Training,512,512,6303,6303,6294
data/brain_mri(clean_dataset)\valid\meningioma\meningioma_01429.jpg,valid,meningioma,Training/meningioma/Tr-me_297.jpg,Training,512,512,2434,2434,2434
data/brain_mri(clean_dataset)\test\meningioma\meningioma_01430.jpg,test,meningioma,Training/meningioma/Tr-me_298.jpg,Training,512,512,2021,2021,2000
data/brain_mri(clean_dataset)\train\meningioma\meningioma_01431.jpg,train,meningioma,Training/meningioma/Tr-me_299.jpg,Training,512,512,2562,2562,2562
data/brain_mri(clean_dataset)\valid\meningioma\meningioma_01432.jpg,valid,meningioma,Training/meningioma/Tr-me_30.jpg,Training,512,512,2024,2024,2024
data/brain_mri(clean_dataset)\valid\meningioma\meningioma_01433.jpg,valid,meningioma,Training/meningioma/Tr-me_305.jpg,Training,512,512,2030,2030,2030
data/brain_mri(clean_dataset)\train\meningioma\meningioma_01434.jpg,train,meningioma,Training/meningioma/Tr-me_306.jpg,Training,512,512,2501,2501,2501
data/brain_mri(clean_dataset)\train\meningioma\meningioma_01435.jpg,train,meningioma,Training/meningioma/Tr-me_308.jpg,Training,512,512,2033,2033,2033
data/brain_mri(clean_dataset)\valid\meningioma\meningioma_01436.jpg,valid,meningioma,Training/meningioma/Tr-me_309.jpg,Training,512,512,2218,2218,2218
data/brain_mri(clean_dataset)\train\meningioma\meningioma_01437.jpg,train,meningioma,Training/meningioma/Tr-me_31.jpg,Training,512,512,6367,6367,2310
data/brain_mri(clean_dataset)\train\meningioma\meningioma_01438.jpg,train,meningioma,Training/meningioma/Tr-me_312.jpg,Training,512,512,2330,2330,2330
data/brain_mri(clean_dataset)\train\meningioma\meningioma_01439.jpg,train,meningioma,Training/meningioma/Tr-me_313.jpg,Training,512,512,2039,2039,2039
data/brain_mri(clean_dataset)\test\meningioma\meningioma_01440.jpg,test,meningioma,Training/meningioma/Tr-me_316.jpg,Training,512,512,2042,2042,2042
data/brain_mri(clean_dataset)\train\meningioma\meningioma_01441.jpg,train,meningioma,Training/meningioma/Tr-me_317.jpg,Training,512,512,2043,2043,2043
data/brain_mri(clean_dataset)\train\meningioma\meningioma_01442.jpg,train,meningioma,Training/meningioma/Tr-me_318.jpg,Training,485,510,2044,2044,2044
data/brain_mri(clean_dataset)\train\meningioma\meningioma_01443.jpg,train,meningioma,Training/meningioma/Tr-me_319.jpg,Training,512,512,2518,2518,6269
data/brain_mri(clean_dataset)\valid\meningioma\meningioma_01444.jpg,valid,meningioma,Training/meningioma/Tr-me_322.jpg,Training,512,512,2130,2130,2130
data/brain_mri(clean_dataset)\valid\meningioma\meningioma_01445.jpg,valid,meningioma,Training/meningioma/Tr-me_323.jpg,Training,512,512,2050,2050,6353
data/brain_mri(clean_dataset)\test\meningioma\meningioma_01446.jpg,test,meningioma,Training/meningioma/Tr-me_328.jpg,Training,512,512,2665,2665,2665
data/brain_mri(clean_dataset)\train\meningioma\meningioma_01447.jpg,train,meningioma,Training/meningioma/Tr-me_329.jpg,Training,512,512,6338,6338,6338
data/brain_mri(clean_dataset)\train\meningioma\meningioma_01448.jpg,train,meningioma,Training/meningioma/Tr-me_33.jpg,Training,512,512,2224,2224,2224
data/brain_mri(clean_dataset)\train\meningioma\meningioma_01449.jpg,train,meningioma,Training/meningioma/Tr-me_332.jpg,Training,512,512,2331,2331,6142
data/brain_mri(clean_dataset)\test\meningioma\meningioma_01450.jpg,test,meningioma,Training/meningioma/Tr-me_334.jpg,Training,512,512,2250,2250,2570
data/brain_mri(clean_dataset)\train\meningioma\meningioma_01451.jpg,train,meningioma,Training/meningioma/Tr-me_335.jpg,Training,512,512,2310,2310,2310
data/brain_mri(clean_dataset)\train\meningioma\meningioma_01452.jpg,train,meningioma,Training/meningioma/Tr-me_336.jpg,Training,512,512,6259,6259,2601
data/brain_mri(clean_dataset)\train\meningioma\meningioma_01453.jpg,train,meningioma,Training/meningioma/Tr-me_337.jpg,Training,512,512,2480,2480,2724
data/brain_mri(clean_dataset)\train\meningioma\meningioma_01454.jpg,train,meningioma,Training/meningioma/Tr-me_34.jpg,Training,512,512,2068,2068,2782
data/brain_mri(clean_dataset)\valid\meningioma\meningioma_01455.jpg,valid,meningioma,Training/meningioma/Tr-me_341.jpg,Training,512,512,2070,2070,6240
data/brain_mri(clean_dataset)\train\meningioma\meningioma_01456.jpg,train,meningioma,Training/meningioma/Tr-me_342.jpg,Training,512,512,6108,6108,6108
data/brain_mri(clean_dataset)\train\meningioma\meningioma_01457.jpg,train,meningioma,Training/meningioma/Tr-me_348.jpg,Training,512,512,2609,2609,2682
data/brain_mri(clean_dataset)\train\meningioma\meningioma_01458.jpg,train,meningioma,Training/meningioma/Tr-me_35.jpg,Training,512,512,2079,2079,6294
data/brain_mri(clean_dataset)\train\meningioma\meningioma_01459.jpg,train,meningioma,Training/meningioma/Tr-me_354.jpg,Training,512,512,2084,2084,2084
data/brain_mri(clean_dataset)\train\meningioma\meningioma_01460.jpg,train,meningioma,Training/meningioma/Tr-me_355.jpg,Training,512,512,2134,2134,2134
data/brain_mri(clean_dataset)\test\meningioma\meningioma_01461.jpg,test,meningioma,Training/meningioma/Tr-me_357.jpg,Training,512,512,6189,6189,6189
data/brain_mri(clean_dataset)\test\meningioma\meningioma_01462.jpg,test,meningioma,Training/meningioma/Tr-me_358.jpg,Training,512,512,2318,2318,2318
data/brain_mri(clean_dataset)\train\meningioma\meningioma_01463.jpg,train,meningioma,Training/meningioma/Tr-me_359.jpg,Training,512,512,2160,2160,2160
data/brain_mri(clean_dataset)\train\meningioma\meningioma_01464.jpg,train,meningioma,Training/meningioma/Tr-me_360.jpg,Training,512,512,2091,2091,2377
data/brain_mri(clean_dataset)\train\meningioma\meningioma_01465.jpg,train,meningioma,Training/meningioma/Tr-me_361.jpg,Training,512,512,2775,2775,6258
data/brain_mri(clean_dataset)\valid\meningioma\meningioma_01466.jpg,valid,meningioma,Training/meningioma/Tr-me_363.jpg,Training,512,512,2149,2149,2149
data/brain_mri(clean_dataset)\train\meningioma\meningioma_01467.jpg,train,meningioma,Training/meningioma/Tr-me_366.jpg,Training,512,512,6238,6238,6238
data/brain_mri(clean_dataset)\train\meningioma\meningioma_01468.jpg,train,meningioma,Training/meningioma/Tr-me_367.jpg,Training,512,512,2594,2594,2594
data/brain_mri(clean_dataset)\test\meningioma\meningioma_01469.jpg,test,meningioma,Training/meningioma/Tr-me_368.jpg,Training,512,512,2099,2099,2099
data/brain_mri(clean_dataset)\train\meningioma\meningioma_01470.jpg,train,meningioma,Training/meningioma/Tr-me_37.jpg,Training,512,512,2245,2245,2381
data/brain_mri(clean_dataset)\train\meningioma\meningioma_01471.jpg,train,meningioma,Training/meningioma/Tr-me_372.jpg,Training,512,512,6130,6130,6130
data/brain_mri(clean_dataset)\train\meningioma\meningioma_01472.jpg,train,meningioma,Training/meningioma/Tr-me_374.jpg,Training,512,512,6357,6357,6357
data/brain_mri(clean_dataset)\train\meningioma\meningioma_01473.jpg,train,meningioma,Training/meningioma/Tr-me_375.jpg,Training,512,512,2729,2729,2729
data/brain_mri(clean_dataset)\train\meningioma\meningioma_01474.jpg,train,meningioma,Training/meningioma/Tr-me_376.jpg,Training,512,512,2108,2108,2792
data/brain_mri(clean_dataset)\test\meningioma\meningioma_01475.jpg,test,meningioma,Training/meningioma/Tr-me_377.jpg,Training,512,512,2673,2673,2673
data/brain_mri(clean_dataset)\train\meningioma\meningioma_01476.jpg,train,meningioma,Training/meningioma/Tr-me_378.jpg,Training,512,512,2110,2110,2110
data/brain_mri(clean_dataset)\train\meningioma\meningioma_01477.jpg,train,meningioma,Training/meningioma/Tr-me_38.jpg,Training,512,512,2542,2542,2542
data/brain_mri(clean_dataset)\valid\meningioma\meningioma_01478.jpg,valid,meningioma,Training/meningioma/Tr-me_380.jpg,Training,512,512,2361,2361,2361
data/brain_mri(clean_dataset)\train\meningioma\meningioma_01479.jpg,train,meningioma,Training/meningioma/Tr-me_381.jpg,Training,512,512,2114,2114,6341
data/brain_mri(clean_dataset)\test\meningioma\meningioma_01480.jpg,test,meningioma,Training/meningioma/Tr-me_383.jpg,Training,512,512,2116,2116,2667
data/brain_mri(clean_dataset)\test\meningioma\meningioma_01481.jpg,test,meningioma,Training/meningioma/Tr-me_384.jpg,Training,512,512,6366,6366,6366
data/brain_mri(clean_dataset)\test\meningioma\meningioma_01482.jpg,test,meningioma,Training/meningioma/Tr-me_385.jpg,Training,512,512,2118,2118,2118
data/brain_mri(clean_dataset)\train\meningioma\meningioma_01483.jpg,train,meningioma,Training/meningioma/Tr-me_386.jpg,Training,512,512,2119,2119,2119
data/brain_mri(clean_dataset)\train\meningioma\meningioma_01484.jpg,train,meningioma,Training/meningioma/Tr-me_387.jpg,Training,512,512,2603,2603,2603
data/brain_mri(clean_dataset)\train\meningioma\meningioma_01485.jpg,train,meningioma,Training/meningioma/Tr-me_39.jpg,Training,512,512,6143,6143,6143
data/brain_mri(clean_dataset)\train\meningioma\meningioma_01486.jpg,train,meningioma,Training/meningioma/Tr-me_390.jpg,Training,512,512,2764,2764,2764
data/brain_mri(clean_dataset)\train\meningioma\meningioma_01487.jpg,train,meningioma,Training/meningioma/Tr-me_391.jpg,Training,512,512,2125,2125,2125
data/brain_mri(clean_dataset)\train\meningioma\meningioma_01488.jpg,train,meningioma,Training/meningioma/Tr-me_392.jpg,Training,512,512,2641,2641,2641
data/brain_mri(clean_dataset)\train\meningioma\meningioma_01489.jpg,train,meningioma,Training/meningioma/Tr-me_395.jpg,Training,512,512,6164,6164,6164
data/brain_mri(clean_dataset)\test\meningioma\meningioma_01490.jpg,test,meningioma,Training/meningioma/Tr-me_397.jpg,Training,512,512,2131,2131,2131
data/brain_mri(clean_dataset)\valid\meningioma\meningioma_01491.jpg,valid,meningioma,Training/meningioma/Tr-me_398.jpg,Training,512,512,2132,2132,2132
data/brain_mri(clean_dataset)\valid\meningioma\meningioma_01492.jpg,valid,meningioma,Training/meningioma/Tr-me_399.jpg,Training,512,512,2133,2133,2133
data/brain_mri(clean_dataset)\train\meningioma\meningioma_01493.jpg,train,meningioma,Training/meningioma/Tr-me_400.jpg,Training,512,512,6232,6232,6232
data/brain_mri(clean_dataset)\test\meningioma\meningioma_01494.jpg,test,meningioma,Training/meningioma/Tr-me_402.jpg,Training,512,512,2138,2138,2138
data/brain_mri(clean_dataset)\valid\meningioma\meningioma_01495.jpg,valid,meningioma,Training/meningioma/Tr-me_403.jpg,Training,512,512,6290,6290,6290
data/brain_mri(clean_dataset)\train\meningioma\meningioma_01496.jpg,train,meningioma,Training/meningioma/Tr-me_405.jpg,Training,512,512,6111,6111,6111
data/brain_mri(clean_dataset)\train\meningioma\meningioma_01497.jpg,train,meningioma,Training/meningioma/Tr-me_406.jpg,Training,512,512,2142,2142,6294
data/brain_mri(clean_dataset)\train\meningioma\meningioma_01498.jpg,train,meningioma,Training/meningioma/Tr-me_407.jpg,Training,512,512,2143,2143,2143
data/brain_mri(clean_dataset)\train\meningioma\meningioma_01499.jpg,train,meningioma,Training/meningioma/Tr-me_41.jpg,Training,512,512,2677,2677,6294
data/brain_mri(clean_dataset)\test\meningioma\meningioma_01500.jpg,test,meningioma,Training/meningioma/Tr-me_410.jpg,Training,512,512,2358,2358,2358
data/brain_mri(clean_dataset)\train\meningioma\meningioma_01501.jpg,train,meningioma,Training/meningioma/Tr-me_411.jpg,Training,512,512,2767,2767,2767
data/brain_mri(clean_dataset)\valid\meningioma\meningioma_01502.jpg,valid,meningioma,Training/meningioma/Tr-me_415.jpg,Training,512,512,2152,2152,2152
data/brain_mri(clean_dataset)\train\meningioma\meningioma_01503.jpg,train,meningioma,Training/meningioma/Tr-me_417.jpg,Training,250,270,2154,2154,2154
data/brain_mri(clean_dataset)\train\meningioma\meningioma_01504.jpg,train,meningioma,Training/meningioma/Tr-me_418.jpg,Training,512,512,2490,2490,2490
data/brain_mri(clean_dataset)\train\meningioma\meningioma_01505.jpg,train,meningioma,Training/meningioma/Tr-me_420.jpg,Training,512,512,6319,6319,6319
data/brain_mri(clean_dataset)\train\meningioma\meningioma_01506.jpg,train,meningioma,Training/meningioma/Tr-me_423.jpg,Training,512,512,2510,2510,2510
data/brain_mri(clean_dataset)\test\meningioma\meningioma_01507.jpg,test,meningioma,Training/meningioma/Tr-me_428.jpg,Training,512,512,6267,6267,6374
data/brain_mri(clean_dataset)\train\meningioma\meningioma_01508.jpg,train,meningioma,Training/meningioma/Tr-me_429.jpg,Training,512,512,2707,2707,2707
data/brain_mri(clean_dataset)\train\meningioma\meningioma_01509.jpg,train,meningioma,Training/meningioma/Tr-me_430.jpg,Training,512,512,2254,2254,2254
data/brain_mri(clean_dataset)\train\meningioma\meningioma_01510.jpg,train,meningioma,Training/meningioma/Tr-me_431.jpg,Training,512,512,6289,6289,6289
data/brain_mri(clean_dataset)\train\meningioma\meningioma_01511.jpg,train,meningioma,Training/meningioma/Tr-me_433.jpg,Training,512,512,2255,2255,2255
data/brain_mri(clean_dataset)\valid\meningioma\meningioma_01512.jpg,valid,meningioma,Training/meningioma/Tr-me_434.jpg,Training,512,512,2559,2559,2650
data/brain_mri(clean_dataset)\test\meningioma\meningioma_01513.jpg,test,meningioma,Training/meningioma/Tr-me_438.jpg,Training,512,512,2177,2177,2177
data/brain_mri(clean_dataset)\valid\meningioma\meningioma_01514.jpg,valid,meningioma,Training/meningioma/Tr-me_44.jpg,Training,512,512,6388,6388,6388
data/brain_mri(clean_dataset)\train\meningioma\meningioma_01515.jpg,train,meningioma,Training/meningioma/Tr-me_440.jpg,Training,512,512,2445,2445,2445
data/brain_mri(clean_dataset)\train\meningioma\meningioma_01516.jpg,train,meningioma,Training/meningioma/Tr-me_441.jpg,Training,512,512,6235,6235,6235
data/brain_mri(clean_dataset)\test\meningioma\meningioma_01517.jpg,test,meningioma,Training/meningioma/Tr-me_442.jpg,Training,512,512,2456,2456,2652
data/brain_mri(clean_dataset)\train\meningioma\meningioma_01518.jpg,train,meningioma,Training/meningioma/Tr-me_443.jpg,Training,512,512,2183,2183,2689
data/brain_mri(clean_dataset)\train\meningioma\meningioma_01519.jpg,train,meningioma,Training/meningioma/Tr-me_445.jpg,Training,512,512,2185,2185,2599
data/brain_mri(clean_dataset)\train\meningioma\meningioma_01520.jpg,train,meningioma,Training/meningioma/Tr-me_448.jpg,Training,512,512,6298,6298,6298
data/brain_mri(clean_dataset)\train\meningioma\meningioma_01521.jpg,train,meningioma,Training/meningioma/Tr-me_449.jpg,Training,512,512,2189,2189,2189
data/brain_mri(clean_dataset)\train\meningioma\meningioma_01522.jpg,train,meningioma,Training/meningioma/Tr-me_45.jpg,Training,512,512,2417,2417,2417
data/brain_mri(clean_dataset)\train\meningioma\meningioma_01523.jpg,train,meningioma,Training/meningioma/Tr-me_452.jpg,Training,512,512,6139,6139,6139
data/brain_mri(clean_dataset)\train\meningioma\meningioma_01524.jpg,train,meningioma,Training/meningioma/Tr-me_459.jpg,Training,512,512,2200,2200,2200
data/brain_mri(clean_dataset)\train\meningioma\meningioma_01525.jpg,train,meningioma,Training/meningioma/Tr-me_460.jpg,Training,512,512,2357,2357,2357
data/brain_mri(clean_dataset)\train\meningioma\meningioma_01526.jpg,train,meningioma,Training/meningioma/Tr-me_461.jpg,Training,512,512,2203,2203,2203
data/brain_mri(clean_dataset)\test\meningioma\meningioma_01527.jpg,test,meningioma,Training/meningioma/Tr-me_462.jpg,Training,512,512,2739,2739,6201
data/brain_mri(clean_dataset)\test\meningioma\meningioma_01528.jpg,test,meningioma,Training/meningioma/Tr-me_463.jpg,Training,512,512,6374,6374,6374
data/brain_mri(clean_dataset)\train\meningioma\meningioma_01529.jpg,train,meningioma,Training/meningioma/Tr-me_466.jpg,Training,512,512,2663,2663,6258
data/brain_mri(clean_dataset)\train\meningioma\meningioma_01530.jpg,train,meningioma,Training/meningioma/Tr-me_467.jpg,Training,512,512,2690,2690,6294
data/brain_mri(clean_dataset)\train\meningioma\meningioma_01531.jpg,train,meningioma,Training/meningioma/Tr-me_47.jpg,Training,512,512,6383,6383,6383
data/brain_mri(clean_dataset)\train\meningioma\meningioma_01532.jpg,train,meningioma,Training/meningioma/Tr-me_470.jpg,Training,512,512,2213,2213,2213
data/brain_mri(clean_dataset)\train\meningioma\meningioma_01533.jpg,train,meningioma,Training/meningioma/Tr-me_474.jpg,Training,512,512,2618,2618,2618
data/brain_mri(clean_dataset)\train\meningioma\meningioma_01534.jpg,train,meningioma,Training/meningioma/Tr-me_478.jpg,Training,512,512,2221,2221,6294
data/brain_mri(clean_dataset)\valid\meningioma\meningioma_01535.jpg,valid,meningioma,Training/meningioma/Tr-me_481.jpg,Training,512,512,6353,6353,6353
data/brain_mri(clean_dataset)\train\meningioma\meningioma_01536.jpg,train,meningioma,Training/meningioma/Tr-me_483.jpg,Training,512,512,2563,2563,2563
data/brain_mri(clean_dataset)\test\meningioma\meningioma_01537.jpg,test,meningioma,Training/meningioma/Tr-me_487.jpg,Training,512,512,6257,6257,6257
data/brain_mri(clean_dataset)\train\meningioma\meningioma_01538.jpg,train,meningioma,Training/meningioma/Tr-me_49.jpg,Training,512,512,2234,2234,2337
data/brain_mri(clean_dataset)\train\meningioma\meningioma_01539.jpg,train,meningioma,Training/meningioma/Tr-me_490.jpg,Training,512,512,2235,2235,2235
data/brain_mri(clean_dataset)\train\meningioma\meningioma_01540.jpg,train,meningioma,Training/meningioma/Tr-me_495.jpg,Training,512,512,2556,2556,6342
data/brain_mri(clean_dataset)\train\meningioma\meningioma_01541.jpg,train,meningioma,Training/meningioma/Tr-me_498.jpg,Training,512,512,2243,2243,2243
data/brain_mri(clean_dataset)\train\meningioma\meningioma_01542.jpg,train,meningioma,Training/meningioma/Tr-me_499.jpg,Training,512,512,2244,2244,2244
data/brain_mri(clean_dataset)\train\meningioma\meningioma_01543.jpg,train,meningioma,Training/meningioma/Tr-me_501.jpg,Training,512,512,2248,2248,2248
data/brain_mri(clean_dataset)\train\meningioma\meningioma_01544.jpg,train,meningioma,Training/meningioma/Tr-me_502.jpg,Training,512,512,6163,6163,6163
data/brain_mri(clean_dataset)\train\meningioma\meningioma_01545.jpg,train,meningioma,Training/meningioma/Tr-me_509.jpg,Training,512,512,2256,2256,2256
data/brain_mri(clean_dataset)\train\meningioma\meningioma_01546.jpg,train,meningioma,Training/meningioma/Tr-me_510.jpg,Training,512,512,2258,2258,2258
data/brain_mri(clean_dataset)\test\meningioma\meningioma_01547.jpg,test,meningioma,Training/meningioma/Tr-me_511.jpg,Training,512,512,2259,2259,2259
data/brain_mri(clean_dataset)\train\meningioma\meningioma_01548.jpg,train,meningioma,Training/meningioma/Tr-me_513.jpg,Training,512,512,2261,2261,2261
data/brain_mri(clean_dataset)\test\meningioma\meningioma_01549.jpg,test,meningioma,Training/meningioma/Tr-me_514.jpg,Training,512,512,2715,2715,2715
data/brain_mri(clean_dataset)\valid\meningioma\meningioma_01550.jpg,valid,meningioma,Training/meningioma/Tr-me_515.jpg,Training,512,512,2328,2328,6388
data/brain_mri(clean_dataset)\train\meningioma\meningioma_01551.jpg,train,meningioma,Training/meningioma/Tr-me_516.jpg,Training,512,512,2264,2264,6294
data/brain_mri(clean_dataset)\train\meningioma\meningioma_01552.jpg,train,meningioma,Training/meningioma/Tr-me_517.jpg,Training,512,512,2411,2411,2411
data/brain_mri(clean_dataset)\train\meningioma\meningioma_01553.jpg,train,meningioma,Training/meningioma/Tr-me_519.jpg,Training,512,512,2626,2626,2626
data/brain_mri(clean_dataset)\train\meningioma\meningioma_01554.jpg,train,meningioma,Training/meningioma/Tr-me_522.jpg,Training,512,512,6375,6375,6375
data/brain_mri(clean_dataset)\train\meningioma\meningioma_01555.jpg,train,meningioma,Training/meningioma/Tr-me_524.jpg,Training,512,512,2694,2694,2694
data/brain_mri(clean_dataset)\train\meningioma\meningioma_01556.jpg,train,meningioma,Training/meningioma/Tr-me_526.jpg,Training,512,512,2765,2765,2765
data/brain_mri(clean_dataset)\train\meningioma\meningioma_01557.jpg,train,meningioma,Training/meningioma/Tr-me_527.jpg,Training,512,512,2276,2276,2276
data/brain_mri(clean_dataset)\train\meningioma\meningioma_01558.jpg,train,meningioma,Training/meningioma/Tr-me_528.jpg,Training,512,512,6124,6124,6124
data/brain_mri(clean_dataset)\train\meningioma\meningioma_01559.jpg,train,meningioma,Training/meningioma/Tr-me_53.jpg,Training,512,512,2279,2279,2279
data/brain_mri(clean_dataset)\train\meningioma\meningioma_01560.jpg,train,meningioma,Training/meningioma/Tr-me_531.jpg,Training,512,512,2381,2381,2381
data/brain_mri(clean_dataset)\valid\meningioma\meningioma_01561.jpg,valid,meningioma,Training/meningioma/Tr-me_535.jpg,Training,512,512,6391,6391,6391
data/brain_mri(clean_dataset)\train\meningioma\meningioma_01562.jpg,train,meningioma,Training/meningioma/Tr-me_536.jpg,Training,512,512,2472,2472,2472
data/brain_mri(clean_dataset)\train\meningioma\meningioma_01563.jpg,train,meningioma,Training/meningioma/Tr-me_538.jpg,Training,512,512,2288,2288,2288
data/brain_mri(clean_dataset)\train\meningioma\meningioma_01564.jpg,train,meningioma,Training/meningioma/Tr-me_539.jpg,Training,512,512,2289,2289,2289
data/brain_mri(clean_dataset)\train\meningioma\meningioma_01565.jpg,train,meningioma,Training/meningioma/Tr-me_540.jpg,Training,512,512,2291,2291,2291
data/brain_mri(clean_dataset)\valid\meningioma\meningioma_01566.jpg,valid,meningioma,Training/meningioma/Tr-me_542.jpg,Training,512,512,2293,2293,2650
data/brain_mri(clean_dataset)\train\meningioma\meningioma_01567.jpg,train,meningioma,Training/meningioma/Tr-me_544.jpg,Training,512,512,2295,2295,2735
data/brain_mri(clean_dataset)\train\meningioma\meningioma_01568.jpg,train,meningioma,Training/meningioma/Tr-me_545.jpg,Training,512,512,2488,2488,6294
data/brain_mri(clean_dataset)\test\meningioma\meningioma_01569.jpg,test,meningioma,Training/meningioma/Tr-me_548.jpg,Training,512,512,2299,2299,2299
data/brain_mri(clean_dataset)\train\meningioma\meningioma_01570.jpg,train,meningioma,Training/meningioma/Tr-me_551.jpg,Training,512,512,2303,2303,2682
data/brain_mri(clean_dataset)\valid\meningioma\meningioma_01571.jpg,valid,meningioma,Training/meningioma/Tr-me_552.jpg,Training,512,512,2304,2304,2304
data/brain_mri(clean_dataset)\train\meningioma\meningioma_01572.jpg,train,meningioma,Training/meningioma/Tr-me_554.jpg,Training,512,512,2306,2306,2306
data/brain_mri(clean_dataset)\train\meningioma\meningioma_01573.jpg,train,meningioma,Training/meningioma/Tr-me_556.jpg,Training,512,512,2308,2308,2308
data/brain_mri(clean_dataset)\train\meningioma\meningioma_01574.jpg,train,meningioma,Training/meningioma/Tr-me_56.jpg,Training,512,512,2538,2538,2538
data/brain_mri(clean_dataset)\valid\meningioma\meningioma_01575.jpg,valid,meningioma,Training/meningioma/Tr-me_560.jpg,Training,512,512,2313,2313,2313
data/brain_mri(clean_dataset)\train\meningioma\meningioma_01576.jpg,train,meningioma,Training/meningioma/Tr-me_563.jpg,Training,512,512,2316,2316,2316
data/brain_mri(clean_dataset)\train\meningioma\meningioma_01577.jpg,train,meningioma,Training/meningioma/Tr-me_564.jpg,Training,512,512,2317,2317,2445
data/brain_mri(clean_dataset)\train\meningioma\meningioma_01578.jpg,train,meningioma,Training/meningioma/Tr-me_566.jpg,Training,512,512,2566,2566,2566
data/brain_mri(clean_dataset)\test\meningioma\meningioma_01579.jpg,test,meningioma,Training/meningioma/Tr-me_567.jpg,Training,552,527,2320,6153,6153
data/brain_mri(clean_dataset)\train\meningioma\meningioma_01580.jpg,train,meningioma,Training/meningioma/Tr-me_568.jpg,Training,512,512,2723,2723,6294
data/brain_mri(clean_dataset)\train\meningioma\meningioma_01581.jpg,train,meningioma,Training/meningioma/Tr-me_569.jpg,Training,512,512,2322,2322,2322
data/brain_mri(clean_dataset)\valid\meningioma\meningioma_01582.jpg,valid,meningioma,Training/meningioma/Tr-me_57.jpg,Training,512,512,2650,2650,2650
data/brain_mri(clean_dataset)\train\meningioma\meningioma_01583.jpg,train,meningioma,Training/meningioma/Tr-me_578.jpg,Training,512,512,2572,2572,2572
data/brain_mri(clean_dataset)\valid\meningioma\meningioma_01584.jpg,valid,meningioma,Training/meningioma/Tr-me_579.jpg,Training,512,512,2333,2333,2333
data/brain_mri(clean_dataset)\train\meningioma\meningioma_01585.jpg,train,meningioma,Training/meningioma/Tr-me_58.jpg,Training,512,512,2561,2561,2561
data/brain_mri(clean_dataset)\train\meningioma\meningioma_01586.jpg,train,meningioma,Training/meningioma/Tr-me_580.jpg,Training,512,512,2335,2335,2335
data/brain_mri(clean_dataset)\test\meningioma\meningioma_01587.jpg,test,meningioma,Training/meningioma/Tr-me_581.jpg,Training,512,512,2570,2570,2570
data/brain_mri(clean_dataset)\train\meningioma\meningioma_01588.jpg,train,meningioma,Training/meningioma/Tr-me_584.jpg,Training,512,512,2710,2710,6294
data/brain_mri(clean_dataset)\test\meningioma\meningioma_01589.jpg,test,meningioma,Training/meningioma/Tr-me_585.jpg,Training,512,512,2340,2340,2340
data/brain_mri(clean_dataset)\valid\meningioma\meningioma_01590.jpg,valid,meningioma,Training/meningioma/Tr-me_587.jpg,Training,512,512,6305,6305,6305
data/brain_mri(clean_dataset)\train\meningioma\meningioma_01591.jpg,train,meningioma,Training/meningioma/Tr-me_589.jpg,Training,512,512,6397,6397,6397
data/brain_mri(clean_dataset)\test\meningioma\meningioma_01592.jpg,test,meningioma,Training/meningioma/Tr-me_59.jpg,Training,512,512,2345,2345,2345
data/brain_mri(clean_dataset)\train\meningioma\meningioma_01593.jpg,train,meningioma,Training/meningioma/Tr-me_590.jpg,Training,512,512,2346,2346,2346
data/brain_mri(clean_dataset)\train\meningioma\meningioma_01594.jpg,train,meningioma,Training/meningioma/Tr-me_591.jpg,Training,512,512,2347,2347,6294
data/brain_mri(clean_dataset)\test\meningioma\meningioma_01595.jpg,test,meningioma,Training/meningioma/Tr-me_593.jpg,Training,512,512,6260,6260,6260
data/brain_mri(clean_dataset)\valid\meningioma\meningioma_01596.jpg,valid,meningioma,Training/meningioma/Tr-me_594.jpg,Training,512,512,2350,2350,2350
data/brain_mri(clean_dataset)\train\meningioma\meningioma_01597.jpg,train,meningioma,Training/meningioma/Tr-me_596.jpg,Training,512,512,2769,2769,2769
data/brain_mri(clean_dataset)\test\meningioma\meningioma_01598.jpg,test,meningioma,Training/meningioma/Tr-me_599.jpg,Training,512,512,6201,6201,6201
data/brain_mri(clean_dataset)\train\meningioma\meningioma_01599.jpg,train,meningioma,Training/meningioma/Tr-me_6.jpg,Training,512,512,2614,2614,6294
data/brain_mri(clean_dataset)\train\meningioma\meningioma_01600.jpg,train,meningioma,Training/meningioma/Tr-me_602.jpg,Training,512,512,2669,2669,2669
data/brain_mri(clean_dataset)\train\meningioma\meningioma_01601.jpg,train,meningioma,Training/meningioma/Tr-me_605.jpg,Training,512,512,6135,6135,6135
data/brain_mri(clean_dataset)\test\meningioma\meningioma_01602.jpg,test,meningioma,Training/meningioma/Tr-me_606.jpg,Training,512,512,6398,6398,6398
data/brain_mri(clean_dataset)\train\meningioma\meningioma_01603.jpg,train,meningioma,Training/meningioma/Tr-me_607.jpg,Training,512,512,2365,2365,2365
data/brain_mri(clean_dataset)\test\meningioma\meningioma_01604.jpg,test,meningioma,Training/meningioma/Tr-me_608.jpg,Training,512,512,2366,2366,2366
data/brain_mri(clean_dataset)\valid\meningioma\meningioma_01605.jpg,valid,meningioma,Training/meningioma/Tr-me_61.jpg,Training,512,512,6326,6326,6326
data/brain_mri(clean_dataset)\train\meningioma\meningioma_01606.jpg,train,meningioma,Training/meningioma/Tr-me_611.jpg,Training,512,512,2370,2370,6269
data/brain_mri(clean_dataset)\valid\meningioma\meningioma_01607.jpg,valid,meningioma,Training/meningioma/Tr-me_613.jpg,Training,512,512,2372,2372,2372
data/brain_mri(clean_dataset)\test\meningioma\meningioma_01608.jpg,test,meningioma,Training/meningioma/Tr-me_615.jpg,Training,512,512,6286,6286,6286
data/brain_mri(clean_dataset)\valid\meningioma\meningioma_01609.jpg,valid,meningioma,Training/meningioma/Tr-me_619.jpg,Training,512,512,2378,2378,2378
data/brain_mri(clean_dataset)\train\meningioma\meningioma_01610.jpg,train,meningioma,Training/meningioma/Tr-me_62.jpg,Training,512,512,2379,2379,2379
data/brain_mri(clean_dataset)\valid\meningioma\meningioma_01611.jpg,valid,meningioma,Training/meningioma/Tr-me_620.jpg,Training,512,512,2380,2380,2380
data/brain_mri(clean_dataset)\test\meningioma\meningioma_01612.jpg,test,meningioma,Training/meningioma/Tr-me_622.jpg,Training,512,512,2382,2382,2299
data/brain_mri(clean_dataset)\train\meningioma\meningioma_01613.jpg,train,meningioma,Training/meningioma/Tr-me_624.jpg,Training,512,512,2384,2384,2384
data/brain_mri(clean_dataset)\train\meningioma\meningioma_01614.jpg,train,meningioma,Training/meningioma/Tr-me_625.jpg,Training,512,512,2385,2385,2385
data/brain_mri(clean_dataset)\train\meningioma\meningioma_01615.jpg,train,meningioma,Training/meningioma/Tr-me_628.jpg,Training,512,512,2388,2388,2388
data/brain_mri(clean_dataset)\train\meningioma\meningioma_01616.jpg,train,meningioma,Training/meningioma/Tr-me_629.jpg,Training,512,512,2774,2774,2774
data/brain_mri(clean_dataset)\train\meningioma\meningioma_01617.jpg,train,meningioma,Training/meningioma/Tr-me_63.jpg,Training,512,512,2390,2390,2390
data/brain_mri(clean_dataset)\valid\meningioma\meningioma_01618.jpg,valid,meningioma,Training/meningioma/Tr-me_630.jpg,Training,512,512,2391,2391,2391
data/brain_mri(clean_dataset)\valid\meningioma\meningioma_01619.jpg,valid,meningioma,Training/meningioma/Tr-me_631.jpg,Training,512,512,2392,2392,2392
data/brain_mri(clean_dataset)\test\meningioma\meningioma_01620.jpg,test,meningioma,Training/meningioma/Tr-me_632.jpg,Training,512,512,6144,6144,6144
data/brain_mri(clean_dataset)\train\meningioma\meningioma_01621.jpg,train,meningioma,Training/meningioma/Tr-me_633.jpg,Training,512,512,6142,6142,6142
data/brain_mri(clean_dataset)\valid\meningioma\meningioma_01622.jpg,valid,meningioma,Training/meningioma/Tr-me_637.jpg,Training,229,223,2398,2398,2398
data/brain_mri(clean_dataset)\train\meningioma\meningioma_01623.jpg,train,meningioma,Training/meningioma/Tr-me_638.jpg,Training,512,512,6379,6379,6379
data/brain_mri(clean_dataset)\train\meningioma\meningioma_01624.jpg,train,meningioma,Training/meningioma/Tr-me_64.jpg,Training,512,512,2401,2401,6294
data/brain_mri(clean_dataset)\train\meningioma\meningioma_01625.jpg,train,meningioma,Training/meningioma/Tr-me_640.jpg,Training,512,512,2402,2402,2402
data/brain_mri(clean_dataset)\valid\meningioma\meningioma_01626.jpg,valid,meningioma,Training/meningioma/Tr-me_642.jpg,Training,512,512,2404,2404,2543
data/brain_mri(clean_dataset)\test\meningioma\meningioma_01627.jpg,test,meningioma,Training/meningioma/Tr-me_644.jpg,Training,512,512,2637,2637,2637
data/brain_mri(clean_dataset)\train\meningioma\meningioma_01628.jpg,train,meningioma,Training/meningioma/Tr-me_646.jpg,Training,512,512,2654,2654,2654
data/brain_mri(clean_dataset)\valid\meningioma\meningioma_01629.jpg,valid,meningioma,Training/meningioma/Tr-me_647.jpg,Training,512,512,2409,2409,2132
data/brain_mri(clean_dataset)\train\meningioma\meningioma_01630.jpg,train,meningioma,Training/meningioma/Tr-me_653.jpg,Training,512,512,6277,6277,6277
data/brain_mri(clean_dataset)\train\meningioma\meningioma_01631.jpg,train,meningioma,Training/meningioma/Tr-me_656.jpg,Training,512,512,6160,6160,6160
data/brain_mri(clean_dataset)\train\meningioma\meningioma_01632.jpg,train,meningioma,Training/meningioma/Tr-me_657.jpg,Training,512,512,2544,2544,6294
data/brain_mri(clean_dataset)\train\meningioma\meningioma_01633.jpg,train,meningioma,Training/meningioma/Tr-me_658.jpg,Training,512,512,2421,2421,6180
data/brain_mri(clean_dataset)\train\meningioma\meningioma_01634.jpg,train,meningioma,Training/meningioma/Tr-me_659.jpg,Training,512,512,6339,6339,2599
data/brain_mri(clean_dataset)\train\meningioma\meningioma_01635.jpg,train,meningioma,Training/meningioma/Tr-me_660.jpg,Training,512,512,6171,6171,6294
data/brain_mri(clean_dataset)\train\meningioma\meningioma_01636.jpg,train,meningioma,Training/meningioma/Tr-me_662.jpg,Training,512,512,2717,2717,6294
data/brain_mri(clean_dataset)\train\meningioma\meningioma_01637.jpg,train,meningioma,Training/meningioma/Tr-me_663.jpg,Training,512,512,2427,2427,2427
data/brain_mri(clean_dataset)\train\meningioma\meningioma_01638.jpg,train,meningioma,Training/meningioma/Tr-me_664.jpg,Training,512,512,2546,2546,2546
data/brain_mri(clean_dataset)\train\meningioma\meningioma_01639.jpg,train,meningioma,Training/meningioma/Tr-me_665.jpg,Training,512,512,2429,2429,2429
data/brain_mri(clean_dataset)\train\meningioma\meningioma_01640.jpg,train,meningioma,Training/meningioma/Tr-me_668.jpg,Training,512,512,2432,2432,2432
data/brain_mri(clean_dataset)\train\meningioma\meningioma_01641.jpg,train,meningioma,Training/meningioma/Tr-me_669.jpg,Training,512,512,2433,2433,2433
data/brain_mri(clean_dataset)\train\meningioma\meningioma_01642.jpg,train,meningioma,Training/meningioma/Tr-me_670.jpg,Training,512,512,2435,2435,2435
data/brain_mri(clean_dataset)\train\meningioma\meningioma_01643.jpg,train,meningioma,Training/meningioma/Tr-me_671.jpg,Training,512,512,2436,2436,2436
data/brain_mri(clean_dataset)\test\meningioma\meningioma_01644.jpg,test,meningioma,Training/meningioma/Tr-me_672.jpg,Training,512,512,2437,2437,2437
data/brain_mri(clean_dataset)\train\meningioma\meningioma_01645.jpg,train,meningioma,Training/meningioma/Tr-me_673.jpg,Training,512,512,2438,2438,6294
data/brain_mri(clean_dataset)\train\meningioma\meningioma_01646.jpg,train,meningioma,Training/meningioma/Tr-me_674.jpg,Training,512,512,2439,2439,2439
data/brain_mri(clean_dataset)\test\meningioma\meningioma_01647.jpg,test,meningioma,Training/meningioma/Tr-me_676.jpg,Training,512,512,2441,2441,2441
data/brain_mri(clean_dataset)\train\meningioma\meningioma_01648.jpg,train,meningioma,Training/meningioma/Tr-me_677.jpg,Training,512,512,2442,2442,2442
data/brain_mri(clean_dataset)\train\meningioma\meningioma_01649.jpg,train,meningioma,Training/meningioma/Tr-me_679.jpg,Training,513,522,2444,2444,2444
data/brain_mri(clean_dataset)\train\meningioma\meningioma_01650.jpg,train,meningioma,Training/meningioma/Tr-me_681.jpg,Training,512,512,2447,2447,2447
data/brain_mri(clean_dataset)\train\meningioma\meningioma_01651.jpg,train,meningioma,Training/meningioma/Tr-me_682.jpg,Training,512,512,2448,2448,2448
data/brain_mri(clean_dataset)\test\meningioma\meningioma_01652.jpg,test,meningioma,Training/meningioma/Tr-me_685.jpg,Training,512,512,2571,2571,6162
data/brain_mri(clean_dataset)\train\meningioma\meningioma_01653.jpg,train,meningioma,Training/meningioma/Tr-me_686.jpg,Training,512,512,2452,2452,2452
data/brain_mri(clean_dataset)\train\meningioma\meningioma_01654.jpg,train,meningioma,Training/meningioma/Tr-me_687.jpg,Training,512,512,2453,2453,6354
data/brain_mri(clean_dataset)\train\meningioma\meningioma_01655.jpg,train,meningioma,Training/meningioma/Tr-me_689.jpg,Training,512,512,2455,2455,2455
data/brain_mri(clean_dataset)\train\meningioma\meningioma_01656.jpg,train,meningioma,Training/meningioma/Tr-me_690.jpg,Training,512,512,2596,2596,2596
data/brain_mri(clean_dataset)\train\meningioma\meningioma_01657.jpg,train,meningioma,Training/meningioma/Tr-me_691.jpg,Training,512,512,2458,2458,2458
data/brain_mri(clean_dataset)\train\meningioma\meningioma_01658.jpg,train,meningioma,Training/meningioma/Tr-me_693.jpg,Training,512,512,2460,2460,6294
data/brain_mri(clean_dataset)\train\meningioma\meningioma_01659.jpg,train,meningioma,Training/meningioma/Tr-me_694.jpg,Training,209,225,2461,2461,2461
data/brain_mri(clean_dataset)\train\meningioma\meningioma_01660.jpg,train,meningioma,Training/meningioma/Tr-me_695.jpg,Training,512,512,6196,6196,6196
data/brain_mri(clean_dataset)\valid\meningioma\meningioma_01661.jpg,valid,meningioma,Training/meningioma/Tr-me_697.jpg,Training,512,512,2464,2464,2464
data/brain_mri(clean_dataset)\test\meningioma\meningioma_01662.jpg,test,meningioma,Training/meningioma/Tr-me_698.jpg,Training,512,512,2465,2465,2465
data/brain_mri(clean_dataset)\train\meningioma\meningioma_01663.jpg,train,meningioma,Training/meningioma/Tr-me_699.jpg,Training,512,512,6279,6279,6279
data/brain_mri(clean_dataset)\train\meningioma\meningioma_01664.jpg,train,meningioma,Training/meningioma/Tr-me_7.jpg,Training,512,512,2467,2467,2467
data/brain_mri(clean_dataset)\test\meningioma\meningioma_01665.jpg,test,meningioma,Training/meningioma/Tr-me_700.jpg,Training,512,512,2469,2469,2469
data/brain_mri(clean_dataset)\train\meningioma\meningioma_01666.jpg,train,meningioma,Training/meningioma/Tr-me_701.jpg,Training,512,512,2470,2470,2470
data/brain_mri(clean_dataset)\train\meningioma\meningioma_01667.jpg,train,meningioma,Training/meningioma/Tr-me_702.jpg,Training,512,512,2471,2749,6294
data/brain_mri(clean_dataset)\test\meningioma\meningioma_01668.jpg,test,meningioma,Training/meningioma/Tr-me_708.jpg,Training,512,512,6116,6116,6116
data/brain_mri(clean_dataset)\train\meningioma\meningioma_01669.jpg,train,meningioma,Training/meningioma/Tr-me_709.jpg,Training,512,512,2478,2478,2478
data/brain_mri(clean_dataset)\train\meningioma\meningioma_01670.jpg,train,meningioma,Training/meningioma/Tr-me_71.jpg,Training,512,512,6360,6360,6360
data/brain_mri(clean_dataset)\train\meningioma\meningioma_01671.jpg,train,meningioma,Training/meningioma/Tr-me_720.jpg,Training,512,512,6194,6194,6194
data/brain_mri(clean_dataset)\valid\meningioma\meningioma_01672.jpg,valid,meningioma,Training/meningioma/Tr-me_721.jpg,Training,512,512,2612,2612,2612
data/brain_mri(clean_dataset)\valid\meningioma\meningioma_01673.jpg,valid,meningioma,Training/meningioma/Tr-me_723.jpg,Training,512,512,2503,2503,2503
data/brain_mri(clean_dataset)\valid\meningioma\meningioma_01674.jpg,valid,meningioma,Training/meningioma/Tr-me_724.jpg,Training,512,512,2495,2495,2495
data/brain_mri(clean_dataset)\valid\meningioma\meningioma_01675.jpg,valid,meningioma,Training/meningioma/Tr-me_725.jpg,Training,512,512,2496,2496,2496
data/brain_mri(clean_dataset)\train\meningioma\meningioma_01676.jpg,train,meningioma,Training/meningioma/Tr-me_728.jpg,Training,512,512,2528,2528,6341
data/brain_mri(clean_dataset)\train\meningioma\meningioma_01677.jpg,train,meningioma,Training/meningioma/Tr-me_729.jpg,Training,512,512,6292,6292,6294
data/brain_mri(clean_dataset)\test\meningioma\meningioma_01678.jpg,test,meningioma,Training/meningioma/Tr-me_732.jpg,Training,512,512,2736,2736,2736
data/brain_mri(clean_dataset)\test\meningioma\meningioma_01679.jpg,test,meningioma,Training/meningioma/Tr-me_733.jpg,Training,512,512,2505,2505,2505
data/brain_mri(clean_dataset)\valid\meningioma\meningioma_01680.jpg,valid,meningioma,Training/meningioma/Tr-me_734.jpg,Training,512,512,2506,2506,2634
data/brain_mri(clean_dataset)\train\meningioma\meningioma_01681.jpg,train,meningioma,Training/meningioma/Tr-me_735.jpg,Training,512,512,2507,2507,2507
data/brain_mri(clean_dataset)\train\meningioma\meningioma_01682.jpg,train,meningioma,Training/meningioma/Tr-me_736.jpg,Training,512,512,6372,6372,6372
data/brain_mri(clean_dataset)\train\meningioma\meningioma_01683.jpg,train,meningioma,Training/meningioma/Tr-me_739.jpg,Training,512,512,2699,2699,2699
data/brain_mri(clean_dataset)\train\meningioma\meningioma_01684.jpg,train,meningioma,Training/meningioma/Tr-me_74.jpg,Training,512,512,2512,2512,2512
data/brain_mri(clean_dataset)\valid\meningioma\meningioma_01685.jpg,valid,meningioma,Training/meningioma/Tr-me_741.jpg,Training,512,512,2606,2606,2606
data/brain_mri(clean_dataset)\train\meningioma\meningioma_01686.jpg,train,meningioma,Training/meningioma/Tr-me_746.jpg,Training,512,512,6335,6335,6335
data/brain_mri(clean_dataset)\train\meningioma\meningioma_01687.jpg,train,meningioma,Training/meningioma/Tr-me_747.jpg,Training,512,512,6268,6268,6268
data/brain_mri(clean_dataset)\test\meningioma\meningioma_01688.jpg,test,meningioma,Training/meningioma/Tr-me_748.jpg,Training,512,512,2521,2521,2521
data/brain_mri(clean_dataset)\train\meningioma\meningioma_01689.jpg,train,meningioma,Training/meningioma/Tr-me_749.jpg,Training,512,512,2522,2522,2522
data/brain_mri(clean_dataset)\train\meningioma\meningioma_01690.jpg,train,meningioma,Training/meningioma/Tr-me_75.jpg,Training,512,512,6159,6159,6159
data/brain_mri(clean_dataset)\train\meningioma\meningioma_01691.jpg,train,meningioma,Training/meningioma/Tr-me_750.jpg,Training,512,512,2524,2524,2524
data/brain_mri(clean_dataset)\train\meningioma\meningioma_01692.jpg,train,meningioma,Training/meningioma/Tr-me_751.jpg,Training,512,512,2525,2525,2525
data/brain_mri(clean_dataset)\train\meningioma\meningioma_01693.jpg,train,meningioma,Training/meningioma/Tr-me_755.jpg,Training,512,512,2529,2529,2529
data/brain_mri(clean_dataset)\train\meningioma\meningioma_01694.jpg,train,meningioma,Training/meningioma/Tr-me_756.jpg,Training,512,512,2530,2530,2310
data/brain_mri(clean_dataset)\valid\meningioma\meningioma_01695.jpg,valid,meningioma,Training/meningioma/Tr-me_757.jpg,Training,512,512,2531,2531,2531
data/brain_mri(clean_dataset)\valid\meningioma\meningioma_01696.jpg,valid,meningioma,Training/meningioma/Tr-me_759.jpg,Training,512,512,2533,2533,2533
data/brain_mri(clean_dataset)\test\meningioma\meningioma_01697.jpg,test,meningioma,Training/meningioma/Tr-me_76.jpg,Training,512,512,2586,2586,6374
data/brain_mri(clean_dataset)\train\meningioma\meningioma_01698.jpg,train,meningioma,Training/meningioma/Tr-me_762.jpg,Training,512,512,2678,2678,6294
data/brain_mri(clean_dataset)\test\meningioma\meningioma_01699.jpg,test,meningioma,Training/meningioma/Tr-me_764.jpg,Training,512,512,6264,6264,6264
data/brain_mri(clean_dataset)\valid\meningioma\meningioma_01700.jpg,valid,meningioma,Training/meningioma/Tr-me_766.jpg,Training,512,512,2621,2621,2621
data/brain_mri(clean_dataset)\valid\meningioma\meningioma_01701.jpg,valid,meningioma,Training/meningioma/Tr-me_768.jpg,Training,512,512,2543,2543,2543
data/brain_mri(clean_dataset)\valid\meningioma\meningioma_01702.jpg,valid,meningioma,Training/meningioma/Tr-me_773.jpg,Training,512,512,2549,2549,2634
data/brain_mri(clean_dataset)\valid\meningioma\meningioma_01703.jpg,valid,meningioma,Training/meningioma/Tr-me_775.jpg,Training,512,512,2551,2551,2551
data/brain_mri(clean_dataset)\train\meningioma\meningioma_01704.jpg,train,meningioma,Training/meningioma/Tr-me_777.jpg,Training,512,512,6308,6308,6308
data/brain_mri(clean_dataset)\train\meningioma\meningioma_01705.jpg,train,meningioma,Training/meningioma/Tr-me_778.jpg,Training,512,512,2613,2613,2613
data/brain_mri(clean_dataset)\train\meningioma\meningioma_01706.jpg,train,meningioma,Training/meningioma/Tr-me_779.jpg,Training,512,512,6208,6208,6294
data/brain_mri(clean_dataset)\train\meningioma\meningioma_01707.jpg,train,meningioma,Training/meningioma/Tr-me_780.jpg,Training,512,512,2557,2557,2557
data/brain_mri(clean_dataset)\train\meningioma\meningioma_01708.jpg,train,meningioma,Training/meningioma/Tr-me_787.jpg,Training,512,512,2564,2564,2564
data/brain_mri(clean_dataset)\train\meningioma\meningioma_01709.jpg,train,meningioma,Training/meningioma/Tr-me_788.jpg,Training,512,512,6177,6177,6177
data/brain_mri(clean_dataset)\train\meningioma\meningioma_01710.jpg,train,meningioma,Training/meningioma/Tr-me_79.jpg,Training,512,512,6307,6307,6307
data/brain_mri(clean_dataset)\train\meningioma\meningioma_01711.jpg,train,meningioma,Training/meningioma/Tr-me_790.jpg,Training,512,512,2568,2568,2568
data/brain_mri(clean_dataset)\test\meningioma\meningioma_01712.jpg,test,meningioma,Training/meningioma/Tr-me_791.jpg,Training,512,512,6282,6282,6282
data/brain_mri(clean_dataset)\test\meningioma\meningioma_01713.jpg,test,meningioma,Training/meningioma/Tr-me_796.jpg,Training,226,223,2574,2574,2574
data/brain_mri(clean_dataset)\train\meningioma\meningioma_01714.jpg,train,meningioma,Training/meningioma/Tr-me_797.jpg,Training,512,512,6220,6220,6220
data/brain_mri(clean_dataset)\train\meningioma\meningioma_01715.jpg,train,meningioma,Training/meningioma/Tr-me_798.jpg,Training,512,512,2576,2576,2576
data/brain_mri(clean_dataset)\train\meningioma\meningioma_01716.jpg,train,meningioma,Training/meningioma/Tr-me_80.jpg,Training,512,512,2735,2735,2735
data/brain_mri(clean_dataset)\valid\meningioma\meningioma_01717.jpg,valid,meningioma,Training/meningioma/Tr-me_800.jpg,Training,512,512,2722,2722,2722
data/brain_mri(clean_dataset)\train\meningioma\meningioma_01718.jpg,train,meningioma,Training/meningioma/Tr-me_801.jpg,Training,512,512,2581,2581,2581
data/brain_mri(clean_dataset)\train\meningioma\meningioma_01719.jpg,train,meningioma,Training/meningioma/Tr-me_803.jpg,Training,512,512,6182,6182,2599
data/brain_mri(clean_dataset)\test\meningioma\meningioma_01720.jpg,test,meningioma,Training/meningioma/Tr-me_804.jpg,Training,512,512,2584,2584,2584
data/brain_mri(clean_dataset)\valid\meningioma\meningioma_01721.jpg,valid,meningioma,Training/meningioma/Tr-me_809.jpg,Training,512,512,2589,2589,2589
data/brain_mri(clean_dataset)\test\meningioma\meningioma_01722.jpg,test,meningioma,Training/meningioma/Tr-me_810.jpg,Training,512,512,6162,6162,6162
data/brain_mri(clean_dataset)\train\meningioma\meningioma_01723.jpg,train,meningioma,Training/meningioma/Tr-me_811.jpg,Training,420,264,2592,2592,2592
data/brain_mri(clean_dataset)\test\meningioma\meningioma_01724.jpg,test,meningioma,Training/meningioma/Tr-me_812.jpg,Training,512,512,2593,2593,2593
data/brain_mri(clean_dataset)\train\meningioma\meningioma_01725.jpg,train,meningioma,Training/meningioma/Tr-me_814.jpg,Training,512,512,2595,2595,2235
data/brain_mri(clean_dataset)\valid\meningioma\meningioma_01726.jpg,valid,meningioma,Training/meningioma/Tr-me_816.jpg,Training,512,512,6240,6240,6240
data/brain_mri(clean_dataset)\train\meningioma\meningioma_01727.jpg,train,meningioma,Training/meningioma/Tr-me_817.jpg,Training,512,512,2598,6298,6298
data/brain_mri(clean_dataset)\train\meningioma\meningioma_01728.jpg,train,meningioma,Training/meningioma/Tr-me_818.jpg,Training,512,512,2599,2599,2599
data/brain_mri(clean_dataset)\valid\meningioma\meningioma_01729.jpg,valid,meningioma,Training/meningioma/Tr-me_819.jpg,Training,512,512,2700,2700,2700
data/brain_mri(clean_dataset)\train\meningioma\meningioma_01730.jpg,train,meningioma,Training/meningioma/Tr-me_82.jpg,Training,512,512,2601,2601,2601
data/brain_mri(clean_dataset)\train\meningioma\meningioma_01731.jpg,train,meningioma,Training/meningioma/Tr-me_820.jpg,Training,512,512,2602,2602,2602
data/brain_mri(clean_dataset)\train\meningioma\meningioma_01732.jpg,train,meningioma,Training/meningioma/Tr-me_822.jpg,Training,512,512,2631,2631,2631
data/brain_mri(clean_dataset)\train\meningioma\meningioma_01733.jpg,train,meningioma,Training/meningioma/Tr-me_823.jpg,Training,512,512,2605,2605,2605
data/brain_mri(clean_dataset)\train\meningioma\meningioma_01734.jpg,train,meningioma,Training/meningioma/Tr-me_825.jpg,Training,512,512,2607,2607,2607
data/brain_mri(clean_dataset)\train\meningioma\meningioma_01735.jpg,train,meningioma,Training/meningioma/Tr-me_826.jpg,Training,512,512,2782,2782,2782
data/brain_mri(clean_dataset)\train\meningioma\meningioma_01736.jpg,train,meningioma,Training/meningioma/Tr-me_832.jpg,Training,512,512,6107,6107,6294
data/brain_mri(clean_dataset)\train\meningioma\meningioma_01737.jpg,train,meningioma,Training/meningioma/Tr-me_833.jpg,Training,512,512,2616,2616,2616
data/brain_mri(clean_dataset)\valid\meningioma\meningioma_01738.jpg,valid,meningioma,Training/meningioma/Tr-me_834.jpg,Training,512,512,2617,2617,2650
data/brain_mri(clean_dataset)\train\meningioma\meningioma_01739.jpg,train,meningioma,Training/meningioma/Tr-me_839.jpg,Training,512,512,2786,2786,2786
data/brain_mri(clean_dataset)\train\meningioma\meningioma_01740.jpg,train,meningioma,Training/meningioma/Tr-me_84.jpg,Training,512,512,2627,2627,2627
data/brain_mri(clean_dataset)\train\meningioma\meningioma_01741.jpg,train,meningioma,Training/meningioma/Tr-me_840.jpg,Training,512,512,6126,6126,6126
data/brain_mri(clean_dataset)\valid\meningioma\meningioma_01742.jpg,valid,meningioma,Training/meningioma/Tr-me_841.jpg,Training,512,512,2625,2625,2625
data/brain_mri(clean_dataset)\train\meningioma\meningioma_01743.jpg,train,meningioma,Training/meningioma/Tr-me_848.jpg,Training,512,512,2632,2632,2632
data/brain_mri(clean_dataset)\train\meningioma\meningioma_01744.jpg,train,meningioma,Training/meningioma/Tr-me_849.jpg,Training,512,512,2633,2633,2633
data/brain_mri(clean_dataset)\valid\meningioma\meningioma_01745.jpg,valid,meningioma,Training/meningioma/Tr-me_85.jpg,Training,512,512,2634,2634,2634
data/brain_mri(clean_dataset)\train\meningioma\meningioma_01746.jpg,train,meningioma,Training/meningioma/Tr-me_850.jpg,Training,512,512,2635,2635,2599
data/brain_mri(clean_dataset)\train\meningioma\meningioma_01747.jpg,train,meningioma,Training/meningioma/Tr-me_851.jpg,Training,512,512,2636,2636,2636
data/brain_mri(clean_dataset)\train\meningioma\meningioma_01748.jpg,train,meningioma,Training/meningioma/Tr-me_853.jpg,Training,512,512,2638,2638,2638
data/brain_mri(clean_dataset)\train\meningioma\meningioma_01749.jpg,train,meningioma,Training/meningioma/Tr-me_854.jpg,Training,512,512,2639,2639,2639
data/brain_mri(clean_dataset)\train\meningioma\meningioma_01750.jpg,train,meningioma,Training/meningioma/Tr-me_857.jpg,Training,512,512,2642,2642,6311
data/brain_mri(clean_dataset)\valid\meningioma\meningioma_01751.jpg,valid,meningioma,Training/meningioma/Tr-me_858.jpg,Training,298,354,2643,2643,2643
data/brain_mri(clean_dataset)\test\meningioma\meningioma_01752.jpg,test,meningioma,Training/meningioma/Tr-me_861.jpg,Training,512,512,6104,6104,6104
data/brain_mri(clean_dataset)\train\meningioma\meningioma_01753.jpg,train,meningioma,Training/meningioma/Tr-me_862.jpg,Training,225,225,2648,2648,2648
data/brain_mri(clean_dataset)\test\meningioma\meningioma_01754.jpg,test,meningioma,Training/meningioma/Tr-me_866.jpg,Training,512,512,2652,2652,2652
data/brain_mri(clean_dataset)\test\meningioma\meningioma_01755.jpg,test,meningioma,Training/meningioma/Tr-me_867.jpg,Training,257,320,2653,2653,2653
data/brain_mri(clean_dataset)\train\meningioma\meningioma_01756.jpg,train,meningioma,Training/meningioma/Tr-me_869.jpg,Training,512,512,6269,6269,6269
data/brain_mri(clean_dataset)\train\meningioma\meningioma_01757.jpg,train,meningioma,Training/meningioma/Tr-me_870.jpg,Training,512,512,6239,6239,6239
data/brain_mri(clean_dataset)\test\meningioma\meningioma_01758.jpg,test,meningioma,Training/meningioma/Tr-me_871.jpg,Training,512,512,6138,6138,6260
data/brain_mri(clean_dataset)\test\meningioma\meningioma_01759.jpg,test,meningioma,Training/meningioma/Tr-me_872.jpg,Training,512,512,2659,2659,2659
data/brain_mri(clean_dataset)\train\meningioma\meningioma_01760.jpg,train,meningioma,Training/meningioma/Tr-me_873.jpg,Training,512,512,2660,2660,2660
data/brain_mri(clean_dataset)\valid\meningioma\meningioma_01761.jpg,valid,meningioma,Training/meningioma/Tr-me_874.jpg,Training,512,512,2661,2661,2661
data/brain_mri(clean_dataset)\test\meningioma\meningioma_01762.jpg,test,meningioma,Training/meningioma/Tr-me_875.jpg,Training,512,512,6370,6370,6370
data/brain_mri(clean_dataset)\test\meningioma\meningioma_01763.jpg,test,meningioma,Training/meningioma/Tr-me_88.jpg,Training,512,512,2667,2667,2667
data/brain_mri(clean_dataset)\train\meningioma\meningioma_01764.jpg,train,meningioma,Training/meningioma/Tr-me_882.jpg,Training,512,512,2670,2670,6294
data/brain_mri(clean_dataset)\train\meningioma\meningioma_01765.jpg,train,meningioma,Training/meningioma/Tr-me_884.jpg,Training,512,512,2672,2672,2672
data/brain_mri(clean_dataset)\train\meningioma\meningioma_01766.jpg,train,meningioma,Training/meningioma/Tr-me_886.jpg,Training,512,512,2674,2674,6180
data/brain_mri(clean_dataset)\train\meningioma\meningioma_01767.jpg,train,meningioma,Training/meningioma/Tr-me_888.jpg,Training,512,512,6228,6228,6228
data/brain_mri(clean_dataset)\valid\meningioma\meningioma_01768.jpg,valid,meningioma,Training/meningioma/Tr-me_890.jpg,Training,512,512,6127,6127,6127
data/brain_mri(clean_dataset)\train\meningioma\meningioma_01769.jpg,train,meningioma,Training/meningioma/Tr-me_893.jpg,Training,512,512,2682,2682,2682
data/brain_mri(clean_dataset)\train\meningioma\meningioma_01770.jpg,train,meningioma,Training/meningioma/Tr-me_894.jpg,Training,512,512,2683,2683,6294
data/brain_mri(clean_dataset)\train\meningioma\meningioma_01771.jpg,train,meningioma,Training/meningioma/Tr-me_895.jpg,Training,512,512,2684,2684,2684
data/brain_mri(clean_dataset)\train\meningioma\meningioma_01772.jpg,train,meningioma,Training/meningioma/Tr-me_896.jpg,Training,512,512,2685,2685,2685
data/brain_mri(clean_dataset)\train\meningioma\meningioma_01773.jpg,train,meningioma,Training/meningioma/Tr-me_898.jpg,Training,512,512,2687,2687,6294
data/brain_mri(clean_dataset)\train\meningioma\meningioma_01774.jpg,train,meningioma,Training/meningioma/Tr-me_899.jpg,Training,512,512,2688,2688,6164
data/brain_mri(clean_dataset)\train\meningioma\meningioma_01775.jpg,train,meningioma,Training/meningioma/Tr-me_9.jpg,Training,512,512,2689,2689,2689
data/brain_mri(clean_dataset)\train\meningioma\meningioma_01776.jpg,train,meningioma,Training/meningioma/Tr-me_900.jpg,Training,512,512,2746,2746,2792
data/brain_mri(clean_dataset)\train\meningioma\meningioma_01777.jpg,train,meningioma,Training/meningioma/Tr-me_901.jpg,Training,512,512,2692,2692,2776
data/brain_mri(clean_dataset)\train\meningioma\meningioma_01778.jpg,train,meningioma,Training/meningioma/Tr-me_904.jpg,Training,512,512,2695,2695,2695
data/brain_mri(clean_dataset)\train\meningioma\meningioma_01779.jpg,train,meningioma,Training/meningioma/Tr-me_906.jpg,Training,512,512,2697,2697,2697
data/brain_mri(clean_dataset)\train\meningioma\meningioma_01780.jpg,train,meningioma,Training/meningioma/Tr-me_907.jpg,Training,512,512,2698,2698,6207
data/brain_mri(clean_dataset)\valid\meningioma\meningioma_01781.jpg,valid,meningioma,Training/meningioma/Tr-me_91.jpg,Training,512,512,6387,6387,6387
data/brain_mri(clean_dataset)\valid\meningioma\meningioma_01782.jpg,valid,meningioma,Training/meningioma/Tr-me_910.jpg,Training,512,512,6351,6351,6351
data/brain_mri(clean_dataset)\train\meningioma\meningioma_01783.jpg,train,meningioma,Training/meningioma/Tr-me_911.jpg,Training,512,512,2703,6364,6364
data/brain_mri(clean_dataset)\train\meningioma\meningioma_01784.jpg,train,meningioma,Training/meningioma/Tr-me_912.jpg,Training,512,512,6262,6262,6262
data/brain_mri(clean_dataset)\train\meningioma\meningioma_01785.jpg,train,meningioma,Training/meningioma/Tr-me_913.jpg,Training,512,512,6294,6294,6294
data/brain_mri(clean_dataset)\train\meningioma\meningioma_01786.jpg,train,meningioma,Training/meningioma/Tr-me_916.jpg,Training,512,512,6219,6219,6219
data/brain_mri(clean_dataset)\train\meningioma\meningioma_01787.jpg,train,meningioma,Training/meningioma/Tr-me_917.jpg,Training,512,512,2709,2709,2709
data/brain_mri(clean_dataset)\train\meningioma\meningioma_01788.jpg,train,meningioma,Training/meningioma/Tr-me_92.jpg,Training,512,512,2712,2712,6294
data/brain_mri(clean_dataset)\valid\meningioma\meningioma_01789.jpg,valid,meningioma,Training/meningioma/Tr-me_921.jpg,Training,512,512,2714,2714,2714
data/brain_mri(clean_dataset)\train\meningioma\meningioma_01790.jpg,train,meningioma,Training/meningioma/Tr-me_923.jpg,Training,512,512,2716,2716,2716
data/brain_mri(clean_dataset)\train\meningioma\meningioma_01791.jpg,train,meningioma,Training/meningioma/Tr-me_925.jpg,Training,497,320,2718,2718,2718
data/brain_mri(clean_dataset)\train\meningioma\meningioma_01792.jpg,train,meningioma,Training/meningioma/Tr-me_926.jpg,Training,512,512,2719,2719,2719
data/brain_mri(clean_dataset)\train\meningioma\meningioma_01793.jpg,train,meningioma,Training/meningioma/Tr-me_927.jpg,Training,512,512,2720,2720,2720
data/brain_mri(clean_dataset)\valid\meningioma\meningioma_01794.jpg,valid,meningioma,Training/meningioma/Tr-me_928.jpg,Training,512,512,2721,2721,2721
data/brain_mri(clean_dataset)\train\meningioma\meningioma_01795.jpg,train,meningioma,Training/meningioma/Tr-me_930.jpg,Training,512,512,2724,2724,2724
data/brain_mri(clean_dataset)\train\meningioma\meningioma_01796.jpg,train,meningioma,Training/meningioma/Tr-me_931.jpg,Training,512,512,2725,2725,6143
data/brain_mri(clean_dataset)\train\meningioma\meningioma_01797.jpg,train,meningioma,Training/meningioma/Tr-me_932.jpg,Training,512,512,2726,2726,2726
data/brain_mri(clean_dataset)\test\meningioma\meningioma_01798.jpg,test,meningioma,Training/meningioma/Tr-me_933.jpg,Training,512,512,2728,2728,2728
data/brain_mri(clean_dataset)\train\meningioma\meningioma_01799.jpg,train,meningioma,Training/meningioma/Tr-me_936.jpg,Training,329,314,2730,2730,2730
data/brain_mri(clean_dataset)\train\meningioma\meningioma_01800.jpg,train,meningioma,Training/meningioma/Tr-me_937.jpg,Training,512,512,2731,2731,2153
data/brain_mri(clean_dataset)\train\meningioma\meningioma_01801.jpg,train,meningioma,Training/meningioma/Tr-me_938.jpg,Training,512,512,2732,2732,2732
data/brain_mri(clean_dataset)\train\meningioma\meningioma_01802.jpg,train,meningioma,Training/meningioma/Tr-me_939.jpg,Training,512,512,2733,2733,2733
data/brain_mri(clean_dataset)\test\meningioma\meningioma_01803.jpg,test,meningioma,Training/meningioma/Tr-me_94.jpg,Training,512,512,2734,2734,2734
data/brain_mri(clean_dataset)\train\meningioma\meningioma_01804.jpg,train,meningioma,Training/meningioma/Tr-me_942.jpg,Training,180,218,2737,2737,2737
data/brain_mri(clean_dataset)\train\meningioma\meningioma_01805.jpg,train,meningioma,Training/meningioma/Tr-me_943.jpg,Training,512,512,2738,2738,2738
data/brain_mri(clean_dataset)\train\meningioma\meningioma_01806.jpg,train,meningioma,Training/meningioma/Tr-me_947.jpg,Training,512,512,6328,6328,6328
data/brain_mri(clean_dataset)\train\meningioma\meningioma_01807.jpg,train,meningioma,Training/meningioma/Tr-me_949.jpg,Training,512,512,2744,2744,6278
data/brain_mri(clean_dataset)\train\meningioma\meningioma_01808.jpg,train,meningioma,Training/meningioma/Tr-me_95.jpg,Training,512,512,2745,2745,2745
data/brain_mri(clean_dataset)\train\meningioma\meningioma_01809.jpg,train,meningioma,Training/meningioma/Tr-me_951.jpg,Training,512,512,2747,2747,2792
data/brain_mri(clean_dataset)\train\meningioma\meningioma_01810.jpg,train,meningioma,Training/meningioma/Tr-me_952.jpg,Training,512,512,6105,6105,6105
data/brain_mri(clean_dataset)\valid\meningioma\meningioma_01811.jpg,valid,meningioma,Training/meningioma/Tr-me_955.jpg,Training,507,340,2751,2751,2751
data/brain_mri(clean_dataset)\train\meningioma\meningioma_01812.jpg,train,meningioma,Training/meningioma/Tr-me_956.jpg,Training,512,512,6354,6354,6354
data/brain_mri(clean_dataset)\train\meningioma\meningioma_01813.jpg,train,meningioma,Training/meningioma/Tr-me_958.jpg,Training,512,512,2754,2754,2754
data/brain_mri(clean_dataset)\test\meningioma\meningioma_01814.jpg,test,meningioma,Training/meningioma/Tr-me_959.jpg,Training,512,512,2755,2755,6162
data/brain_mri(clean_dataset)\test\meningioma\meningioma_01815.jpg,test,meningioma,Training/meningioma/Tr-me_96.jpg,Training,512,512,2756,2756,2756
data/brain_mri(clean_dataset)\valid\meningioma\meningioma_01816.jpg,valid,meningioma,Training/meningioma/Tr-me_961.jpg,Training,512,512,2758,2758,2758
data/brain_mri(clean_dataset)\train\meningioma\meningioma_01817.jpg,train,meningioma,Training/meningioma/Tr-me_963.jpg,Training,512,512,2760,2760,2760
data/brain_mri(clean_dataset)\train\meningioma\meningioma_01818.jpg,train,meningioma,Training/meningioma/Tr-me_966.jpg,Training,512,512,2763,2763,2763
data/brain_mri(clean_dataset)\valid\meningioma\meningioma_01819.jpg,valid,meningioma,Training/meningioma/Tr-me_969.jpg,Training,512,512,2766,2766,2766
data/brain_mri(clean_dataset)\valid\meningioma\meningioma_01820.jpg,valid,meningioma,Training/meningioma/Tr-me_972.jpg,Training,512,512,2770,2770,6353
data/brain_mri(clean_dataset)\train\meningioma\meningioma_01821.jpg,train,meningioma,Training/meningioma/Tr-me_975.jpg,Training,512,512,2773,2773,2773
data/brain_mri(clean_dataset)\train\meningioma\meningioma_01822.jpg,train,meningioma,Training/meningioma/Tr-me_978.jpg,Training,512,512,2776,2776,2776
data/brain_mri(clean_dataset)\train\meningioma\meningioma_01823.jpg,train,meningioma,Training/meningioma/Tr-me_98.jpg,Training,512,512,6113,6113,6113
data/brain_mri(clean_dataset)\train\meningioma\meningioma_01824.jpg,train,meningioma,Training/meningioma/Tr-me_982.jpg,Training,512,512,2781,2781,2781
data/brain_mri(clean_dataset)\train\meningioma\meningioma_01825.jpg,train,meningioma,Training/meningioma/Tr-me_984.jpg,Training,512,512,2783,2783,6180
data/brain_mri(clean_dataset)\train\meningioma\meningioma_01826.jpg,train,meningioma,Training/meningioma/Tr-me_986.jpg,Training,512,512,6258,6258,6258
data/brain_mri(clean_dataset)\train\meningioma\meningioma_01827.jpg,train,meningioma,Training/meningioma/Tr-me_988.jpg,Training,512,512,6129,6129,6129
data/brain_mri(clean_dataset)\train\meningioma\meningioma_01828.jpg,train,meningioma,Training/meningioma/Tr-me_989.jpg,Training,512,512,2788,2788,2788
data/brain_mri(clean_dataset)\test\meningioma\meningioma_01829.jpg,test,meningioma,Training/meningioma/Tr-me_990.jpg,Training,512,512,2790,2790,2790
data/brain_mri(clean_dataset)\train\meningioma\meningioma_01830.jpg,train,meningioma,Training/meningioma/Tr-me_992.jpg,Training,512,512,2792,2792,2792
data/brain_mri(clean_dataset)\train\meningioma\meningioma_01831.jpg,train,meningioma,Training/meningioma/Tr-me_993.jpg,Training,512,512,2793,2793,2793
data/brain_mri(clean_dataset)\valid\meningioma\meningioma_01832.jpg,valid,meningioma,Training/meningioma/Tr-me_994.jpg,Training,512,512,2794,2794,2794
data/brain_mri(clean_dataset)\train\meningioma\meningioma_01833.jpg,train,meningioma,Training/meningioma/Tr-me_995.jpg,Training,512,512,2795,2795,2795
data/brain_mri(clean_dataset)\test\meningioma\meningioma_01834.jpg,test,meningioma,Training/meningioma/Tr-me_996.jpg,Training,512,512,2796,2796,6260
data/brain_mri(clean_dataset)\train\meningioma\meningioma_01835.jpg,train,meningioma,Training/meningioma/Tr-me_998.jpg,Training,512,512,2798,2798,6294
data/brain_mri(clean_dataset)\valid\meningioma\meningioma_01836.jpg,valid,meningioma,Training/meningioma/Tr-me_999.jpg,Training,512,512,2799,2799,2799
data/brain_mri(clean_dataset)\valid\notumor\notumor_01837.jpg,valid,notumor,Training/notumor/Tr-no_1000.jpg,Training,442,442,2857,2857,2857
data/brain_mri(clean_dataset)\test\notumor\notumor_01838.jpg,test,notumor,Training/notumor/Tr-no_1001.jpg,Training,232,217,2804,6654,6654
data/brain_mri(clean_dataset)\train\notumor\notumor_01839.jpg,train,notumor,Training/notumor/Tr-no_1003.jpg,Training,236,252,2806,2806,2806
data/brain_mri(clean_dataset)\train\notumor\notumor_01840.jpg,train,notumor,Training/notumor/Tr-no_1005.jpg,Training,275,183,3228,6778,6778
data/brain_mri(clean_dataset)\train\notumor\notumor_01841.jpg,train,notumor,Training/notumor/Tr-no_1007.jpg,Training,528,528,2810,2810,2810
data/brain_mri(clean_dataset)\train\notumor\notumor_01842.jpg,train,notumor,Training/notumor/Tr-no_101.jpg,Training,225,225,2813,3931,3931
data/brain_mri(clean_dataset)\test\notumor\notumor_01843.jpg,test,notumor,Training/notumor/Tr-no_1011.jpg,Training,626,686,2815,2815,2815
data/brain_mri(clean_dataset)\train\notumor\notumor_01844.jpg,train,notumor,Training/notumor/Tr-no_1014.jpg,Training,215,234,2818,6503,6791
data/brain_mri(clean_dataset)\train\notumor\notumor_01845.jpg,train,notumor,Training/notumor/Tr-no_1016.jpg,Training,236,220,4000,4000,4000
data/brain_mri(clean_dataset)\train\notumor\notumor_01846.jpg,train,notumor,Training/notumor/Tr-no_1017.jpg,Training,642,361,6782,6782,6782
data/brain_mri(clean_dataset)\test\notumor\notumor_01847.jpg,test,notumor,Training/notumor/Tr-no_1019.jpg,Training,236,236,2823,2823,2823
data/brain_mri(clean_dataset)\train\notumor\notumor_01848.jpg,train,notumor,Training/notumor/Tr-no_1020.jpg,Training,262,244,2825,2825,2825
data/brain_mri(clean_dataset)\train\notumor\notumor_01849.jpg,train,notumor,Training/notumor/Tr-no_1021.jpg,Training,339,415,3650,3650,3650
data/brain_mri(clean_dataset)\train\notumor\notumor_01850.jpg,train,notumor,Training/notumor/Tr-no_1024.jpg,Training,442,442,2829,2829,2829
data/brain_mri(clean_dataset)\train\notumor\notumor_01851.jpg,train,notumor,Training/notumor/Tr-no_1025.jpg,Training,216,293,2830,2830,2830
data/brain_mri(clean_dataset)\test\notumor\notumor_01852.jpg,test,notumor,Training/notumor/Tr-no_1026.jpg,Training,468,444,6497,3620,6635
data/brain_mri(clean_dataset)\train\notumor\notumor_01853.jpg,train,notumor,Training/notumor/Tr-no_1028.jpg,Training,192,192,2833,6545,6545
data/brain_mri(clean_dataset)\test\notumor\notumor_01854.jpg,test,notumor,Training/notumor/Tr-no_1030.jpg,Training,192,192,2836,3577,6793
data/brain_mri(clean_dataset)\test\notumor\notumor_01855.jpg,test,notumor,Training/notumor/Tr-no_1031.jpg,Training,230,235,2837,2837,2837
data/brain_mri(clean_dataset)\valid\notumor\notumor_01856.jpg,valid,notumor,Training/notumor/Tr-no_1033.jpg,Training,225,225,2839,6795,3227
data/brain_mri(clean_dataset)\train\notumor\notumor_01857.jpg,train,notumor,Training/notumor/Tr-no_1036.jpg,Training,405,484,2842,2842,2842
data/brain_mri(clean_dataset)\train\notumor\notumor_01858.jpg,train,notumor,Training/notumor/Tr-no_1037.jpg,Training,225,225,2843,6612,6612
data/brain_mri(clean_dataset)\train\notumor\notumor_01859.jpg,train,notumor,Training/notumor/Tr-no_1042.jpg,Training,235,244,2849,2849,2849
data/brain_mri(clean_dataset)\valid\notumor\notumor_01860.jpg,valid,notumor,Training/notumor/Tr-no_1043.jpg,Training,196,257,6721,6721,6721
data/brain_mri(clean_dataset)\train\notumor\notumor_01861.jpg,train,notumor,Training/notumor/Tr-no_1046.jpg,Training,354,443,3595,3595,3595
data/brain_mri(clean_dataset)\test\notumor\notumor_01862.jpg,test,notumor,Training/notumor/Tr-no_1056.jpg,Training,225,225,2864,2864,2864
data/brain_mri(clean_dataset)\valid\notumor\notumor_01863.jpg,valid,notumor,Training/notumor/Tr-no_1059.jpg,Training,236,236,2867,2867,2867
data/brain_mri(clean_dataset)\train\notumor\notumor_01864.jpg,train,notumor,Training/notumor/Tr-no_106.jpg,Training,225,225,2868,2868,2868
data/brain_mri(clean_dataset)\train\notumor\notumor_01865.jpg,train,notumor,Training/notumor/Tr-no_1061.jpg,Training,201,251,6650,6650,6650
data/brain_mri(clean_dataset)\test\notumor\notumor_01866.jpg,test,notumor,Training/notumor/Tr-no_1065.jpg,Training,218,234,2874,2874,2874
data/brain_mri(clean_dataset)\test\notumor\notumor_01867.jpg,test,notumor,Training/notumor/Tr-no_1067.jpg,Training,236,236,2876,2876,2876
data/brain_mri(clean_dataset)\valid\notumor\notumor_01868.jpg,valid,notumor,Training/notumor/Tr-no_1069.jpg,Training,225,225,2878,4118,6585
data/brain_mri(clean_dataset)\train\notumor\notumor_01869.jpg,train,notumor,Training/notumor/Tr-no_1070.jpg,Training,236,366,3549,3549,3549
data/brain_mri(clean_dataset)\test\notumor\notumor_01870.jpg,test,notumor,Training/notumor/Tr-no_1072.jpg,Training,468,444,3620,3620,6635
data/brain_mri(clean_dataset)\test\notumor\notumor_01871.jpg,test,notumor,Training/notumor/Tr-no_1073.jpg,Training,497,398,2883,2883,2883
data/brain_mri(clean_dataset)\train\notumor\notumor_01872.jpg,train,notumor,Training/notumor/Tr-no_1077.jpg,Training,208,278,3247,3247,3247
data/brain_mri(clean_dataset)\train\notumor\notumor_01873.jpg,train,notumor,Training/notumor/Tr-no_1079.jpg,Training,350,350,3779,3779,3779
data/brain_mri(clean_dataset)\train\notumor\notumor_01874.jpg,train,notumor,Training/notumor/Tr-no_1080.jpg,Training,236,236,2891,2891,2891
data/brain_mri(clean_dataset)\train\notumor\notumor_01875.jpg,train,notumor,Training/notumor/Tr-no_1083.jpg,Training,359,449,4025,3723,6758
data/brain_mri(clean_dataset)\valid\notumor\notumor_01876.jpg,valid,notumor,Training/notumor/Tr-no_1085.jpg,Training,416,512,4178,4178,4178
data/brain_mri(clean_dataset)\train\notumor\notumor_01877.jpg,train,notumor,Training/notumor/Tr-no_109.jpg,Training,630,630,6720,3481,6547
data/brain_mri(clean_dataset)\train\notumor\notumor_01878.jpg,train,notumor,Training/notumor/Tr-no_1090.jpg,Training,453,496,2902,2902,2902
data/brain_mri(clean_dataset)\train\notumor\notumor_01879.jpg,train,notumor,Training/notumor/Tr-no_1092.jpg,Training,150,198,4023,4023,6771
data/brain_mri(clean_dataset)\train\notumor\notumor_01880.jpg,train,notumor,Training/notumor/Tr-no_1093.jpg,Training,228,221,2905,2905,6777
data/brain_mri(clean_dataset)\train\notumor\notumor_01881.jpg,train,notumor,Training/notumor/Tr-no_1094.jpg,Training,230,282,6489,6489,6489
data/brain_mri(clean_dataset)\train\notumor\notumor_01882.jpg,train,notumor,Training/notumor/Tr-no_1095.jpg,Training,207,243,6679,6679,6679
data/brain_mri(clean_dataset)\train\notumor\notumor_01883.jpg,train,notumor,Training/notumor/Tr-no_1097.jpg,Training,236,236,2909,2909,2909
data/brain_mri(clean_dataset)\train\notumor\notumor_01884.jpg,train,notumor,Training/notumor/Tr-no_1101.jpg,Training,236,226,2915,2915,2915
data/brain_mri(clean_dataset)\valid\notumor\notumor_01885.jpg,valid,notumor,Training/notumor/Tr-no_1105.jpg,Training,203,243,3722,3722,3722
data/brain_mri(clean_dataset)\train\notumor\notumor_01886.jpg,train,notumor,Training/notumor/Tr-no_1106.jpg,Training,150,198,2920,3858,6799
data/brain_mri(clean_dataset)\valid\notumor\notumor_01887.jpg,valid,notumor,Training/notumor/Tr-no_1109.jpg,Training,494,600,3224,3224,3224
data/brain_mri(clean_dataset)\train\notumor\notumor_01888.jpg,train,notumor,Training/notumor/Tr-no_111.jpg,Training,218,231,2924,3744,6767
data/brain_mri(clean_dataset)\train\notumor\notumor_01889.jpg,train,notumor,Training/notumor/Tr-no_1110.jpg,Training,410,490,2925,2925,2925
data/brain_mri(clean_dataset)\train\notumor\notumor_01890.jpg,train,notumor,Training/notumor/Tr-no_1111.jpg,Training,296,320,2926,2926,2926
data/brain_mri(clean_dataset)\train\notumor\notumor_01891.jpg,train,notumor,Training/notumor/Tr-no_1114.jpg,Training,225,225,2929,6542,6753
data/brain_mri(clean_dataset)\test\notumor\notumor_01892.jpg,test,notumor,Training/notumor/Tr-no_1115.jpg,Training,350,350,2930,2930,2930
data/brain_mri(clean_dataset)\train\notumor\notumor_01893.jpg,train,notumor,Training/notumor/Tr-no_1119.jpg,Training,441,442,6483,6483,6483
data/brain_mri(clean_dataset)\valid\notumor\notumor_01894.jpg,valid,notumor,Training/notumor/Tr-no_112.jpg,Training,236,357,3639,3639,3639
data/brain_mri(clean_dataset)\train\notumor\notumor_01895.jpg,train,notumor,Training/notumor/Tr-no_1121.jpg,Training,206,244,2937,4150,6749
data/brain_mri(clean_dataset)\train\notumor\notumor_01896.jpg,train,notumor,Training/notumor/Tr-no_1122.jpg,Training,201,250,6786,6786,6786
data/brain_mri(clean_dataset)\train\notumor\notumor_01897.jpg,train,notumor,Training/notumor/Tr-no_1126.jpg,Training,232,217,6642,6642,6642
data/brain_mri(clean_dataset)\train\notumor\notumor_01898.jpg,train,notumor,Training/notumor/Tr-no_1128.jpg,Training,215,234,6791,6503,6791
data/brain_mri(clean_dataset)\train\notumor\notumor_01899.jpg,train,notumor,Training/notumor/Tr-no_1129.jpg,Training,800,693,3909,3909,3909
data/brain_mri(clean_dataset)\train\notumor\notumor_01900.jpg,train,notumor,Training/notumor/Tr-no_1131.jpg,Training,236,213,2948,6529,4140
data/brain_mri(clean_dataset)\valid\notumor\notumor_01901.jpg,valid,notumor,Training/notumor/Tr-no_1135.jpg,Training,630,630,6450,6787,6787
data/brain_mri(clean_dataset)\valid\notumor\notumor_01902.jpg,valid,notumor,Training/notumor/Tr-no_1136.jpg,Training,642,361,6763,6763,6763
data/brain_mri(clean_dataset)\train\notumor\notumor_01903.jpg,train,notumor,Training/notumor/Tr-no_1140.jpg,Training,512,512,4125,4125,4125
data/brain_mri(clean_dataset)\valid\notumor\notumor_01904.jpg,valid,notumor,Training/notumor/Tr-no_1143.jpg,Training,194,259,3754,6761,6761
data/brain_mri(clean_dataset)\train\notumor\notumor_01905.jpg,train,notumor,Training/notumor/Tr-no_1145.jpg,Training,201,250,6487,6487,6487
data/brain_mri(clean_dataset)\train\notumor\notumor_01906.jpg,train,notumor,Training/notumor/Tr-no_1147.jpg,Training,200,252,2965,4045,6736
data/brain_mri(clean_dataset)\train\notumor\notumor_01907.jpg,train,notumor,Training/notumor/Tr-no_1148.jpg,Training,236,231,2966,2966,2966
data/brain_mri(clean_dataset)\train\notumor\notumor_01908.jpg,train,notumor,Training/notumor/Tr-no_1149.jpg,Training,234,225,2967,4004,4004
data/brain_mri(clean_dataset)\valid\notumor\notumor_01909.jpg,valid,notumor,Training/notumor/Tr-no_115.jpg,Training,890,1075,3010,3010,3010
data/brain_mri(clean_dataset)\train\notumor\notumor_01910.jpg,train,notumor,Training/notumor/Tr-no_1154.jpg,Training,236,269,4039,4039,4039
data/brain_mri(clean_dataset)\train\notumor\notumor_01911.jpg,train,notumor,Training/notumor/Tr-no_1156.jpg,Training,225,225,3917,3917,3917
data/brain_mri(clean_dataset)\train\notumor\notumor_01912.jpg,train,notumor,Training/notumor/Tr-no_1159.jpg,Training,192,192,4174,6545,6545
data/brain_mri(clean_dataset)\train\notumor\notumor_01913.jpg,train,notumor,Training/notumor/Tr-no_116.jpg,Training,755,824,4051,4051,4051
data/brain_mri(clean_dataset)\train\notumor\notumor_01914.jpg,train,notumor,Training/notumor/Tr-no_1161.jpg,Training,173,201,2981,6496,6739
data/brain_mri(clean_dataset)\valid\notumor\notumor_01915.jpg,valid,notumor,Training/notumor/Tr-no_1164.jpg,Training,276,326,6437,6683,6683
data/brain_mri(clean_dataset)\train\notumor\notumor_01916.jpg,train,notumor,Training/notumor/Tr-no_1169.jpg,Training,236,295,3750,3750,3750
data/brain_mri(clean_dataset)\train\notumor\notumor_01917.jpg,train,notumor,Training/notumor/Tr-no_1171.jpg,Training,387,469,2992,2992,2992
data/brain_mri(clean_dataset)\train\notumor\notumor_01918.jpg,train,notumor,Training/notumor/Tr-no_1172.jpg,Training,236,236,2993,2993,2993
data/brain_mri(clean_dataset)\train\notumor\notumor_01919.jpg,train,notumor,Training/notumor/Tr-no_1174.jpg,Training,173,201,6496,6496,6739
data/brain_mri(clean_dataset)\test\notumor\notumor_01920.jpg,test,notumor,Training/notumor/Tr-no_1177.jpg,Training,200,252,3289,6760,6760
data/brain_mri(clean_dataset)\test\notumor\notumor_01921.jpg,test,notumor,Training/notumor/Tr-no_1179.jpg,Training,724,851,3158,3158,3158
data/brain_mri(clean_dataset)\train\notumor\notumor_01922.jpg,train,notumor,Training/notumor/Tr-no_118.jpg,Training,225,225,6673,3931,3931
data/brain_mri(clean_dataset)\test\notumor\notumor_01923.jpg,test,notumor,Training/notumor/Tr-no_1181.jpg,Training,232,217,3812,6722,6722
data/brain_mri(clean_dataset)\train\notumor\notumor_01924.jpg,train,notumor,Training/notumor/Tr-no_1182.jpg,Training,232,217,3987,6482,6482
data/brain_mri(clean_dataset)\train\notumor\notumor_01925.jpg,train,notumor,Training/notumor/Tr-no_1186.jpg,Training,236,203,3008,3008,3008
data/brain_mri(clean_dataset)\train\notumor\notumor_01926.jpg,train,notumor,Training/notumor/Tr-no_1187.jpg,Training,220,212,3558,3558,3558
data/brain_mri(clean_dataset)\train\notumor\notumor_01927.jpg,train,notumor,Training/notumor/Tr-no_1191.jpg,Training,359,449,3723,3723,6758
data/brain_mri(clean_dataset)\train\notumor\notumor_01928.jpg,train,notumor,Training/notumor/Tr-no_1193.jpg,Training,428,417,3697,3207,6788
data/brain_mri(clean_dataset)\train\notumor\notumor_01929.jpg,train,notumor,Training/notumor/Tr-no_1197.jpg,Training,1000,714,3020,3020,3020
data/brain_mri(clean_dataset)\train\notumor\notumor_01930.jpg,train,notumor,Training/notumor/Tr-no_1199.jpg,Training,215,234,3532,6750,6750
data/brain_mri(clean_dataset)\train\notumor\notumor_01931.jpg,train,notumor,Training/notumor/Tr-no_120.jpg,Training,339,340,3388,6461,6461
data/brain_mri(clean_dataset)\valid\notumor\notumor_01932.jpg,valid,notumor,Training/notumor/Tr-no_1200.jpg,Training,393,400,6776,6776,6776
data/brain_mri(clean_dataset)\test\notumor\notumor_01933.jpg,test,notumor,Training/notumor/Tr-no_1201.jpg,Training,329,310,3026,3026,3026
data/brain_mri(clean_dataset)\valid\notumor\notumor_01934.jpg,valid,notumor,Training/notumor/Tr-no_1205.jpg,Training,236,236,3800,3800,3800
data/brain_mri(clean_dataset)\train\notumor\notumor_01935.jpg,train,notumor,Training/notumor/Tr-no_1208.jpg,Training,331,406,3547,3547,3547
data/brain_mri(clean_dataset)\test\notumor\notumor_01936.jpg,test,notumor,Training/notumor/Tr-no_1209.jpg,Training,393,400,6512,6658,6658
data/brain_mri(clean_dataset)\train\notumor\notumor_01937.jpg,train,notumor,Training/notumor/Tr-no_1210.jpg,Training,468,444,6634,6735,6735
data/brain_mri(clean_dataset)\train\notumor\notumor_01938.jpg,train,notumor,Training/notumor/Tr-no_1216.jpg,Training,339,340,6461,6461,6461
data/brain_mri(clean_dataset)\train\notumor\notumor_01939.jpg,train,notumor,Training/notumor/Tr-no_1218.jpg,Training,276,326,4126,6712,6712
data/brain_mri(clean_dataset)\valid\notumor\notumor_01940.jpg,valid,notumor,Training/notumor/Tr-no_1219.jpg,Training,350,350,3045,3045,3045
data/brain_mri(clean_dataset)\train\notumor\notumor_01941.jpg,train,notumor,Training/notumor/Tr-no_1221.jpg,Training,215,234,3048,6750,6750
data/brain_mri(clean_dataset)\train\notumor\notumor_01942.jpg,train,notumor,Training/notumor/Tr-no_1226.jpg,Training,214,236,6569,6706,6706
data/brain_mri(clean_dataset)\train\notumor\notumor_01943.jpg,train,notumor,Training/notumor/Tr-no_123.jpg,Training,228,228,3057,3057,3057
data/brain_mri(clean_dataset)\train\notumor\notumor_01944.jpg,train,notumor,Training/notumor/Tr-no_1238.jpg,Training,428,417,3405,3207,6788
data/brain_mri(clean_dataset)\valid\notumor\notumor_01945.jpg,valid,notumor,Training/notumor/Tr-no_1240.jpg,Training,417,424,4190,4190,4190
data/brain_mri(clean_dataset)\train\notumor\notumor_01946.jpg,train,notumor,Training/notumor/Tr-no_1241.jpg,Training,173,201,3070,3952,6690
data/brain_mri(clean_dataset)\train\notumor\notumor_01947.jpg,train,notumor,Training/notumor/Tr-no_1245.jpg,Training,442,442,3168,3168,3168
data/brain_mri(clean_dataset)\valid\notumor\notumor_01948.jpg,valid,notumor,Training/notumor/Tr-no_1248.jpg,Training,201,244,3077,3077,3077
data/brain_mri(clean_dataset)\train\notumor\notumor_01949.jpg,train,notumor,Training/notumor/Tr-no_125.jpg,Training,236,240,3079,3079,3079
data/brain_mri(clean_dataset)\train\notumor\notumor_01950.jpg,train,notumor,Training/notumor/Tr-no_1253.jpg,Training,236,218,3083,3083,3083
data/brain_mri(clean_dataset)\train\notumor\notumor_01951.jpg,train,notumor,Training/notumor/Tr-no_1254.jpg,Training,356,474,6411,6411,6411
data/brain_mri(clean_dataset)\train\notumor\notumor_01952.jpg,train,notumor,Training/notumor/Tr-no_1258.jpg,Training,228,221,3088,3457,6645
data/brain_mri(clean_dataset)\train\notumor\notumor_01953.jpg,train,notumor,Training/notumor/Tr-no_1264.jpg,Training,236,290,3095,3095,3095
data/brain_mri(clean_dataset)\valid\notumor\notumor_01954.jpg,valid,notumor,Training/notumor/Tr-no_1267.jpg,Training,236,236,3520,3520,3520
data/brain_mri(clean_dataset)\test\notumor\notumor_01955.jpg,test,notumor,Training/notumor/Tr-no_1268.jpg,Training,232,217,6577,6654,6654
data/brain_mri(clean_dataset)\train\notumor\notumor_01956.jpg,train,notumor,Training/notumor/Tr-no_1269.jpg,Training,442,442,4147,4147,6657
data/brain_mri(clean_dataset)\train\notumor\notumor_01957.jpg,train,notumor,Training/notumor/Tr-no_127.jpg,Training,504,540,6766,6766,6766
data/brain_mri(clean_dataset)\train\notumor\notumor_01958.jpg,train,notumor,Training/notumor/Tr-no_1270.jpg,Training,201,250,3102,3102,6487
data/brain_mri(clean_dataset)\train\notumor\notumor_01959.jpg,train,notumor,Training/notumor/Tr-no_1271.jpg,Training,236,216,3103,3103,3329
data/brain_mri(clean_dataset)\train\notumor\notumor_01960.jpg,train,notumor,Training/notumor/Tr-no_1275.jpg,Training,201,250,3107,6487,6487
data/brain_mri(clean_dataset)\train\notumor\notumor_01961.jpg,train,notumor,Training/notumor/Tr-no_1278.jpg,Training,215,234,3110,6750,6750
data/brain_mri(clean_dataset)\train\notumor\notumor_01962.jpg,train,notumor,Training/notumor/Tr-no_1279.jpg,Training,300,168,3531,6711,6711
data/brain_mri(clean_dataset)\valid\notumor\notumor_01963.jpg,valid,notumor,Training/notumor/Tr-no_128.jpg,Training,217,248,3112,3112,3112
data/brain_mri(clean_dataset)\train\notumor\notumor_01964.jpg,train,notumor,Training/notumor/Tr-no_1281.jpg,Training,200,252,6736,4045,6736
data/brain_mri(clean_dataset)\train\notumor\notumor_01965.jpg,train,notumor,Training/notumor/Tr-no_1285.jpg,Training,236,263,3118,3118,3118
data/brain_mri(clean_dataset)\train\notumor\notumor_01966.jpg,train,notumor,Training/notumor/Tr-no_1287.jpg,Training,227,262,3120,6732,6732
data/brain_mri(clean_dataset)\valid\notumor\notumor_01967.jpg,valid,notumor,Training/notumor/Tr-no_1288.jpg,Training,785,848,4049,4049,4049
data/brain_mri(clean_dataset)\train\notumor\notumor_01968.jpg,train,notumor,Training/notumor/Tr-no_1289.jpg,Training,355,452,3264,3264,3264
data/brain_mri(clean_dataset)\test\notumor\notumor_01969.jpg,test,notumor,Training/notumor/Tr-no_1291.jpg,Training,452,509,3635,3635,3635
data/brain_mri(clean_dataset)\valid\notumor\notumor_01970.jpg,valid,notumor,Training/notumor/Tr-no_1295.jpg,Training,236,262,3396,3396,3396
data/brain_mri(clean_dataset)\valid\notumor\notumor_01971.jpg,valid,notumor,Training/notumor/Tr-no_1297.jpg,Training,630,630,6486,6787,6787
data/brain_mri(clean_dataset)\test\notumor\notumor_01972.jpg,test,notumor,Training/notumor/Tr-no_1298.jpg,Training,225,225,3132,3132,3132
data/brain_mri(clean_dataset)\train\notumor\notumor_01973.jpg,train,notumor,Training/notumor/Tr-no_13.jpg,Training,208,242,3134,3134,6632
data/brain_mri(clean_dataset)\test\notumor\notumor_01974.jpg,test,notumor,Training/notumor/Tr-no_130.jpg,Training,228,221,6752,3682,6752
data/brain_mri(clean_dataset)\valid\notumor\notumor_01975.jpg,valid,notumor,Training/notumor/Tr-no_1305.jpg,Training,236,222,3747,3747,3184
data/brain_mri(clean_dataset)\train\notumor\notumor_01976.jpg,train,notumor,Training/notumor/Tr-no_1308.jpg,Training,150,198,3144,4023,6771
data/brain_mri(clean_dataset)\train\notumor\notumor_01977.jpg,train,notumor,Training/notumor/Tr-no_1309.jpg,Training,442,442,3866,3866,3866
data/brain_mri(clean_dataset)\train\notumor\notumor_01978.jpg,train,notumor,Training/notumor/Tr-no_131.jpg,Training,225,225,3146,3931,3931
data/brain_mri(clean_dataset)\train\notumor\notumor_01979.jpg,train,notumor,Training/notumor/Tr-no_1312.jpg,Training,339,340,3149,6461,6461
data/brain_mri(clean_dataset)\test\notumor\notumor_01980.jpg,test,notumor,Training/notumor/Tr-no_1316.jpg,Training,228,221,6637,3682,6752
data/brain_mri(clean_dataset)\train\notumor\notumor_01981.jpg,train,notumor,Training/notumor/Tr-no_1317.jpg,Training,234,234,3154,3154,6695
data/brain_mri(clean_dataset)\train\notumor\notumor_01982.jpg,train,notumor,Training/notumor/Tr-no_1318.jpg,Training,733,781,3155,3155,3155
data/brain_mri(clean_dataset)\train\notumor\notumor_01983.jpg,train,notumor,Training/notumor/Tr-no_1324.jpg,Training,215,234,3162,6750,6750
data/brain_mri(clean_dataset)\train\notumor\notumor_01984.jpg,train,notumor,Training/notumor/Tr-no_1326.jpg,Training,630,630,6744,6744,6744
data/brain_mri(clean_dataset)\test\notumor\notumor_01985.jpg,test,notumor,Training/notumor/Tr-no_1327.jpg,Training,230,282,3627,6748,6748
data/brain_mri(clean_dataset)\train\notumor\notumor_01986.jpg,train,notumor,Training/notumor/Tr-no_1329.jpg,Training,208,242,3167,3167,3167
data/brain_mri(clean_dataset)\valid\notumor\notumor_01987.jpg,valid,notumor,Training/notumor/Tr-no_1331.jpg,Training,512,512,3170,3170,3170
data/brain_mri(clean_dataset)\train\notumor\notumor_01988.jpg,train,notumor,Training/notumor/Tr-no_1332.jpg,Training,200,252,3171,6738,6738
data/brain_mri(clean_dataset)\train\notumor\notumor_01989.jpg,train,notumor,Training/notumor/Tr-no_1333.jpg,Training,364,418,3394,3394,3394
data/brain_mri(clean_dataset)\train\notumor\notumor_01990.jpg,train,notumor,Training/notumor/Tr-no_1334.jpg,Training,600,605,3352,3352,3352
data/brain_mri(clean_dataset)\train\notumor\notumor_01991.jpg,train,notumor,Training/notumor/Tr-no_1337.jpg,Training,200,252,6647,6619,6647
data/brain_mri(clean_dataset)\valid\notumor\notumor_01992.jpg,valid,notumor,Training/notumor/Tr-no_134.jpg,Training,225,225,3847,3847,3847
data/brain_mri(clean_dataset)\train\notumor\notumor_01993.jpg,train,notumor,Training/notumor/Tr-no_1340.jpg,Training,428,417,3996,3703,6790
data/brain_mri(clean_dataset)\test\notumor\notumor_01994.jpg,test,notumor,Training/notumor/Tr-no_1342.jpg,Training,225,225,3182,3182,3182
data/brain_mri(clean_dataset)\valid\notumor\notumor_01995.jpg,valid,notumor,Training/notumor/Tr-no_1344.jpg,Training,232,216,3184,3184,3184
data/brain_mri(clean_dataset)\train\notumor\notumor_01996.jpg,train,notumor,Training/notumor/Tr-no_1345.jpg,Training,206,244,3185,3628,6749
data/brain_mri(clean_dataset)\train\notumor\notumor_01997.jpg,train,notumor,Training/notumor/Tr-no_1348.jpg,Training,224,223,3188,3188,3188
data/brain_mri(clean_dataset)\valid\notumor\notumor_01998.jpg,valid,notumor,Training/notumor/Tr-no_1351.jpg,Training,236,239,3192,3192,3192
data/brain_mri(clean_dataset)\train\notumor\notumor_01999.jpg,train,notumor,Training/notumor/Tr-no_1352.jpg,Training,469,470,3193,3193,3193
data/brain_mri(clean_dataset)\train\notumor\notumor_02000.jpg,train,notumor,Training/notumor/Tr-no_1354.jpg,Training,225,225,3195,3195,3195
data/brain_mri(clean_dataset)\train\notumor\notumor_02001.jpg,train,notumor,Training/notumor/Tr-no_1357.jpg,Training,216,302,3198,3198,3198
data/brain_mri(clean_dataset)\test\notumor\notumor_02002.jpg,test,notumor,Training/notumor/Tr-no_136.jpg,Training,512,512,6783,6783,6783
data/brain_mri(clean_dataset)\test\notumor\notumor_02003.jpg,test,notumor,Training/notumor/Tr-no_1362.jpg,Training,441,442,6682,6682,6682
data/brain_mri(clean_dataset)\train\notumor\notumor_02004.jpg,train,notumor,Training/notumor/Tr-no_1363.jpg,Training,208,242,3205,3205,6671
data/brain_mri(clean_dataset)\train\notumor\notumor_02005.jpg,train,notumor,Training/notumor/Tr-no_1365.jpg,Training,227,222,3207,3207,6788
data/brain_mri(clean_dataset)\valid\notumor\notumor_02006.jpg,valid,notumor,Training/notumor/Tr-no_1366.jpg,Training,1280,720,3208,3208,3208
data/brain_mri(clean_dataset)\valid\notumor\notumor_02007.jpg,valid,notumor,Training/notumor/Tr-no_1367.jpg,Training,235,214,6609,6609,6609
data/brain_mri(clean_dataset)\train\notumor\notumor_02008.jpg,train,notumor,Training/notumor/Tr-no_1373.jpg,Training,200,252,3216,6619,6647
data/brain_mri(clean_dataset)\test\notumor\notumor_02009.jpg,test,notumor,Training/notumor/Tr-no_1374.jpg,Training,655,602,4024,4024,4024
data/brain_mri(clean_dataset)\train\notumor\notumor_02010.jpg,train,notumor,Training/notumor/Tr-no_1377.jpg,Training,201,251,4170,6650,6650
data/brain_mri(clean_dataset)\train\notumor\notumor_02011.jpg,train,notumor,Training/notumor/Tr-no_1378.jpg,Training,235,229,3684,4004,4004
data/brain_mri(clean_dataset)\train\notumor\notumor_02012.jpg,train,notumor,Training/notumor/Tr-no_1379.jpg,Training,442,442,6774,4116,6547
data/brain_mri(clean_dataset)\valid\notumor\notumor_02013.jpg,valid,notumor,Training/notumor/Tr-no_138.jpg,Training,442,442,3227,3227,3227
data/brain_mri(clean_dataset)\train\notumor\notumor_02014.jpg,train,notumor,Training/notumor/Tr-no_1386.jpg,Training,225,225,6554,3931,3931
data/brain_mri(clean_dataset)\train\notumor\notumor_02015.jpg,train,notumor,Training/notumor/Tr-no_1388.jpg,Training,236,213,3232,6529,4140
data/brain_mri(clean_dataset)\valid\notumor\notumor_02016.jpg,valid,notumor,Training/notumor/Tr-no_139.jpg,Training,630,630,6585,4118,6585
data/brain_mri(clean_dataset)\valid\notumor\notumor_02017.jpg,valid,notumor,Training/notumor/Tr-no_1391.jpg,Training,276,326,3236,6683,6683
data/brain_mri(clean_dataset)\train\notumor\notumor_02018.jpg,train,notumor,Training/notumor/Tr-no_1393.jpg,Training,414,496,3804,3804,3804
data/brain_mri(clean_dataset)\train\notumor\notumor_02019.jpg,train,notumor,Training/notumor/Tr-no_1395.jpg,Training,212,222,3279,3279,3279
data/brain_mri(clean_dataset)\train\notumor\notumor_02020.jpg,train,notumor,Training/notumor/Tr-no_1397.jpg,Training,411,496,3824,3824,3824
data/brain_mri(clean_dataset)\train\notumor\notumor_02021.jpg,train,notumor,Training/notumor/Tr-no_1398.jpg,Training,210,213,3664,3664,3664
data/brain_mri(clean_dataset)\valid\notumor\notumor_02022.jpg,valid,notumor,Training/notumor/Tr-no_144.jpg,Training,235,227,3251,3251,3251
data/brain_mri(clean_dataset)\train\notumor\notumor_02023.jpg,train,notumor,Training/notumor/Tr-no_148.jpg,Training,300,168,6623,6623,6623
data/brain_mri(clean_dataset)\train\notumor\notumor_02024.jpg,train,notumor,Training/notumor/Tr-no_15.jpg,Training,600,450,3257,3257,3257
data/brain_mri(clean_dataset)\train\notumor\notumor_02025.jpg,train,notumor,Training/notumor/Tr-no_150.jpg,Training,502,513,3258,3258,3258
data/brain_mri(clean_dataset)\valid\notumor\notumor_02026.jpg,valid,notumor,Training/notumor/Tr-no_155.jpg,Training,330,220,3263,3263,3263
data/brain_mri(clean_dataset)\valid\notumor\notumor_02027.jpg,valid,notumor,Training/notumor/Tr-no_157.jpg,Training,214,236,3265,6662,6662
data/brain_mri(clean_dataset)\test\notumor\notumor_02028.jpg,test,notumor,Training/notumor/Tr-no_161.jpg,Training,233,218,3270,3270,3270
data/brain_mri(clean_dataset)\valid\notumor\notumor_02029.jpg,valid,notumor,Training/notumor/Tr-no_164.jpg,Training,235,214,3280,6609,6609
data/brain_mri(clean_dataset)\test\notumor\notumor_02030.jpg,test,notumor,Training/notumor/Tr-no_166.jpg,Training,750,750,3275,3275,3275
data/brain_mri(clean_dataset)\train\notumor\notumor_02031.jpg,train,notumor,Training/notumor/Tr-no_167.jpg,Training,225,225,3276,6434,6434
data/brain_mri(clean_dataset)\test\notumor\notumor_02032.jpg,test,notumor,Training/notumor/Tr-no_168.jpg,Training,236,236,3910,3910,3910
data/brain_mri(clean_dataset)\test\notumor\notumor_02033.jpg,test,notumor,Training/notumor/Tr-no_172.jpg,Training,512,512,6737,6783,6783
data/brain_mri(clean_dataset)\valid\notumor\notumor_02034.jpg,valid,notumor,Training/notumor/Tr-no_173.jpg,Training,210,234,3283,3473,3839
data/brain_mri(clean_dataset)\train\notumor\notumor_02035.jpg,train,notumor,Training/notumor/Tr-no_180.jpg,Training,253,239,3291,3291,3291
data/brain_mri(clean_dataset)\train\notumor\notumor_02036.jpg,train,notumor,Training/notumor/Tr-no_185.jpg,Training,233,222,3296,3296,3296
data/brain_mri(clean_dataset)\train\notumor\notumor_02037.jpg,train,notumor,Training/notumor/Tr-no_186.jpg,Training,228,221,6645,6645,6645
data/brain_mri(clean_dataset)\valid\notumor\notumor_02038.jpg,valid,notumor,Training/notumor/Tr-no_189.jpg,Training,630,630,4118,4118,6585
data/brain_mri(clean_dataset)\train\notumor\notumor_02039.jpg,train,notumor,Training/notumor/Tr-no_19.jpg,Training,428,417,6788,3207,6788
data/brain_mri(clean_dataset)\train\notumor\notumor_02040.jpg,train,notumor,Training/notumor/Tr-no_190.jpg,Training,314,258,3302,3302,3302
data/brain_mri(clean_dataset)\train\notumor\notumor_02041.jpg,train,notumor,Training/notumor/Tr-no_192.jpg,Training,356,474,4181,4181,4181
data/brain_mri(clean_dataset)\train\notumor\notumor_02042.jpg,train,notumor,Training/notumor/Tr-no_193.jpg,Training,192,192,3305,6545,6545
data/brain_mri(clean_dataset)\train\notumor\notumor_02043.jpg,train,notumor,Training/notumor/Tr-no_194.jpg,Training,420,280,6778,6778,6778
data/brain_mri(clean_dataset)\train\notumor\notumor_02044.jpg,train,notumor,Training/notumor/Tr-no_196.jpg,Training,236,300,3308,3308,3308
data/brain_mri(clean_dataset)\train\notumor\notumor_02045.jpg,train,notumor,Training/notumor/Tr-no_198.jpg,Training,648,674,3310,3310,3310
data/brain_mri(clean_dataset)\train\notumor\notumor_02046.jpg,train,notumor,Training/notumor/Tr-no_20.jpg,Training,225,225,3313,3313,3313
data/brain_mri(clean_dataset)\test\notumor\notumor_02047.jpg,test,notumor,Training/notumor/Tr-no_208.jpg,Training,237,248,3322,3322,3322
data/brain_mri(clean_dataset)\train\notumor\notumor_02048.jpg,train,notumor,Training/notumor/Tr-no_209.jpg,Training,468,444,6735,6735,6735
data/brain_mri(clean_dataset)\train\notumor\notumor_02049.jpg,train,notumor,Training/notumor/Tr-no_210.jpg,Training,225,225,4134,6714,6714
data/brain_mri(clean_dataset)\train\notumor\notumor_02050.jpg,train,notumor,Training/notumor/Tr-no_214.jpg,Training,629,585,3329,3329,3329
data/brain_mri(clean_dataset)\train\notumor\notumor_02051.jpg,train,notumor,Training/notumor/Tr-no_215.jpg,Training,442,442,3330,3330,3330
data/brain_mri(clean_dataset)\train\notumor\notumor_02052.jpg,train,notumor,Training/notumor/Tr-no_218.jpg,Training,210,264,3333,3333,3333
data/brain_mri(clean_dataset)\train\notumor\notumor_02053.jpg,train,notumor,Training/notumor/Tr-no_22.jpg,Training,550,664,3993,4038,4038
data/brain_mri(clean_dataset)\train\notumor\notumor_02054.jpg,train,notumor,Training/notumor/Tr-no_222.jpg,Training,233,243,3338,3338,3338
data/brain_mri(clean_dataset)\train\notumor\notumor_02055.jpg,train,notumor,Training/notumor/Tr-no_225.jpg,Training,225,225,3341,4135,6781
data/brain_mri(clean_dataset)\test\notumor\notumor_02056.jpg,test,notumor,Training/notumor/Tr-no_228.jpg,Training,225,225,3344,6723,6723
data/brain_mri(clean_dataset)\train\notumor\notumor_02057.jpg,train,notumor,Training/notumor/Tr-no_231.jpg,Training,400,442,6667,6667,6667
data/brain_mri(clean_dataset)\train\notumor\notumor_02058.jpg,train,notumor,Training/notumor/Tr-no_233.jpg,Training,350,350,3350,3350,3350
data/brain_mri(clean_dataset)\train\notumor\notumor_02059.jpg,train,notumor,Training/notumor/Tr-no_237.jpg,Training,225,225,3789,4116,6547
data/brain_mri(clean_dataset)\test\notumor\notumor_02060.jpg,test,notumor,Training/notumor/Tr-no_238.jpg,Training,228,221,3682,3682,6752
data/brain_mri(clean_dataset)\valid\notumor\notumor_02061.jpg,valid,notumor,Training/notumor/Tr-no_239.jpg,Training,512,512,6795,6795,3227
data/brain_mri(clean_dataset)\train\notumor\notumor_02062.jpg,train,notumor,Training/notumor/Tr-no_24.jpg,Training,428,417,6790,3703,6790
data/brain_mri(clean_dataset)\train\notumor\notumor_02063.jpg,train,notumor,Training/notumor/Tr-no_240.jpg,Training,222,252,3358,3358,3358
data/brain_mri(clean_dataset)\train\notumor\notumor_02064.jpg,train,notumor,Training/notumor/Tr-no_245.jpg,Training,208,242,6632,6632,6632
data/brain_mri(clean_dataset)\train\notumor\notumor_02065.jpg,train,notumor,Training/notumor/Tr-no_248.jpg,Training,416,489,3366,3366,3366
data/brain_mri(clean_dataset)\valid\notumor\notumor_02066.jpg,valid,notumor,Training/notumor/Tr-no_250.jpg,Training,236,236,3615,3615,3615
data/brain_mri(clean_dataset)\train\notumor\notumor_02067.jpg,train,notumor,Training/notumor/Tr-no_252.jpg,Training,232,217,3534,6642,6642
data/brain_mri(clean_dataset)\train\notumor\notumor_02068.jpg,train,notumor,Training/notumor/Tr-no_257.jpg,Training,439,512,3376,3376,3376
data/brain_mri(clean_dataset)\train\notumor\notumor_02069.jpg,train,notumor,Training/notumor/Tr-no_258.jpg,Training,1375,1446,3377,3377,3377
data/brain_mri(clean_dataset)\valid\notumor\notumor_02070.jpg,valid,notumor,Training/notumor/Tr-no_26.jpg,Training,225,225,3379,4118,6585
data/brain_mri(clean_dataset)\valid\notumor\notumor_02071.jpg,valid,notumor,Training/notumor/Tr-no_261.jpg,Training,236,251,3381,3381,3381
data/brain_mri(clean_dataset)\train\notumor\notumor_02072.jpg,train,notumor,Training/notumor/Tr-no_262.jpg,Training,225,225,6781,6781,6781
data/brain_mri(clean_dataset)\train\notumor\notumor_02073.jpg,train,notumor,Training/notumor/Tr-no_265.jpg,Training,225,225,3385,3481,6547
data/brain_mri(clean_dataset)\train\notumor\notumor_02074.jpg,train,notumor,Training/notumor/Tr-no_269.jpg,Training,209,242,3389,3389,3389
data/brain_mri(clean_dataset)\train\notumor\notumor_02075.jpg,train,notumor,Training/notumor/Tr-no_271.jpg,Training,225,225,6768,6768,6768
data/brain_mri(clean_dataset)\train\notumor\notumor_02076.jpg,train,notumor,Training/notumor/Tr-no_274.jpg,Training,446,512,3395,3395,3395
data/brain_mri(clean_dataset)\train\notumor\notumor_02077.jpg,train,notumor,Training/notumor/Tr-no_279.jpg,Training,350,350,3400,3400,3400
data/brain_mri(clean_dataset)\train\notumor\notumor_02078.jpg,train,notumor,Training/notumor/Tr-no_28.jpg,Training,236,236,3401,3401,3401
data/brain_mri(clean_dataset)\train\notumor\notumor_02079.jpg,train,notumor,Training/notumor/Tr-no_280.jpg,Training,512,512,6742,6742,6742
data/brain_mri(clean_dataset)\test\notumor\notumor_02080.jpg,test,notumor,Training/notumor/Tr-no_288.jpg,Training,630,630,6772,3897,6772
data/brain_mri(clean_dataset)\valid\notumor\notumor_02081.jpg,valid,notumor,Training/notumor/Tr-no_289.jpg,Training,236,223,3411,3411,3411
data/brain_mri(clean_dataset)\train\notumor\notumor_02082.jpg,train,notumor,Training/notumor/Tr-no_295.jpg,Training,350,350,3418,3418,3418
data/brain_mri(clean_dataset)\valid\notumor\notumor_02083.jpg,valid,notumor,Training/notumor/Tr-no_298.jpg,Training,278,253,3421,3421,3421
data/brain_mri(clean_dataset)\train\notumor\notumor_02084.jpg,train,notumor,Training/notumor/Tr-no_299.jpg,Training,236,250,3422,3422,3422
data/brain_mri(clean_dataset)\train\notumor\notumor_02085.jpg,train,notumor,Training/notumor/Tr-no_30.jpg,Training,200,210,3424,3424,3424
data/brain_mri(clean_dataset)\train\notumor\notumor_02086.jpg,train,notumor,Training/notumor/Tr-no_300.jpg,Training,212,280,3425,3425,3425
data/brain_mri(clean_dataset)\train\notumor\notumor_02087.jpg,train,notumor,Training/notumor/Tr-no_302.jpg,Training,380,530,6746,6746,6746
data/brain_mri(clean_dataset)\valid\notumor\notumor_02088.jpg,valid,notumor,Training/notumor/Tr-no_304.jpg,Training,512,512,6633,6795,3227
data/brain_mri(clean_dataset)\train\notumor\notumor_02089.jpg,train,notumor,Training/notumor/Tr-no_305.jpg,Training,456,501,3430,3430,3430
data/brain_mri(clean_dataset)\test\notumor\notumor_02090.jpg,test,notumor,Training/notumor/Tr-no_307.jpg,Training,203,248,3432,3432,3974
data/brain_mri(clean_dataset)\train\notumor\notumor_02091.jpg,train,notumor,Training/notumor/Tr-no_31.jpg,Training,630,630,4111,4111,4111
data/brain_mri(clean_dataset)\train\notumor\notumor_02092.jpg,train,notumor,Training/notumor/Tr-no_315.jpg,Training,850,872,4129,4129,4129
data/brain_mri(clean_dataset)\valid\notumor\notumor_02093.jpg,valid,notumor,Training/notumor/Tr-no_316.jpg,Training,225,225,3442,6664,6664
data/brain_mri(clean_dataset)\train\notumor\notumor_02094.jpg,train,notumor,Training/notumor/Tr-no_32.jpg,Training,225,225,6612,6612,6612
data/brain_mri(clean_dataset)\test\notumor\notumor_02095.jpg,test,notumor,Training/notumor/Tr-no_327.jpg,Training,236,236,3454,3454,3454
data/brain_mri(clean_dataset)\train\notumor\notumor_02096.jpg,train,notumor,Training/notumor/Tr-no_33.jpg,Training,228,221,3457,3457,6645
data/brain_mri(clean_dataset)\test\notumor\notumor_02097.jpg,test,notumor,Training/notumor/Tr-no_332.jpg,Training,380,530,6536,6536,6536
data/brain_mri(clean_dataset)\train\notumor\notumor_02098.jpg,train,notumor,Training/notumor/Tr-no_336.jpg,Training,254,198,3464,3464,3464
data/brain_mri(clean_dataset)\train\notumor\notumor_02099.jpg,train,notumor,Training/notumor/Tr-no_337.jpg,Training,227,262,3465,6751,6751
data/brain_mri(clean_dataset)\valid\notumor\notumor_02100.jpg,valid,notumor,Training/notumor/Tr-no_344.jpg,Training,209,234,3473,3473,3839
data/brain_mri(clean_dataset)\valid\notumor\notumor_02101.jpg,valid,notumor,Training/notumor/Tr-no_346.jpg,Training,235,216,3475,3475,3475
data/brain_mri(clean_dataset)\train\notumor\notumor_02102.jpg,train,notumor,Training/notumor/Tr-no_348.jpg,Training,236,236,3477,3477,3477
data/brain_mri(clean_dataset)\train\notumor\notumor_02103.jpg,train,notumor,Training/notumor/Tr-no_349.jpg,Training,224,286,3955,3955,3955
data/brain_mri(clean_dataset)\train\notumor\notumor_02104.jpg,train,notumor,Training/notumor/Tr-no_350.jpg,Training,225,225,3480,3931,3931
data/brain_mri(clean_dataset)\train\notumor\notumor_02105.jpg,train,notumor,Training/notumor/Tr-no_351.jpg,Training,225,225,3481,3481,6547
data/brain_mri(clean_dataset)\test\notumor\notumor_02106.jpg,test,notumor,Training/notumor/Tr-no_354.jpg,Training,228,221,3778,3682,6752
data/brain_mri(clean_dataset)\valid\notumor\notumor_02107.jpg,valid,notumor,Training/notumor/Tr-no_355.jpg,Training,201,251,3485,3485,6765
data/brain_mri(clean_dataset)\train\notumor\notumor_02108.jpg,train,notumor,Training/notumor/Tr-no_356.jpg,Training,626,575,3605,3605,3605
data/brain_mri(clean_dataset)\train\notumor\notumor_02109.jpg,train,notumor,Training/notumor/Tr-no_358.jpg,Training,208,248,4167,4167,4167
data/brain_mri(clean_dataset)\train\notumor\notumor_02110.jpg,train,notumor,Training/notumor/Tr-no_359.jpg,Training,400,442,6780,6780,6780
data/brain_mri(clean_dataset)\test\notumor\notumor_02111.jpg,test,notumor,Training/notumor/Tr-no_360.jpg,Training,225,225,6707,6707,6707
data/brain_mri(clean_dataset)\train\notumor\notumor_02112.jpg,train,notumor,Training/notumor/Tr-no_361.jpg,Training,201,250,3492,6786,6786
data/brain_mri(clean_dataset)\train\notumor\notumor_02113.jpg,train,notumor,Training/notumor/Tr-no_363.jpg,Training,430,483,3494,3494,3494
data/brain_mri(clean_dataset)\train\notumor\notumor_02114.jpg,train,notumor,Training/notumor/Tr-no_365.jpg,Training,350,350,6754,6754,6754
data/brain_mri(clean_dataset)\train\notumor\notumor_02115.jpg,train,notumor,Training/notumor/Tr-no_366.jpg,Training,228,221,6638,6694,6694
data/brain_mri(clean_dataset)\train\notumor\notumor_02116.jpg,train,notumor,Training/notumor/Tr-no_376.jpg,Training,321,351,3508,3508,3508
data/brain_mri(clean_dataset)\test\notumor\notumor_02117.jpg,test,notumor,Training/notumor/Tr-no_377.jpg,Training,192,192,6793,3577,6793
data/brain_mri(clean_dataset)\train\notumor\notumor_02118.jpg,train,notumor,Training/notumor/Tr-no_38.jpg,Training,196,257,3512,3512,3932
data/brain_mri(clean_dataset)\train\notumor\notumor_02119.jpg,train,notumor,Training/notumor/Tr-no_383.jpg,Training,236,268,3516,3516,3516
data/brain_mri(clean_dataset)\train\notumor\notumor_02120.jpg,train,notumor,Training/notumor/Tr-no_384.jpg,Training,225,225,4054,6542,6753
data/brain_mri(clean_dataset)\valid\notumor\notumor_02121.jpg,valid,notumor,Training/notumor/Tr-no_388.jpg,Training,276,326,6683,6683,6683
data/brain_mri(clean_dataset)\train\notumor\notumor_02122.jpg,train,notumor,Training/notumor/Tr-no_391.jpg,Training,225,225,6794,6794,6794
data/brain_mri(clean_dataset)\train\notumor\notumor_02123.jpg,train,notumor,Training/notumor/Tr-no_395.jpg,Training,218,231,3529,6719,6719
data/brain_mri(clean_dataset)\train\notumor\notumor_02124.jpg,train,notumor,Training/notumor/Tr-no_396.jpg,Training,206,244,6555,6555,6555
data/brain_mri(clean_dataset)\valid\notumor\notumor_02125.jpg,valid,notumor,Training/notumor/Tr-no_399.jpg,Training,393,400,6557,6776,6776
data/brain_mri(clean_dataset)\valid\notumor\notumor_02126.jpg,valid,notumor,Training/notumor/Tr-no_40.jpg,Training,825,832,3736,3736,3736
data/brain_mri(clean_dataset)\test\notumor\notumor_02127.jpg,test,notumor,Training/notumor/Tr-no_41.jpg,Training,630,630,6755,3897,6772
data/brain_mri(clean_dataset)\train\notumor\notumor_02128.jpg,train,notumor,Training/notumor/Tr-no_413.jpg,Training,206,244,4161,6555,6555
data/brain_mri(clean_dataset)\train\notumor\notumor_02129.jpg,train,notumor,Training/notumor/Tr-no_415.jpg,Training,275,301,4099,4099,4099
data/brain_mri(clean_dataset)\train\notumor\notumor_02130.jpg,train,notumor,Training/notumor/Tr-no_416.jpg,Training,235,229,3553,3553,3938
data/brain_mri(clean_dataset)\train\notumor\notumor_02131.jpg,train,notumor,Training/notumor/Tr-no_418.jpg,Training,300,168,3555,6711,6711
data/brain_mri(clean_dataset)\test\notumor\notumor_02132.jpg,test,notumor,Training/notumor/Tr-no_419.jpg,Training,225,225,3556,3897,6772
data/brain_mri(clean_dataset)\train\notumor\notumor_02133.jpg,train,notumor,Training/notumor/Tr-no_421.jpg,Training,1000,583,3737,3737,3737
data/brain_mri(clean_dataset)\valid\notumor\notumor_02134.jpg,valid,notumor,Training/notumor/Tr-no_422.jpg,Training,504,540,6702,6702,6702
data/brain_mri(clean_dataset)\train\notumor\notumor_02135.jpg,train,notumor,Training/notumor/Tr-no_426.jpg,Training,235,264,3564,3564,3564
data/brain_mri(clean_dataset)\train\notumor\notumor_02136.jpg,train,notumor,Training/notumor/Tr-no_427.jpg,Training,150,198,3612,6771,6771
data/brain_mri(clean_dataset)\train\notumor\notumor_02137.jpg,train,notumor,Training/notumor/Tr-no_428.jpg,Training,444,506,3566,3566,3566
data/brain_mri(clean_dataset)\valid\notumor\notumor_02138.jpg,valid,notumor,Training/notumor/Tr-no_429.jpg,Training,225,225,6664,6664,6664
data/brain_mri(clean_dataset)\valid\notumor\notumor_02139.jpg,valid,notumor,Training/notumor/Tr-no_43.jpg,Training,214,236,4160,6662,6662
data/brain_mri(clean_dataset)\test\notumor\notumor_02140.jpg,test,notumor,Training/notumor/Tr-no_431.jpg,Training,232,217,4061,6674,6674
data/brain_mri(clean_dataset)\train\notumor\notumor_02141.jpg,train,notumor,Training/notumor/Tr-no_432.jpg,Training,150,198,3571,3881,6799
data/brain_mri(clean_dataset)\train\notumor\notumor_02142.jpg,train,notumor,Training/notumor/Tr-no_433.jpg,Training,630,630,3637,3637,3637
data/brain_mri(clean_dataset)\train\notumor\notumor_02143.jpg,train,notumor,Training/notumor/Tr-no_434.jpg,Training,235,257,3573,3573,3573
data/brain_mri(clean_dataset)\valid\notumor\notumor_02144.jpg,valid,notumor,Training/notumor/Tr-no_436.jpg,Training,236,232,3575,3575,3575
data/brain_mri(clean_dataset)\train\notumor\notumor_02145.jpg,train,notumor,Training/notumor/Tr-no_437.jpg,Training,227,262,6732,6732,6732
data/brain_mri(clean_dataset)\test\notumor\notumor_02146.jpg,test,notumor,Training/notumor/Tr-no_438.jpg,Training,192,192,3577,3577,6793
data/brain_mri(clean_dataset)\train\notumor\notumor_02147.jpg,train,notumor,Training/notumor/Tr-no_440.jpg,Training,225,225,3580,6742,6742
data/brain_mri(clean_dataset)\train\notumor\notumor_02148.jpg,train,notumor,Training/notumor/Tr-no_445.jpg,Training,350,350,3585,3585,4086
data/brain_mri(clean_dataset)\train\notumor\notumor_02149.jpg,train,notumor,Training/notumor/Tr-no_449.jpg,Training,225,225,6434,6434,6434
data/brain_mri(clean_dataset)\valid\notumor\notumor_02150.jpg,valid,notumor,Training/notumor/Tr-no_45.jpg,Training,201,251,3590,3590,6765
data/brain_mri(clean_dataset)\train\notumor\notumor_02151.jpg,train,notumor,Training/notumor/Tr-no_451.jpg,Training,600,600,3592,3592,6785
data/brain_mri(clean_dataset)\train\notumor\notumor_02152.jpg,train,notumor,Training/notumor/Tr-no_452.jpg,Training,225,225,3593,6542,6753
data/brain_mri(clean_dataset)\train\notumor\notumor_02153.jpg,train,notumor,Training/notumor/Tr-no_455.jpg,Training,267,328,4052,4052,4052
data/brain_mri(clean_dataset)\valid\notumor\notumor_02154.jpg,valid,notumor,Training/notumor/Tr-no_456.jpg,Training,350,393,3923,6796,6796
data/brain_mri(clean_dataset)\train\notumor\notumor_02155.jpg,train,notumor,Training/notumor/Tr-no_457.jpg,Training,236,201,3598,3598,3598
data/brain_mri(clean_dataset)\train\notumor\notumor_02156.jpg,train,notumor,Training/notumor/Tr-no_459.jpg,Training,200,200,3600,3600,3600
data/brain_mri(clean_dataset)\train\notumor\notumor_02157.jpg,train,notumor,Training/notumor/Tr-no_471.jpg,Training,339,340,3614,4162,4162
data/brain_mri(clean_dataset)\train\notumor\notumor_02158.jpg,train,notumor,Training/notumor/Tr-no_474.jpg,Training,409,442,3790,3790,3790
data/brain_mri(clean_dataset)\train\notumor\notumor_02159.jpg,train,notumor,Training/notumor/Tr-no_478.jpg,Training,550,664,4038,4038,4038
data/brain_mri(clean_dataset)\train\notumor\notumor_02160.jpg,train,notumor,Training/notumor/Tr-no_481.jpg,Training,622,777,3625,3625,3625
data/brain_mri(clean_dataset)\test\notumor\notumor_02161.jpg,test,notumor,Training/notumor/Tr-no_482.jpg,Training,421,486,3626,3626,3626
data/brain_mri(clean_dataset)\train\notumor\notumor_02162.jpg,train,notumor,Training/notumor/Tr-no_484.jpg,Training,206,244,3628,3628,6749
data/brain_mri(clean_dataset)\train\notumor\notumor_02163.jpg,train,notumor,Training/notumor/Tr-no_485.jpg,Training,218,231,3744,3744,6767
data/brain_mri(clean_dataset)\train\notumor\notumor_02164.jpg,train,notumor,Training/notumor/Tr-no_486.jpg,Training,227,300,4113,4113,4113
data/brain_mri(clean_dataset)\train\notumor\notumor_02165.jpg,train,notumor,Training/notumor/Tr-no_487.jpg,Training,224,262,3631,3631,3631
data/brain_mri(clean_dataset)\train\notumor\notumor_02166.jpg,train,notumor,Training/notumor/Tr-no_493.jpg,Training,233,210,3828,3828,3828
data/brain_mri(clean_dataset)\train\notumor\notumor_02167.jpg,train,notumor,Training/notumor/Tr-no_496.jpg,Training,216,202,3641,3641,3641
data/brain_mri(clean_dataset)\test\notumor\notumor_02168.jpg,test,notumor,Training/notumor/Tr-no_501.jpg,Training,232,217,6568,6674,6674
data/brain_mri(clean_dataset)\train\notumor\notumor_02169.jpg,train,notumor,Training/notumor/Tr-no_505.jpg,Training,407,485,3652,3652,3652
data/brain_mri(clean_dataset)\train\notumor\notumor_02170.jpg,train,notumor,Training/notumor/Tr-no_506.jpg,Training,1024,1024,3653,3653,3653
data/brain_mri(clean_dataset)\train\notumor\notumor_02171.jpg,train,notumor,Training/notumor/Tr-no_508.jpg,Training,630,630,6666,3917,3917
data/brain_mri(clean_dataset)\train\notumor\notumor_02172.jpg,train,notumor,Training/notumor/Tr-no_518.jpg,Training,336,380,4112,4112,4112
data/brain_mri(clean_dataset)\train\notumor\notumor_02173.jpg,train,notumor,Training/notumor/Tr-no_519.jpg,Training,233,226,3963,3963,3963
data/brain_mri(clean_dataset)\train\notumor\notumor_02174.jpg,train,notumor,Training/notumor/Tr-no_52.jpg,Training,470,508,3668,3668,3668
data/brain_mri(clean_dataset)\train\notumor\notumor_02175.jpg,train,notumor,Training/notumor/Tr-no_522.jpg,Training,236,236,3671,3671,3671
data/brain_mri(clean_dataset)\train\notumor\notumor_02176.jpg,train,notumor,Training/notumor/Tr-no_523.jpg,Training,255,236,3672,3672,3672
data/brain_mri(clean_dataset)\valid\notumor\notumor_02177.jpg,valid,notumor,Training/notumor/Tr-no_524.jpg,Training,630,630,3776,3776,3776
data/brain_mri(clean_dataset)\train\notumor\notumor_02178.jpg,train,notumor,Training/notumor/Tr-no_525.jpg,Training,251,273,3674,3674,3674
data/brain_mri(clean_dataset)\train\notumor\notumor_02179.jpg,train,notumor,Training/notumor/Tr-no_529.jpg,Training,173,201,3678,3952,6690
data/brain_mri(clean_dataset)\train\notumor\notumor_02180.jpg,train,notumor,Training/notumor/Tr-no_531.jpg,Training,229,214,3681,3681,3681
data/brain_mri(clean_dataset)\test\notumor\notumor_02181.jpg,test,notumor,Training/notumor/Tr-no_533.jpg,Training,221,257,3683,3683,3683
data/brain_mri(clean_dataset)\valid\notumor\notumor_02182.jpg,valid,notumor,Training/notumor/Tr-no_535.jpg,Training,225,225,3685,3685,3685
data/brain_mri(clean_dataset)\valid\notumor\notumor_02183.jpg,valid,notumor,Training/notumor/Tr-no_539.jpg,Training,212,236,3839,3839,3839
data/brain_mri(clean_dataset)\test\notumor\notumor_02184.jpg,test,notumor,Training/notumor/Tr-no_540.jpg,Training,232,217,6674,6674,6674
data/brain_mri(clean_dataset)\train\notumor\notumor_02185.jpg,train,notumor,Training/notumor/Tr-no_548.jpg,Training,300,168,3699,6782,6782
data/brain_mri(clean_dataset)\train\notumor\notumor_02186.jpg,train,notumor,Training/notumor/Tr-no_551.jpg,Training,227,222,3703,3703,6790
data/brain_mri(clean_dataset)\test\notumor\notumor_02187.jpg,test,notumor,Training/notumor/Tr-no_562.jpg,Training,434,512,3715,3715,3715
data/brain_mri(clean_dataset)\train\notumor\notumor_02188.jpg,train,notumor,Training/notumor/Tr-no_563.jpg,Training,208,242,6685,6685,6685
data/brain_mri(clean_dataset)\train\notumor\notumor_02189.jpg,train,notumor,Training/notumor/Tr-no_567.jpg,Training,150,198,3720,4144,6771
data/brain_mri(clean_dataset)\train\notumor\notumor_02190.jpg,train,notumor,Training/notumor/Tr-no_572.jpg,Training,442,454,6641,6641,3264
data/brain_mri(clean_dataset)\test\notumor\notumor_02191.jpg,test,notumor,Training/notumor/Tr-no_574.jpg,Training,225,225,3728,6723,6723
data/brain_mri(clean_dataset)\train\notumor\notumor_02192.jpg,train,notumor,Training/notumor/Tr-no_576.jpg,Training,225,225,3730,6773,6773
data/brain_mri(clean_dataset)\train\notumor\notumor_02193.jpg,train,notumor,Training/notumor/Tr-no_577.jpg,Training,1024,1024,4104,4104,4104
data/brain_mri(clean_dataset)\train\notumor\notumor_02194.jpg,train,notumor,Training/notumor/Tr-no_579.jpg,Training,236,228,3850,4004,4004
data/brain_mri(clean_dataset)\test\notumor\notumor_02195.jpg,test,notumor,Training/notumor/Tr-no_58.jpg,Training,332,442,4097,4097,4097
data/brain_mri(clean_dataset)\train\notumor\notumor_02196.jpg,train,notumor,Training/notumor/Tr-no_584.jpg,Training,207,243,6688,6688,6688
data/brain_mri(clean_dataset)\train\notumor\notumor_02197.jpg,train,notumor,Training/notumor/Tr-no_588.jpg,Training,218,231,6719,6719,6719
data/brain_mri(clean_dataset)\train\notumor\notumor_02198.jpg,train,notumor,Training/notumor/Tr-no_59.jpg,Training,225,225,3745,3745,3745
data/brain_mri(clean_dataset)\train\notumor\notumor_02199.jpg,train,notumor,Training/notumor/Tr-no_596.jpg,Training,225,225,3851,6660,3483
data/brain_mri(clean_dataset)\train\notumor\notumor_02200.jpg,train,notumor,Training/notumor/Tr-no_6.jpg,Training,680,680,6764,6764,6764
data/brain_mri(clean_dataset)\train\notumor\notumor_02201.jpg,train,notumor,Training/notumor/Tr-no_601.jpg,Training,192,192,3759,6545,6545
data/brain_mri(clean_dataset)\valid\notumor\notumor_02202.jpg,valid,notumor,Training/notumor/Tr-no_602.jpg,Training,225,225,3760,3760,3760
data/brain_mri(clean_dataset)\valid\notumor\notumor_02203.jpg,valid,notumor,Training/notumor/Tr-no_605.jpg,Training,214,236,3763,6662,6662
data/brain_mri(clean_dataset)\train\notumor\notumor_02204.jpg,train,notumor,Training/notumor/Tr-no_606.jpg,Training,235,227,3764,3963,3963
data/brain_mri(clean_dataset)\train\notumor\notumor_02205.jpg,train,notumor,Training/notumor/Tr-no_607.jpg,Training,259,194,3765,3765,3765
data/brain_mri(clean_dataset)\train\notumor\notumor_02206.jpg,train,notumor,Training/notumor/Tr-no_608.jpg,Training,202,250,3766,3766,3766
data/brain_mri(clean_dataset)\train\notumor\notumor_02207.jpg,train,notumor,Training/notumor/Tr-no_616.jpg,Training,320,344,3775,3775,3775
data/brain_mri(clean_dataset)\train\notumor\notumor_02208.jpg,train,notumor,Training/notumor/Tr-no_618.jpg,Training,208,242,6713,6713,6713
data/brain_mri(clean_dataset)\train\notumor\notumor_02209.jpg,train,notumor,Training/notumor/Tr-no_624.jpg,Training,173,201,3784,6496,6739
data/brain_mri(clean_dataset)\train\notumor\notumor_02210.jpg,train,notumor,Training/notumor/Tr-no_625.jpg,Training,728,725,3785,3785,3785
data/brain_mri(clean_dataset)\train\notumor\notumor_02211.jpg,train,notumor,Training/notumor/Tr-no_630.jpg,Training,472,537,3791,3791,3791
data/brain_mri(clean_dataset)\train\notumor\notumor_02212.jpg,train,notumor,Training/notumor/Tr-no_631.jpg,Training,225,225,6629,6629,6629
data/brain_mri(clean_dataset)\test\notumor\notumor_02213.jpg,test,notumor,Training/notumor/Tr-no_641.jpg,Training,468,444,6635,3620,6635
data/brain_mri(clean_dataset)\train\notumor\notumor_02214.jpg,train,notumor,Training/notumor/Tr-no_644.jpg,Training,200,252,3806,6738,6738
data/brain_mri(clean_dataset)\test\notumor\notumor_02215.jpg,test,notumor,Training/notumor/Tr-no_649.jpg,Training,411,501,3998,3998,3998
data/brain_mri(clean_dataset)\valid\notumor\notumor_02216.jpg,valid,notumor,Training/notumor/Tr-no_650.jpg,Training,233,228,3956,3956,4083
data/brain_mri(clean_dataset)\train\notumor\notumor_02217.jpg,train,notumor,Training/notumor/Tr-no_654.jpg,Training,204,247,3817,3817,3817
data/brain_mri(clean_dataset)\valid\notumor\notumor_02218.jpg,valid,notumor,Training/notumor/Tr-no_656.jpg,Training,225,225,3819,6664,6664
data/brain_mri(clean_dataset)\train\notumor\notumor_02219.jpg,train,notumor,Training/notumor/Tr-no_658.jpg,Training,244,274,3821,3821,3821
data/brain_mri(clean_dataset)\train\notumor\notumor_02220.jpg,train,notumor,Training/notumor/Tr-no_659.jpg,Training,206,244,6749,6749,6749
data/brain_mri(clean_dataset)\train\notumor\notumor_02221.jpg,train,notumor,Training/notumor/Tr-no_662.jpg,Training,225,225,3826,6542,6753
data/brain_mri(clean_dataset)\test\notumor\notumor_02222.jpg,test,notumor,Training/notumor/Tr-no_666.jpg,Training,225,225,6723,6723,6723
data/brain_mri(clean_dataset)\valid\notumor\notumor_02223.jpg,valid,notumor,Training/notumor/Tr-no_667.jpg,Training,350,393,6796,6796,6796
data/brain_mri(clean_dataset)\train\notumor\notumor_02224.jpg,train,notumor,Training/notumor/Tr-no_669.jpg,Training,225,225,3931,3931,3931
data/brain_mri(clean_dataset)\train\notumor\notumor_02225.jpg,train,notumor,Training/notumor/Tr-no_67.jpg,Training,225,225,4136,6742,6742
data/brain_mri(clean_dataset)\train\notumor\notumor_02226.jpg,train,notumor,Training/notumor/Tr-no_670.jpg,Training,225,218,3835,3835,3835
data/brain_mri(clean_dataset)\train\notumor\notumor_02227.jpg,train,notumor,Training/notumor/Tr-no_673.jpg,Training,442,442,6657,4147,6657
data/brain_mri(clean_dataset)\train\notumor\notumor_02228.jpg,train,notumor,Training/notumor/Tr-no_677.jpg,Training,236,243,3842,3842,3842
data/brain_mri(clean_dataset)\train\notumor\notumor_02229.jpg,train,notumor,Training/notumor/Tr-no_68.jpg,Training,232,217,6482,6482,6482
data/brain_mri(clean_dataset)\train\notumor\notumor_02230.jpg,train,notumor,Training/notumor/Tr-no_686.jpg,Training,504,488,3852,3852,3852
data/brain_mri(clean_dataset)\test\notumor\notumor_02231.jpg,test,notumor,Training/notumor/Tr-no_688.jpg,Training,225,225,3854,3897,6772
data/brain_mri(clean_dataset)\valid\notumor\notumor_02232.jpg,valid,notumor,Training/notumor/Tr-no_690.jpg,Training,359,449,6725,6765,6765
data/brain_mri(clean_dataset)\train\notumor\notumor_02233.jpg,train,notumor,Training/notumor/Tr-no_691.jpg,Training,150,198,3858,3858,6799
data/brain_mri(clean_dataset)\test\notumor\notumor_02234.jpg,test,notumor,Training/notumor/Tr-no_695.jpg,Training,225,225,3862,3897,6772
data/brain_mri(clean_dataset)\train\notumor\notumor_02235.jpg,train,notumor,Training/notumor/Tr-no_697.jpg,Training,215,234,3864,6503,6791
data/brain_mri(clean_dataset)\train\notumor\notumor_02236.jpg,train,notumor,Training/notumor/Tr-no_7.jpg,Training,630,630,3867,3867,3867
data/brain_mri(clean_dataset)\train\notumor\notumor_02237.jpg,train,notumor,Training/notumor/Tr-no_705.jpg,Training,500,500,3874,3874,3874
data/brain_mri(clean_dataset)\test\notumor\notumor_02238.jpg,test,notumor,Training/notumor/Tr-no_706.jpg,Training,256,256,3875,3875,3875
data/brain_mri(clean_dataset)\train\notumor\notumor_02239.jpg,train,notumor,Training/notumor/Tr-no_71.jpg,Training,230,282,3879,6489,6489
data/brain_mri(clean_dataset)\test\notumor\notumor_02240.jpg,test,notumor,Training/notumor/Tr-no_710.jpg,Training,225,225,3880,6723,6723
data/brain_mri(clean_dataset)\train\notumor\notumor_02241.jpg,train,notumor,Training/notumor/Tr-no_711.jpg,Training,150,198,3881,3881,6799
data/brain_mri(clean_dataset)\train\notumor\notumor_02242.jpg,train,notumor,Training/notumor/Tr-no_712.jpg,Training,1024,830,3882,3882,3882
data/brain_mri(clean_dataset)\train\notumor\notumor_02243.jpg,train,notumor,Training/notumor/Tr-no_715.jpg,Training,630,630,6741,3917,3917
data/brain_mri(clean_dataset)\train\notumor\notumor_02244.jpg,train,notumor,Training/notumor/Tr-no_721.jpg,Training,225,225,6773,6773,6773
data/brain_mri(clean_dataset)\test\notumor\notumor_02245.jpg,test,notumor,Training/notumor/Tr-no_726.jpg,Training,225,225,3897,3897,6772
data/brain_mri(clean_dataset)\train\notumor\notumor_02246.jpg,train,notumor,Training/notumor/Tr-no_727.jpg,Training,214,236,6706,6706,6706
data/brain_mri(clean_dataset)\train\notumor\notumor_02247.jpg,train,notumor,Training/notumor/Tr-no_729.jpg,Training,225,225,4116,4116,6547
data/brain_mri(clean_dataset)\valid\notumor\notumor_02248.jpg,valid,notumor,Training/notumor/Tr-no_732.jpg,Training,225,225,3904,6664,6664
data/brain_mri(clean_dataset)\train\notumor\notumor_02249.jpg,train,notumor,Training/notumor/Tr-no_735.jpg,Training,359,449,6715,3723,6758
data/brain_mri(clean_dataset)\train\notumor\notumor_02250.jpg,train,notumor,Training/notumor/Tr-no_743.jpg,Training,236,213,3916,4140,4140
data/brain_mri(clean_dataset)\train\notumor\notumor_02251.jpg,train,notumor,Training/notumor/Tr-no_745.jpg,Training,208,217,3918,3918,3918
data/brain_mri(clean_dataset)\train\notumor\notumor_02252.jpg,train,notumor,Training/notumor/Tr-no_746.jpg,Training,225,225,6734,6768,6768
data/brain_mri(clean_dataset)\test\notumor\notumor_02253.jpg,test,notumor,Training/notumor/Tr-no_747.jpg,Training,236,236,3920,3920,3920
data/brain_mri(clean_dataset)\train\notumor\notumor_02254.jpg,train,notumor,Training/notumor/Tr-no_750.jpg,Training,236,236,4027,4027,4027
data/brain_mri(clean_dataset)\train\notumor\notumor_02255.jpg,train,notumor,Training/notumor/Tr-no_754.jpg,Training,196,257,3928,3932,3932
data/brain_mri(clean_dataset)\train\notumor\notumor_02256.jpg,train,notumor,Training/notumor/Tr-no_758.jpg,Training,196,257,3932,3932,3932
data/brain_mri(clean_dataset)\train\notumor\notumor_02257.jpg,train,notumor,Training/notumor/Tr-no_76.jpg,Training,225,225,3934,6754,6754
data/brain_mri(clean_dataset)\train\notumor\notumor_02258.jpg,train,notumor,Training/notumor/Tr-no_763.jpg,Training,235,227,3938,3938,3938
data/brain_mri(clean_dataset)\valid\notumor\notumor_02259.jpg,valid,notumor,Training/notumor/Tr-no_766.jpg,Training,562,592,4164,4164,4164
data/brain_mri(clean_dataset)\train\notumor\notumor_02260.jpg,train,notumor,Training/notumor/Tr-no_768.jpg,Training,207,243,3943,6679,6679
data/brain_mri(clean_dataset)\test\notumor\notumor_02261.jpg,test,notumor,Training/notumor/Tr-no_769.jpg,Training,201,251,3944,6692,6692
data/brain_mri(clean_dataset)\train\notumor\notumor_02262.jpg,train,notumor,Training/notumor/Tr-no_77.jpg,Training,236,294,3945,3945,3945
data/brain_mri(clean_dataset)\train\notumor\notumor_02263.jpg,train,notumor,Training/notumor/Tr-no_776.jpg,Training,173,201,3952,3952,6690
data/brain_mri(clean_dataset)\train\notumor\notumor_02264.jpg,train,notumor,Training/notumor/Tr-no_777.jpg,Training,630,614,3953,3953,3953
data/brain_mri(clean_dataset)\test\notumor\notumor_02265.jpg,test,notumor,Training/notumor/Tr-no_782.jpg,Training,235,304,3959,3959,3959
data/brain_mri(clean_dataset)\train\notumor\notumor_02266.jpg,train,notumor,Training/notumor/Tr-no_783.jpg,Training,236,257,3960,3960,3960
data/brain_mri(clean_dataset)\train\notumor\notumor_02267.jpg,train,notumor,Training/notumor/Tr-no_790.jpg,Training,550,664,3968,6615,6615
data/brain_mri(clean_dataset)\test\notumor\notumor_02268.jpg,test,notumor,Training/notumor/Tr-no_792.jpg,Training,232,217,3970,6674,6674
data/brain_mri(clean_dataset)\valid\notumor\notumor_02269.jpg,valid,notumor,Training/notumor/Tr-no_793.jpg,Training,194,259,6761,6761,6761
data/brain_mri(clean_dataset)\test\notumor\notumor_02270.jpg,test,notumor,Training/notumor/Tr-no_796.jpg,Training,229,280,3974,3974,3974
data/brain_mri(clean_dataset)\train\notumor\notumor_02271.jpg,train,notumor,Training/notumor/Tr-no_800.jpg,Training,192,192,3980,6545,6545
data/brain_mri(clean_dataset)\valid\notumor\notumor_02272.jpg,valid,notumor,Training/notumor/Tr-no_801.jpg,Training,225,225,3981,6795,3227
data/brain_mri(clean_dataset)\test\notumor\notumor_02273.jpg,test,notumor,Training/notumor/Tr-no_802.jpg,Training,225,225,4101,6707,6707
data/brain_mri(clean_dataset)\train\notumor\notumor_02274.jpg,train,notumor,Training/notumor/Tr-no_806.jpg,Training,630,630,3986,6744,6744
data/brain_mri(clean_dataset)\train\notumor\notumor_02275.jpg,train,notumor,Training/notumor/Tr-no_809.jpg,Training,215,234,6503,6503,6791
data/brain_mri(clean_dataset)\train\notumor\notumor_02276.jpg,train,notumor,Training/notumor/Tr-no_814.jpg,Training,219,211,3995,3995,3995
data/brain_mri(clean_dataset)\valid\notumor\notumor_02277.jpg,valid,notumor,Training/notumor/Tr-no_816.jpg,Training,225,259,3997,3997,3997
data/brain_mri(clean_dataset)\train\notumor\notumor_02278.jpg,train,notumor,Training/notumor/Tr-no_821.jpg,Training,680,680,6785,6785,6785
data/brain_mri(clean_dataset)\train\notumor\notumor_02279.jpg,train,notumor,Training/notumor/Tr-no_822.jpg,Training,235,227,4004,4004,4004
data/brain_mri(clean_dataset)\train\notumor\notumor_02280.jpg,train,notumor,Training/notumor/Tr-no_826.jpg,Training,208,242,6622,6622,6713
data/brain_mri(clean_dataset)\train\notumor\notumor_02281.jpg,train,notumor,Training/notumor/Tr-no_829.jpg,Training,225,225,6660,6660,3483
data/brain_mri(clean_dataset)\test\notumor\notumor_02282.jpg,test,notumor,Training/notumor/Tr-no_830.jpg,Training,235,214,6798,6798,6798
data/brain_mri(clean_dataset)\test\notumor\notumor_02283.jpg,test,notumor,Training/notumor/Tr-no_836.jpg,Training,192,192,6608,3577,6793
data/brain_mri(clean_dataset)\valid\notumor\notumor_02284.jpg,valid,notumor,Training/notumor/Tr-no_842.jpg,Training,196,257,4026,6721,6721
data/brain_mri(clean_dataset)\test\notumor\notumor_02285.jpg,test,notumor,Training/notumor/Tr-no_844.jpg,Training,717,717,4028,4028,4028
data/brain_mri(clean_dataset)\train\notumor\notumor_02286.jpg,train,notumor,Training/notumor/Tr-no_846.jpg,Training,235,261,4030,4030,4030
data/brain_mri(clean_dataset)\train\notumor\notumor_02287.jpg,train,notumor,Training/notumor/Tr-no_85.jpg,Training,468,444,6443,6735,6735
data/brain_mri(clean_dataset)\train\notumor\notumor_02288.jpg,train,notumor,Training/notumor/Tr-no_850.jpg,Training,339,340,4179,6461,6461
data/brain_mri(clean_dataset)\train\notumor\notumor_02289.jpg,train,notumor,Training/notumor/Tr-no_86.jpg,Training,200,252,4045,4045,6736
data/brain_mri(clean_dataset)\train\notumor\notumor_02290.jpg,train,notumor,Training/notumor/Tr-no_869.jpg,Training,225,225,4055,6542,6753
data/brain_mri(clean_dataset)\train\notumor\notumor_02291.jpg,train,notumor,Training/notumor/Tr-no_871.jpg,Training,850,745,4058,4058,4058
data/brain_mri(clean_dataset)\train\notumor\notumor_02292.jpg,train,notumor,Training/notumor/Tr-no_872.jpg,Training,236,273,4059,4059,4059
data/brain_mri(clean_dataset)\train\notumor\notumor_02293.jpg,train,notumor,Training/notumor/Tr-no_879.jpg,Training,230,274,4066,4066,4066
data/brain_mri(clean_dataset)\test\notumor\notumor_02294.jpg,test,notumor,Training/notumor/Tr-no_880.jpg,Training,605,613,4110,4110,4110
data/brain_mri(clean_dataset)\train\notumor\notumor_02295.jpg,train,notumor,Training/notumor/Tr-no_881.jpg,Training,278,280,4069,4069,4069
data/brain_mri(clean_dataset)\train\notumor\notumor_02296.jpg,train,notumor,Training/notumor/Tr-no_883.jpg,Training,173,201,4071,6496,6739
data/brain_mri(clean_dataset)\train\notumor\notumor_02297.jpg,train,notumor,Training/notumor/Tr-no_884.jpg,Training,208,248,4072,4167,4167
data/brain_mri(clean_dataset)\test\notumor\notumor_02298.jpg,test,notumor,Training/notumor/Tr-no_886.jpg,Training,225,225,4074,6723,6723
data/brain_mri(clean_dataset)\train\notumor\notumor_02299.jpg,train,notumor,Training/notumor/Tr-no_887.jpg,Training,210,201,4075,4075,4075
data/brain_mri(clean_dataset)\train\notumor\notumor_02300.jpg,train,notumor,Training/notumor/Tr-no_89.jpg,Training,173,201,4078,3952,6690
data/brain_mri(clean_dataset)\test\notumor\notumor_02301.jpg,test,notumor,Training/notumor/Tr-no_891.jpg,Training,235,214,6534,6798,6798
data/brain_mri(clean_dataset)\valid\notumor\notumor_02302.jpg,valid,notumor,Training/notumor/Tr-no_894.jpg,Training,235,215,4083,4083,4083
data/brain_mri(clean_dataset)\train\notumor\notumor_02303.jpg,train,notumor,Training/notumor/Tr-no_897.jpg,Training,350,350,4086,4086,4086
data/brain_mri(clean_dataset)\train\notumor\notumor_02304.jpg,train,notumor,Training/notumor/Tr-no_898.jpg,Training,177,197,6797,6797,6797
data/brain_mri(clean_dataset)\train\notumor\notumor_02305.jpg,train,notumor,Training/notumor/Tr-no_899.jpg,Training,438,502,4088,4088,4088
data/brain_mri(clean_dataset)\train\notumor\notumor_02306.jpg,train,notumor,Training/notumor/Tr-no_9.jpg,Training,225,225,6605,6781,6781
data/brain_mri(clean_dataset)\train\notumor\notumor_02307.jpg,train,notumor,Training/notumor/Tr-no_900.jpg,Training,235,277,4091,4091,4091
data/brain_mri(clean_dataset)\test\notumor\notumor_02308.jpg,test,notumor,Training/notumor/Tr-no_905.jpg,Training,450,504,4096,4096,4096
data/brain_mri(clean_dataset)\train\notumor\notumor_02309.jpg,train,notumor,Training/notumor/Tr-no_907.jpg,Training,652,600,4098,4098,4098
data/brain_mri(clean_dataset)\train\notumor\notumor_02310.jpg,train,notumor,Training/notumor/Tr-no_913.jpg,Training,236,243,4105,4105,4105
data/brain_mri(clean_dataset)\train\notumor\notumor_02311.jpg,train,notumor,Training/notumor/Tr-no_915.jpg,Training,236,213,4107,4140,4140
data/brain_mri(clean_dataset)\train\notumor\notumor_02312.jpg,train,notumor,Training/notumor/Tr-no_922.jpg,Training,218,231,4115,6719,6719
data/brain_mri(clean_dataset)\train\notumor\notumor_02313.jpg,train,notumor,Training/notumor/Tr-no_927.jpg,Training,236,213,4120,4140,4140
data/brain_mri(clean_dataset)\train\notumor\notumor_02314.jpg,train,notumor,Training/notumor/Tr-no_930.jpg,Training,236,260,4124,4124,4124
data/brain_mri(clean_dataset)\test\notumor\notumor_02315.jpg,test,notumor,Training/notumor/Tr-no_933.jpg,Training,926,649,4166,4166,4166
data/brain_mri(clean_dataset)\test\notumor\notumor_02316.jpg,test,notumor,Training/notumor/Tr-no_934.jpg,Training,230,282,4128,6748,6748
data/brain_mri(clean_dataset)\train\notumor\notumor_02317.jpg,train,notumor,Training/notumor/Tr-no_938.jpg,Training,225,225,4132,6680,3483
data/brain_mri(clean_dataset)\train\notumor\notumor_02318.jpg,train,notumor,Training/notumor/Tr-no_940.jpg,Training,225,225,4135,4135,6781
data/brain_mri(clean_dataset)\train\notumor\notumor_02319.jpg,train,notumor,Training/notumor/Tr-no_942.jpg,Training,194,259,6564,6726,6726
data/brain_mri(clean_dataset)\valid\notumor\notumor_02320.jpg,valid,notumor,Training/notumor/Tr-no_943.jpg,Training,214,236,6662,6662,6662
data/brain_mri(clean_dataset)\train\notumor\notumor_02321.jpg,train,notumor,Training/notumor/Tr-no_945.jpg,Training,236,213,4140,4140,4140
data/brain_mri(clean_dataset)\train\notumor\notumor_02322.jpg,train,notumor,Training/notumor/Tr-no_949.jpg,Training,150,198,4144,4144,6771
data/brain_mri(clean_dataset)\train\notumor\notumor_02323.jpg,train,notumor,Training/notumor/Tr-no_95.jpg,Training,225,225,6714,6714,6714
data/brain_mri(clean_dataset)\train\notumor\notumor_02324.jpg,train,notumor,Training/notumor/Tr-no_952.jpg,Training,206,244,6532,6749,6749
data/brain_mri(clean_dataset)\train\notumor\notumor_02325.jpg,train,notumor,Training/notumor/Tr-no_953.jpg,Training,215,234,6750,6750,6750
data/brain_mri(clean_dataset)\train\notumor\notumor_02326.jpg,train,notumor,Training/notumor/Tr-no_954.jpg,Training,206,244,4150,4150,6749
data/brain_mri(clean_dataset)\train\notumor\notumor_02327.jpg,train,notumor,Training/notumor/Tr-no_956.jpg,Training,225,225,4152,6754,6754
data/brain_mri(clean_dataset)\valid\notumor\notumor_02328.jpg,valid,notumor,Training/notumor/Tr-no_957.jpg,Training,214,236,4153,6662,6662
data/brain_mri(clean_dataset)\train\notumor\notumor_02329.jpg,train,notumor,Training/notumor/Tr-no_960.jpg,Training,177,197,6669,6669,6669
data/brain_mri(clean_dataset)\train\notumor\notumor_02330.jpg,train,notumor,Training/notumor/Tr-no_961.jpg,Training,201,250,4158,6786,6786
data/brain_mri(clean_dataset)\train\notumor\notumor_02331.jpg,train,notumor,Training/notumor/Tr-no_965.jpg,Training,339,340,4162,4162,4162
data/brain_mri(clean_dataset)\train\notumor\notumor_02332.jpg,train,notumor,Training/notumor/Tr-no_968.jpg,Training,550,664,6615,6615,6615
data/brain_mri(clean_dataset)\train\notumor\notumor_02333.jpg,train,notumor,Training/notumor/Tr-no_973.jpg,Training,200,252,4171,6738,6738
data/brain_mri(clean_dataset)\train\notumor\notumor_02334.jpg,train,notumor,Training/notumor/Tr-no_977.jpg,Training,233,208,4175,4175,4175
data/brain_mri(clean_dataset)\valid\notumor\notumor_02335.jpg,valid,notumor,Training/notumor/Tr-no_978.jpg,Training,227,213,4176,4176,4176
data/brain_mri(clean_dataset)\train\notumor\notumor_02336.jpg,train,notumor,Training/notumor/Tr-no_979.jpg,Training,225,225,4177,3931,3931
data/brain_mri(clean_dataset)\train\notumor\notumor_02337.jpg,train,notumor,Training/notumor/Tr-no_983.jpg,Training,227,262,4182,6732,6732
data/brain_mri(clean_dataset)\train\notumor\notumor_02338.jpg,train,notumor,Training/notumor/Tr-no_988.jpg,Training,442,442,4187,4116,6547
data/brain_mri(clean_dataset)\train\notumor\notumor_02339.jpg,train,notumor,Training/notumor/Tr-no_99.jpg,Training,232,217,6558,6558,6558
data/brain_mri(clean_dataset)\train\notumor\notumor_02340.jpg,train,notumor,Training/notumor/Tr-no_997.jpg,Training,208,242,6671,6671,6671
data/brain_mri(clean_dataset)\train\notumor\notumor_02341.jpg,train,notumor,Training/notumor/Tr-no_998.jpg,Training,853,480,4198,4198,4198
data/brain_mri(clean_dataset)\test\pituitary\pituitary_02342.jpg,test,pituitary,Training/pituitary/Tr-pi_1.jpg,Training,512,512,5172,5172,4694
data/brain_mri(clean_dataset)\train\pituitary\pituitary_02343.jpg,train,pituitary,Training/pituitary/Tr-pi_10.jpg,Training,512,512,5070,5070,5070
data/brain_mri(clean_dataset)\train\pituitary\pituitary_02344.jpg,train,pituitary,Training/pituitary/Tr-pi_100.jpg,Training,512,512,4579,4579,4623
data/brain_mri(clean_dataset)\train\pituitary\pituitary_02345.jpg,train,pituitary,Training/pituitary/Tr-pi_1000.jpg,Training,512,512,4203,4203,6877
data/brain_mri(clean_dataset)\train\pituitary\pituitary_02346.jpg,train,pituitary,Training/pituitary/Tr-pi_1001.jpg,Training,512,512,4242,4242,4242
data/brain_mri(clean_dataset)\train\pituitary\pituitary_02347.jpg,train,pituitary,Training/pituitary/Tr-pi_1002.jpg,Training,512,512,7131,7131,7143
data/brain_mri(clean_dataset)\train\pituitary\pituitary_02348.jpg,train,pituitary,Training/pituitary/Tr-pi_1005.jpg,Training,512,512,4285,4285,4285
data/brain_mri(clean_dataset)\valid\pituitary\pituitary_02349.jpg,valid,pituitary,Training/pituitary/Tr-pi_1006.jpg,Training,512,512,6802,6802,7099
data/brain_mri(clean_dataset)\train\pituitary\pituitary_02350.jpg,train,pituitary,Training/pituitary/Tr-pi_1007.jpg,Training,512,512,4210,4210,6877
data/brain_mri(clean_dataset)\train\pituitary\pituitary_02351.jpg,train,pituitary,Training/pituitary/Tr-pi_1010.jpg,Training,512,512,6837,6837,7093
data/brain_mri(clean_dataset)\train\pituitary\pituitary_02352.jpg,train,pituitary,Training/pituitary/Tr-pi_1011.jpg,Training,512,512,4215,4215,6918
data/brain_mri(clean_dataset)\train\pituitary\pituitary_02353.jpg,train,pituitary,Training/pituitary/Tr-pi_1016.jpg,Training,512,512,5250,5250,5250
data/brain_mri(clean_dataset)\train\pituitary\pituitary_02354.jpg,train,pituitary,Training/pituitary/Tr-pi_1017.jpg,Training,512,512,4386,4386,5436
data/brain_mri(clean_dataset)\train\pituitary\pituitary_02355.jpg,train,pituitary,Training/pituitary/Tr-pi_1018.jpg,Training,512,512,5284,5284,5284
data/brain_mri(clean_dataset)\train\pituitary\pituitary_02356.jpg,train,pituitary,Training/pituitary/Tr-pi_102.jpg,Training,512,512,4598,4598,4598
data/brain_mri(clean_dataset)\train\pituitary\pituitary_02357.jpg,train,pituitary,Training/pituitary/Tr-pi_1020.jpg,Training,512,512,4225,5564,6873
data/brain_mri(clean_dataset)\train\pituitary\pituitary_02358.jpg,train,pituitary,Training/pituitary/Tr-pi_1024.jpg,Training,512,512,4661,4661,6906
data/brain_mri(clean_dataset)\train\pituitary\pituitary_02359.jpg,train,pituitary,Training/pituitary/Tr-pi_1026.jpg,Training,512,512,4231,4231,4231
data/brain_mri(clean_dataset)\train\pituitary\pituitary_02360.jpg,train,pituitary,Training/pituitary/Tr-pi_1027.jpg,Training,512,512,6845,6845,6845
data/brain_mri(clean_dataset)\train\pituitary\pituitary_02361.jpg,train,pituitary,Training/pituitary/Tr-pi_1028.jpg,Training,512,512,4233,4233,5343
data/brain_mri(clean_dataset)\train\pituitary\pituitary_02362.jpg,train,pituitary,Training/pituitary/Tr-pi_103.jpg,Training,512,512,4710,4710,5069
data/brain_mri(clean_dataset)\train\pituitary\pituitary_02363.jpg,train,pituitary,Training/pituitary/Tr-pi_1033.jpg,Training,512,512,5107,5107,5463
data/brain_mri(clean_dataset)\valid\pituitary\pituitary_02364.jpg,valid,pituitary,Training/pituitary/Tr-pi_1034.jpg,Training,512,512,4240,4240,4240
data/brain_mri(clean_dataset)\train\pituitary\pituitary_02365.jpg,train,pituitary,Training/pituitary/Tr-pi_1038.jpg,Training,512,512,4851,4851,5463
data/brain_mri(clean_dataset)\valid\pituitary\pituitary_02366.jpg,valid,pituitary,Training/pituitary/Tr-pi_1039.jpg,Training,512,512,7181,7181,7181
data/brain_mri(clean_dataset)\valid\pituitary\pituitary_02367.jpg,valid,pituitary,Training/pituitary/Tr-pi_1041.jpg,Training,512,512,7052,7052,4995
data/brain_mri(clean_dataset)\train\pituitary\pituitary_02368.jpg,train,pituitary,Training/pituitary/Tr-pi_1045.jpg,Training,512,512,4391,4391,6992
data/brain_mri(clean_dataset)\valid\pituitary\pituitary_02369.jpg,valid,pituitary,Training/pituitary/Tr-pi_1046.jpg,Training,512,512,6905,6905,6905
data/brain_mri(clean_dataset)\valid\pituitary\pituitary_02370.jpg,valid,pituitary,Training/pituitary/Tr-pi_1047.jpg,Training,512,512,5224,5224,5224
data/brain_mri(clean_dataset)\valid\pituitary\pituitary_02371.jpg,valid,pituitary,Training/pituitary/Tr-pi_1049.jpg,Training,538,548,4256,4256,4256
data/brain_mri(clean_dataset)\train\pituitary\pituitary_02372.jpg,train,pituitary,Training/pituitary/Tr-pi_105.jpg,Training,512,512,7086,7086,7086
data/brain_mri(clean_dataset)\valid\pituitary\pituitary_02373.jpg,valid,pituitary,Training/pituitary/Tr-pi_1054.jpg,Training,512,512,5173,5173,5173
data/brain_mri(clean_dataset)\test\pituitary\pituitary_02374.jpg,test,pituitary,Training/pituitary/Tr-pi_1055.jpg,Training,512,512,5388,5388,5124
data/brain_mri(clean_dataset)\test\pituitary\pituitary_02375.jpg,test,pituitary,Training/pituitary/Tr-pi_1056.jpg,Training,512,512,5466,5466,6969
data/brain_mri(clean_dataset)\train\pituitary\pituitary_02376.jpg,train,pituitary,Training/pituitary/Tr-pi_1059.jpg,Training,512,512,4267,4267,4267
data/brain_mri(clean_dataset)\train\pituitary\pituitary_02377.jpg,train,pituitary,Training/pituitary/Tr-pi_106.jpg,Training,512,512,4920,6874,7005
data/brain_mri(clean_dataset)\train\pituitary\pituitary_02378.jpg,train,pituitary,Training/pituitary/Tr-pi_1061.jpg,Training,512,512,4595,4595,7004
data/brain_mri(clean_dataset)\test\pituitary\pituitary_02379.jpg,test,pituitary,Training/pituitary/Tr-pi_1062.jpg,Training,512,512,7146,7146,7146
data/brain_mri(clean_dataset)\valid\pituitary\pituitary_02380.jpg,valid,pituitary,Training/pituitary/Tr-pi_1063.jpg,Training,470,432,4272,4272,4272
data/brain_mri(clean_dataset)\train\pituitary\pituitary_02381.jpg,train,pituitary,Training/pituitary/Tr-pi_1064.jpg,Training,512,512,4728,4728,4728
data/brain_mri(clean_dataset)\train\pituitary\pituitary_02382.jpg,train,pituitary,Training/pituitary/Tr-pi_1067.jpg,Training,512,512,6877,6877,6877
data/brain_mri(clean_dataset)\train\pituitary\pituitary_02383.jpg,train,pituitary,Training/pituitary/Tr-pi_1069.jpg,Training,512,512,6888,6888,6888
data/brain_mri(clean_dataset)\valid\pituitary\pituitary_02384.jpg,valid,pituitary,Training/pituitary/Tr-pi_107.jpg,Training,512,512,5088,5088,5088
data/brain_mri(clean_dataset)\test\pituitary\pituitary_02385.jpg,test,pituitary,Training/pituitary/Tr-pi_1072.jpg,Training,512,512,4971,4971,7066
data/brain_mri(clean_dataset)\train\pituitary\pituitary_02386.jpg,train,pituitary,Training/pituitary/Tr-pi_1073.jpg,Training,512,512,7173,7173,7149
data/brain_mri(clean_dataset)\train\pituitary\pituitary_02387.jpg,train,pituitary,Training/pituitary/Tr-pi_1074.jpg,Training,512,512,6871,6871,7169
data/brain_mri(clean_dataset)\train\pituitary\pituitary_02388.jpg,train,pituitary,Training/pituitary/Tr-pi_1077.jpg,Training,512,512,5492,5492,7097
data/brain_mri(clean_dataset)\valid\pituitary\pituitary_02389.jpg,valid,pituitary,Training/pituitary/Tr-pi_1079.jpg,Training,512,512,4289,4289,7186
data/brain_mri(clean_dataset)\train\pituitary\pituitary_02390.jpg,train,pituitary,Training/pituitary/Tr-pi_108.jpg,Training,512,512,5043,5043,5152
data/brain_mri(clean_dataset)\train\pituitary\pituitary_02391.jpg,train,pituitary,Training/pituitary/Tr-pi_1080.jpg,Training,512,512,7164,7164,5372
data/brain_mri(clean_dataset)\train\pituitary\pituitary_02392.jpg,train,pituitary,Training/pituitary/Tr-pi_1082.jpg,Training,512,512,6886,6886,4623
data/brain_mri(clean_dataset)\test\pituitary\pituitary_02393.jpg,test,pituitary,Training/pituitary/Tr-pi_1083.jpg,Training,256,256,4955,4955,7196
data/brain_mri(clean_dataset)\train\pituitary\pituitary_02394.jpg,train,pituitary,Training/pituitary/Tr-pi_1085.jpg,Training,512,512,5552,5552,5552
data/brain_mri(clean_dataset)\train\pituitary\pituitary_02395.jpg,train,pituitary,Training/pituitary/Tr-pi_1086.jpg,Training,512,512,6835,6835,6835
data/brain_mri(clean_dataset)\train\pituitary\pituitary_02396.jpg,train,pituitary,Training/pituitary/Tr-pi_1087.jpg,Training,512,512,4652,4652,5494
data/brain_mri(clean_dataset)\train\pituitary\pituitary_02397.jpg,train,pituitary,Training/pituitary/Tr-pi_1088.jpg,Training,512,512,4635,4635,6997
data/brain_mri(clean_dataset)\train\pituitary\pituitary_02398.jpg,train,pituitary,Training/pituitary/Tr-pi_1089.jpg,Training,512,512,5581,5581,5581
data/brain_mri(clean_dataset)\test\pituitary\pituitary_02399.jpg,test,pituitary,Training/pituitary/Tr-pi_109.jpg,Training,512,512,4384,4384,6920
data/brain_mri(clean_dataset)\valid\pituitary\pituitary_02400.jpg,valid,pituitary,Training/pituitary/Tr-pi_1090.jpg,Training,512,512,6942,6942,5142
data/brain_mri(clean_dataset)\train\pituitary\pituitary_02401.jpg,train,pituitary,Training/pituitary/Tr-pi_1091.jpg,Training,512,512,4405,4405,4405
data/brain_mri(clean_dataset)\train\pituitary\pituitary_02402.jpg,train,pituitary,Training/pituitary/Tr-pi_1093.jpg,Training,512,512,5295,5295,4896
data/brain_mri(clean_dataset)\valid\pituitary\pituitary_02403.jpg,valid,pituitary,Training/pituitary/Tr-pi_1094.jpg,Training,512,512,5326,5326,6967
data/brain_mri(clean_dataset)\valid\pituitary\pituitary_02404.jpg,valid,pituitary,Training/pituitary/Tr-pi_1095.jpg,Training,512,512,7174,7174,7174
data/brain_mri(clean_dataset)\valid\pituitary\pituitary_02405.jpg,valid,pituitary,Training/pituitary/Tr-pi_1097.jpg,Training,512,512,4804,4804,5210
data/brain_mri(clean_dataset)\train\pituitary\pituitary_02406.jpg,train,pituitary,Training/pituitary/Tr-pi_1099.jpg,Training,512,512,4666,4666,7104
data/brain_mri(clean_dataset)\train\pituitary\pituitary_02407.jpg,train,pituitary,Training/pituitary/Tr-pi_11.jpg,Training,512,512,4967,4967,4623
data/brain_mri(clean_dataset)\train\pituitary\pituitary_02408.jpg,train,pituitary,Training/pituitary/Tr-pi_110.jpg,Training,512,512,7033,7033,5151
data/brain_mri(clean_dataset)\train\pituitary\pituitary_02409.jpg,train,pituitary,Training/pituitary/Tr-pi_1100.jpg,Training,512,512,7132,7132,5037
data/brain_mri(clean_dataset)\train\pituitary\pituitary_02410.jpg,train,pituitary,Training/pituitary/Tr-pi_1101.jpg,Training,512,512,4315,4315,5285
data/brain_mri(clean_dataset)\train\pituitary\pituitary_02411.jpg,train,pituitary,Training/pituitary/Tr-pi_1102.jpg,Training,512,512,4880,4880,7191
data/brain_mri(clean_dataset)\train\pituitary\pituitary_02412.jpg,train,pituitary,Training/pituitary/Tr-pi_1104.jpg,Training,512,512,7081,7081,6844
data/brain_mri(clean_dataset)\train\pituitary\pituitary_02413.jpg,train,pituitary,Training/pituitary/Tr-pi_1106.jpg,Training,512,512,4320,4320,7061
data/brain_mri(clean_dataset)\train\pituitary\pituitary_02414.jpg,train,pituitary,Training/pituitary/Tr-pi_1107.jpg,Training,512,512,7035,7035,5494
data/brain_mri(clean_dataset)\train\pituitary\pituitary_02415.jpg,train,pituitary,Training/pituitary/Tr-pi_1109.jpg,Training,512,512,6801,6801,6801
data/brain_mri(clean_dataset)\test\pituitary\pituitary_02416.jpg,test,pituitary,Training/pituitary/Tr-pi_1112.jpg,Training,512,512,4327,4327,5440
data/brain_mri(clean_dataset)\train\pituitary\pituitary_02417.jpg,train,pituitary,Training/pituitary/Tr-pi_1113.jpg,Training,512,512,7180,7180,7180
data/brain_mri(clean_dataset)\test\pituitary\pituitary_02418.jpg,test,pituitary,Training/pituitary/Tr-pi_1114.jpg,Training,512,512,5124,5124,5124
data/brain_mri(clean_dataset)\train\pituitary\pituitary_02419.jpg,train,pituitary,Training/pituitary/Tr-pi_1117.jpg,Training,512,512,5126,5126,5487
data/brain_mri(clean_dataset)\train\pituitary\pituitary_02420.jpg,train,pituitary,Training/pituitary/Tr-pi_1118.jpg,Training,512,512,7003,7003,5168
data/brain_mri(clean_dataset)\train\pituitary\pituitary_02421.jpg,train,pituitary,Training/pituitary/Tr-pi_1119.jpg,Training,512,512,6994,7192,7192
data/brain_mri(clean_dataset)\test\pituitary\pituitary_02422.jpg,test,pituitary,Training/pituitary/Tr-pi_112.jpg,Training,512,512,4335,7111,7111
data/brain_mri(clean_dataset)\train\pituitary\pituitary_02423.jpg,train,pituitary,Training/pituitary/Tr-pi_1120.jpg,Training,512,512,5324,5324,5324
data/brain_mri(clean_dataset)\train\pituitary\pituitary_02424.jpg,train,pituitary,Training/pituitary/Tr-pi_1121.jpg,Training,512,512,6811,6811,7130
data/brain_mri(clean_dataset)\train\pituitary\pituitary_02425.jpg,train,pituitary,Training/pituitary/Tr-pi_1122.jpg,Training,1338,1304,5538,5538,5538
data/brain_mri(clean_dataset)\valid\pituitary\pituitary_02426.jpg,valid,pituitary,Training/pituitary/Tr-pi_1126.jpg,Training,512,512,7125,7125,7125
data/brain_mri(clean_dataset)\train\pituitary\pituitary_02427.jpg,train,pituitary,Training/pituitary/Tr-pi_1128.jpg,Training,512,512,4888,4888,6897
data/brain_mri(clean_dataset)\train\pituitary\pituitary_02428.jpg,train,pituitary,Training/pituitary/Tr-pi_113.jpg,Training,512,512,4398,4398,6844
data/brain_mri(clean_dataset)\train\pituitary\pituitary_02429.jpg,train,pituitary,Training/pituitary/Tr-pi_1132.jpg,Training,512,512,6852,6852,6852
data/brain_mri(clean_dataset)\train\pituitary\pituitary_02430.jpg,train,pituitary,Training/pituitary/Tr-pi_1134.jpg,Training,512,512,5595,6995,6999
data/brain_mri(clean_dataset)\train\pituitary\pituitary_02431.jpg,train,pituitary,Training/pituitary/Tr-pi_1136.jpg,Training,512,512,5292,5292,7097
data/brain_mri(clean_dataset)\valid\pituitary\pituitary_02432.jpg,valid,pituitary,Training/pituitary/Tr-pi_1137.jpg,Training,512,512,4354,4354,4354
data/brain_mri(clean_dataset)\valid\pituitary\pituitary_02433.jpg,valid,pituitary,Training/pituitary/Tr-pi_1138.jpg,Training,512,512,6912,6912,7184
data/brain_mri(clean_dataset)\train\pituitary\pituitary_02434.jpg,train,pituitary,Training/pituitary/Tr-pi_1139.jpg,Training,512,512,4457,4457,6951
data/brain_mri(clean_dataset)\valid\pituitary\pituitary_02435.jpg,valid,pituitary,Training/pituitary/Tr-pi_114.jpg,Training,512,512,4357,4357,4692
data/brain_mri(clean_dataset)\test\pituitary\pituitary_02436.jpg,test,pituitary,Training/pituitary/Tr-pi_1140.jpg,Training,512,512,6921,6921,6921
data/brain_mri(clean_dataset)\test\pituitary\pituitary_02437.jpg,test,pituitary,Training/pituitary/Tr-pi_1141.jpg,Training,512,512,4359,7188,6926
data/brain_mri(clean_dataset)\train\pituitary\pituitary_02438.jpg,train,pituitary,Training/pituitary/Tr-pi_1144.jpg,Training,512,512,6889,6889,7021
data/brain_mri(clean_dataset)\valid\pituitary\pituitary_02439.jpg,valid,pituitary,Training/pituitary/Tr-pi_1146.jpg,Training,512,512,4364,4364,7176
data/brain_mri(clean_dataset)\valid\pituitary\pituitary_02440.jpg,valid,pituitary,Training/pituitary/Tr-pi_1147.jpg,Training,512,512,4365,4365,4365
data/brain_mri(clean_dataset)\valid\pituitary\pituitary_02441.jpg,valid,pituitary,Training/pituitary/Tr-pi_1148.jpg,Training,512,512,5226,5226,5359
data/brain_mri(clean_dataset)\train\pituitary\pituitary_02442.jpg,train,pituitary,Training/pituitary/Tr-pi_1149.jpg,Training,512,512,5526,5526,5526
data/brain_mri(clean_dataset)\train\pituitary\pituitary_02443.jpg,train,pituitary,Training/pituitary/Tr-pi_1150.jpg,Training,512,512,7059,7059,4772
data/brain_mri(clean_dataset)\train\pituitary\pituitary_02444.jpg,train,pituitary,Training/pituitary/Tr-pi_1151.jpg,Training,512,512,5161,5161,5161
data/brain_mri(clean_dataset)\train\pituitary\pituitary_02445.jpg,train,pituitary,Training/pituitary/Tr-pi_1152.jpg,Training,512,512,6856,6856,6856
data/brain_mri(clean_dataset)\test\pituitary\pituitary_02446.jpg,test,pituitary,Training/pituitary/Tr-pi_1153.jpg,Training,512,512,4372,4372,4372
data/brain_mri(clean_dataset)\test\pituitary\pituitary_02447.jpg,test,pituitary,Training/pituitary/Tr-pi_1154.jpg,Training,512,512,4669,4669,4669
data/brain_mri(clean_dataset)\test\pituitary\pituitary_02448.jpg,test,pituitary,Training/pituitary/Tr-pi_1156.jpg,Training,512,512,4383,4383,6920
data/brain_mri(clean_dataset)\train\pituitary\pituitary_02449.jpg,train,pituitary,Training/pituitary/Tr-pi_1158.jpg,Training,512,512,4377,4377,7097
data/brain_mri(clean_dataset)\train\pituitary\pituitary_02450.jpg,train,pituitary,Training/pituitary/Tr-pi_1159.jpg,Training,512,512,7166,7166,7166
data/brain_mri(clean_dataset)\train\pituitary\pituitary_02451.jpg,train,pituitary,Training/pituitary/Tr-pi_116.jpg,Training,512,512,5234,5234,7104
data/brain_mri(clean_dataset)\train\pituitary\pituitary_02452.jpg,train,pituitary,Training/pituitary/Tr-pi_1160.jpg,Training,512,512,4934,4934,5580
data/brain_mri(clean_dataset)\train\pituitary\pituitary_02453.jpg,train,pituitary,Training/pituitary/Tr-pi_1161.jpg,Training,512,512,4381,4381,7127
data/brain_mri(clean_dataset)\train\pituitary\pituitary_02454.jpg,train,pituitary,Training/pituitary/Tr-pi_1162.jpg,Training,512,512,4866,4866,7182
data/brain_mri(clean_dataset)\train\pituitary\pituitary_02455.jpg,train,pituitary,Training/pituitary/Tr-pi_1167.jpg,Training,512,512,4678,4678,6877
data/brain_mri(clean_dataset)\train\pituitary\pituitary_02456.jpg,train,pituitary,Training/pituitary/Tr-pi_1168.jpg,Training,512,512,6907,6907,6907
data/brain_mri(clean_dataset)\train\pituitary\pituitary_02457.jpg,train,pituitary,Training/pituitary/Tr-pi_1171.jpg,Training,512,512,5340,5340,6884
data/brain_mri(clean_dataset)\train\pituitary\pituitary_02458.jpg,train,pituitary,Training/pituitary/Tr-pi_1173.jpg,Training,512,512,4664,4664,7022
data/brain_mri(clean_dataset)\valid\pituitary\pituitary_02459.jpg,valid,pituitary,Training/pituitary/Tr-pi_1174.jpg,Training,512,512,7045,7045,7184
data/brain_mri(clean_dataset)\train\pituitary\pituitary_02460.jpg,train,pituitary,Training/pituitary/Tr-pi_118.jpg,Training,512,512,4622,4622,5219
data/brain_mri(clean_dataset)\valid\pituitary\pituitary_02461.jpg,valid,pituitary,Training/pituitary/Tr-pi_1181.jpg,Training,1168,1178,5232,5232,5232
data/brain_mri(clean_dataset)\train\pituitary\pituitary_02462.jpg,train,pituitary,Training/pituitary/Tr-pi_1182.jpg,Training,512,512,6813,6813,6813
data/brain_mri(clean_dataset)\train\pituitary\pituitary_02463.jpg,train,pituitary,Training/pituitary/Tr-pi_1185.jpg,Training,512,512,5127,5127,6859
data/brain_mri(clean_dataset)\train\pituitary\pituitary_02464.jpg,train,pituitary,Training/pituitary/Tr-pi_1186.jpg,Training,512,512,4408,7192,7192
data/brain_mri(clean_dataset)\train\pituitary\pituitary_02465.jpg,train,pituitary,Training/pituitary/Tr-pi_1188.jpg,Training,512,512,4721,4721,4512
data/brain_mri(clean_dataset)\train\pituitary\pituitary_02466.jpg,train,pituitary,Training/pituitary/Tr-pi_1189.jpg,Training,512,512,6858,6858,6839
data/brain_mri(clean_dataset)\train\pituitary\pituitary_02467.jpg,train,pituitary,Training/pituitary/Tr-pi_119.jpg,Training,512,512,4885,4885,4885
data/brain_mri(clean_dataset)\train\pituitary\pituitary_02468.jpg,train,pituitary,Training/pituitary/Tr-pi_1190.jpg,Training,512,512,4413,4413,5472
data/brain_mri(clean_dataset)\train\pituitary\pituitary_02469.jpg,train,pituitary,Training/pituitary/Tr-pi_1193.jpg,Training,512,512,4416,4416,5037
data/brain_mri(clean_dataset)\valid\pituitary\pituitary_02470.jpg,valid,pituitary,Training/pituitary/Tr-pi_1197.jpg,Training,512,512,7090,7090,5278
data/brain_mri(clean_dataset)\train\pituitary\pituitary_02471.jpg,train,pituitary,Training/pituitary/Tr-pi_1199.jpg,Training,512,512,4805,4805,4805
data/brain_mri(clean_dataset)\train\pituitary\pituitary_02472.jpg,train,pituitary,Training/pituitary/Tr-pi_120.jpg,Training,383,436,5338,5338,5338
data/brain_mri(clean_dataset)\valid\pituitary\pituitary_02473.jpg,valid,pituitary,Training/pituitary/Tr-pi_1202.jpg,Training,512,512,7039,7039,7176
data/brain_mri(clean_dataset)\valid\pituitary\pituitary_02474.jpg,valid,pituitary,Training/pituitary/Tr-pi_1203.jpg,Training,512,512,5073,5073,7176
data/brain_mri(clean_dataset)\train\pituitary\pituitary_02475.jpg,train,pituitary,Training/pituitary/Tr-pi_1204.jpg,Training,512,512,5371,5371,5517
data/brain_mri(clean_dataset)\train\pituitary\pituitary_02476.jpg,train,pituitary,Training/pituitary/Tr-pi_1208.jpg,Training,512,512,5346,5346,6933
data/brain_mri(clean_dataset)\train\pituitary\pituitary_02477.jpg,train,pituitary,Training/pituitary/Tr-pi_1209.jpg,Training,202,202,4593,4593,4593
data/brain_mri(clean_dataset)\test\pituitary\pituitary_02478.jpg,test,pituitary,Training/pituitary/Tr-pi_121.jpg,Training,512,512,6984,6984,7013
data/brain_mri(clean_dataset)\train\pituitary\pituitary_02479.jpg,train,pituitary,Training/pituitary/Tr-pi_1212.jpg,Training,512,512,4650,4650,6997
data/brain_mri(clean_dataset)\train\pituitary\pituitary_02480.jpg,train,pituitary,Training/pituitary/Tr-pi_1214.jpg,Training,512,512,4592,4592,5556
data/brain_mri(clean_dataset)\train\pituitary\pituitary_02481.jpg,train,pituitary,Training/pituitary/Tr-pi_1215.jpg,Training,512,512,4856,4856,7005
data/brain_mri(clean_dataset)\train\pituitary\pituitary_02482.jpg,train,pituitary,Training/pituitary/Tr-pi_1217.jpg,Training,512,512,6925,6925,7143
data/brain_mri(clean_dataset)\train\pituitary\pituitary_02483.jpg,train,pituitary,Training/pituitary/Tr-pi_1218.jpg,Training,512,512,5071,5071,6937
data/brain_mri(clean_dataset)\train\pituitary\pituitary_02484.jpg,train,pituitary,Training/pituitary/Tr-pi_1221.jpg,Training,512,512,4658,4658,7076
data/brain_mri(clean_dataset)\train\pituitary\pituitary_02485.jpg,train,pituitary,Training/pituitary/Tr-pi_1222.jpg,Training,512,512,4633,4633,4633
data/brain_mri(clean_dataset)\test\pituitary\pituitary_02486.jpg,test,pituitary,Training/pituitary/Tr-pi_1223.jpg,Training,512,512,7100,7100,7078
data/brain_mri(clean_dataset)\train\pituitary\pituitary_02487.jpg,train,pituitary,Training/pituitary/Tr-pi_1224.jpg,Training,512,512,4905,4905,6918
data/brain_mri(clean_dataset)\valid\pituitary\pituitary_02488.jpg,valid,pituitary,Training/pituitary/Tr-pi_1227.jpg,Training,512,512,4946,4946,4946
data/brain_mri(clean_dataset)\valid\pituitary\pituitary_02489.jpg,valid,pituitary,Training/pituitary/Tr-pi_1228.jpg,Training,512,512,5359,5359,5359
data/brain_mri(clean_dataset)\test\pituitary\pituitary_02490.jpg,test,pituitary,Training/pituitary/Tr-pi_1230.jpg,Training,512,512,6968,6968,6968
data/brain_mri(clean_dataset)\valid\pituitary\pituitary_02491.jpg,valid,pituitary,Training/pituitary/Tr-pi_1231.jpg,Training,512,512,6823,6823,7083
data/brain_mri(clean_dataset)\train\pituitary\pituitary_02492.jpg,train,pituitary,Training/pituitary/Tr-pi_1233.jpg,Training,512,512,6817,6817,6817
data/brain_mri(clean_dataset)\test\pituitary\pituitary_02493.jpg,test,pituitary,Training/pituitary/Tr-pi_1237.jpg,Training,512,512,7046,7046,5124
data/brain_mri(clean_dataset)\train\pituitary\pituitary_02494.jpg,train,pituitary,Training/pituitary/Tr-pi_124.jpg,Training,512,512,5579,5579,5579
data/brain_mri(clean_dataset)\test\pituitary\pituitary_02495.jpg,test,pituitary,Training/pituitary/Tr-pi_1240.jpg,Training,512,512,4469,4469,5110
data/brain_mri(clean_dataset)\train\pituitary\pituitary_02496.jpg,train,pituitary,Training/pituitary/Tr-pi_1241.jpg,Training,512,512,6822,6822,5580
data/brain_mri(clean_dataset)\valid\pituitary\pituitary_02497.jpg,valid,pituitary,Training/pituitary/Tr-pi_1242.jpg,Training,512,512,5289,5289,5520
data/brain_mri(clean_dataset)\valid\pituitary\pituitary_02498.jpg,valid,pituitary,Training/pituitary/Tr-pi_1243.jpg,Training,512,512,4472,4472,4692
data/brain_mri(clean_dataset)\train\pituitary\pituitary_02499.jpg,train,pituitary,Training/pituitary/Tr-pi_1244.jpg,Training,512,512,5540,5540,6856
data/brain_mri(clean_dataset)\train\pituitary\pituitary_02500.jpg,train,pituitary,Training/pituitary/Tr-pi_1245.jpg,Training,512,512,4512,4512,4512
data/brain_mri(clean_dataset)\test\pituitary\pituitary_02501.jpg,test,pituitary,Training/pituitary/Tr-pi_1246.jpg,Training,512,512,4716,4716,6920
data/brain_mri(clean_dataset)\train\pituitary\pituitary_02502.jpg,train,pituitary,Training/pituitary/Tr-pi_1247.jpg,Training,512,512,4535,4535,7091
data/brain_mri(clean_dataset)\train\pituitary\pituitary_02503.jpg,train,pituitary,Training/pituitary/Tr-pi_1248.jpg,Training,512,512,6927,6927,6927
data/brain_mri(clean_dataset)\train\pituitary\pituitary_02504.jpg,train,pituitary,Training/pituitary/Tr-pi_1249.jpg,Training,512,512,7108,7108,7104
data/brain_mri(clean_dataset)\train\pituitary\pituitary_02505.jpg,train,pituitary,Training/pituitary/Tr-pi_125.jpg,Training,512,512,5276,5276,5408
data/brain_mri(clean_dataset)\valid\pituitary\pituitary_02506.jpg,valid,pituitary,Training/pituitary/Tr-pi_1250.jpg,Training,512,512,7148,7148,7153
data/brain_mri(clean_dataset)\train\pituitary\pituitary_02507.jpg,train,pituitary,Training/pituitary/Tr-pi_1251.jpg,Training,512,512,5428,5428,5590
data/brain_mri(clean_dataset)\train\pituitary\pituitary_02508.jpg,train,pituitary,Training/pituitary/Tr-pi_1252.jpg,Training,624,607,5077,5077,5077
data/brain_mri(clean_dataset)\train\pituitary\pituitary_02509.jpg,train,pituitary,Training/pituitary/Tr-pi_1253.jpg,Training,512,512,7050,7050,7169
data/brain_mri(clean_dataset)\train\pituitary\pituitary_02510.jpg,train,pituitary,Training/pituitary/Tr-pi_1254.jpg,Training,512,512,6935,6935,5567
data/brain_mri(clean_dataset)\train\pituitary\pituitary_02511.jpg,train,pituitary,Training/pituitary/Tr-pi_1255.jpg,Training,512,512,4485,4485,5261
data/brain_mri(clean_dataset)\train\pituitary\pituitary_02512.jpg,train,pituitary,Training/pituitary/Tr-pi_1256.jpg,Training,512,512,5205,5205,5151
data/brain_mri(clean_dataset)\valid\pituitary\pituitary_02513.jpg,valid,pituitary,Training/pituitary/Tr-pi_1258.jpg,Training,512,512,6982,6982,6982
data/brain_mri(clean_dataset)\train\pituitary\pituitary_02514.jpg,train,pituitary,Training/pituitary/Tr-pi_1259.jpg,Training,512,512,6970,6970,6964
data/brain_mri(clean_dataset)\test\pituitary\pituitary_02515.jpg,test,pituitary,Training/pituitary/Tr-pi_1260.jpg,Training,512,512,4491,4491,7066
data/brain_mri(clean_dataset)\valid\pituitary\pituitary_02516.jpg,valid,pituitary,Training/pituitary/Tr-pi_1262.jpg,Training,512,512,6880,6880,7153
data/brain_mri(clean_dataset)\train\pituitary\pituitary_02517.jpg,train,pituitary,Training/pituitary/Tr-pi_1263.jpg,Training,512,512,5283,5283,7032
data/brain_mri(clean_dataset)\train\pituitary\pituitary_02518.jpg,train,pituitary,Training/pituitary/Tr-pi_1264.jpg,Training,512,512,6840,6840,7021
data/brain_mri(clean_dataset)\test\pituitary\pituitary_02519.jpg,test,pituitary,Training/pituitary/Tr-pi_1266.jpg,Training,512,512,4497,4497,7066
data/brain_mri(clean_dataset)\valid\pituitary\pituitary_02520.jpg,valid,pituitary,Training/pituitary/Tr-pi_1268.jpg,Training,512,512,7099,7099,7099
data/brain_mri(clean_dataset)\train\pituitary\pituitary_02521.jpg,train,pituitary,Training/pituitary/Tr-pi_127.jpg,Training,512,512,5570,5570,7060
data/brain_mri(clean_dataset)\test\pituitary\pituitary_02522.jpg,test,pituitary,Training/pituitary/Tr-pi_1271.jpg,Training,512,512,5010,5010,5439
data/brain_mri(clean_dataset)\train\pituitary\pituitary_02523.jpg,train,pituitary,Training/pituitary/Tr-pi_1272.jpg,Training,512,512,5309,5309,6950
data/brain_mri(clean_dataset)\train\pituitary\pituitary_02524.jpg,train,pituitary,Training/pituitary/Tr-pi_1275.jpg,Training,512,512,4507,4507,5554
data/brain_mri(clean_dataset)\test\pituitary\pituitary_02525.jpg,test,pituitary,Training/pituitary/Tr-pi_1276.jpg,Training,512,512,6832,6832,7078
data/brain_mri(clean_dataset)\train\pituitary\pituitary_02526.jpg,train,pituitary,Training/pituitary/Tr-pi_1280.jpg,Training,512,512,4743,4743,5517
data/brain_mri(clean_dataset)\train\pituitary\pituitary_02527.jpg,train,pituitary,Training/pituitary/Tr-pi_1281.jpg,Training,512,512,7088,7088,7088
data/brain_mri(clean_dataset)\train\pituitary\pituitary_02528.jpg,train,pituitary,Training/pituitary/Tr-pi_1282.jpg,Training,512,512,5201,5201,5239
data/brain_mri(clean_dataset)\train\pituitary\pituitary_02529.jpg,train,pituitary,Training/pituitary/Tr-pi_1283.jpg,Training,512,512,7160,7160,7160
data/brain_mri(clean_dataset)\train\pituitary\pituitary_02530.jpg,train,pituitary,Training/pituitary/Tr-pi_1284.jpg,Training,512,512,4517,4517,4517
data/brain_mri(clean_dataset)\train\pituitary\pituitary_02531.jpg,train,pituitary,Training/pituitary/Tr-pi_1285.jpg,Training,512,512,5138,5138,6878
data/brain_mri(clean_dataset)\train\pituitary\pituitary_02532.jpg,train,pituitary,Training/pituitary/Tr-pi_1286.jpg,Training,512,512,4519,4519,5185
data/brain_mri(clean_dataset)\train\pituitary\pituitary_02533.jpg,train,pituitary,Training/pituitary/Tr-pi_1287.jpg,Training,512,512,7197,7197,7197
data/brain_mri(clean_dataset)\train\pituitary\pituitary_02534.jpg,train,pituitary,Training/pituitary/Tr-pi_129.jpg,Training,512,512,6999,6999,6999
data/brain_mri(clean_dataset)\test\pituitary\pituitary_02535.jpg,test,pituitary,Training/pituitary/Tr-pi_1291.jpg,Training,512,512,4961,4961,5440
data/brain_mri(clean_dataset)\train\pituitary\pituitary_02536.jpg,train,pituitary,Training/pituitary/Tr-pi_1292.jpg,Training,512,512,6872,6872,5590
data/brain_mri(clean_dataset)\test\pituitary\pituitary_02537.jpg,test,pituitary,Training/pituitary/Tr-pi_1294.jpg,Training,512,512,7189,7189,4694
data/brain_mri(clean_dataset)\train\pituitary\pituitary_02538.jpg,train,pituitary,Training/pituitary/Tr-pi_1295.jpg,Training,512,512,4892,4892,6997
data/brain_mri(clean_dataset)\train\pituitary\pituitary_02539.jpg,train,pituitary,Training/pituitary/Tr-pi_1298.jpg,Training,512,512,7177,7177,6828
data/brain_mri(clean_dataset)\valid\pituitary\pituitary_02540.jpg,valid,pituitary,Training/pituitary/Tr-pi_13.jpg,Training,512,512,5341,5341,5197
data/brain_mri(clean_dataset)\test\pituitary\pituitary_02541.jpg,test,pituitary,Training/pituitary/Tr-pi_1300.jpg,Training,512,512,5110,5110,5110
data/brain_mri(clean_dataset)\train\pituitary\pituitary_02542.jpg,train,pituitary,Training/pituitary/Tr-pi_1301.jpg,Training,512,512,5472,5472,5472
data/brain_mri(clean_dataset)\train\pituitary\pituitary_02543.jpg,train,pituitary,Training/pituitary/Tr-pi_1302.jpg,Training,512,512,4660,4660,6907
data/brain_mri(clean_dataset)\train\pituitary\pituitary_02544.jpg,train,pituitary,Training/pituitary/Tr-pi_1303.jpg,Training,512,512,5123,5123,5123
data/brain_mri(clean_dataset)\test\pituitary\pituitary_02545.jpg,test,pituitary,Training/pituitary/Tr-pi_1304.jpg,Training,512,512,6849,6849,5046
data/brain_mri(clean_dataset)\train\pituitary\pituitary_02546.jpg,train,pituitary,Training/pituitary/Tr-pi_1305.jpg,Training,512,512,5556,5556,5556
data/brain_mri(clean_dataset)\train\pituitary\pituitary_02547.jpg,train,pituitary,Training/pituitary/Tr-pi_1308.jpg,Training,512,512,4544,4544,6828
data/brain_mri(clean_dataset)\train\pituitary\pituitary_02548.jpg,train,pituitary,Training/pituitary/Tr-pi_131.jpg,Training,512,512,5040,5040,7182
data/brain_mri(clean_dataset)\train\pituitary\pituitary_02549.jpg,train,pituitary,Training/pituitary/Tr-pi_1312.jpg,Training,512,512,4958,4958,4958
data/brain_mri(clean_dataset)\train\pituitary\pituitary_02550.jpg,train,pituitary,Training/pituitary/Tr-pi_1315.jpg,Training,512,512,4552,4552,6951
data/brain_mri(clean_dataset)\valid\pituitary\pituitary_02551.jpg,valid,pituitary,Training/pituitary/Tr-pi_1316.jpg,Training,512,512,4553,4553,7083
data/brain_mri(clean_dataset)\train\pituitary\pituitary_02552.jpg,train,pituitary,Training/pituitary/Tr-pi_132.jpg,Training,512,512,6932,6932,4939
data/brain_mri(clean_dataset)\train\pituitary\pituitary_02553.jpg,train,pituitary,Training/pituitary/Tr-pi_1321.jpg,Training,512,512,4813,4813,4813
data/brain_mri(clean_dataset)\train\pituitary\pituitary_02554.jpg,train,pituitary,Training/pituitary/Tr-pi_1322.jpg,Training,512,512,6977,6977,7061
data/brain_mri(clean_dataset)\train\pituitary\pituitary_02555.jpg,train,pituitary,Training/pituitary/Tr-pi_1323.jpg,Training,512,512,6814,6814,6838
data/brain_mri(clean_dataset)\test\pituitary\pituitary_02556.jpg,test,pituitary,Training/pituitary/Tr-pi_1324.jpg,Training,512,512,7075,7075,7013
data/brain_mri(clean_dataset)\test\pituitary\pituitary_02557.jpg,test,pituitary,Training/pituitary/Tr-pi_1325.jpg,Training,512,512,7116,7116,7013
data/brain_mri(clean_dataset)\train\pituitary\pituitary_02558.jpg,train,pituitary,Training/pituitary/Tr-pi_1326.jpg,Training,512,512,6989,6989,7169
data/brain_mri(clean_dataset)\train\pituitary\pituitary_02559.jpg,train,pituitary,Training/pituitary/Tr-pi_1327.jpg,Training,512,512,7142,7142,7142
data/brain_mri(clean_dataset)\train\pituitary\pituitary_02560.jpg,train,pituitary,Training/pituitary/Tr-pi_1329.jpg,Training,512,512,4883,4883,7105
data/brain_mri(clean_dataset)\train\pituitary\pituitary_02561.jpg,train,pituitary,Training/pituitary/Tr-pi_133.jpg,Training,512,512,4617,4617,7091
data/brain_mri(clean_dataset)\test\pituitary\pituitary_02562.jpg,test,pituitary,Training/pituitary/Tr-pi_1330.jpg,Training,512,512,4569,4569,4569
data/brain_mri(clean_dataset)\train\pituitary\pituitary_02563.jpg,train,pituitary,Training/pituitary/Tr-pi_1331.jpg,Training,512,512,5062,5062,6817
data/brain_mri(clean_dataset)\train\pituitary\pituitary_02564.jpg,train,pituitary,Training/pituitary/Tr-pi_1332.jpg,Training,512,512,5074,5074,5168
data/brain_mri(clean_dataset)\train\pituitary\pituitary_02565.jpg,train,pituitary,Training/pituitary/Tr-pi_1334.jpg,Training,512,512,7053,7053,5152
data/brain_mri(clean_dataset)\valid\pituitary\pituitary_02566.jpg,valid,pituitary,Training/pituitary/Tr-pi_1335.jpg,Training,512,512,6973,6973,5210
data/brain_mri(clean_dataset)\train\pituitary\pituitary_02567.jpg,train,pituitary,Training/pituitary/Tr-pi_1336.jpg,Training,512,512,4575,5564,6873
data/brain_mri(clean_dataset)\train\pituitary\pituitary_02568.jpg,train,pituitary,Training/pituitary/Tr-pi_1337.jpg,Training,512,512,7021,7021,7021
data/brain_mri(clean_dataset)\train\pituitary\pituitary_02569.jpg,train,pituitary,Training/pituitary/Tr-pi_1338.jpg,Training,512,512,5354,5354,7018
data/brain_mri(clean_dataset)\train\pituitary\pituitary_02570.jpg,train,pituitary,Training/pituitary/Tr-pi_1340.jpg,Training,512,512,5503,7054,7054
data/brain_mri(clean_dataset)\train\pituitary\pituitary_02571.jpg,train,pituitary,Training/pituitary/Tr-pi_1342.jpg,Training,512,512,5180,5180,5348
data/brain_mri(clean_dataset)\train\pituitary\pituitary_02572.jpg,train,pituitary,Training/pituitary/Tr-pi_1343.jpg,Training,512,512,6853,6853,5581
data/brain_mri(clean_dataset)\train\pituitary\pituitary_02573.jpg,train,pituitary,Training/pituitary/Tr-pi_1344.jpg,Training,512,512,4584,4584,7082
data/brain_mri(clean_dataset)\train\pituitary\pituitary_02574.jpg,train,pituitary,Training/pituitary/Tr-pi_1345.jpg,Training,512,512,7095,7095,7095
data/brain_mri(clean_dataset)\train\pituitary\pituitary_02575.jpg,train,pituitary,Training/pituitary/Tr-pi_1346.jpg,Training,512,512,6898,6898,6898
data/brain_mri(clean_dataset)\valid\pituitary\pituitary_02576.jpg,valid,pituitary,Training/pituitary/Tr-pi_1348.jpg,Training,512,512,4588,4588,6967
data/brain_mri(clean_dataset)\train\pituitary\pituitary_02577.jpg,train,pituitary,Training/pituitary/Tr-pi_1349.jpg,Training,512,512,5394,5394,7091
data/brain_mri(clean_dataset)\test\pituitary\pituitary_02578.jpg,test,pituitary,Training/pituitary/Tr-pi_135.jpg,Training,512,512,6975,6975,7013
data/brain_mri(clean_dataset)\train\pituitary\pituitary_02579.jpg,train,pituitary,Training/pituitary/Tr-pi_1353.jpg,Training,512,512,4594,4594,6906
data/brain_mri(clean_dataset)\test\pituitary\pituitary_02580.jpg,test,pituitary,Training/pituitary/Tr-pi_1355.jpg,Training,512,512,4694,4694,4694
data/brain_mri(clean_dataset)\train\pituitary\pituitary_02581.jpg,train,pituitary,Training/pituitary/Tr-pi_1356.jpg,Training,512,512,4597,4597,7185
data/brain_mri(clean_dataset)\train\pituitary\pituitary_02582.jpg,train,pituitary,Training/pituitary/Tr-pi_1358.jpg,Training,512,512,5188,5188,6842
data/brain_mri(clean_dataset)\train\pituitary\pituitary_02583.jpg,train,pituitary,Training/pituitary/Tr-pi_1359.jpg,Training,512,512,6963,6963,5472
data/brain_mri(clean_dataset)\train\pituitary\pituitary_02584.jpg,train,pituitary,Training/pituitary/Tr-pi_136.jpg,Training,512,512,5425,5425,6964
data/brain_mri(clean_dataset)\train\pituitary\pituitary_02585.jpg,train,pituitary,Training/pituitary/Tr-pi_1360.jpg,Training,512,512,4884,4884,4884
data/brain_mri(clean_dataset)\train\pituitary\pituitary_02586.jpg,train,pituitary,Training/pituitary/Tr-pi_1361.jpg,Training,512,512,4603,4603,5581
data/brain_mri(clean_dataset)\valid\pituitary\pituitary_02587.jpg,valid,pituitary,Training/pituitary/Tr-pi_1362.jpg,Training,512,512,7119,7119,5278
data/brain_mri(clean_dataset)\train\pituitary\pituitary_02588.jpg,train,pituitary,Training/pituitary/Tr-pi_1363.jpg,Training,512,512,5386,5386,5386
data/brain_mri(clean_dataset)\train\pituitary\pituitary_02589.jpg,train,pituitary,Training/pituitary/Tr-pi_1364.jpg,Training,512,512,4606,4606,4606
data/brain_mri(clean_dataset)\train\pituitary\pituitary_02590.jpg,train,pituitary,Training/pituitary/Tr-pi_1365.jpg,Training,512,512,4638,4638,5229
data/brain_mri(clean_dataset)\test\pituitary\pituitary_02591.jpg,test,pituitary,Training/pituitary/Tr-pi_1366.jpg,Training,512,512,6869,6869,6869
data/brain_mri(clean_dataset)\train\pituitary\pituitary_02592.jpg,train,pituitary,Training/pituitary/Tr-pi_1367.jpg,Training,512,512,4936,4936,6960
data/brain_mri(clean_dataset)\train\pituitary\pituitary_02593.jpg,train,pituitary,Training/pituitary/Tr-pi_1368.jpg,Training,512,512,4681,4681,6933
data/brain_mri(clean_dataset)\test\pituitary\pituitary_02594.jpg,test,pituitary,Training/pituitary/Tr-pi_1369.jpg,Training,512,512,4611,7111,7111
data/brain_mri(clean_dataset)\train\pituitary\pituitary_02595.jpg,train,pituitary,Training/pituitary/Tr-pi_137.jpg,Training,512,512,4612,4612,5137
data/brain_mri(clean_dataset)\train\pituitary\pituitary_02596.jpg,train,pituitary,Training/pituitary/Tr-pi_1370.jpg,Training,512,512,7168,7168,7168
data/brain_mri(clean_dataset)\train\pituitary\pituitary_02597.jpg,train,pituitary,Training/pituitary/Tr-pi_1372.jpg,Training,512,512,5348,5348,5348
data/brain_mri(clean_dataset)\train\pituitary\pituitary_02598.jpg,train,pituitary,Training/pituitary/Tr-pi_1373.jpg,Training,512,512,4616,4616,7037
data/brain_mri(clean_dataset)\train\pituitary\pituitary_02599.jpg,train,pituitary,Training/pituitary/Tr-pi_1375.jpg,Training,512,512,5259,5259,7038
data/brain_mri(clean_dataset)\test\pituitary\pituitary_02600.jpg,test,pituitary,Training/pituitary/Tr-pi_1377.jpg,Training,512,512,5511,5511,7150
data/brain_mri(clean_dataset)\train\pituitary\pituitary_02601.jpg,train,pituitary,Training/pituitary/Tr-pi_138.jpg,Training,512,512,4623,4623,4623
data/brain_mri(clean_dataset)\train\pituitary\pituitary_02602.jpg,train,pituitary,Training/pituitary/Tr-pi_1381.jpg,Training,512,512,4625,4625,4772
data/brain_mri(clean_dataset)\train\pituitary\pituitary_02603.jpg,train,pituitary,Training/pituitary/Tr-pi_1382.jpg,Training,512,512,4626,4626,6997
data/brain_mri(clean_dataset)\train\pituitary\pituitary_02604.jpg,train,pituitary,Training/pituitary/Tr-pi_1384.jpg,Training,512,512,5257,5257,6964
data/brain_mri(clean_dataset)\test\pituitary\pituitary_02605.jpg,test,pituitary,Training/pituitary/Tr-pi_1385.jpg,Training,512,512,5447,5447,6929
data/brain_mri(clean_dataset)\train\pituitary\pituitary_02606.jpg,train,pituitary,Training/pituitary/Tr-pi_1386.jpg,Training,512,512,4630,7194,5229
data/brain_mri(clean_dataset)\train\pituitary\pituitary_02607.jpg,train,pituitary,Training/pituitary/Tr-pi_1387.jpg,Training,512,512,5496,5496,7071
data/brain_mri(clean_dataset)\train\pituitary\pituitary_02608.jpg,train,pituitary,Training/pituitary/Tr-pi_1388.jpg,Training,512,512,6904,6904,7143
data/brain_mri(clean_dataset)\train\pituitary\pituitary_02609.jpg,train,pituitary,Training/pituitary/Tr-pi_139.jpg,Training,685,681,4634,4634,4634
data/brain_mri(clean_dataset)\train\pituitary\pituitary_02610.jpg,train,pituitary,Training/pituitary/Tr-pi_1391.jpg,Training,512,512,4636,4636,6852
data/brain_mri(clean_dataset)\test\pituitary\pituitary_02611.jpg,test,pituitary,Training/pituitary/Tr-pi_1392.jpg,Training,512,512,4680,4680,6926
data/brain_mri(clean_dataset)\valid\pituitary\pituitary_02612.jpg,valid,pituitary,Training/pituitary/Tr-pi_1394.jpg,Training,512,512,7092,7092,7153
data/brain_mri(clean_dataset)\train\pituitary\pituitary_02613.jpg,train,pituitary,Training/pituitary/Tr-pi_1396.jpg,Training,512,512,5028,5028,6986
data/brain_mri(clean_dataset)\train\pituitary\pituitary_02614.jpg,train,pituitary,Training/pituitary/Tr-pi_1397.jpg,Training,512,512,4642,4642,5185
data/brain_mri(clean_dataset)\train\pituitary\pituitary_02615.jpg,train,pituitary,Training/pituitary/Tr-pi_1399.jpg,Training,441,429,4707,4707,5077
data/brain_mri(clean_dataset)\train\pituitary\pituitary_02616.jpg,train,pituitary,Training/pituitary/Tr-pi_14.jpg,Training,512,512,6893,6893,5348
data/brain_mri(clean_dataset)\test\pituitary\pituitary_02617.jpg,test,pituitary,Training/pituitary/Tr-pi_140.jpg,Training,512,512,6955,6955,7013
data/brain_mri(clean_dataset)\test\pituitary\pituitary_02618.jpg,test,pituitary,Training/pituitary/Tr-pi_1400.jpg,Training,512,512,7074,7074,7074
data/brain_mri(clean_dataset)\train\pituitary\pituitary_02619.jpg,train,pituitary,Training/pituitary/Tr-pi_141.jpg,Training,512,512,4648,4648,6830
data/brain_mri(clean_dataset)\valid\pituitary\pituitary_02620.jpg,valid,pituitary,Training/pituitary/Tr-pi_142.jpg,Training,512,512,6824,6824,5197
data/brain_mri(clean_dataset)\train\pituitary\pituitary_02621.jpg,train,pituitary,Training/pituitary/Tr-pi_147.jpg,Training,512,512,4873,4873,5152
data/brain_mri(clean_dataset)\train\pituitary\pituitary_02622.jpg,train,pituitary,Training/pituitary/Tr-pi_15.jpg,Training,512,512,6971,6971,7169
data/brain_mri(clean_dataset)\valid\pituitary\pituitary_02623.jpg,valid,pituitary,Training/pituitary/Tr-pi_154.jpg,Training,512,512,7171,7171,7171
data/brain_mri(clean_dataset)\train\pituitary\pituitary_02624.jpg,train,pituitary,Training/pituitary/Tr-pi_155.jpg,Training,512,512,4751,4751,6873
data/brain_mri(clean_dataset)\train\pituitary\pituitary_02625.jpg,train,pituitary,Training/pituitary/Tr-pi_157.jpg,Training,512,512,4665,4665,5472
data/brain_mri(clean_dataset)\train\pituitary\pituitary_02626.jpg,train,pituitary,Training/pituitary/Tr-pi_159.jpg,Training,512,512,7038,7038,7038
data/brain_mri(clean_dataset)\valid\pituitary\pituitary_02627.jpg,valid,pituitary,Training/pituitary/Tr-pi_16.jpg,Training,512,512,5128,5128,6945
data/brain_mri(clean_dataset)\test\pituitary\pituitary_02628.jpg,test,pituitary,Training/pituitary/Tr-pi_161.jpg,Training,512,512,5587,5587,6921
data/brain_mri(clean_dataset)\train\pituitary\pituitary_02629.jpg,train,pituitary,Training/pituitary/Tr-pi_162.jpg,Training,512,512,5135,5135,6927
data/brain_mri(clean_dataset)\train\pituitary\pituitary_02630.jpg,train,pituitary,Training/pituitary/Tr-pi_163.jpg,Training,512,512,5051,5051,7065
data/brain_mri(clean_dataset)\train\pituitary\pituitary_02631.jpg,train,pituitary,Training/pituitary/Tr-pi_164.jpg,Training,512,512,5527,5527,7136
data/brain_mri(clean_dataset)\train\pituitary\pituitary_02632.jpg,train,pituitary,Training/pituitary/Tr-pi_165.jpg,Training,512,512,4674,4674,7105
data/brain_mri(clean_dataset)\test\pituitary\pituitary_02633.jpg,test,pituitary,Training/pituitary/Tr-pi_166.jpg,Training,512,512,4675,4675,4675
data/brain_mri(clean_dataset)\train\pituitary\pituitary_02634.jpg,train,pituitary,Training/pituitary/Tr-pi_167.jpg,Training,512,512,6843,6843,6843
data/brain_mri(clean_dataset)\train\pituitary\pituitary_02635.jpg,train,pituitary,Training/pituitary/Tr-pi_168.jpg,Training,512,512,4677,4677,6846
data/brain_mri(clean_dataset)\train\pituitary\pituitary_02636.jpg,train,pituitary,Training/pituitary/Tr-pi_17.jpg,Training,900,741,4831,4831,4831
data/brain_mri(clean_dataset)\test\pituitary\pituitary_02637.jpg,test,pituitary,Training/pituitary/Tr-pi_172.jpg,Training,512,512,4682,4682,5400
data/brain_mri(clean_dataset)\test\pituitary\pituitary_02638.jpg,test,pituitary,Training/pituitary/Tr-pi_173.jpg,Training,512,512,4683,7111,7111
data/brain_mri(clean_dataset)\train\pituitary\pituitary_02639.jpg,train,pituitary,Training/pituitary/Tr-pi_174.jpg,Training,512,512,4684,4684,6884
data/brain_mri(clean_dataset)\train\pituitary\pituitary_02640.jpg,train,pituitary,Training/pituitary/Tr-pi_176.jpg,Training,512,512,6909,6909,6909
data/brain_mri(clean_dataset)\train\pituitary\pituitary_02641.jpg,train,pituitary,Training/pituitary/Tr-pi_178.jpg,Training,512,512,4688,4688,4688
data/brain_mri(clean_dataset)\valid\pituitary\pituitary_02642.jpg,valid,pituitary,Training/pituitary/Tr-pi_179.jpg,Training,512,512,4689,4689,5598
data/brain_mri(clean_dataset)\valid\pituitary\pituitary_02643.jpg,valid,pituitary,Training/pituitary/Tr-pi_181.jpg,Training,512,512,4692,4692,4692
data/brain_mri(clean_dataset)\train\pituitary\pituitary_02644.jpg,train,pituitary,Training/pituitary/Tr-pi_184.jpg,Training,512,512,5033,5033,7058
data/brain_mri(clean_dataset)\train\pituitary\pituitary_02645.jpg,train,pituitary,Training/pituitary/Tr-pi_185.jpg,Training,512,512,7024,7024,7024
data/brain_mri(clean_dataset)\train\pituitary\pituitary_02646.jpg,train,pituitary,Training/pituitary/Tr-pi_186.jpg,Training,512,512,4823,4823,7061
data/brain_mri(clean_dataset)\train\pituitary\pituitary_02647.jpg,train,pituitary,Training/pituitary/Tr-pi_187.jpg,Training,512,512,5280,5280,7071
data/brain_mri(clean_dataset)\train\pituitary\pituitary_02648.jpg,train,pituitary,Training/pituitary/Tr-pi_189.jpg,Training,512,512,4700,4700,5580
data/brain_mri(clean_dataset)\train\pituitary\pituitary_02649.jpg,train,pituitary,Training/pituitary/Tr-pi_19.jpg,Training,512,512,6826,6826,6826
data/brain_mri(clean_dataset)\train\pituitary\pituitary_02650.jpg,train,pituitary,Training/pituitary/Tr-pi_190.jpg,Training,512,512,4940,4940,5581
data/brain_mri(clean_dataset)\train\pituitary\pituitary_02651.jpg,train,pituitary,Training/pituitary/Tr-pi_191.jpg,Training,512,512,4703,4703,4703
data/brain_mri(clean_dataset)\train\pituitary\pituitary_02652.jpg,train,pituitary,Training/pituitary/Tr-pi_193.jpg,Training,512,512,5393,5393,4623
data/brain_mri(clean_dataset)\train\pituitary\pituitary_02653.jpg,train,pituitary,Training/pituitary/Tr-pi_194.jpg,Training,512,512,4706,4706,7065
data/brain_mri(clean_dataset)\train\pituitary\pituitary_02654.jpg,train,pituitary,Training/pituitary/Tr-pi_196.jpg,Training,512,512,4708,4708,5372
data/brain_mri(clean_dataset)\test\pituitary\pituitary_02655.jpg,test,pituitary,Training/pituitary/Tr-pi_199.jpg,Training,512,512,7012,7012,7012
data/brain_mri(clean_dataset)\train\pituitary\pituitary_02656.jpg,train,pituitary,Training/pituitary/Tr-pi_200.jpg,Training,512,512,5528,5528,6830
data/brain_mri(clean_dataset)\train\pituitary\pituitary_02657.jpg,train,pituitary,Training/pituitary/Tr-pi_201.jpg,Training,512,512,6868,6868,6868
data/brain_mri(clean_dataset)\train\pituitary\pituitary_02658.jpg,train,pituitary,Training/pituitary/Tr-pi_203.jpg,Training,512,512,6988,6988,7130
data/brain_mri(clean_dataset)\test\pituitary\pituitary_02659.jpg,test,pituitary,Training/pituitary/Tr-pi_204.jpg,Training,512,512,4718,4718,6953
data/brain_mri(clean_dataset)\train\pituitary\pituitary_02660.jpg,train,pituitary,Training/pituitary/Tr-pi_205.jpg,Training,512,512,4820,4820,4820
data/brain_mri(clean_dataset)\test\pituitary\pituitary_02661.jpg,test,pituitary,Training/pituitary/Tr-pi_209.jpg,Training,512,512,6929,6929,6929
data/brain_mri(clean_dataset)\test\pituitary\pituitary_02662.jpg,test,pituitary,Training/pituitary/Tr-pi_21.jpg,Training,512,512,4724,4724,6926
data/brain_mri(clean_dataset)\train\pituitary\pituitary_02663.jpg,train,pituitary,Training/pituitary/Tr-pi_210.jpg,Training,512,512,7009,7009,7114
data/brain_mri(clean_dataset)\train\pituitary\pituitary_02664.jpg,train,pituitary,Training/pituitary/Tr-pi_212.jpg,Training,512,512,5417,5417,5417
data/brain_mri(clean_dataset)\test\pituitary\pituitary_02665.jpg,test,pituitary,Training/pituitary/Tr-pi_215.jpg,Training,512,512,7183,7183,7013
data/brain_mri(clean_dataset)\test\pituitary\pituitary_02666.jpg,test,pituitary,Training/pituitary/Tr-pi_216.jpg,Training,512,512,4731,4731,4731
data/brain_mri(clean_dataset)\train\pituitary\pituitary_02667.jpg,train,pituitary,Training/pituitary/Tr-pi_219.jpg,Training,512,512,6978,6978,6978
data/brain_mri(clean_dataset)\train\pituitary\pituitary_02668.jpg,train,pituitary,Training/pituitary/Tr-pi_22.jpg,Training,512,512,5564,5564,6873
data/brain_mri(clean_dataset)\test\pituitary\pituitary_02669.jpg,test,pituitary,Training/pituitary/Tr-pi_220.jpg,Training,512,512,6953,6953,6953
data/brain_mri(clean_dataset)\train\pituitary\pituitary_02670.jpg,train,pituitary,Training/pituitary/Tr-pi_221.jpg,Training,512,512,6828,6828,6828
data/brain_mri(clean_dataset)\valid\pituitary\pituitary_02671.jpg,valid,pituitary,Training/pituitary/Tr-pi_222.jpg,Training,512,512,4738,4738,5142
data/brain_mri(clean_dataset)\train\pituitary\pituitary_02672.jpg,train,pituitary,Training/pituitary/Tr-pi_223.jpg,Training,512,512,5555,6995,6999
data/brain_mri(clean_dataset)\train\pituitary\pituitary_02673.jpg,train,pituitary,Training/pituitary/Tr-pi_224.jpg,Training,512,512,5349,5349,5349
data/brain_mri(clean_dataset)\test\pituitary\pituitary_02674.jpg,test,pituitary,Training/pituitary/Tr-pi_225.jpg,Training,512,512,6946,6946,4694
data/brain_mri(clean_dataset)\train\pituitary\pituitary_02675.jpg,train,pituitary,Training/pituitary/Tr-pi_226.jpg,Training,512,512,5036,5036,5219
data/brain_mri(clean_dataset)\train\pituitary\pituitary_02676.jpg,train,pituitary,Training/pituitary/Tr-pi_228.jpg,Training,512,512,7042,7042,7042
data/brain_mri(clean_dataset)\train\pituitary\pituitary_02677.jpg,train,pituitary,Training/pituitary/Tr-pi_229.jpg,Training,512,512,5415,5415,5463
data/brain_mri(clean_dataset)\train\pituitary\pituitary_02678.jpg,train,pituitary,Training/pituitary/Tr-pi_231.jpg,Training,512,512,4748,4748,4748
data/brain_mri(clean_dataset)\train\pituitary\pituitary_02679.jpg,train,pituitary,Training/pituitary/Tr-pi_232.jpg,Training,512,512,4933,4933,7091
data/brain_mri(clean_dataset)\train\pituitary\pituitary_02680.jpg,train,pituitary,Training/pituitary/Tr-pi_233.jpg,Training,512,512,4806,4806,6950
data/brain_mri(clean_dataset)\train\pituitary\pituitary_02681.jpg,train,pituitary,Training/pituitary/Tr-pi_235.jpg,Training,512,512,6878,6878,6878
data/brain_mri(clean_dataset)\train\pituitary\pituitary_02682.jpg,train,pituitary,Training/pituitary/Tr-pi_236.jpg,Training,512,512,5422,5422,6964
data/brain_mri(clean_dataset)\train\pituitary\pituitary_02683.jpg,train,pituitary,Training/pituitary/Tr-pi_237.jpg,Training,512,512,4754,4754,6878
data/brain_mri(clean_dataset)\train\pituitary\pituitary_02684.jpg,train,pituitary,Training/pituitary/Tr-pi_24.jpg,Training,512,512,5409,5409,5409
data/brain_mri(clean_dataset)\train\pituitary\pituitary_02685.jpg,train,pituitary,Training/pituitary/Tr-pi_240.jpg,Training,512,512,7048,7048,7048
data/brain_mri(clean_dataset)\train\pituitary\pituitary_02686.jpg,train,pituitary,Training/pituitary/Tr-pi_241.jpg,Training,512,512,7169,7169,7169
data/brain_mri(clean_dataset)\valid\pituitary\pituitary_02687.jpg,valid,pituitary,Training/pituitary/Tr-pi_242.jpg,Training,512,512,5275,5275,7040
data/brain_mri(clean_dataset)\train\pituitary\pituitary_02688.jpg,train,pituitary,Training/pituitary/Tr-pi_243.jpg,Training,512,512,4761,4761,5229
data/brain_mri(clean_dataset)\train\pituitary\pituitary_02689.jpg,train,pituitary,Training/pituitary/Tr-pi_244.jpg,Training,512,512,4762,4762,7054
data/brain_mri(clean_dataset)\train\pituitary\pituitary_02690.jpg,train,pituitary,Training/pituitary/Tr-pi_245.jpg,Training,512,512,4903,4903,7191
data/brain_mri(clean_dataset)\train\pituitary\pituitary_02691.jpg,train,pituitary,Training/pituitary/Tr-pi_246.jpg,Training,225,225,5566,5566,5566
data/brain_mri(clean_dataset)\test\pituitary\pituitary_02692.jpg,test,pituitary,Training/pituitary/Tr-pi_247.jpg,Training,256,256,5382,5382,7196
data/brain_mri(clean_dataset)\test\pituitary\pituitary_02693.jpg,test,pituitary,Training/pituitary/Tr-pi_248.jpg,Training,512,512,6862,6862,5400
data/brain_mri(clean_dataset)\train\pituitary\pituitary_02694.jpg,train,pituitary,Training/pituitary/Tr-pi_25.jpg,Training,512,512,7162,7162,7149
data/brain_mri(clean_dataset)\train\pituitary\pituitary_02695.jpg,train,pituitary,Training/pituitary/Tr-pi_252.jpg,Training,512,512,7139,7139,5137
data/brain_mri(clean_dataset)\train\pituitary\pituitary_02696.jpg,train,pituitary,Training/pituitary/Tr-pi_253.jpg,Training,512,512,4772,4772,4772
data/brain_mri(clean_dataset)\train\pituitary\pituitary_02697.jpg,train,pituitary,Training/pituitary/Tr-pi_254.jpg,Training,512,512,5565,5565,5472
data/brain_mri(clean_dataset)\valid\pituitary\pituitary_02698.jpg,valid,pituitary,Training/pituitary/Tr-pi_257.jpg,Training,512,512,5042,5042,7186
data/brain_mri(clean_dataset)\train\pituitary\pituitary_02699.jpg,train,pituitary,Training/pituitary/Tr-pi_258.jpg,Training,512,512,4777,4777,4777
data/brain_mri(clean_dataset)\valid\pituitary\pituitary_02700.jpg,valid,pituitary,Training/pituitary/Tr-pi_259.jpg,Training,512,512,4778,4778,7040
data/brain_mri(clean_dataset)\train\pituitary\pituitary_02701.jpg,train,pituitary,Training/pituitary/Tr-pi_26.jpg,Training,512,512,5463,5463,5463
data/brain_mri(clean_dataset)\train\pituitary\pituitary_02702.jpg,train,pituitary,Training/pituitary/Tr-pi_260.jpg,Training,512,512,5563,5563,5563
data/brain_mri(clean_dataset)\test\pituitary\pituitary_02703.jpg,test,pituitary,Training/pituitary/Tr-pi_263.jpg,Training,512,512,5248,5248,5400
data/brain_mri(clean_dataset)\train\pituitary\pituitary_02704.jpg,train,pituitary,Training/pituitary/Tr-pi_264.jpg,Training,512,512,5148,5148,5037
data/brain_mri(clean_dataset)\train\pituitary\pituitary_02705.jpg,train,pituitary,Training/pituitary/Tr-pi_265.jpg,Training,512,512,4965,4965,5513
data/brain_mri(clean_dataset)\valid\pituitary\pituitary_02706.jpg,valid,pituitary,Training/pituitary/Tr-pi_267.jpg,Training,512,512,4787,4787,6936
data/brain_mri(clean_dataset)\test\pituitary\pituitary_02707.jpg,test,pituitary,Training/pituitary/Tr-pi_268.jpg,Training,512,512,4788,4788,4788
data/brain_mri(clean_dataset)\test\pituitary\pituitary_02708.jpg,test,pituitary,Training/pituitary/Tr-pi_269.jpg,Training,512,512,4789,4789,7150
data/brain_mri(clean_dataset)\test\pituitary\pituitary_02709.jpg,test,pituitary,Training/pituitary/Tr-pi_271.jpg,Training,512,512,4792,4792,5046
data/brain_mri(clean_dataset)\train\pituitary\pituitary_02710.jpg,train,pituitary,Training/pituitary/Tr-pi_272.jpg,Training,512,512,5337,5337,7018
data/brain_mri(clean_dataset)\train\pituitary\pituitary_02711.jpg,train,pituitary,Training/pituitary/Tr-pi_274.jpg,Training,512,512,6937,6937,6937
data/brain_mri(clean_dataset)\train\pituitary\pituitary_02712.jpg,train,pituitary,Training/pituitary/Tr-pi_275.jpg,Training,512,512,5069,5069,5069
data/brain_mri(clean_dataset)\train\pituitary\pituitary_02713.jpg,train,pituitary,Training/pituitary/Tr-pi_276.jpg,Training,512,512,7136,7136,7136
data/brain_mri(clean_dataset)\train\pituitary\pituitary_02714.jpg,train,pituitary,Training/pituitary/Tr-pi_277.jpg,Training,512,512,4798,4798,7156
data/brain_mri(clean_dataset)\train\pituitary\pituitary_02715.jpg,train,pituitary,Training/pituitary/Tr-pi_278.jpg,Training,512,512,7175,7175,4896
data/brain_mri(clean_dataset)\train\pituitary\pituitary_02716.jpg,train,pituitary,Training/pituitary/Tr-pi_279.jpg,Training,512,512,4935,4935,6897
data/brain_mri(clean_dataset)\valid\pituitary\pituitary_02717.jpg,valid,pituitary,Training/pituitary/Tr-pi_28.jpg,Training,512,512,5078,5078,5293
data/brain_mri(clean_dataset)\valid\pituitary\pituitary_02718.jpg,valid,pituitary,Training/pituitary/Tr-pi_285.jpg,Training,512,512,6945,6945,6945
data/brain_mri(clean_dataset)\train\pituitary\pituitary_02719.jpg,train,pituitary,Training/pituitary/Tr-pi_286.jpg,Training,350,400,4931,4931,4931
data/brain_mri(clean_dataset)\valid\pituitary\pituitary_02720.jpg,valid,pituitary,Training/pituitary/Tr-pi_287.jpg,Training,512,512,5455,5455,6945
data/brain_mri(clean_dataset)\valid\pituitary\pituitary_02721.jpg,valid,pituitary,Training/pituitary/Tr-pi_288.jpg,Training,512,512,6851,6851,6851
data/brain_mri(clean_dataset)\train\pituitary\pituitary_02722.jpg,train,pituitary,Training/pituitary/Tr-pi_29.jpg,Training,512,512,4812,4812,7019
data/brain_mri(clean_dataset)\train\pituitary\pituitary_02723.jpg,train,pituitary,Training/pituitary/Tr-pi_291.jpg,Training,512,512,7072,7072,6960
data/brain_mri(clean_dataset)\train\pituitary\pituitary_02724.jpg,train,pituitary,Training/pituitary/Tr-pi_292.jpg,Training,512,512,7071,7071,7071
data/brain_mri(clean_dataset)\test\pituitary\pituitary_02725.jpg,test,pituitary,Training/pituitary/Tr-pi_293.jpg,Training,512,512,4816,4816,4816
data/brain_mri(clean_dataset)\train\pituitary\pituitary_02726.jpg,train,pituitary,Training/pituitary/Tr-pi_294.jpg,Training,512,512,6915,6915,7182
data/brain_mri(clean_dataset)\train\pituitary\pituitary_02727.jpg,train,pituitary,Training/pituitary/Tr-pi_295.jpg,Training,512,512,6991,6991,7130
data/brain_mri(clean_dataset)\train\pituitary\pituitary_02728.jpg,train,pituitary,Training/pituitary/Tr-pi_298.jpg,Training,512,512,4821,4821,7061
data/brain_mri(clean_dataset)\train\pituitary\pituitary_02729.jpg,train,pituitary,Training/pituitary/Tr-pi_299.jpg,Training,512,512,5567,5567,5567
data/brain_mri(clean_dataset)\train\pituitary\pituitary_02730.jpg,train,pituitary,Training/pituitary/Tr-pi_30.jpg,Training,512,512,5372,5372,5372
data/brain_mri(clean_dataset)\train\pituitary\pituitary_02731.jpg,train,pituitary,Training/pituitary/Tr-pi_301.jpg,Training,512,512,7104,7104,7104
data/brain_mri(clean_dataset)\train\pituitary\pituitary_02732.jpg,train,pituitary,Training/pituitary/Tr-pi_302.jpg,Training,512,512,4827,4827,6829
data/brain_mri(clean_dataset)\train\pituitary\pituitary_02733.jpg,train,pituitary,Training/pituitary/Tr-pi_303.jpg,Training,512,512,4828,4828,5590
data/brain_mri(clean_dataset)\valid\pituitary\pituitary_02734.jpg,valid,pituitary,Training/pituitary/Tr-pi_304.jpg,Training,512,512,5520,5520,5520
data/brain_mri(clean_dataset)\test\pituitary\pituitary_02735.jpg,test,pituitary,Training/pituitary/Tr-pi_305.jpg,Training,512,512,4830,4830,5439
data/brain_mri(clean_dataset)\train\pituitary\pituitary_02736.jpg,train,pituitary,Training/pituitary/Tr-pi_307.jpg,Training,512,512,4832,4832,4832
data/brain_mri(clean_dataset)\train\pituitary\pituitary_02737.jpg,train,pituitary,Training/pituitary/Tr-pi_308.jpg,Training,512,512,6854,6854,6854
data/brain_mri(clean_dataset)\valid\pituitary\pituitary_02738.jpg,valid,pituitary,Training/pituitary/Tr-pi_31.jpg,Training,512,512,4835,4835,7125
data/brain_mri(clean_dataset)\train\pituitary\pituitary_02739.jpg,train,pituitary,Training/pituitary/Tr-pi_310.jpg,Training,512,512,4836,4836,6873
data/brain_mri(clean_dataset)\train\pituitary\pituitary_02740.jpg,train,pituitary,Training/pituitary/Tr-pi_311.jpg,Training,512,512,5170,5170,6842
data/brain_mri(clean_dataset)\valid\pituitary\pituitary_02741.jpg,valid,pituitary,Training/pituitary/Tr-pi_313.jpg,Training,512,512,7161,7161,5224
data/brain_mri(clean_dataset)\valid\pituitary\pituitary_02742.jpg,valid,pituitary,Training/pituitary/Tr-pi_314.jpg,Training,512,512,4840,4840,5278
data/brain_mri(clean_dataset)\train\pituitary\pituitary_02743.jpg,train,pituitary,Training/pituitary/Tr-pi_315.jpg,Training,512,512,4841,4841,6846
data/brain_mri(clean_dataset)\valid\pituitary\pituitary_02744.jpg,valid,pituitary,Training/pituitary/Tr-pi_316.jpg,Training,512,512,5500,5500,6954
data/brain_mri(clean_dataset)\train\pituitary\pituitary_02745.jpg,train,pituitary,Training/pituitary/Tr-pi_318.jpg,Training,512,512,4844,4844,4844
data/brain_mri(clean_dataset)\train\pituitary\pituitary_02746.jpg,train,pituitary,Training/pituitary/Tr-pi_321.jpg,Training,512,512,6829,6829,6829
data/brain_mri(clean_dataset)\train\pituitary\pituitary_02747.jpg,train,pituitary,Training/pituitary/Tr-pi_322.jpg,Training,512,512,6959,6959,7057
data/brain_mri(clean_dataset)\test\pituitary\pituitary_02748.jpg,test,pituitary,Training/pituitary/Tr-pi_323.jpg,Training,512,512,5181,5300,7193
data/brain_mri(clean_dataset)\train\pituitary\pituitary_02749.jpg,train,pituitary,Training/pituitary/Tr-pi_325.jpg,Training,256,256,7043,7043,7047
data/brain_mri(clean_dataset)\train\pituitary\pituitary_02750.jpg,train,pituitary,Training/pituitary/Tr-pi_326.jpg,Training,512,512,4997,4997,7120
data/brain_mri(clean_dataset)\valid\pituitary\pituitary_02751.jpg,valid,pituitary,Training/pituitary/Tr-pi_33.jpg,Training,512,512,7147,7147,7163
data/brain_mri(clean_dataset)\train\pituitary\pituitary_02752.jpg,train,pituitary,Training/pituitary/Tr-pi_330.jpg,Training,512,512,5064,5064,5567
data/brain_mri(clean_dataset)\train\pituitary\pituitary_02753.jpg,train,pituitary,Training/pituitary/Tr-pi_331.jpg,Training,512,512,4859,4859,5517
data/brain_mri(clean_dataset)\train\pituitary\pituitary_02754.jpg,train,pituitary,Training/pituitary/Tr-pi_333.jpg,Training,512,512,7005,7005,7005
data/brain_mri(clean_dataset)\train\pituitary\pituitary_02755.jpg,train,pituitary,Training/pituitary/Tr-pi_334.jpg,Training,512,512,7117,7117,7169
data/brain_mri(clean_dataset)\train\pituitary\pituitary_02756.jpg,train,pituitary,Training/pituitary/Tr-pi_336.jpg,Training,512,512,5214,5408,5408
data/brain_mri(clean_dataset)\train\pituitary\pituitary_02757.jpg,train,pituitary,Training/pituitary/Tr-pi_339.jpg,Training,512,512,4867,4867,7094
data/brain_mri(clean_dataset)\train\pituitary\pituitary_02758.jpg,train,pituitary,Training/pituitary/Tr-pi_34.jpg,Training,512,512,4868,4868,5152
data/brain_mri(clean_dataset)\train\pituitary\pituitary_02759.jpg,train,pituitary,Training/pituitary/Tr-pi_340.jpg,Training,512,512,6956,6956,7106
data/brain_mri(clean_dataset)\train\pituitary\pituitary_02760.jpg,train,pituitary,Training/pituitary/Tr-pi_341.jpg,Training,256,256,5282,5282,7047
data/brain_mri(clean_dataset)\train\pituitary\pituitary_02761.jpg,train,pituitary,Training/pituitary/Tr-pi_342.jpg,Training,512,512,4871,4871,4871
data/brain_mri(clean_dataset)\train\pituitary\pituitary_02762.jpg,train,pituitary,Training/pituitary/Tr-pi_343.jpg,Training,512,512,5483,5483,7058
data/brain_mri(clean_dataset)\valid\pituitary\pituitary_02763.jpg,valid,pituitary,Training/pituitary/Tr-pi_346.jpg,Training,512,512,5218,5218,6905
data/brain_mri(clean_dataset)\train\pituitary\pituitary_02764.jpg,train,pituitary,Training/pituitary/Tr-pi_347.jpg,Training,512,512,5499,5499,5590
data/brain_mri(clean_dataset)\valid\pituitary\pituitary_02765.jpg,valid,pituitary,Training/pituitary/Tr-pi_348.jpg,Training,512,512,4877,4877,7099
data/brain_mri(clean_dataset)\test\pituitary\pituitary_02766.jpg,test,pituitary,Training/pituitary/Tr-pi_35.jpg,Training,512,512,4879,4879,4879
data/brain_mri(clean_dataset)\test\pituitary\pituitary_02767.jpg,test,pituitary,Training/pituitary/Tr-pi_351.jpg,Training,512,512,5300,5300,7193
data/brain_mri(clean_dataset)\train\pituitary\pituitary_02768.jpg,train,pituitary,Training/pituitary/Tr-pi_352.jpg,Training,512,512,7130,7130,7130
data/brain_mri(clean_dataset)\train\pituitary\pituitary_02769.jpg,train,pituitary,Training/pituitary/Tr-pi_356.jpg,Training,892,826,5345,5345,5345
data/brain_mri(clean_dataset)\test\pituitary\pituitary_02770.jpg,test,pituitary,Training/pituitary/Tr-pi_357.jpg,Training,512,512,4887,4887,4694
data/brain_mri(clean_dataset)\train\pituitary\pituitary_02771.jpg,train,pituitary,Training/pituitary/Tr-pi_36.jpg,Training,512,512,4890,4890,7038
data/brain_mri(clean_dataset)\train\pituitary\pituitary_02772.jpg,train,pituitary,Training/pituitary/Tr-pi_360.jpg,Training,512,512,5029,5029,7151
data/brain_mri(clean_dataset)\train\pituitary\pituitary_02773.jpg,train,pituitary,Training/pituitary/Tr-pi_364.jpg,Training,512,512,7077,7077,7077
data/brain_mri(clean_dataset)\train\pituitary\pituitary_02774.jpg,train,pituitary,Training/pituitary/Tr-pi_365.jpg,Training,512,512,4896,4896,4896
data/brain_mri(clean_dataset)\valid\pituitary\pituitary_02775.jpg,valid,pituitary,Training/pituitary/Tr-pi_367.jpg,Training,512,512,6936,6936,6936
data/brain_mri(clean_dataset)\valid\pituitary\pituitary_02776.jpg,valid,pituitary,Training/pituitary/Tr-pi_368.jpg,Training,512,512,4899,4899,4899
data/brain_mri(clean_dataset)\train\pituitary\pituitary_02777.jpg,train,pituitary,Training/pituitary/Tr-pi_37.jpg,Training,512,512,4901,4901,5137
data/brain_mri(clean_dataset)\test\pituitary\pituitary_02778.jpg,test,pituitary,Training/pituitary/Tr-pi_370.jpg,Training,512,512,6922,6922,7013
data/brain_mri(clean_dataset)\test\pituitary\pituitary_02779.jpg,test,pituitary,Training/pituitary/Tr-pi_372.jpg,Training,512,512,5429,5429,6969
data/brain_mri(clean_dataset)\test\pituitary\pituitary_02780.jpg,test,pituitary,Training/pituitary/Tr-pi_374.jpg,Training,512,512,6969,6969,6969
data/brain_mri(clean_dataset)\test\pituitary\pituitary_02781.jpg,test,pituitary,Training/pituitary/Tr-pi_376.jpg,Training,512,512,4908,4908,4908
data/brain_mri(clean_dataset)\train\pituitary\pituitary_02782.jpg,train,pituitary,Training/pituitary/Tr-pi_377.jpg,Training,512,512,4909,4909,5037
data/brain_mri(clean_dataset)\train\pituitary\pituitary_02783.jpg,train,pituitary,Training/pituitary/Tr-pi_378.jpg,Training,512,512,6958,6958,6958
data/brain_mri(clean_dataset)\train\pituitary\pituitary_02784.jpg,train,pituitary,Training/pituitary/Tr-pi_379.jpg,Training,512,512,4911,4911,5137
data/brain_mri(clean_dataset)\train\pituitary\pituitary_02785.jpg,train,pituitary,Training/pituitary/Tr-pi_38.jpg,Training,512,512,5360,5360,4896
data/brain_mri(clean_dataset)\train\pituitary\pituitary_02786.jpg,train,pituitary,Training/pituitary/Tr-pi_380.jpg,Training,512,512,7017,7017,5463
data/brain_mri(clean_dataset)\train\pituitary\pituitary_02787.jpg,train,pituitary,Training/pituitary/Tr-pi_381.jpg,Training,512,512,4938,4938,5577
data/brain_mri(clean_dataset)\train\pituitary\pituitary_02788.jpg,train,pituitary,Training/pituitary/Tr-pi_382.jpg,Training,400,400,4915,4915,4915
data/brain_mri(clean_dataset)\train\pituitary\pituitary_02789.jpg,train,pituitary,Training/pituitary/Tr-pi_383.jpg,Training,512,512,5408,5408,5408
data/brain_mri(clean_dataset)\train\pituitary\pituitary_02790.jpg,train,pituitary,Training/pituitary/Tr-pi_386.jpg,Training,512,512,4919,4919,6852
data/brain_mri(clean_dataset)\train\pituitary\pituitary_02791.jpg,train,pituitary,Training/pituitary/Tr-pi_388.jpg,Training,512,512,5459,5459,6906
data/brain_mri(clean_dataset)\test\pituitary\pituitary_02792.jpg,test,pituitary,Training/pituitary/Tr-pi_389.jpg,Training,512,512,5095,5095,4694
data/brain_mri(clean_dataset)\test\pituitary\pituitary_02793.jpg,test,pituitary,Training/pituitary/Tr-pi_39.jpg,Training,1280,1280,4923,4923,4923
data/brain_mri(clean_dataset)\valid\pituitary\pituitary_02794.jpg,valid,pituitary,Training/pituitary/Tr-pi_391.jpg,Training,512,512,4925,4925,5197
data/brain_mri(clean_dataset)\test\pituitary\pituitary_02795.jpg,test,pituitary,Training/pituitary/Tr-pi_392.jpg,Training,512,512,7118,7118,5440
data/brain_mri(clean_dataset)\train\pituitary\pituitary_02796.jpg,train,pituitary,Training/pituitary/Tr-pi_393.jpg,Training,512,512,7037,7037,7037
data/brain_mri(clean_dataset)\train\pituitary\pituitary_02797.jpg,train,pituitary,Training/pituitary/Tr-pi_394.jpg,Training,512,512,4928,4928,7185
data/brain_mri(clean_dataset)\train\pituitary\pituitary_02798.jpg,train,pituitary,Training/pituitary/Tr-pi_395.jpg,Training,512,512,5098,5098,7061
data/brain_mri(clean_dataset)\train\pituitary\pituitary_02799.jpg,train,pituitary,Training/pituitary/Tr-pi_396.jpg,Training,625,603,5019,5077,5077
data/brain_mri(clean_dataset)\train\pituitary\pituitary_02800.jpg,train,pituitary,Training/pituitary/Tr-pi_398.jpg,Training,512,512,4932,4932,6852
data/brain_mri(clean_dataset)\train\pituitary\pituitary_02801.jpg,train,pituitary,Training/pituitary/Tr-pi_403.jpg,Training,512,512,4939,4939,4939
data/brain_mri(clean_dataset)\valid\pituitary\pituitary_02802.jpg,valid,pituitary,Training/pituitary/Tr-pi_405.jpg,Training,201,210,5521,5521,5521
data/brain_mri(clean_dataset)\test\pituitary\pituitary_02803.jpg,test,pituitary,Training/pituitary/Tr-pi_406.jpg,Training,512,512,4942,4942,5440
data/brain_mri(clean_dataset)\valid\pituitary\pituitary_02804.jpg,valid,pituitary,Training/pituitary/Tr-pi_407.jpg,Training,512,512,4943,4943,6954
data/brain_mri(clean_dataset)\train\pituitary\pituitary_02805.jpg,train,pituitary,Training/pituitary/Tr-pi_408.jpg,Training,512,512,5109,5109,5109
data/brain_mri(clean_dataset)\train\pituitary\pituitary_02806.jpg,train,pituitary,Training/pituitary/Tr-pi_409.jpg,Training,512,512,4945,4945,4945
data/brain_mri(clean_dataset)\train\pituitary\pituitary_02807.jpg,train,pituitary,Training/pituitary/Tr-pi_410.jpg,Training,512,512,5063,5063,6918
data/brain_mri(clean_dataset)\valid\pituitary\pituitary_02808.jpg,valid,pituitary,Training/pituitary/Tr-pi_412.jpg,Training,512,512,4949,4949,5278
data/brain_mri(clean_dataset)\train\pituitary\pituitary_02809.jpg,train,pituitary,Training/pituitary/Tr-pi_413.jpg,Training,512,512,5529,5529,6868
data/brain_mri(clean_dataset)\train\pituitary\pituitary_02810.jpg,train,pituitary,Training/pituitary/Tr-pi_414.jpg,Training,512,512,5571,5571,5571
data/brain_mri(clean_dataset)\test\pituitary\pituitary_02811.jpg,test,pituitary,Training/pituitary/Tr-pi_415.jpg,Training,256,256,6806,6806,7196
data/brain_mri(clean_dataset)\train\pituitary\pituitary_02812.jpg,train,pituitary,Training/pituitary/Tr-pi_416.jpg,Training,512,512,5444,5444,7160
data/brain_mri(clean_dataset)\train\pituitary\pituitary_02813.jpg,train,pituitary,Training/pituitary/Tr-pi_42.jpg,Training,512,512,5410,5410,5048
data/brain_mri(clean_dataset)\train\pituitary\pituitary_02814.jpg,train,pituitary,Training/pituitary/Tr-pi_425.jpg,Training,512,512,4963,4963,4963
data/brain_mri(clean_dataset)\valid\pituitary\pituitary_02815.jpg,valid,pituitary,Training/pituitary/Tr-pi_426.jpg,Training,512,512,5599,5599,7176
data/brain_mri(clean_dataset)\train\pituitary\pituitary_02816.jpg,train,pituitary,Training/pituitary/Tr-pi_428.jpg,Training,512,512,5152,5152,5152
data/brain_mri(clean_dataset)\test\pituitary\pituitary_02817.jpg,test,pituitary,Training/pituitary/Tr-pi_433.jpg,Training,512,512,6920,6920,6920
data/brain_mri(clean_dataset)\train\pituitary\pituitary_02818.jpg,train,pituitary,Training/pituitary/Tr-pi_434.jpg,Training,512,512,7122,7122,5436
data/brain_mri(clean_dataset)\test\pituitary\pituitary_02819.jpg,test,pituitary,Training/pituitary/Tr-pi_435.jpg,Training,512,512,7158,7158,7078
data/brain_mri(clean_dataset)\test\pituitary\pituitary_02820.jpg,test,pituitary,Training/pituitary/Tr-pi_438.jpg,Training,512,512,4977,4977,4977
data/brain_mri(clean_dataset)\train\pituitary\pituitary_02821.jpg,train,pituitary,Training/pituitary/Tr-pi_439.jpg,Training,512,512,5015,5015,7105
data/brain_mri(clean_dataset)\test\pituitary\pituitary_02822.jpg,test,pituitary,Training/pituitary/Tr-pi_44.jpg,Training,512,512,6861,6984,7013
data/brain_mri(clean_dataset)\train\pituitary\pituitary_02823.jpg,train,pituitary,Training/pituitary/Tr-pi_440.jpg,Training,512,512,5068,5068,6964
data/brain_mri(clean_dataset)\train\pituitary\pituitary_02824.jpg,train,pituitary,Training/pituitary/Tr-pi_441.jpg,Training,1365,1365,4981,4981,4981
data/brain_mri(clean_dataset)\train\pituitary\pituitary_02825.jpg,train,pituitary,Training/pituitary/Tr-pi_443.jpg,Training,512,512,4983,4983,5554
data/brain_mri(clean_dataset)\train\pituitary\pituitary_02826.jpg,train,pituitary,Training/pituitary/Tr-pi_444.jpg,Training,512,512,5366,5366,7018
data/brain_mri(clean_dataset)\train\pituitary\pituitary_02827.jpg,train,pituitary,Training/pituitary/Tr-pi_445.jpg,Training,512,512,4985,5145,7127
data/brain_mri(clean_dataset)\train\pituitary\pituitary_02828.jpg,train,pituitary,Training/pituitary/Tr-pi_446.jpg,Training,512,512,5216,5216,6830
data/brain_mri(clean_dataset)\train\pituitary\pituitary_02829.jpg,train,pituitary,Training/pituitary/Tr-pi_447.jpg,Training,512,512,5328,5328,5328
data/brain_mri(clean_dataset)\train\pituitary\pituitary_02830.jpg,train,pituitary,Training/pituitary/Tr-pi_449.jpg,Training,512,512,4989,4989,5014
data/brain_mri(clean_dataset)\train\pituitary\pituitary_02831.jpg,train,pituitary,Training/pituitary/Tr-pi_45.jpg,Training,512,512,4990,4990,7065
data/brain_mri(clean_dataset)\train\pituitary\pituitary_02832.jpg,train,pituitary,Training/pituitary/Tr-pi_450.jpg,Training,512,512,5296,5296,5037
data/brain_mri(clean_dataset)\train\pituitary\pituitary_02833.jpg,train,pituitary,Training/pituitary/Tr-pi_451.jpg,Training,512,512,6891,6891,6891
data/brain_mri(clean_dataset)\train\pituitary\pituitary_02834.jpg,train,pituitary,Training/pituitary/Tr-pi_452.jpg,Training,512,512,4993,4993,4993
data/brain_mri(clean_dataset)\valid\pituitary\pituitary_02835.jpg,valid,pituitary,Training/pituitary/Tr-pi_454.jpg,Training,512,512,4995,4995,4995
data/brain_mri(clean_dataset)\train\pituitary\pituitary_02836.jpg,train,pituitary,Training/pituitary/Tr-pi_457.jpg,Training,512,512,4998,4998,4998
data/brain_mri(clean_dataset)\train\pituitary\pituitary_02837.jpg,train,pituitary,Training/pituitary/Tr-pi_458.jpg,Training,512,512,7159,7159,5348
data/brain_mri(clean_dataset)\train\pituitary\pituitary_02838.jpg,train,pituitary,Training/pituitary/Tr-pi_459.jpg,Training,512,512,6857,6857,7032
data/brain_mri(clean_dataset)\train\pituitary\pituitary_02839.jpg,train,pituitary,Training/pituitary/Tr-pi_46.jpg,Training,512,512,5001,5001,5178
data/brain_mri(clean_dataset)\test\pituitary\pituitary_02840.jpg,test,pituitary,Training/pituitary/Tr-pi_460.jpg,Training,512,512,6901,6901,7013
data/brain_mri(clean_dataset)\test\pituitary\pituitary_02841.jpg,test,pituitary,Training/pituitary/Tr-pi_463.jpg,Training,512,512,5005,5005,6921
data/brain_mri(clean_dataset)\train\pituitary\pituitary_02842.jpg,train,pituitary,Training/pituitary/Tr-pi_464.jpg,Training,512,512,6815,6815,6815
data/brain_mri(clean_dataset)\train\pituitary\pituitary_02843.jpg,train,pituitary,Training/pituitary/Tr-pi_467.jpg,Training,512,512,5009,5408,5408
data/brain_mri(clean_dataset)\train\pituitary\pituitary_02844.jpg,train,pituitary,Training/pituitary/Tr-pi_469.jpg,Training,512,512,7084,7084,5554
data/brain_mri(clean_dataset)\train\pituitary\pituitary_02845.jpg,train,pituitary,Training/pituitary/Tr-pi_47.jpg,Training,512,512,6918,6918,6918
data/brain_mri(clean_dataset)\train\pituitary\pituitary_02846.jpg,train,pituitary,Training/pituitary/Tr-pi_470.jpg,Training,512,512,5230,5230,6933
data/brain_mri(clean_dataset)\train\pituitary\pituitary_02847.jpg,train,pituitary,Training/pituitary/Tr-pi_471.jpg,Training,512,512,5014,5014,5014
data/brain_mri(clean_dataset)\train\pituitary\pituitary_02848.jpg,train,pituitary,Training/pituitary/Tr-pi_473.jpg,Training,512,512,5016,5016,5554
data/brain_mri(clean_dataset)\test\pituitary\pituitary_02849.jpg,test,pituitary,Training/pituitary/Tr-pi_474.jpg,Training,512,512,5017,5017,5017
data/brain_mri(clean_dataset)\test\pituitary\pituitary_02850.jpg,test,pituitary,Training/pituitary/Tr-pi_475.jpg,Training,512,512,5336,5336,5544
data/brain_mri(clean_dataset)\train\pituitary\pituitary_02851.jpg,train,pituitary,Training/pituitary/Tr-pi_477.jpg,Training,512,512,5020,5020,5020
data/brain_mri(clean_dataset)\train\pituitary\pituitary_02852.jpg,train,pituitary,Training/pituitary/Tr-pi_478.jpg,Training,512,512,6894,6894,6894
data/brain_mri(clean_dataset)\train\pituitary\pituitary_02853.jpg,train,pituitary,Training/pituitary/Tr-pi_480.jpg,Training,512,512,6804,6804,6951
data/brain_mri(clean_dataset)\train\pituitary\pituitary_02854.jpg,train,pituitary,Training/pituitary/Tr-pi_481.jpg,Training,512,512,5578,5578,5578
data/brain_mri(clean_dataset)\train\pituitary\pituitary_02855.jpg,train,pituitary,Training/pituitary/Tr-pi_483.jpg,Training,512,512,5027,5027,5027
data/brain_mri(clean_dataset)\train\pituitary\pituitary_02856.jpg,train,pituitary,Training/pituitary/Tr-pi_486.jpg,Training,512,512,5153,5153,5153
data/brain_mri(clean_dataset)\train\pituitary\pituitary_02857.jpg,train,pituitary,Training/pituitary/Tr-pi_488.jpg,Training,512,512,5032,5032,4512
data/brain_mri(clean_dataset)\test\pituitary\pituitary_02858.jpg,test,pituitary,Training/pituitary/Tr-pi_490.jpg,Training,512,512,7190,7190,7190
data/brain_mri(clean_dataset)\train\pituitary\pituitary_02859.jpg,train,pituitary,Training/pituitary/Tr-pi_492.jpg,Training,512,512,5037,5037,5037
data/brain_mri(clean_dataset)\train\pituitary\pituitary_02860.jpg,train,pituitary,Training/pituitary/Tr-pi_493.jpg,Training,512,512,5038,5038,5038
data/brain_mri(clean_dataset)\train\pituitary\pituitary_02861.jpg,train,pituitary,Training/pituitary/Tr-pi_494.jpg,Training,512,512,7006,7006,7006
data/brain_mri(clean_dataset)\test\pituitary\pituitary_02862.jpg,test,pituitary,Training/pituitary/Tr-pi_496.jpg,Training,512,512,5041,5041,6920
data/brain_mri(clean_dataset)\test\pituitary\pituitary_02863.jpg,test,pituitary,Training/pituitary/Tr-pi_50.jpg,Training,512,512,5046,5046,5046
data/brain_mri(clean_dataset)\train\pituitary\pituitary_02864.jpg,train,pituitary,Training/pituitary/Tr-pi_500.jpg,Training,512,512,5047,5201,5239
data/brain_mri(clean_dataset)\train\pituitary\pituitary_02865.jpg,train,pituitary,Training/pituitary/Tr-pi_501.jpg,Training,512,512,5048,5048,5048
data/brain_mri(clean_dataset)\train\pituitary\pituitary_02866.jpg,train,pituitary,Training/pituitary/Tr-pi_502.jpg,Training,512,512,5049,5049,5250
data/brain_mri(clean_dataset)\train\pituitary\pituitary_02867.jpg,train,pituitary,Training/pituitary/Tr-pi_505.jpg,Training,512,512,5327,5327,5436
data/brain_mri(clean_dataset)\train\pituitary\pituitary_02868.jpg,train,pituitary,Training/pituitary/Tr-pi_506.jpg,Training,474,474,5053,5053,5053
data/brain_mri(clean_dataset)\train\pituitary\pituitary_02869.jpg,train,pituitary,Training/pituitary/Tr-pi_507.jpg,Training,256,256,7155,7155,7155
data/brain_mri(clean_dataset)\valid\pituitary\pituitary_02870.jpg,valid,pituitary,Training/pituitary/Tr-pi_509.jpg,Training,512,512,5534,5534,5142
data/brain_mri(clean_dataset)\valid\pituitary\pituitary_02871.jpg,valid,pituitary,Training/pituitary/Tr-pi_51.jpg,Training,512,512,5057,5057,6936
data/brain_mri(clean_dataset)\train\pituitary\pituitary_02872.jpg,train,pituitary,Training/pituitary/Tr-pi_510.jpg,Training,512,512,6930,6930,7097
data/brain_mri(clean_dataset)\train\pituitary\pituitary_02873.jpg,train,pituitary,Training/pituitary/Tr-pi_513.jpg,Training,512,512,5061,5061,6951
data/brain_mri(clean_dataset)\test\pituitary\pituitary_02874.jpg,test,pituitary,Training/pituitary/Tr-pi_517.jpg,Training,512,512,5065,5065,7066
data/brain_mri(clean_dataset)\train\pituitary\pituitary_02875.jpg,train,pituitary,Training/pituitary/Tr-pi_523.jpg,Training,512,512,5072,5072,5072
data/brain_mri(clean_dataset)\train\pituitary\pituitary_02876.jpg,train,pituitary,Training/pituitary/Tr-pi_526.jpg,Training,512,512,5075,5075,5075
data/brain_mri(clean_dataset)\train\pituitary\pituitary_02877.jpg,train,pituitary,Training/pituitary/Tr-pi_53.jpg,Training,512,512,5079,5079,5324
data/brain_mri(clean_dataset)\train\pituitary\pituitary_02878.jpg,train,pituitary,Training/pituitary/Tr-pi_530.jpg,Training,512,512,5080,5080,5581
data/brain_mri(clean_dataset)\train\pituitary\pituitary_02879.jpg,train,pituitary,Training/pituitary/Tr-pi_532.jpg,Training,512,512,5082,5082,6877
data/brain_mri(clean_dataset)\train\pituitary\pituitary_02880.jpg,train,pituitary,Training/pituitary/Tr-pi_534.jpg,Training,512,512,5084,5084,6878
data/brain_mri(clean_dataset)\train\pituitary\pituitary_02881.jpg,train,pituitary,Training/pituitary/Tr-pi_535.jpg,Training,202,202,5085,5085,5085
data/brain_mri(clean_dataset)\train\pituitary\pituitary_02882.jpg,train,pituitary,Training/pituitary/Tr-pi_536.jpg,Training,512,512,5431,5431,7105
data/brain_mri(clean_dataset)\test\pituitary\pituitary_02883.jpg,test,pituitary,Training/pituitary/Tr-pi_537.jpg,Training,256,256,5378,5378,5378
data/brain_mri(clean_dataset)\train\pituitary\pituitary_02884.jpg,train,pituitary,Training/pituitary/Tr-pi_539.jpg,Training,512,512,6870,6870,6870
data/brain_mri(clean_dataset)\train\pituitary\pituitary_02885.jpg,train,pituitary,Training/pituitary/Tr-pi_54.jpg,Training,512,512,7165,7165,7165
data/brain_mri(clean_dataset)\test\pituitary\pituitary_02886.jpg,test,pituitary,Training/pituitary/Tr-pi_540.jpg,Training,512,512,5182,5182,5182
data/brain_mri(clean_dataset)\train\pituitary\pituitary_02887.jpg,train,pituitary,Training/pituitary/Tr-pi_541.jpg,Training,502,502,5557,5557,5557
data/brain_mri(clean_dataset)\valid\pituitary\pituitary_02888.jpg,valid,pituitary,Training/pituitary/Tr-pi_542.jpg,Training,225,225,5442,5442,5442
data/brain_mri(clean_dataset)\test\pituitary\pituitary_02889.jpg,test,pituitary,Training/pituitary/Tr-pi_543.jpg,Training,512,512,7087,7087,7087
data/brain_mri(clean_dataset)\train\pituitary\pituitary_02890.jpg,train,pituitary,Training/pituitary/Tr-pi_545.jpg,Training,512,512,6998,6998,7130
data/brain_mri(clean_dataset)\train\pituitary\pituitary_02891.jpg,train,pituitary,Training/pituitary/Tr-pi_546.jpg,Training,512,512,6863,6863,6863
data/brain_mri(clean_dataset)\train\pituitary\pituitary_02892.jpg,train,pituitary,Training/pituitary/Tr-pi_548.jpg,Training,512,512,5099,5099,7038
data/brain_mri(clean_dataset)\train\pituitary\pituitary_02893.jpg,train,pituitary,Training/pituitary/Tr-pi_549.jpg,Training,512,512,5269,5269,5152
data/brain_mri(clean_dataset)\valid\pituitary\pituitary_02894.jpg,valid,pituitary,Training/pituitary/Tr-pi_550.jpg,Training,512,512,7152,7153,7153
data/brain_mri(clean_dataset)\test\pituitary\pituitary_02895.jpg,test,pituitary,Training/pituitary/Tr-pi_551.jpg,Training,512,512,5169,5169,6920
data/brain_mri(clean_dataset)\valid\pituitary\pituitary_02896.jpg,valid,pituitary,Training/pituitary/Tr-pi_552.jpg,Training,512,512,5104,5104,6936
data/brain_mri(clean_dataset)\train\pituitary\pituitary_02897.jpg,train,pituitary,Training/pituitary/Tr-pi_553.jpg,Training,512,512,5105,5105,5372
data/brain_mri(clean_dataset)\test\pituitary\pituitary_02898.jpg,test,pituitary,Training/pituitary/Tr-pi_554.jpg,Training,512,512,5298,5298,6855
data/brain_mri(clean_dataset)\train\pituitary\pituitary_02899.jpg,train,pituitary,Training/pituitary/Tr-pi_556.jpg,Training,512,512,5108,5108,5472
data/brain_mri(clean_dataset)\train\pituitary\pituitary_02900.jpg,train,pituitary,Training/pituitary/Tr-pi_559.jpg,Training,512,512,5111,5111,7106
data/brain_mri(clean_dataset)\train\pituitary\pituitary_02901.jpg,train,pituitary,Training/pituitary/Tr-pi_561.jpg,Training,512,512,5187,5187,6950
data/brain_mri(clean_dataset)\train\pituitary\pituitary_02902.jpg,train,pituitary,Training/pituitary/Tr-pi_562.jpg,Training,512,512,5115,5115,5115
data/brain_mri(clean_dataset)\train\pituitary\pituitary_02903.jpg,train,pituitary,Training/pituitary/Tr-pi_563.jpg,Training,512,512,5116,5116,6907
data/brain_mri(clean_dataset)\train\pituitary\pituitary_02904.jpg,train,pituitary,Training/pituitary/Tr-pi_565.jpg,Training,512,512,5118,5118,5151
data/brain_mri(clean_dataset)\train\pituitary\pituitary_02905.jpg,train,pituitary,Training/pituitary/Tr-pi_566.jpg,Training,442,442,5119,5119,5119
data/brain_mri(clean_dataset)\train\pituitary\pituitary_02906.jpg,train,pituitary,Training/pituitary/Tr-pi_567.jpg,Training,512,512,5120,5120,7097
data/brain_mri(clean_dataset)\train\pituitary\pituitary_02907.jpg,train,pituitary,Training/pituitary/Tr-pi_568.jpg,Training,512,512,5121,5121,7097
data/brain_mri(clean_dataset)\valid\pituitary\pituitary_02908.jpg,valid,pituitary,Training/pituitary/Tr-pi_569.jpg,Training,512,512,5142,5142,5142
data/brain_mri(clean_dataset)\train\pituitary\pituitary_02909.jpg,train,pituitary,Training/pituitary/Tr-pi_571.jpg,Training,512,512,7010,7010,7010
data/brain_mri(clean_dataset)\test\pituitary\pituitary_02910.jpg,test,pituitary,Training/pituitary/Tr-pi_575.jpg,Training,512,512,6855,6855,6855
data/brain_mri(clean_dataset)\train\pituitary\pituitary_02911.jpg,train,pituitary,Training/pituitary/Tr-pi_576.jpg,Training,512,512,5539,5539,6923
data/brain_mri(clean_dataset)\valid\pituitary\pituitary_02912.jpg,valid,pituitary,Training/pituitary/Tr-pi_578.jpg,Training,512,512,7083,7083,7083
data/brain_mri(clean_dataset)\train\pituitary\pituitary_02913.jpg,train,pituitary,Training/pituitary/Tr-pi_579.jpg,Training,512,512,5133,5133,7127
data/brain_mri(clean_dataset)\train\pituitary\pituitary_02914.jpg,train,pituitary,Training/pituitary/Tr-pi_58.jpg,Training,512,512,5134,5134,5134
data/brain_mri(clean_dataset)\valid\pituitary\pituitary_02915.jpg,valid,pituitary,Training/pituitary/Tr-pi_581.jpg,Training,512,512,5136,5136,7186
data/brain_mri(clean_dataset)\train\pituitary\pituitary_02916.jpg,train,pituitary,Training/pituitary/Tr-pi_582.jpg,Training,512,512,5137,5137,5137
data/brain_mri(clean_dataset)\valid\pituitary\pituitary_02917.jpg,valid,pituitary,Training/pituitary/Tr-pi_584.jpg,Training,512,512,5139,5139,7083
data/brain_mri(clean_dataset)\test\pituitary\pituitary_02918.jpg,test,pituitary,Training/pituitary/Tr-pi_585.jpg,Training,512,512,5479,5479,6968
data/brain_mri(clean_dataset)\valid\pituitary\pituitary_02919.jpg,valid,pituitary,Training/pituitary/Tr-pi_586.jpg,Training,512,512,5141,5141,5278
data/brain_mri(clean_dataset)\train\pituitary\pituitary_02920.jpg,train,pituitary,Training/pituitary/Tr-pi_588.jpg,Training,512,512,5419,5419,5151
data/brain_mri(clean_dataset)\valid\pituitary\pituitary_02921.jpg,valid,pituitary,Training/pituitary/Tr-pi_589.jpg,Training,256,256,5237,5237,5237
data/brain_mri(clean_dataset)\train\pituitary\pituitary_02922.jpg,train,pituitary,Training/pituitary/Tr-pi_59.jpg,Training,512,512,5145,5145,7127
data/brain_mri(clean_dataset)\train\pituitary\pituitary_02923.jpg,train,pituitary,Training/pituitary/Tr-pi_590.jpg,Training,512,512,5146,5146,7170
data/brain_mri(clean_dataset)\train\pituitary\pituitary_02924.jpg,train,pituitary,Training/pituitary/Tr-pi_591.jpg,Training,512,512,5151,5151,5151
data/brain_mri(clean_dataset)\train\pituitary\pituitary_02925.jpg,train,pituitary,Training/pituitary/Tr-pi_593.jpg,Training,512,512,7098,7098,7093
data/brain_mri(clean_dataset)\train\pituitary\pituitary_02926.jpg,train,pituitary,Training/pituitary/Tr-pi_594.jpg,Training,512,512,5150,5150,7106
data/brain_mri(clean_dataset)\train\pituitary\pituitary_02927.jpg,train,pituitary,Training/pituitary/Tr-pi_598.jpg,Training,512,512,6950,6950,6950
data/brain_mri(clean_dataset)\train\pituitary\pituitary_02928.jpg,train,pituitary,Training/pituitary/Tr-pi_599.jpg,Training,512,512,7049,7049,7049
data/brain_mri(clean_dataset)\test\pituitary\pituitary_02929.jpg,test,pituitary,Training/pituitary/Tr-pi_6.jpg,Training,512,512,5156,5156,6926
data/brain_mri(clean_dataset)\train\pituitary\pituitary_02930.jpg,train,pituitary,Training/pituitary/Tr-pi_600.jpg,Training,512,512,6903,6903,6903
data/brain_mri(clean_dataset)\train\pituitary\pituitary_02931.jpg,train,pituitary,Training/pituitary/Tr-pi_601.jpg,Training,512,512,5159,5159,7185
data/brain_mri(clean_dataset)\train\pituitary\pituitary_02932.jpg,train,pituitary,Training/pituitary/Tr-pi_602.jpg,Training,512,512,6914,6914,7021
data/brain_mri(clean_dataset)\train\pituitary\pituitary_02933.jpg,train,pituitary,Training/pituitary/Tr-pi_605.jpg,Training,512,512,5163,5163,7114
data/brain_mri(clean_dataset)\train\pituitary\pituitary_02934.jpg,train,pituitary,Training/pituitary/Tr-pi_606.jpg,Training,512,512,7028,7028,7121
data/brain_mri(clean_dataset)\test\pituitary\pituitary_02935.jpg,test,pituitary,Training/pituitary/Tr-pi_607.jpg,Training,512,512,6816,6816,7078
data/brain_mri(clean_dataset)\train\pituitary\pituitary_02936.jpg,train,pituitary,Training/pituitary/Tr-pi_608.jpg,Training,512,512,6819,6819,7054
data/brain_mri(clean_dataset)\train\pituitary\pituitary_02937.jpg,train,pituitary,Training/pituitary/Tr-pi_609.jpg,Training,512,512,5167,5167,7097
data/brain_mri(clean_dataset)\train\pituitary\pituitary_02938.jpg,train,pituitary,Training/pituitary/Tr-pi_61.jpg,Training,512,512,5168,5168,5168
data/brain_mri(clean_dataset)\test\pituitary\pituitary_02939.jpg,test,pituitary,Training/pituitary/Tr-pi_612.jpg,Training,256,256,7196,7196,7196
data/brain_mri(clean_dataset)\train\pituitary\pituitary_02940.jpg,train,pituitary,Training/pituitary/Tr-pi_617.jpg,Training,512,512,5176,5176,5176
data/brain_mri(clean_dataset)\train\pituitary\pituitary_02941.jpg,train,pituitary,Training/pituitary/Tr-pi_618.jpg,Training,512,512,5177,5177,5580
data/brain_mri(clean_dataset)\train\pituitary\pituitary_02942.jpg,train,pituitary,Training/pituitary/Tr-pi_619.jpg,Training,512,512,5178,5178,5178
data/brain_mri(clean_dataset)\train\pituitary\pituitary_02943.jpg,train,pituitary,Training/pituitary/Tr-pi_62.jpg,Training,512,512,6805,6805,6894
data/brain_mri(clean_dataset)\train\pituitary\pituitary_02944.jpg,train,pituitary,Training/pituitary/Tr-pi_623.jpg,Training,512,512,5574,5574,5574
data/brain_mri(clean_dataset)\train\pituitary\pituitary_02945.jpg,train,pituitary,Training/pituitary/Tr-pi_624.jpg,Training,512,512,5184,5564,6873
data/brain_mri(clean_dataset)\train\pituitary\pituitary_02946.jpg,train,pituitary,Training/pituitary/Tr-pi_625.jpg,Training,512,512,5185,5185,5185
data/brain_mri(clean_dataset)\train\pituitary\pituitary_02947.jpg,train,pituitary,Training/pituitary/Tr-pi_626.jpg,Training,512,512,6992,6992,6992
data/brain_mri(clean_dataset)\valid\pituitary\pituitary_02948.jpg,valid,pituitary,Training/pituitary/Tr-pi_629.jpg,Training,512,512,5189,5189,7125
data/brain_mri(clean_dataset)\train\pituitary\pituitary_02949.jpg,train,pituitary,Training/pituitary/Tr-pi_63.jpg,Training,512,512,7026,7026,7143
data/brain_mri(clean_dataset)\valid\pituitary\pituitary_02950.jpg,valid,pituitary,Training/pituitary/Tr-pi_632.jpg,Training,512,512,5193,5193,5278
data/brain_mri(clean_dataset)\train\pituitary\pituitary_02951.jpg,train,pituitary,Training/pituitary/Tr-pi_635.jpg,Training,512,512,5235,5235,7136
data/brain_mri(clean_dataset)\valid\pituitary\pituitary_02952.jpg,valid,pituitary,Training/pituitary/Tr-pi_636.jpg,Training,512,512,5197,5197,5197
data/brain_mri(clean_dataset)\train\pituitary\pituitary_02953.jpg,train,pituitary,Training/pituitary/Tr-pi_637.jpg,Training,512,512,5198,5198,7170
data/brain_mri(clean_dataset)\train\pituitary\pituitary_02954.jpg,train,pituitary,Training/pituitary/Tr-pi_638.jpg,Training,512,512,6924,6924,7021
data/brain_mri(clean_dataset)\train\pituitary\pituitary_02955.jpg,train,pituitary,Training/pituitary/Tr-pi_639.jpg,Training,512,512,5229,5229,5229
data/brain_mri(clean_dataset)\valid\pituitary\pituitary_02956.jpg,valid,pituitary,Training/pituitary/Tr-pi_640.jpg,Training,512,512,7186,7186,7186
data/brain_mri(clean_dataset)\train\pituitary\pituitary_02957.jpg,train,pituitary,Training/pituitary/Tr-pi_641.jpg,Training,512,512,5203,5203,6859
data/brain_mri(clean_dataset)\train\pituitary\pituitary_02958.jpg,train,pituitary,Training/pituitary/Tr-pi_642.jpg,Training,512,512,6981,6981,7121
data/brain_mri(clean_dataset)\train\pituitary\pituitary_02959.jpg,train,pituitary,Training/pituitary/Tr-pi_644.jpg,Training,512,512,5206,5206,7058
data/brain_mri(clean_dataset)\train\pituitary\pituitary_02960.jpg,train,pituitary,Training/pituitary/Tr-pi_646.jpg,Training,512,512,5208,5208,5208
data/brain_mri(clean_dataset)\train\pituitary\pituitary_02961.jpg,train,pituitary,Training/pituitary/Tr-pi_647.jpg,Training,512,512,7101,7101,4512
data/brain_mri(clean_dataset)\valid\pituitary\pituitary_02962.jpg,valid,pituitary,Training/pituitary/Tr-pi_648.jpg,Training,512,512,5210,5210,5210
data/brain_mri(clean_dataset)\valid\pituitary\pituitary_02963.jpg,valid,pituitary,Training/pituitary/Tr-pi_649.jpg,Training,512,512,5211,5211,7171
data/brain_mri(clean_dataset)\train\pituitary\pituitary_02964.jpg,train,pituitary,Training/pituitary/Tr-pi_65.jpg,Training,512,512,5343,5343,5343
data/brain_mri(clean_dataset)\train\pituitary\pituitary_02965.jpg,train,pituitary,Training/pituitary/Tr-pi_650.jpg,Training,512,512,6995,6995,6999
data/brain_mri(clean_dataset)\test\pituitary\pituitary_02966.jpg,test,pituitary,Training/pituitary/Tr-pi_652.jpg,Training,512,512,6825,6825,5544
data/brain_mri(clean_dataset)\train\pituitary\pituitary_02967.jpg,train,pituitary,Training/pituitary/Tr-pi_656.jpg,Training,512,512,5219,5219,5219
data/brain_mri(clean_dataset)\train\pituitary\pituitary_02968.jpg,train,pituitary,Training/pituitary/Tr-pi_658.jpg,Training,512,512,5262,5262,6907
data/brain_mri(clean_dataset)\train\pituitary\pituitary_02969.jpg,train,pituitary,Training/pituitary/Tr-pi_659.jpg,Training,512,512,5222,5222,5472
data/brain_mri(clean_dataset)\valid\pituitary\pituitary_02970.jpg,valid,pituitary,Training/pituitary/Tr-pi_663.jpg,Training,512,512,7153,7153,7153
data/brain_mri(clean_dataset)\train\pituitary\pituitary_02971.jpg,train,pituitary,Training/pituitary/Tr-pi_669.jpg,Training,512,512,5233,6839,6839
data/brain_mri(clean_dataset)\train\pituitary\pituitary_02972.jpg,train,pituitary,Training/pituitary/Tr-pi_671.jpg,Training,512,512,7082,7082,7082
data/brain_mri(clean_dataset)\train\pituitary\pituitary_02973.jpg,train,pituitary,Training/pituitary/Tr-pi_674.jpg,Training,512,512,5239,5239,5239
data/brain_mri(clean_dataset)\train\pituitary\pituitary_02974.jpg,train,pituitary,Training/pituitary/Tr-pi_676.jpg,Training,512,512,6838,6838,6838
data/brain_mri(clean_dataset)\valid\pituitary\pituitary_02975.jpg,valid,pituitary,Training/pituitary/Tr-pi_677.jpg,Training,512,512,5242,5242,7040
data/brain_mri(clean_dataset)\valid\pituitary\pituitary_02976.jpg,valid,pituitary,Training/pituitary/Tr-pi_678.jpg,Training,512,512,5243,5243,7176
data/brain_mri(clean_dataset)\train\pituitary\pituitary_02977.jpg,train,pituitary,Training/pituitary/Tr-pi_679.jpg,Training,512,512,5244,5244,6923
data/brain_mri(clean_dataset)\train\pituitary\pituitary_02978.jpg,train,pituitary,Training/pituitary/Tr-pi_68.jpg,Training,512,512,5245,5245,5245
data/brain_mri(clean_dataset)\test\pituitary\pituitary_02979.jpg,test,pituitary,Training/pituitary/Tr-pi_681.jpg,Training,512,512,5247,5247,6834
data/brain_mri(clean_dataset)\test\pituitary\pituitary_02980.jpg,test,pituitary,Training/pituitary/Tr-pi_683.jpg,Training,512,512,7167,7167,7013
data/brain_mri(clean_dataset)\train\pituitary\pituitary_02981.jpg,train,pituitary,Training/pituitary/Tr-pi_685.jpg,Training,512,512,7029,7029,6852
data/brain_mri(clean_dataset)\train\pituitary\pituitary_02982.jpg,train,pituitary,Training/pituitary/Tr-pi_686.jpg,Training,512,512,7018,7018,7018
data/brain_mri(clean_dataset)\train\pituitary\pituitary_02983.jpg,train,pituitary,Training/pituitary/Tr-pi_687.jpg,Training,512,512,5253,5253,5581
data/brain_mri(clean_dataset)\train\pituitary\pituitary_02984.jpg,train,pituitary,Training/pituitary/Tr-pi_688.jpg,Training,512,512,5254,5254,5554
data/brain_mri(clean_dataset)\train\pituitary\pituitary_02985.jpg,train,pituitary,Training/pituitary/Tr-pi_689.jpg,Training,512,512,5255,5255,5229
data/brain_mri(clean_dataset)\train\pituitary\pituitary_02986.jpg,train,pituitary,Training/pituitary/Tr-pi_69.jpg,Training,512,512,5256,5256,5487
data/brain_mri(clean_dataset)\train\pituitary\pituitary_02987.jpg,train,pituitary,Training/pituitary/Tr-pi_693.jpg,Training,512,512,5260,5260,6897
data/brain_mri(clean_dataset)\train\pituitary\pituitary_02988.jpg,train,pituitary,Training/pituitary/Tr-pi_694.jpg,Training,512,512,5261,5261,5261
data/brain_mri(clean_dataset)\train\pituitary\pituitary_02989.jpg,train,pituitary,Training/pituitary/Tr-pi_696.jpg,Training,512,512,6827,6827,7143
data/brain_mri(clean_dataset)\train\pituitary\pituitary_02990.jpg,train,pituitary,Training/pituitary/Tr-pi_697.jpg,Training,512,512,6859,6859,6859
data/brain_mri(clean_dataset)\train\pituitary\pituitary_02991.jpg,train,pituitary,Training/pituitary/Tr-pi_699.jpg,Training,512,512,7008,7008,7114
data/brain_mri(clean_dataset)\train\pituitary\pituitary_02992.jpg,train,pituitary,Training/pituitary/Tr-pi_7.jpg,Training,512,512,5267,5267,4939
data/brain_mri(clean_dataset)\train\pituitary\pituitary_02993.jpg,train,pituitary,Training/pituitary/Tr-pi_70.jpg,Training,512,512,6986,6986,6986
data/brain_mri(clean_dataset)\train\pituitary\pituitary_02994.jpg,train,pituitary,Training/pituitary/Tr-pi_701.jpg,Training,512,512,6979,6979,7093
data/brain_mri(clean_dataset)\train\pituitary\pituitary_02995.jpg,train,pituitary,Training/pituitary/Tr-pi_702.jpg,Training,512,512,5271,5271,5271
data/brain_mri(clean_dataset)\train\pituitary\pituitary_02996.jpg,train,pituitary,Training/pituitary/Tr-pi_703.jpg,Training,512,512,5517,5517,5517
data/brain_mri(clean_dataset)\valid\pituitary\pituitary_02997.jpg,valid,pituitary,Training/pituitary/Tr-pi_709.jpg,Training,512,512,5278,5278,5278
data/brain_mri(clean_dataset)\test\pituitary\pituitary_02998.jpg,test,pituitary,Training/pituitary/Tr-pi_71.jpg,Training,512,512,5279,5279,5279
data/brain_mri(clean_dataset)\valid\pituitary\pituitary_02999.jpg,valid,pituitary,Training/pituitary/Tr-pi_711.jpg,Training,512,512,5281,5281,7186
data/brain_mri(clean_dataset)\train\pituitary\pituitary_03000.jpg,train,pituitary,Training/pituitary/Tr-pi_715.jpg,Training,512,512,5285,5285,5285
data/brain_mri(clean_dataset)\valid\pituitary\pituitary_03001.jpg,valid,pituitary,Training/pituitary/Tr-pi_716.jpg,Training,512,512,5286,5286,4995
data/brain_mri(clean_dataset)\train\pituitary\pituitary_03002.jpg,train,pituitary,Training/pituitary/Tr-pi_717.jpg,Training,512,512,6923,6923,6923
data/brain_mri(clean_dataset)\train\pituitary\pituitary_03003.jpg,train,pituitary,Training/pituitary/Tr-pi_718.jpg,Training,512,512,5288,5288,7018
data/brain_mri(clean_dataset)\train\pituitary\pituitary_03004.jpg,train,pituitary,Training/pituitary/Tr-pi_72.jpg,Training,512,512,5290,5290,7170
data/brain_mri(clean_dataset)\train\pituitary\pituitary_03005.jpg,train,pituitary,Training/pituitary/Tr-pi_720.jpg,Training,512,512,5291,5291,6845
data/brain_mri(clean_dataset)\valid\pituitary\pituitary_03006.jpg,valid,pituitary,Training/pituitary/Tr-pi_722.jpg,Training,512,512,5293,5293,5293
data/brain_mri(clean_dataset)\train\pituitary\pituitary_03007.jpg,train,pituitary,Training/pituitary/Tr-pi_723.jpg,Training,512,512,5294,5294,4896
data/brain_mri(clean_dataset)\train\pituitary\pituitary_03008.jpg,train,pituitary,Training/pituitary/Tr-pi_726.jpg,Training,512,512,6867,6867,7121
data/brain_mri(clean_dataset)\train\pituitary\pituitary_03009.jpg,train,pituitary,Training/pituitary/Tr-pi_728.jpg,Training,512,512,5299,5299,5299
data/brain_mri(clean_dataset)\valid\pituitary\pituitary_03010.jpg,valid,pituitary,Training/pituitary/Tr-pi_73.jpg,Training,512,512,5301,5301,5301
data/brain_mri(clean_dataset)\train\pituitary\pituitary_03011.jpg,train,pituitary,Training/pituitary/Tr-pi_730.jpg,Training,512,512,5432,6839,6839
data/brain_mri(clean_dataset)\train\pituitary\pituitary_03012.jpg,train,pituitary,Training/pituitary/Tr-pi_731.jpg,Training,512,512,5303,7192,7192
data/brain_mri(clean_dataset)\train\pituitary\pituitary_03013.jpg,train,pituitary,Training/pituitary/Tr-pi_732.jpg,Training,512,512,5558,5558,6964
data/brain_mri(clean_dataset)\train\pituitary\pituitary_03014.jpg,train,pituitary,Training/pituitary/Tr-pi_733.jpg,Training,512,512,5305,5305,7106
data/brain_mri(clean_dataset)\valid\pituitary\pituitary_03015.jpg,valid,pituitary,Training/pituitary/Tr-pi_734.jpg,Training,512,512,5306,5306,7040
data/brain_mri(clean_dataset)\test\pituitary\pituitary_03016.jpg,test,pituitary,Training/pituitary/Tr-pi_735.jpg,Training,512,512,5307,5307,6855
data/brain_mri(clean_dataset)\test\pituitary\pituitary_03017.jpg,test,pituitary,Training/pituitary/Tr-pi_736.jpg,Training,512,512,6833,6833,6834
data/brain_mri(clean_dataset)\train\pituitary\pituitary_03018.jpg,train,pituitary,Training/pituitary/Tr-pi_739.jpg,Training,512,512,5311,5311,5311
data/brain_mri(clean_dataset)\train\pituitary\pituitary_03019.jpg,train,pituitary,Training/pituitary/Tr-pi_740.jpg,Training,512,512,5313,5313,7185
data/brain_mri(clean_dataset)\valid\pituitary\pituitary_03020.jpg,valid,pituitary,Training/pituitary/Tr-pi_741.jpg,Training,512,512,5314,5314,7163
data/brain_mri(clean_dataset)\valid\pituitary\pituitary_03021.jpg,valid,pituitary,Training/pituitary/Tr-pi_742.jpg,Training,512,512,5315,5315,5293
data/brain_mri(clean_dataset)\test\pituitary\pituitary_03022.jpg,test,pituitary,Training/pituitary/Tr-pi_743.jpg,Training,512,512,5316,5316,4694
data/brain_mri(clean_dataset)\valid\pituitary\pituitary_03023.jpg,valid,pituitary,Training/pituitary/Tr-pi_744.jpg,Training,512,512,7069,7069,7184
data/brain_mri(clean_dataset)\train\pituitary\pituitary_03024.jpg,train,pituitary,Training/pituitary/Tr-pi_746.jpg,Training,512,512,5319,6857,7032
data/brain_mri(clean_dataset)\train\pituitary\pituitary_03025.jpg,train,pituitary,Training/pituitary/Tr-pi_747.jpg,Training,512,512,5320,5320,6933
data/brain_mri(clean_dataset)\train\pituitary\pituitary_03026.jpg,train,pituitary,Training/pituitary/Tr-pi_748.jpg,Training,512,512,5321,5321,7019
data/brain_mri(clean_dataset)\test\pituitary\pituitary_03027.jpg,test,pituitary,Training/pituitary/Tr-pi_749.jpg,Training,512,512,7056,7056,7193
data/brain_mri(clean_dataset)\train\pituitary\pituitary_03028.jpg,train,pituitary,Training/pituitary/Tr-pi_751.jpg,Training,512,512,5325,5325,6933
data/brain_mri(clean_dataset)\train\pituitary\pituitary_03029.jpg,train,pituitary,Training/pituitary/Tr-pi_755.jpg,Training,512,512,7044,7044,7044
data/brain_mri(clean_dataset)\train\pituitary\pituitary_03030.jpg,train,pituitary,Training/pituitary/Tr-pi_757.jpg,Training,512,512,5331,5331,5331
data/brain_mri(clean_dataset)\train\pituitary\pituitary_03031.jpg,train,pituitary,Training/pituitary/Tr-pi_758.jpg,Training,512,512,5332,5332,5348
data/brain_mri(clean_dataset)\train\pituitary\pituitary_03032.jpg,train,pituitary,Training/pituitary/Tr-pi_76.jpg,Training,512,512,7061,7061,7061
data/brain_mri(clean_dataset)\test\pituitary\pituitary_03033.jpg,test,pituitary,Training/pituitary/Tr-pi_760.jpg,Training,512,512,7102,7102,6834
data/brain_mri(clean_dataset)\train\pituitary\pituitary_03034.jpg,train,pituitary,Training/pituitary/Tr-pi_764.jpg,Training,512,512,5339,5339,7151
data/brain_mri(clean_dataset)\train\pituitary\pituitary_03035.jpg,train,pituitary,Training/pituitary/Tr-pi_767.jpg,Training,512,512,5342,5342,6952
data/brain_mri(clean_dataset)\train\pituitary\pituitary_03036.jpg,train,pituitary,Training/pituitary/Tr-pi_769.jpg,Training,512,512,5344,7009,7114
data/brain_mri(clean_dataset)\train\pituitary\pituitary_03037.jpg,train,pituitary,Training/pituitary/Tr-pi_771.jpg,Training,512,512,7002,7002,7002
data/brain_mri(clean_dataset)\valid\pituitary\pituitary_03038.jpg,valid,pituitary,Training/pituitary/Tr-pi_774.jpg,Training,512,512,6913,6913,6913
data/brain_mri(clean_dataset)\train\pituitary\pituitary_03039.jpg,train,pituitary,Training/pituitary/Tr-pi_777.jpg,Training,512,512,5353,5353,7018
data/brain_mri(clean_dataset)\train\pituitary\pituitary_03040.jpg,train,pituitary,Training/pituitary/Tr-pi_779.jpg,Training,512,512,5561,5561,6878
data/brain_mri(clean_dataset)\valid\pituitary\pituitary_03041.jpg,valid,pituitary,Training/pituitary/Tr-pi_78.jpg,Training,512,512,7135,7135,5293
data/brain_mri(clean_dataset)\test\pituitary\pituitary_03042.jpg,test,pituitary,Training/pituitary/Tr-pi_781.jpg,Training,512,512,5490,5490,5490
data/brain_mri(clean_dataset)\valid\pituitary\pituitary_03043.jpg,valid,pituitary,Training/pituitary/Tr-pi_784.jpg,Training,512,512,6934,6934,7184
data/brain_mri(clean_dataset)\train\pituitary\pituitary_03044.jpg,train,pituitary,Training/pituitary/Tr-pi_785.jpg,Training,512,512,5362,5362,5362
data/brain_mri(clean_dataset)\test\pituitary\pituitary_03045.jpg,test,pituitary,Training/pituitary/Tr-pi_786.jpg,Training,512,512,5363,5363,5400
data/brain_mri(clean_dataset)\valid\pituitary\pituitary_03046.jpg,valid,pituitary,Training/pituitary/Tr-pi_787.jpg,Training,512,512,6954,6954,6954
data/brain_mri(clean_dataset)\train\pituitary\pituitary_03047.jpg,train,pituitary,Training/pituitary/Tr-pi_788.jpg,Training,512,512,5365,5365,7191
data/brain_mri(clean_dataset)\test\pituitary\pituitary_03048.jpg,test,pituitary,Training/pituitary/Tr-pi_79.jpg,Training,512,512,5367,5367,6969
data/brain_mri(clean_dataset)\train\pituitary\pituitary_03049.jpg,train,pituitary,Training/pituitary/Tr-pi_790.jpg,Training,512,512,7121,7121,7121
data/brain_mri(clean_dataset)\train\pituitary\pituitary_03050.jpg,train,pituitary,Training/pituitary/Tr-pi_791.jpg,Training,512,512,5369,5369,5576
data/brain_mri(clean_dataset)\train\pituitary\pituitary_03051.jpg,train,pituitary,Training/pituitary/Tr-pi_792.jpg,Training,512,512,6848,6848,6848
data/brain_mri(clean_dataset)\train\pituitary\pituitary_03052.jpg,train,pituitary,Training/pituitary/Tr-pi_795.jpg,Training,512,512,5373,5373,6960
data/brain_mri(clean_dataset)\train\pituitary\pituitary_03053.jpg,train,pituitary,Training/pituitary/Tr-pi_796.jpg,Training,512,512,5374,5374,5229
data/brain_mri(clean_dataset)\train\pituitary\pituitary_03054.jpg,train,pituitary,Training/pituitary/Tr-pi_797.jpg,Training,512,512,5375,5375,7127
data/brain_mri(clean_dataset)\train\pituitary\pituitary_03055.jpg,train,pituitary,Training/pituitary/Tr-pi_798.jpg,Training,512,512,5376,5376,5376
data/brain_mri(clean_dataset)\train\pituitary\pituitary_03056.jpg,train,pituitary,Training/pituitary/Tr-pi_799.jpg,Training,512,512,5377,5377,4512
data/brain_mri(clean_dataset)\test\pituitary\pituitary_03057.jpg,test,pituitary,Training/pituitary/Tr-pi_80.jpg,Training,512,512,5379,5379,6921
data/brain_mri(clean_dataset)\train\pituitary\pituitary_03058.jpg,train,pituitary,Training/pituitary/Tr-pi_801.jpg,Training,512,512,5381,5408,5408
data/brain_mri(clean_dataset)\test\pituitary\pituitary_03059.jpg,test,pituitary,Training/pituitary/Tr-pi_803.jpg,Training,512,512,5383,5383,6834
data/brain_mri(clean_dataset)\test\pituitary\pituitary_03060.jpg,test,pituitary,Training/pituitary/Tr-pi_804.jpg,Training,512,512,5384,5384,6841
data/brain_mri(clean_dataset)\valid\pituitary\pituitary_03061.jpg,valid,pituitary,Training/pituitary/Tr-pi_805.jpg,Training,442,442,5465,5465,5465
data/brain_mri(clean_dataset)\train\pituitary\pituitary_03062.jpg,train,pituitary,Training/pituitary/Tr-pi_807.jpg,Training,512,512,5436,5436,5436
data/brain_mri(clean_dataset)\train\pituitary\pituitary_03063.jpg,train,pituitary,Training/pituitary/Tr-pi_809.jpg,Training,512,512,6882,6882,7121
data/brain_mri(clean_dataset)\train\pituitary\pituitary_03064.jpg,train,pituitary,Training/pituitary/Tr-pi_81.jpg,Training,512,512,5475,5475,7114
data/brain_mri(clean_dataset)\valid\pituitary\pituitary_03065.jpg,valid,pituitary,Training/pituitary/Tr-pi_811.jpg,Training,512,512,5392,5392,6905
data/brain_mri(clean_dataset)\train\pituitary\pituitary_03066.jpg,train,pituitary,Training/pituitary/Tr-pi_814.jpg,Training,512,512,7145,7145,7149
data/brain_mri(clean_dataset)\valid\pituitary\pituitary_03067.jpg,valid,pituitary,Training/pituitary/Tr-pi_816.jpg,Training,512,512,5397,5397,7163
data/brain_mri(clean_dataset)\train\pituitary\pituitary_03068.jpg,train,pituitary,Training/pituitary/Tr-pi_817.jpg,Training,512,512,7149,7149,7149
data/brain_mri(clean_dataset)\train\pituitary\pituitary_03069.jpg,train,pituitary,Training/pituitary/Tr-pi_818.jpg,Training,512,512,5399,5399,7127
data/brain_mri(clean_dataset)\test\pituitary\pituitary_03070.jpg,test,pituitary,Training/pituitary/Tr-pi_819.jpg,Training,512,512,5400,5400,5400
data/brain_mri(clean_dataset)\train\pituitary\pituitary_03071.jpg,train,pituitary,Training/pituitary/Tr-pi_82.jpg,Training,512,512,5401,5401,5401
data/brain_mri(clean_dataset)\train\pituitary\pituitary_03072.jpg,train,pituitary,Training/pituitary/Tr-pi_820.jpg,Training,512,512,5402,5402,5402
data/brain_mri(clean_dataset)\valid\pituitary\pituitary_03073.jpg,valid,pituitary,Training/pituitary/Tr-pi_821.jpg,Training,512,512,5403,5403,7163
data/brain_mri(clean_dataset)\valid\pituitary\pituitary_03074.jpg,valid,pituitary,Training/pituitary/Tr-pi_822.jpg,Training,512,512,5404,5404,6945
data/brain_mri(clean_dataset)\train\pituitary\pituitary_03075.jpg,train,pituitary,Training/pituitary/Tr-pi_823.jpg,Training,512,512,5405,5405,6844
data/brain_mri(clean_dataset)\train\pituitary\pituitary_03076.jpg,train,pituitary,Training/pituitary/Tr-pi_824.jpg,Training,512,512,5406,5406,7127
data/brain_mri(clean_dataset)\train\pituitary\pituitary_03077.jpg,train,pituitary,Training/pituitary/Tr-pi_825.jpg,Training,512,512,5407,5407,7120
data/brain_mri(clean_dataset)\test\pituitary\pituitary_03078.jpg,test,pituitary,Training/pituitary/Tr-pi_829.jpg,Training,512,512,7041,7041,7041
data/brain_mri(clean_dataset)\train\pituitary\pituitary_03079.jpg,train,pituitary,Training/pituitary/Tr-pi_83.jpg,Training,512,512,5412,5412,7170
data/brain_mri(clean_dataset)\train\pituitary\pituitary_03080.jpg,train,pituitary,Training/pituitary/Tr-pi_830.jpg,Training,512,512,5508,5508,7060
data/brain_mri(clean_dataset)\train\pituitary\pituitary_03081.jpg,train,pituitary,Training/pituitary/Tr-pi_831.jpg,Training,512,512,5414,5408,5408
data/brain_mri(clean_dataset)\test\pituitary\pituitary_03082.jpg,test,pituitary,Training/pituitary/Tr-pi_833.jpg,Training,512,512,7031,7031,7078
data/brain_mri(clean_dataset)\test\pituitary\pituitary_03083.jpg,test,pituitary,Training/pituitary/Tr-pi_837.jpg,Training,512,512,7078,7078,7078
data/brain_mri(clean_dataset)\train\pituitary\pituitary_03084.jpg,train,pituitary,Training/pituitary/Tr-pi_838.jpg,Training,512,512,5421,5421,6829
data/brain_mri(clean_dataset)\valid\pituitary\pituitary_03085.jpg,valid,pituitary,Training/pituitary/Tr-pi_84.jpg,Training,256,256,5423,5423,5423
data/brain_mri(clean_dataset)\train\pituitary\pituitary_03086.jpg,train,pituitary,Training/pituitary/Tr-pi_840.jpg,Training,512,512,5487,5487,5487
data/brain_mri(clean_dataset)\train\pituitary\pituitary_03087.jpg,train,pituitary,Training/pituitary/Tr-pi_842.jpg,Training,512,512,6866,6866,6866
data/brain_mri(clean_dataset)\train\pituitary\pituitary_03088.jpg,train,pituitary,Training/pituitary/Tr-pi_843.jpg,Training,512,512,7140,7140,7121
data/brain_mri(clean_dataset)\train\pituitary\pituitary_03089.jpg,train,pituitary,Training/pituitary/Tr-pi_846.jpg,Training,512,512,6850,5564,6873
data/brain_mri(clean_dataset)\train\pituitary\pituitary_03090.jpg,train,pituitary,Training/pituitary/Tr-pi_85.jpg,Training,512,512,7076,7076,7076
data/brain_mri(clean_dataset)\train\pituitary\pituitary_03091.jpg,train,pituitary,Training/pituitary/Tr-pi_850.jpg,Training,512,512,5435,5435,5494
data/brain_mri(clean_dataset)\test\pituitary\pituitary_03092.jpg,test,pituitary,Training/pituitary/Tr-pi_852.jpg,Training,512,512,7067,7067,7067
data/brain_mri(clean_dataset)\train\pituitary\pituitary_03093.jpg,train,pituitary,Training/pituitary/Tr-pi_853.jpg,Training,360,378,5438,5438,5438
data/brain_mri(clean_dataset)\test\pituitary\pituitary_03094.jpg,test,pituitary,Training/pituitary/Tr-pi_854.jpg,Training,512,512,5439,5439,5439
data/brain_mri(clean_dataset)\test\pituitary\pituitary_03095.jpg,test,pituitary,Training/pituitary/Tr-pi_855.jpg,Training,512,512,5440,5440,5440
data/brain_mri(clean_dataset)\train\pituitary\pituitary_03096.jpg,train,pituitary,Training/pituitary/Tr-pi_856.jpg,Training,512,512,5441,5441,6960
data/brain_mri(clean_dataset)\train\pituitary\pituitary_03097.jpg,train,pituitary,Training/pituitary/Tr-pi_858.jpg,Training,512,512,5443,5443,5580
data/brain_mri(clean_dataset)\train\pituitary\pituitary_03098.jpg,train,pituitary,Training/pituitary/Tr-pi_860.jpg,Training,512,512,6990,6990,7149
data/brain_mri(clean_dataset)\train\pituitary\pituitary_03099.jpg,train,pituitary,Training/pituitary/Tr-pi_862.jpg,Training,512,512,5448,5448,5448
data/brain_mri(clean_dataset)\train\pituitary\pituitary_03100.jpg,train,pituitary,Training/pituitary/Tr-pi_865.jpg,Training,512,512,7058,7058,7058
data/brain_mri(clean_dataset)\test\pituitary\pituitary_03101.jpg,test,pituitary,Training/pituitary/Tr-pi_867.jpg,Training,512,512,5453,5453,6841
data/brain_mri(clean_dataset)\train\pituitary\pituitary_03102.jpg,train,pituitary,Training/pituitary/Tr-pi_868.jpg,Training,512,512,5454,5454,6937
data/brain_mri(clean_dataset)\train\pituitary\pituitary_03103.jpg,train,pituitary,Training/pituitary/Tr-pi_87.jpg,Training,512,512,5456,5456,5576
data/brain_mri(clean_dataset)\train\pituitary\pituitary_03104.jpg,train,pituitary,Training/pituitary/Tr-pi_870.jpg,Training,512,512,5457,5457,6844
data/brain_mri(clean_dataset)\train\pituitary\pituitary_03105.jpg,train,pituitary,Training/pituitary/Tr-pi_871.jpg,Training,512,512,5458,5458,5458
data/brain_mri(clean_dataset)\train\pituitary\pituitary_03106.jpg,train,pituitary,Training/pituitary/Tr-pi_873.jpg,Training,512,512,5489,5489,6878
data/brain_mri(clean_dataset)\valid\pituitary\pituitary_03107.jpg,valid,pituitary,Training/pituitary/Tr-pi_875.jpg,Training,512,512,5462,5462,6936
data/brain_mri(clean_dataset)\train\pituitary\pituitary_03108.jpg,train,pituitary,Training/pituitary/Tr-pi_88.jpg,Training,512,512,5467,5467,7136
data/brain_mri(clean_dataset)\train\pituitary\pituitary_03109.jpg,train,pituitary,Training/pituitary/Tr-pi_880.jpg,Training,512,512,6881,6881,6881
data/brain_mri(clean_dataset)\train\pituitary\pituitary_03110.jpg,train,pituitary,Training/pituitary/Tr-pi_881.jpg,Training,512,512,6890,6890,7121
data/brain_mri(clean_dataset)\train\pituitary\pituitary_03111.jpg,train,pituitary,Training/pituitary/Tr-pi_882.jpg,Training,512,512,5470,5470,5470
data/brain_mri(clean_dataset)\train\pituitary\pituitary_03112.jpg,train,pituitary,Training/pituitary/Tr-pi_886.jpg,Training,512,512,5474,5474,6992
data/brain_mri(clean_dataset)\train\pituitary\pituitary_03113.jpg,train,pituitary,Training/pituitary/Tr-pi_888.jpg,Training,512,512,7057,7057,7057
data/brain_mri(clean_dataset)\train\pituitary\pituitary_03114.jpg,train,pituitary,Training/pituitary/Tr-pi_889.jpg,Training,512,512,6902,6902,7021
data/brain_mri(clean_dataset)\train\pituitary\pituitary_03115.jpg,train,pituitary,Training/pituitary/Tr-pi_89.jpg,Training,512,512,5478,5478,6828
data/brain_mri(clean_dataset)\train\pituitary\pituitary_03116.jpg,train,pituitary,Training/pituitary/Tr-pi_891.jpg,Training,512,512,7079,7079,7151
data/brain_mri(clean_dataset)\train\pituitary\pituitary_03117.jpg,train,pituitary,Training/pituitary/Tr-pi_893.jpg,Training,512,512,5494,5494,5494
data/brain_mri(clean_dataset)\train\pituitary\pituitary_03118.jpg,train,pituitary,Training/pituitary/Tr-pi_895.jpg,Training,512,512,5484,5484,5484
data/brain_mri(clean_dataset)\valid\pituitary\pituitary_03119.jpg,valid,pituitary,Training/pituitary/Tr-pi_896.jpg,Training,512,512,5485,5485,5485
data/brain_mri(clean_dataset)\valid\pituitary\pituitary_03120.jpg,valid,pituitary,Training/pituitary/Tr-pi_897.jpg,Training,512,512,5486,5486,5210
data/brain_mri(clean_dataset)\train\pituitary\pituitary_03121.jpg,train,pituitary,Training/pituitary/Tr-pi_899.jpg,Training,512,512,5488,5488,5488
data/brain_mri(clean_dataset)\train\pituitary\pituitary_03122.jpg,train,pituitary,Training/pituitary/Tr-pi_900.jpg,Training,512,512,5491,5491,6952
data/brain_mri(clean_dataset)\train\pituitary\pituitary_03123.jpg,train,pituitary,Training/pituitary/Tr-pi_902.jpg,Training,512,512,6897,6897,6897
data/brain_mri(clean_dataset)\train\pituitary\pituitary_03124.jpg,train,pituitary,Training/pituitary/Tr-pi_904.jpg,Training,512,512,5495,5495,6951
data/brain_mri(clean_dataset)\train\pituitary\pituitary_03125.jpg,train,pituitary,Training/pituitary/Tr-pi_906.jpg,Training,512,512,5497,5497,5168
data/brain_mri(clean_dataset)\train\pituitary\pituitary_03126.jpg,train,pituitary,Training/pituitary/Tr-pi_910.jpg,Training,512,512,5502,5502,7136
data/brain_mri(clean_dataset)\train\pituitary\pituitary_03127.jpg,train,pituitary,Training/pituitary/Tr-pi_913.jpg,Training,512,512,7112,7112,7112
data/brain_mri(clean_dataset)\train\pituitary\pituitary_03128.jpg,train,pituitary,Training/pituitary/Tr-pi_914.jpg,Training,512,512,7036,7036,7036
data/brain_mri(clean_dataset)\test\pituitary\pituitary_03129.jpg,test,pituitary,Training/pituitary/Tr-pi_917.jpg,Training,512,512,5509,5509,7150
data/brain_mri(clean_dataset)\train\pituitary\pituitary_03130.jpg,train,pituitary,Training/pituitary/Tr-pi_918.jpg,Training,512,512,5580,5580,5580
data/brain_mri(clean_dataset)\train\pituitary\pituitary_03131.jpg,train,pituitary,Training/pituitary/Tr-pi_920.jpg,Training,512,512,5513,5513,5513
data/brain_mri(clean_dataset)\valid\pituitary\pituitary_03132.jpg,valid,pituitary,Training/pituitary/Tr-pi_921.jpg,Training,512,512,5514,5514,5514
data/brain_mri(clean_dataset)\test\pituitary\pituitary_03133.jpg,test,pituitary,Training/pituitary/Tr-pi_922.jpg,Training,512,512,7013,7013,7013
data/brain_mri(clean_dataset)\train\pituitary\pituitary_03134.jpg,train,pituitary,Training/pituitary/Tr-pi_923.jpg,Training,512,512,6908,6908,5487
data/brain_mri(clean_dataset)\train\pituitary\pituitary_03135.jpg,train,pituitary,Training/pituitary/Tr-pi_925.jpg,Training,512,512,5518,5518,6997
data/brain_mri(clean_dataset)\train\pituitary\pituitary_03136.jpg,train,pituitary,Training/pituitary/Tr-pi_926.jpg,Training,512,512,7011,7011,7149
data/brain_mri(clean_dataset)\test\pituitary\pituitary_03137.jpg,test,pituitary,Training/pituitary/Tr-pi_929.jpg,Training,512,512,5522,5522,5522
data/brain_mri(clean_dataset)\train\pituitary\pituitary_03138.jpg,train,pituitary,Training/pituitary/Tr-pi_93.jpg,Training,512,512,5523,5523,5494
data/brain_mri(clean_dataset)\valid\pituitary\pituitary_03139.jpg,valid,pituitary,Training/pituitary/Tr-pi_936.jpg,Training,940,900,5530,5530,5530
data/brain_mri(clean_dataset)\valid\pituitary\pituitary_03140.jpg,valid,pituitary,Training/pituitary/Tr-pi_937.jpg,Training,512,512,6967,6967,6967
data/brain_mri(clean_dataset)\train\pituitary\pituitary_03141.jpg,train,pituitary,Training/pituitary/Tr-pi_938.jpg,Training,512,512,5532,5532,7004
data/brain_mri(clean_dataset)\test\pituitary\pituitary_03142.jpg,test,pituitary,Training/pituitary/Tr-pi_939.jpg,Training,512,512,6812,5300,7193
data/brain_mri(clean_dataset)\train\pituitary\pituitary_03143.jpg,train,pituitary,Training/pituitary/Tr-pi_940.jpg,Training,512,512,5535,5535,7195
data/brain_mri(clean_dataset)\train\pituitary\pituitary_03144.jpg,train,pituitary,Training/pituitary/Tr-pi_941.jpg,Training,512,512,5536,5536,4939
data/brain_mri(clean_dataset)\train\pituitary\pituitary_03145.jpg,train,pituitary,Training/pituitary/Tr-pi_942.jpg,Training,512,512,5537,5537,7022
data/brain_mri(clean_dataset)\train\pituitary\pituitary_03146.jpg,train,pituitary,Training/pituitary/Tr-pi_946.jpg,Training,512,512,5541,5541,6856
data/brain_mri(clean_dataset)\valid\pituitary\pituitary_03147.jpg,valid,pituitary,Training/pituitary/Tr-pi_947.jpg,Training,512,512,5542,5542,5210
data/brain_mri(clean_dataset)\train\pituitary\pituitary_03148.jpg,train,pituitary,Training/pituitary/Tr-pi_948.jpg,Training,512,512,5543,5543,5567
data/brain_mri(clean_dataset)\test\pituitary\pituitary_03149.jpg,test,pituitary,Training/pituitary/Tr-pi_949.jpg,Training,512,512,5544,5544,5544
data/brain_mri(clean_dataset)\train\pituitary\pituitary_03150.jpg,train,pituitary,Training/pituitary/Tr-pi_95.jpg,Training,512,512,7133,7133,7133
data/brain_mri(clean_dataset)\train\pituitary\pituitary_03151.jpg,train,pituitary,Training/pituitary/Tr-pi_950.jpg,Training,512,512,5546,5546,5546
data/brain_mri(clean_dataset)\train\pituitary\pituitary_03152.jpg,train,pituitary,Training/pituitary/Tr-pi_951.jpg,Training,512,512,6884,6884,6884
data/brain_mri(clean_dataset)\train\pituitary\pituitary_03153.jpg,train,pituitary,Training/pituitary/Tr-pi_952.jpg,Training,512,512,5548,5548,5229
data/brain_mri(clean_dataset)\train\pituitary\pituitary_03154.jpg,train,pituitary,Training/pituitary/Tr-pi_953.jpg,Training,512,512,7096,7096,5517
data/brain_mri(clean_dataset)\train\pituitary\pituitary_03155.jpg,train,pituitary,Training/pituitary/Tr-pi_954.jpg,Training,512,512,5550,5550,7071
data/brain_mri(clean_dataset)\train\pituitary\pituitary_03156.jpg,train,pituitary,Training/pituitary/Tr-pi_955.jpg,Training,512,512,6830,6830,6830
data/brain_mri(clean_dataset)\train\pituitary\pituitary_03157.jpg,train,pituitary,Training/pituitary/Tr-pi_957.jpg,Training,512,512,5553,5553,7104
data/brain_mri(clean_dataset)\train\pituitary\pituitary_03158.jpg,train,pituitary,Training/pituitary/Tr-pi_958.jpg,Training,512,512,5554,5554,5554
data/brain_mri(clean_dataset)\train\pituitary\pituitary_03159.jpg,train,pituitary,Training/pituitary/Tr-pi_963.jpg,Training,512,512,5560,5560,6877
data/brain_mri(clean_dataset)\valid\pituitary\pituitary_03160.jpg,valid,pituitary,Training/pituitary/Tr-pi_965.jpg,Training,512,512,5562,5562,6936
data/brain_mri(clean_dataset)\valid\pituitary\pituitary_03161.jpg,valid,pituitary,Training/pituitary/Tr-pi_970.jpg,Training,512,512,6939,6939,7184
data/brain_mri(clean_dataset)\train\pituitary\pituitary_03162.jpg,train,pituitary,Training/pituitary/Tr-pi_971.jpg,Training,512,512,5569,5569,7091
data/brain_mri(clean_dataset)\test\pituitary\pituitary_03163.jpg,test,pituitary,Training/pituitary/Tr-pi_974.jpg,Training,512,512,5575,5575,6834
data/brain_mri(clean_dataset)\train\pituitary\pituitary_03164.jpg,train,pituitary,Training/pituitary/Tr-pi_975.jpg,Training,256,256,5597,5597,5597
data/brain_mri(clean_dataset)\train\pituitary\pituitary_03165.jpg,train,pituitary,Training/pituitary/Tr-pi_978.jpg,Training,512,512,5576,5576,5576
data/brain_mri(clean_dataset)\train\pituitary\pituitary_03166.jpg,train,pituitary,Training/pituitary/Tr-pi_979.jpg,Training,512,512,5577,5577,5577
data/brain_mri(clean_dataset)\valid\pituitary\pituitary_03167.jpg,valid,pituitary,Training/pituitary/Tr-pi_983.jpg,Training,721,903,5582,5582,5582
data/brain_mri(clean_dataset)\train\pituitary\pituitary_03168.jpg,train,pituitary,Training/pituitary/Tr-pi_985.jpg,Training,512,512,5584,5584,6964
data/brain_mri(clean_dataset)\train\pituitary\pituitary_03169.jpg,train,pituitary,Training/pituitary/Tr-pi_986.jpg,Training,256,256,7080,7080,7080
data/brain_mri(clean_dataset)\train\pituitary\pituitary_03170.jpg,train,pituitary,Training/pituitary/Tr-pi_987.jpg,Training,512,512,6900,6900,7130
data/brain_mri(clean_dataset)\train\pituitary\pituitary_03171.jpg,train,pituitary,Training/pituitary/Tr-pi_989.jpg,Training,512,512,5588,5588,6952
data/brain_mri(clean_dataset)\valid\pituitary\pituitary_03172.jpg,valid,pituitary,Training/pituitary/Tr-pi_99.jpg,Training,512,512,5589,5589,7083
data/brain_mri(clean_dataset)\train\pituitary\pituitary_03173.jpg,train,pituitary,Training/pituitary/Tr-pi_990.jpg,Training,512,512,5590,5590,5590
data/brain_mri(clean_dataset)\train\pituitary\pituitary_03174.jpg,train,pituitary,Training/pituitary/Tr-pi_993.jpg,Training,512,512,5593,5593,5581
data/brain_mri(clean_dataset)\test\pituitary\pituitary_03175.jpg,test,pituitary,Training/pituitary/Tr-pi_994.jpg,Training,512,512,5594,5594,7067
data/brain_mri(clean_dataset)\train\pituitary\pituitary_03176.jpg,train,pituitary,Training/pituitary/Tr-pi_996.jpg,Training,512,512,5596,5596,7180
data/brain_mri(clean_dataset)\valid\pituitary\pituitary_03177.jpg,valid,pituitary,Training/pituitary/Tr-pi_998.jpg,Training,512,512,5598,5598,5598
data/brain_mri(clean_dataset)\train\glioma\glioma_03178.jpg,train,glioma,Testing/glioma/Te-gl_1.jpg,Testing,354,442,5600,5600,5600
data/brain_mri(clean_dataset)\train\glioma\glioma_03179.jpg,train,glioma,Testing/glioma/Te-gl_10.jpg,Testing,512,512,5601,5601,5601
data/brain_mri(clean_dataset)\test\glioma\glioma_03180.jpg,test,glioma,Testing/glioma/Te-gl_100.jpg,Testing,512,512,5602,5602,636
data/brain_mri(clean_dataset)\train\glioma\glioma_03181.jpg,train,glioma,Testing/glioma/Te-gl_101.jpg,Testing,512,512,5603,5603,5603
data/brain_mri(clean_dataset)\test\glioma\glioma_03182.jpg,test,glioma,Testing/glioma/Te-gl_102.jpg,Testing,339,406,5604,5604,5604
data/brain_mri(clean_dataset)\train\glioma\glioma_03183.jpg,train,glioma,Testing/glioma/Te-gl_103.jpg,Testing,541,477,5605,5605,5605
data/brain_mri(clean_dataset)\train\glioma\glioma_03184.jpg,train,glioma,Testing/glioma/Te-gl_104.jpg,Testing,512,512,5606,5606,5606
data/brain_mri(clean_dataset)\valid\glioma\glioma_03185.jpg,valid,glioma,Testing/glioma/Te-gl_105.jpg,Testing,512,512,5607,5607,5607
data/brain_mri(clean_dataset)\train\glioma\glioma_03186.jpg,train,glioma,Testing/glioma/Te-gl_106.jpg,Testing,236,236,5608,5608,5608
data/brain_mri(clean_dataset)\test\glioma\glioma_03187.jpg,test,glioma,Testing/glioma/Te-gl_107.jpg,Testing,512,512,5609,5609,5609
data/brain_mri(clean_dataset)\train\glioma\glioma_03188.jpg,train,glioma,Testing/glioma/Te-gl_108.jpg,Testing,512,512,5685,5685,5685
data/brain_mri(clean_dataset)\train\glioma\glioma_03189.jpg,train,glioma,Testing/glioma/Te-gl_109.jpg,Testing,236,236,5611,5611,5611
data/brain_mri(clean_dataset)\train\glioma\glioma_03190.jpg,train,glioma,Testing/glioma/Te-gl_11.jpg,Testing,512,512,5612,5612,5906
data/brain_mri(clean_dataset)\train\glioma\glioma_03191.jpg,train,glioma,Testing/glioma/Te-gl_110.jpg,Testing,512,512,5613,5613,5613
data/brain_mri(clean_dataset)\train\glioma\glioma_03192.jpg,train,glioma,Testing/glioma/Te-gl_111.jpg,Testing,512,512,5614,5614,5945
data/brain_mri(clean_dataset)\valid\glioma\glioma_03193.jpg,valid,glioma,Testing/glioma/Te-gl_112.jpg,Testing,512,512,5615,5615,867
data/brain_mri(clean_dataset)\test\glioma\glioma_03194.jpg,test,glioma,Testing/glioma/Te-gl_113.jpg,Testing,512,512,5616,5616,5616
data/brain_mri(clean_dataset)\train\glioma\glioma_03195.jpg,train,glioma,Testing/glioma/Te-gl_114.jpg,Testing,512,512,5617,5617,5617
data/brain_mri(clean_dataset)\train\glioma\glioma_03196.jpg,train,glioma,Testing/glioma/Te-gl_115.jpg,Testing,338,411,5618,5618,5618
data/brain_mri(clean_dataset)\train\glioma\glioma_03197.jpg,train,glioma,Testing/glioma/Te-gl_116.jpg,Testing,512,512,5619,5619,5619
data/brain_mri(clean_dataset)\train\glioma\glioma_03198.jpg,train,glioma,Testing/glioma/Te-gl_117.jpg,Testing,512,512,5620,5620,5620
data/brain_mri(clean_dataset)\valid\glioma\glioma_03199.jpg,valid,glioma,Testing/glioma/Te-gl_118.jpg,Testing,512,512,5621,5621,5621
data/brain_mri(clean_dataset)\train\glioma\glioma_03200.jpg,train,glioma,Testing/glioma/Te-gl_119.jpg,Testing,512,512,5622,5622,5622
data/brain_mri(clean_dataset)\valid\glioma\glioma_03201.jpg,valid,glioma,Testing/glioma/Te-gl_12.jpg,Testing,512,512,5627,5627,1316
data/brain_mri(clean_dataset)\train\glioma\glioma_03202.jpg,train,glioma,Testing/glioma/Te-gl_120.jpg,Testing,384,382,5624,5624,5624
data/brain_mri(clean_dataset)\valid\glioma\glioma_03203.jpg,valid,glioma,Testing/glioma/Te-gl_121.jpg,Testing,512,512,5746,5746,5746
data/brain_mri(clean_dataset)\train\glioma\glioma_03204.jpg,train,glioma,Testing/glioma/Te-gl_124.jpg,Testing,512,512,5628,5628,5628
data/brain_mri(clean_dataset)\train\glioma\glioma_03205.jpg,train,glioma,Testing/glioma/Te-gl_125.jpg,Testing,512,512,5629,5629,5629
data/brain_mri(clean_dataset)\train\glioma\glioma_03206.jpg,train,glioma,Testing/glioma/Te-gl_126.jpg,Testing,360,380,5630,5630,5630
data/brain_mri(clean_dataset)\valid\glioma\glioma_03207.jpg,valid,glioma,Testing/glioma/Te-gl_127.jpg,Testing,512,512,5631,5631,5631
data/brain_mri(clean_dataset)\train\glioma\glioma_03208.jpg,train,glioma,Testing/glioma/Te-gl_128.jpg,Testing,512,512,5632,5632,5632
data/brain_mri(clean_dataset)\test\glioma\glioma_03209.jpg,test,glioma,Testing/glioma/Te-gl_129.jpg,Testing,200,249,5827,5827,5827
data/brain_mri(clean_dataset)\train\glioma\glioma_03210.jpg,train,glioma,Testing/glioma/Te-gl_13.jpg,Testing,512,512,5634,5634,5634
data/brain_mri(clean_dataset)\train\glioma\glioma_03211.jpg,train,glioma,Testing/glioma/Te-gl_130.jpg,Testing,512,512,5635,5635,5635
data/brain_mri(clean_dataset)\train\glioma\glioma_03212.jpg,train,glioma,Testing/glioma/Te-gl_132.jpg,Testing,512,512,5822,5822,5672
data/brain_mri(clean_dataset)\train\glioma\glioma_03213.jpg,train,glioma,Testing/glioma/Te-gl_133.jpg,Testing,526,583,5638,5638,5638
data/brain_mri(clean_dataset)\train\glioma\glioma_03214.jpg,train,glioma,Testing/glioma/Te-gl_134.jpg,Testing,512,512,5639,5639,5639
data/brain_mri(clean_dataset)\test\glioma\glioma_03215.jpg,test,glioma,Testing/glioma/Te-gl_135.jpg,Testing,512,512,5640,5640,5640
data/brain_mri(clean_dataset)\train\glioma\glioma_03216.jpg,train,glioma,Testing/glioma/Te-gl_136.jpg,Testing,512,512,5883,5883,5672
data/brain_mri(clean_dataset)\valid\glioma\glioma_03217.jpg,valid,glioma,Testing/glioma/Te-gl_137.jpg,Testing,512,512,5642,5642,5642
data/brain_mri(clean_dataset)\test\glioma\glioma_03218.jpg,test,glioma,Testing/glioma/Te-gl_138.jpg,Testing,512,512,5643,5643,5643
data/brain_mri(clean_dataset)\valid\glioma\glioma_03219.jpg,valid,glioma,Testing/glioma/Te-gl_139.jpg,Testing,512,512,5644,5644,1344
data/brain_mri(clean_dataset)\train\glioma\glioma_03220.jpg,train,glioma,Testing/glioma/Te-gl_14.jpg,Testing,512,512,5664,5664,5664
data/brain_mri(clean_dataset)\train\glioma\glioma_03221.jpg,train,glioma,Testing/glioma/Te-gl_141.jpg,Testing,512,512,5647,5647,5647
data/brain_mri(clean_dataset)\train\glioma\glioma_03222.jpg,train,glioma,Testing/glioma/Te-gl_142.jpg,Testing,512,512,5648,5648,5648
data/brain_mri(clean_dataset)\train\glioma\glioma_03223.jpg,train,glioma,Testing/glioma/Te-gl_143.jpg,Testing,236,298,5970,5970,5970
data/brain_mri(clean_dataset)\train\glioma\glioma_03224.jpg,train,glioma,Testing/glioma/Te-gl_144.jpg,Testing,544,564,5955,5955,5955
data/brain_mri(clean_dataset)\test\glioma\glioma_03225.jpg,test,glioma,Testing/glioma/Te-gl_145.jpg,Testing,512,512,5651,5651,5651
data/brain_mri(clean_dataset)\train\glioma\glioma_03226.jpg,train,glioma,Testing/glioma/Te-gl_146.jpg,Testing,512,512,5736,5736,5736
data/brain_mri(clean_dataset)\valid\glioma\glioma_03227.jpg,valid,glioma,Testing/glioma/Te-gl_147.jpg,Testing,512,512,5653,5653,5653
data/brain_mri(clean_dataset)\train\glioma\glioma_03228.jpg,train,glioma,Testing/glioma/Te-gl_148.jpg,Testing,512,512,5654,5654,5654
data/brain_mri(clean_dataset)\train\glioma\glioma_03229.jpg,train,glioma,Testing/glioma/Te-gl_149.jpg,Testing,512,512,5655,5655,6294
data/brain_mri(clean_dataset)\valid\glioma\glioma_03230.jpg,valid,glioma,Testing/glioma/Te-gl_15.jpg,Testing,383,407,5656,5656,5656
data/brain_mri(clean_dataset)\train\glioma\glioma_03231.jpg,train,glioma,Testing/glioma/Te-gl_150.jpg,Testing,512,512,5657,5657,5657
data/brain_mri(clean_dataset)\test\glioma\glioma_03232.jpg,test,glioma,Testing/glioma/Te-gl_151.jpg,Testing,319,360,5658,5658,5658
data/brain_mri(clean_dataset)\train\glioma\glioma_03233.jpg,train,glioma,Testing/glioma/Te-gl_152.jpg,Testing,512,512,5659,5659,1385
data/brain_mri(clean_dataset)\train\glioma\glioma_03234.jpg,train,glioma,Testing/glioma/Te-gl_153.jpg,Testing,512,512,5660,5660,5660
data/brain_mri(clean_dataset)\train\glioma\glioma_03235.jpg,train,glioma,Testing/glioma/Te-gl_154.jpg,Testing,512,512,5661,5661,5661
data/brain_mri(clean_dataset)\valid\glioma\glioma_03236.jpg,valid,glioma,Testing/glioma/Te-gl_155.jpg,Testing,512,512,5662,5662,5662
data/brain_mri(clean_dataset)\train\glioma\glioma_03237.jpg,train,glioma,Testing/glioma/Te-gl_156.jpg,Testing,512,512,5663,5663,5663
data/brain_mri(clean_dataset)\train\glioma\glioma_03238.jpg,train,glioma,Testing/glioma/Te-gl_159.jpg,Testing,398,397,5666,5666,5666
data/brain_mri(clean_dataset)\train\glioma\glioma_03239.jpg,train,glioma,Testing/glioma/Te-gl_16.jpg,Testing,512,512,5681,5681,5681
data/brain_mri(clean_dataset)\train\glioma\glioma_03240.jpg,train,glioma,Testing/glioma/Te-gl_161.jpg,Testing,512,512,5669,5669,5669
data/brain_mri(clean_dataset)\train\glioma\glioma_03241.jpg,train,glioma,Testing/glioma/Te-gl_162.jpg,Testing,512,512,5888,5888,832
data/brain_mri(clean_dataset)\valid\glioma\glioma_03242.jpg,valid,glioma,Testing/glioma/Te-gl_163.jpg,Testing,512,512,5671,5671,5891
data/brain_mri(clean_dataset)\train\glioma\glioma_03243.jpg,train,glioma,Testing/glioma/Te-gl_164.jpg,Testing,512,512,5672,5672,5672
data/brain_mri(clean_dataset)\valid\glioma\glioma_03244.jpg,valid,glioma,Testing/glioma/Te-gl_166.jpg,Testing,442,426,5798,5798,5798
data/brain_mri(clean_dataset)\train\glioma\glioma_03245.jpg,train,glioma,Testing/glioma/Te-gl_167.jpg,Testing,334,407,5675,5675,5675
data/brain_mri(clean_dataset)\test\glioma\glioma_03246.jpg,test,glioma,Testing/glioma/Te-gl_168.jpg,Testing,512,512,5676,5676,5676
data/brain_mri(clean_dataset)\test\glioma\glioma_03247.jpg,test,glioma,Testing/glioma/Te-gl_169.jpg,Testing,512,512,5677,5677,5677
data/brain_mri(clean_dataset)\train\glioma\glioma_03248.jpg,train,glioma,Testing/glioma/Te-gl_17.jpg,Testing,512,512,5678,5678,5678
data/brain_mri(clean_dataset)\test\glioma\glioma_03249.jpg,test,glioma,Testing/glioma/Te-gl_170.jpg,Testing,620,415,5687,5687,5687
data/brain_mri(clean_dataset)\train\glioma\glioma_03250.jpg,train,glioma,Testing/glioma/Te-gl_171.jpg,Testing,310,380,5743,5743,5743
data/brain_mri(clean_dataset)\valid\glioma\glioma_03251.jpg,valid,glioma,Testing/glioma/Te-gl_173.jpg,Testing,512,512,5682,5682,5682
data/brain_mri(clean_dataset)\train\glioma\glioma_03252.jpg,train,glioma,Testing/glioma/Te-gl_175.jpg,Testing,512,512,5684,5684,5684
data/brain_mri(clean_dataset)\train\glioma\glioma_03253.jpg,train,glioma,Testing/glioma/Te-gl_177.jpg,Testing,512,512,5889,5889,5889
data/brain_mri(clean_dataset)\valid\glioma\glioma_03254.jpg,valid,glioma,Testing/glioma/Te-gl_179.jpg,Testing,512,512,5688,1012,1344
data/brain_mri(clean_dataset)\train\glioma\glioma_03255.jpg,train,glioma,Testing/glioma/Te-gl_18.jpg,Testing,512,512,5689,5689,6294
data/brain_mri(clean_dataset)\train\glioma\glioma_03256.jpg,train,glioma,Testing/glioma/Te-gl_180.jpg,Testing,512,512,5690,5690,5933
data/brain_mri(clean_dataset)\train\glioma\glioma_03257.jpg,train,glioma,Testing/glioma/Te-gl_181.jpg,Testing,512,512,5691,5691,5691
data/brain_mri(clean_dataset)\train\glioma\glioma_03258.jpg,train,glioma,Testing/glioma/Te-gl_182.jpg,Testing,512,512,5692,5692,5692
data/brain_mri(clean_dataset)\train\glioma\glioma_03259.jpg,train,glioma,Testing/glioma/Te-gl_183.jpg,Testing,512,512,5693,5693,5693
data/brain_mri(clean_dataset)\train\glioma\glioma_03260.jpg,train,glioma,Testing/glioma/Te-gl_185.jpg,Testing,512,512,5695,5695,5695
data/brain_mri(clean_dataset)\test\glioma\glioma_03261.jpg,test,glioma,Testing/glioma/Te-gl_187.jpg,Testing,248,274,5697,5697,5697
data/brain_mri(clean_dataset)\train\glioma\glioma_03262.jpg,train,glioma,Testing/glioma/Te-gl_189.jpg,Testing,453,437,5699,5699,5699
data/brain_mri(clean_dataset)\train\glioma\glioma_03263.jpg,train,glioma,Testing/glioma/Te-gl_19.jpg,Testing,512,512,5700,5700,5896
data/brain_mri(clean_dataset)\valid\glioma\glioma_03264.jpg,valid,glioma,Testing/glioma/Te-gl_190.jpg,Testing,512,512,5701,5701,5902
data/brain_mri(clean_dataset)\test\glioma\glioma_03265.jpg,test,glioma,Testing/glioma/Te-gl_191.jpg,Testing,512,512,5702,5702,5702
data/brain_mri(clean_dataset)\train\glioma\glioma_03266.jpg,train,glioma,Testing/glioma/Te-gl_192.jpg,Testing,512,512,5703,5703,5703
data/brain_mri(clean_dataset)\valid\glioma\glioma_03267.jpg,valid,glioma,Testing/glioma/Te-gl_193.jpg,Testing,512,512,5704,5704,5704
data/brain_mri(clean_dataset)\train\glioma\glioma_03268.jpg,train,glioma,Testing/glioma/Te-gl_196.jpg,Testing,388,453,5707,5707,5707
data/brain_mri(clean_dataset)\train\glioma\glioma_03269.jpg,train,glioma,Testing/glioma/Te-gl_198.jpg,Testing,512,512,5709,5709,1278
data/brain_mri(clean_dataset)\test\glioma\glioma_03270.jpg,test,glioma,Testing/glioma/Te-gl_199.jpg,Testing,512,512,5710,5710,5710
data/brain_mri(clean_dataset)\train\glioma\glioma_03271.jpg,train,glioma,Testing/glioma/Te-gl_20.jpg,Testing,512,512,5712,5712,5712
data/brain_mri(clean_dataset)\train\glioma\glioma_03272.jpg,train,glioma,Testing/glioma/Te-gl_200.jpg,Testing,512,512,5713,5713,5713
data/brain_mri(clean_dataset)\train\glioma\glioma_03273.jpg,train,glioma,Testing/glioma/Te-gl_201.jpg,Testing,512,512,5714,5714,5714
data/brain_mri(clean_dataset)\test\glioma\glioma_03274.jpg,test,glioma,Testing/glioma/Te-gl_202.jpg,Testing,512,512,5715,5715,5715
data/brain_mri(clean_dataset)\test\glioma\glioma_03275.jpg,test,glioma,Testing/glioma/Te-gl_203.jpg,Testing,512,512,5716,5716,5716
data/brain_mri(clean_dataset)\valid\glioma\glioma_03276.jpg,valid,glioma,Testing/glioma/Te-gl_204.jpg,Testing,256,256,5777,5777,5777
data/brain_mri(clean_dataset)\train\glioma\glioma_03277.jpg,train,glioma,Testing/glioma/Te-gl_205.jpg,Testing,512,512,5718,5718,5718
data/brain_mri(clean_dataset)\test\glioma\glioma_03278.jpg,test,glioma,Testing/glioma/Te-gl_206.jpg,Testing,512,512,5719,5719,5719
data/brain_mri(clean_dataset)\test\glioma\glioma_03279.jpg,test,glioma,Testing/glioma/Te-gl_207.jpg,Testing,512,512,5720,5720,5720
data/brain_mri(clean_dataset)\train\glioma\glioma_03280.jpg,train,glioma,Testing/glioma/Te-gl_208.jpg,Testing,512,512,5721,5721,5721
data/brain_mri(clean_dataset)\test\glioma\glioma_03281.jpg,test,glioma,Testing/glioma/Te-gl_209.jpg,Testing,512,512,5722,5722,5722
data/brain_mri(clean_dataset)\train\glioma\glioma_03282.jpg,train,glioma,Testing/glioma/Te-gl_21.jpg,Testing,512,512,5723,5723,5723
data/brain_mri(clean_dataset)\train\glioma\glioma_03283.jpg,train,glioma,Testing/glioma/Te-gl_211.jpg,Testing,394,368,5725,5725,5725
data/brain_mri(clean_dataset)\train\glioma\glioma_03284.jpg,train,glioma,Testing/glioma/Te-gl_212.jpg,Testing,524,581,5865,5865,5865
data/brain_mri(clean_dataset)\train\glioma\glioma_03285.jpg,train,glioma,Testing/glioma/Te-gl_213.jpg,Testing,512,512,5727,5727,5727
data/brain_mri(clean_dataset)\train\glioma\glioma_03286.jpg,train,glioma,Testing/glioma/Te-gl_215.jpg,Testing,565,513,5729,5729,5729
data/brain_mri(clean_dataset)\train\glioma\glioma_03287.jpg,train,glioma,Testing/glioma/Te-gl_216.jpg,Testing,512,512,5740,5740,1179
data/brain_mri(clean_dataset)\valid\glioma\glioma_03288.jpg,valid,glioma,Testing/glioma/Te-gl_217.jpg,Testing,512,512,5731,5731,5731
data/brain_mri(clean_dataset)\train\glioma\glioma_03289.jpg,train,glioma,Testing/glioma/Te-gl_218.jpg,Testing,373,378,5732,5732,5732
data/brain_mri(clean_dataset)\train\glioma\glioma_03290.jpg,train,glioma,Testing/glioma/Te-gl_219.jpg,Testing,512,512,5733,5733,5733
data/brain_mri(clean_dataset)\train\glioma\glioma_03291.jpg,train,glioma,Testing/glioma/Te-gl_22.jpg,Testing,512,512,5734,5734,5734
data/brain_mri(clean_dataset)\valid\glioma\glioma_03292.jpg,valid,glioma,Testing/glioma/Te-gl_220.jpg,Testing,512,512,5735,5735,5735
data/brain_mri(clean_dataset)\test\glioma\glioma_03293.jpg,test,glioma,Testing/glioma/Te-gl_222.jpg,Testing,512,512,5737,5737,5737
data/brain_mri(clean_dataset)\train\glioma\glioma_03294.jpg,train,glioma,Testing/glioma/Te-gl_223.jpg,Testing,512,512,5738,5738,5647
data/brain_mri(clean_dataset)\train\glioma\glioma_03295.jpg,train,glioma,Testing/glioma/Te-gl_224.jpg,Testing,512,512,5739,5739,5739
data/brain_mri(clean_dataset)\train\glioma\glioma_03296.jpg,train,glioma,Testing/glioma/Te-gl_226.jpg,Testing,512,512,5741,5741,5741
data/brain_mri(clean_dataset)\valid\glioma\glioma_03297.jpg,valid,glioma,Testing/glioma/Te-gl_227.jpg,Testing,512,512,5742,5742,5742
data/brain_mri(clean_dataset)\train\glioma\glioma_03298.jpg,train,glioma,Testing/glioma/Te-gl_229.jpg,Testing,495,619,5744,5744,5744
data/brain_mri(clean_dataset)\train\glioma\glioma_03299.jpg,train,glioma,Testing/glioma/Te-gl_23.jpg,Testing,512,512,5745,5745,5745
data/brain_mri(clean_dataset)\test\glioma\glioma_03300.jpg,test,glioma,Testing/glioma/Te-gl_231.jpg,Testing,512,512,5747,5747,5747
data/brain_mri(clean_dataset)\train\glioma\glioma_03301.jpg,train,glioma,Testing/glioma/Te-gl_232.jpg,Testing,512,512,5748,5748,5748
data/brain_mri(clean_dataset)\train\glioma\glioma_03302.jpg,train,glioma,Testing/glioma/Te-gl_233.jpg,Testing,512,512,5749,5749,5749
data/brain_mri(clean_dataset)\train\glioma\glioma_03303.jpg,train,glioma,Testing/glioma/Te-gl_234.jpg,Testing,512,512,5750,5750,1307
data/brain_mri(clean_dataset)\train\glioma\glioma_03304.jpg,train,glioma,Testing/glioma/Te-gl_235.jpg,Testing,512,512,5751,5751,5933
data/brain_mri(clean_dataset)\valid\glioma\glioma_03305.jpg,valid,glioma,Testing/glioma/Te-gl_236.jpg,Testing,512,512,5752,5752,5752
data/brain_mri(clean_dataset)\train\glioma\glioma_03306.jpg,train,glioma,Testing/glioma/Te-gl_237.jpg,Testing,512,512,5753,5753,5753
data/brain_mri(clean_dataset)\train\glioma\glioma_03307.jpg,train,glioma,Testing/glioma/Te-gl_239.jpg,Testing,512,512,5755,5755,5755
data/brain_mri(clean_dataset)\train\glioma\glioma_03308.jpg,train,glioma,Testing/glioma/Te-gl_24.jpg,Testing,512,512,5756,5756,6294
data/brain_mri(clean_dataset)\valid\glioma\glioma_03309.jpg,valid,glioma,Testing/glioma/Te-gl_241.jpg,Testing,512,512,5758,5758,5948
data/brain_mri(clean_dataset)\train\glioma\glioma_03310.jpg,train,glioma,Testing/glioma/Te-gl_242.jpg,Testing,512,512,5759,5759,1290
data/brain_mri(clean_dataset)\train\glioma\glioma_03311.jpg,train,glioma,Testing/glioma/Te-gl_244.jpg,Testing,512,512,5871,5871,5871
data/brain_mri(clean_dataset)\train\glioma\glioma_03312.jpg,train,glioma,Testing/glioma/Te-gl_245.jpg,Testing,512,512,5762,5762,5762
data/brain_mri(clean_dataset)\valid\glioma\glioma_03313.jpg,valid,glioma,Testing/glioma/Te-gl_246.jpg,Testing,512,512,5763,5763,5763
data/brain_mri(clean_dataset)\train\glioma\glioma_03314.jpg,train,glioma,Testing/glioma/Te-gl_247.jpg,Testing,512,512,5764,5764,5764
data/brain_mri(clean_dataset)\train\glioma\glioma_03315.jpg,train,glioma,Testing/glioma/Te-gl_248.jpg,Testing,512,512,5765,5765,6294
data/brain_mri(clean_dataset)\valid\glioma\glioma_03316.jpg,valid,glioma,Testing/glioma/Te-gl_249.jpg,Testing,512,512,5766,5766,5766
data/brain_mri(clean_dataset)\valid\glioma\glioma_03317.jpg,valid,glioma,Testing/glioma/Te-gl_250.jpg,Testing,512,512,5768,5768,5874
data/brain_mri(clean_dataset)\valid\glioma\glioma_03318.jpg,valid,glioma,Testing/glioma/Te-gl_252.jpg,Testing,512,512,5770,5770,5770
data/brain_mri(clean_dataset)\train\glioma\glioma_03319.jpg,train,glioma,Testing/glioma/Te-gl_256.jpg,Testing,512,512,5774,5774,5774
data/brain_mri(clean_dataset)\valid\glioma\glioma_03320.jpg,valid,glioma,Testing/glioma/Te-gl_257.jpg,Testing,512,512,5775,5775,5775
data/brain_mri(clean_dataset)\test\glioma\glioma_03321.jpg,test,glioma,Testing/glioma/Te-gl_258.jpg,Testing,512,512,5776,5776,5776
data/brain_mri(clean_dataset)\train\glioma\glioma_03322.jpg,train,glioma,Testing/glioma/Te-gl_260.jpg,Testing,512,512,5779,5779,5779
data/brain_mri(clean_dataset)\test\glioma\glioma_03323.jpg,test,glioma,Testing/glioma/Te-gl_261.jpg,Testing,512,512,5780,5780,5780
data/brain_mri(clean_dataset)\test\glioma\glioma_03324.jpg,test,glioma,Testing/glioma/Te-gl_262.jpg,Testing,512,512,5781,1242,636
data/brain_mri(clean_dataset)\test\glioma\glioma_03325.jpg,test,glioma,Testing/glioma/Te-gl_263.jpg,Testing,512,512,5782,5782,5782
data/brain_mri(clean_dataset)\train\glioma\glioma_03326.jpg,train,glioma,Testing/glioma/Te-gl_264.jpg,Testing,546,562,5783,5783,5783
data/brain_mri(clean_dataset)\train\glioma\glioma_03327.jpg,train,glioma,Testing/glioma/Te-gl_265.jpg,Testing,512,512,5784,5784,5784
data/brain_mri(clean_dataset)\train\glioma\glioma_03328.jpg,train,glioma,Testing/glioma/Te-gl_266.jpg,Testing,512,512,5785,5785,5785
data/brain_mri(clean_dataset)\valid\glioma\glioma_03329.jpg,valid,glioma,Testing/glioma/Te-gl_268.jpg,Testing,512,512,5787,5787,5787
data/brain_mri(clean_dataset)\train\glioma\glioma_03330.jpg,train,glioma,Testing/glioma/Te-gl_269.jpg,Testing,512,512,5788,5788,6294
data/brain_mri(clean_dataset)\valid\glioma\glioma_03331.jpg,valid,glioma,Testing/glioma/Te-gl_27.jpg,Testing,509,537,5789,5789,5789
data/brain_mri(clean_dataset)\valid\glioma\glioma_03332.jpg,valid,glioma,Testing/glioma/Te-gl_270.jpg,Testing,512,512,5811,5811,5811
data/brain_mri(clean_dataset)\train\glioma\glioma_03333.jpg,train,glioma,Testing/glioma/Te-gl_271.jpg,Testing,512,512,5791,5791,5791
data/brain_mri(clean_dataset)\train\glioma\glioma_03334.jpg,train,glioma,Testing/glioma/Te-gl_275.jpg,Testing,236,236,5795,5795,5795
data/brain_mri(clean_dataset)\train\glioma\glioma_03335.jpg,train,glioma,Testing/glioma/Te-gl_276.jpg,Testing,512,512,5796,5796,5819
data/brain_mri(clean_dataset)\train\glioma\glioma_03336.jpg,train,glioma,Testing/glioma/Te-gl_277.jpg,Testing,357,396,5797,5797,5797
data/brain_mri(clean_dataset)\train\glioma\glioma_03337.jpg,train,glioma,Testing/glioma/Te-gl_279.jpg,Testing,512,512,5799,5799,5799
data/brain_mri(clean_dataset)\test\glioma\glioma_03338.jpg,test,glioma,Testing/glioma/Te-gl_28.jpg,Testing,512,512,5800,5800,5800
data/brain_mri(clean_dataset)\train\glioma\glioma_03339.jpg,train,glioma,Testing/glioma/Te-gl_281.jpg,Testing,512,512,5802,5802,1340
data/brain_mri(clean_dataset)\train\glioma\glioma_03340.jpg,train,glioma,Testing/glioma/Te-gl_282.jpg,Testing,512,512,5803,5803,5958
data/brain_mri(clean_dataset)\train\glioma\glioma_03341.jpg,train,glioma,Testing/glioma/Te-gl_283.jpg,Testing,512,512,5841,5841,6294
data/brain_mri(clean_dataset)\train\glioma\glioma_03342.jpg,train,glioma,Testing/glioma/Te-gl_284.jpg,Testing,512,512,5805,5805,5805
data/brain_mri(clean_dataset)\test\glioma\glioma_03343.jpg,test,glioma,Testing/glioma/Te-gl_285.jpg,Testing,512,512,5806,5806,5806
data/brain_mri(clean_dataset)\train\glioma\glioma_03344.jpg,train,glioma,Testing/glioma/Te-gl_286.jpg,Testing,512,512,5807,5807,5807
data/brain_mri(clean_dataset)\valid\glioma\glioma_03345.jpg,valid,glioma,Testing/glioma/Te-gl_287.jpg,Testing,512,512,5808,5808,5808
data/brain_mri(clean_dataset)\train\glioma\glioma_03346.jpg,train,glioma,Testing/glioma/Te-gl_289.jpg,Testing,512,512,5810,5810,1262
data/brain_mri(clean_dataset)\test\glioma\glioma_03347.jpg,test,glioma,Testing/glioma/Te-gl_290.jpg,Testing,512,512,5812,5812,5812
data/brain_mri(clean_dataset)\test\glioma\glioma_03348.jpg,test,glioma,Testing/glioma/Te-gl_291.jpg,Testing,512,512,5813,5813,5813
data/brain_mri(clean_dataset)\test\glioma\glioma_03349.jpg,test,glioma,Testing/glioma/Te-gl_292.jpg,Testing,512,512,5814,5814,5676
data/brain_mri(clean_dataset)\test\glioma\glioma_03350.jpg,test,glioma,Testing/glioma/Te-gl_294.jpg,Testing,512,512,5816,5816,5982
data/brain_mri(clean_dataset)\test\glioma\glioma_03351.jpg,test,glioma,Testing/glioma/Te-gl_295.jpg,Testing,204,245,5817,5817,5817
data/brain_mri(clean_dataset)\test\glioma\glioma_03352.jpg,test,glioma,Testing/glioma/Te-gl_296.jpg,Testing,512,512,5818,5818,5982
data/brain_mri(clean_dataset)\train\glioma\glioma_03353.jpg,train,glioma,Testing/glioma/Te-gl_297.jpg,Testing,512,512,5819,5819,5819
data/brain_mri(clean_dataset)\train\glioma\glioma_03354.jpg,train,glioma,Testing/glioma/Te-gl_298.jpg,Testing,512,512,5820,5820,5820
data/brain_mri(clean_dataset)\test\glioma\glioma_03355.jpg,test,glioma,Testing/glioma/Te-gl_299.jpg,Testing,512,512,5894,5894,5894
data/brain_mri(clean_dataset)\test\glioma\glioma_03356.jpg,test,glioma,Testing/glioma/Te-gl_30.jpg,Testing,379,379,5823,5823,5823
data/brain_mri(clean_dataset)\train\glioma\glioma_03357.jpg,train,glioma,Testing/glioma/Te-gl_300.jpg,Testing,512,512,5824,5824,5824
data/brain_mri(clean_dataset)\train\glioma\glioma_03358.jpg,train,glioma,Testing/glioma/Te-gl_302.jpg,Testing,512,512,5826,5826,6294
data/brain_mri(clean_dataset)\train\glioma\glioma_03359.jpg,train,glioma,Testing/glioma/Te-gl_304.jpg,Testing,512,512,5828,5828,5986
data/brain_mri(clean_dataset)\test\glioma\glioma_03360.jpg,test,glioma,Testing/glioma/Te-gl_305.jpg,Testing,512,512,5829,5829,5829
data/brain_mri(clean_dataset)\train\glioma\glioma_03361.jpg,train,glioma,Testing/glioma/Te-gl_306.jpg,Testing,512,512,5830,5830,5830
data/brain_mri(clean_dataset)\train\glioma\glioma_03362.jpg,train,glioma,Testing/glioma/Te-gl_308.jpg,Testing,512,512,5832,5832,5832
data/brain_mri(clean_dataset)\test\glioma\glioma_03363.jpg,test,glioma,Testing/glioma/Te-gl_309.jpg,Testing,512,512,5833,5833,5833
data/brain_mri(clean_dataset)\valid\glioma\glioma_03364.jpg,valid,glioma,Testing/glioma/Te-gl_31.jpg,Testing,512,512,5834,5834,5834
data/brain_mri(clean_dataset)\test\glioma\glioma_03365.jpg,test,glioma,Testing/glioma/Te-gl_310.jpg,Testing,224,225,5835,5835,5835
data/brain_mri(clean_dataset)\train\glioma\glioma_03366.jpg,train,glioma,Testing/glioma/Te-gl_311.jpg,Testing,512,512,5836,5836,5836
data/brain_mri(clean_dataset)\train\glioma\glioma_03367.jpg,train,glioma,Testing/glioma/Te-gl_312.jpg,Testing,512,512,5837,5837,5837
data/brain_mri(clean_dataset)\train\glioma\glioma_03368.jpg,train,glioma,Testing/glioma/Te-gl_313.jpg,Testing,305,325,5838,5838,5838
data/brain_mri(clean_dataset)\train\glioma\glioma_03369.jpg,train,glioma,Testing/glioma/Te-gl_314.jpg,Testing,531,577,5839,5839,5839
data/brain_mri(clean_dataset)\train\glioma\glioma_03370.jpg,train,glioma,Testing/glioma/Te-gl_315.jpg,Testing,512,512,5840,5840,5840
data/brain_mri(clean_dataset)\train\glioma\glioma_03371.jpg,train,glioma,Testing/glioma/Te-gl_32.jpg,Testing,249,238,5921,5921,5921
data/brain_mri(clean_dataset)\train\glioma\glioma_03372.jpg,train,glioma,Testing/glioma/Te-gl_320.jpg,Testing,512,512,5868,5868,1179
data/brain_mri(clean_dataset)\train\glioma\glioma_03373.jpg,train,glioma,Testing/glioma/Te-gl_321.jpg,Testing,512,512,5847,5847,5847
data/brain_mri(clean_dataset)\train\glioma\glioma_03374.jpg,train,glioma,Testing/glioma/Te-gl_322.jpg,Testing,512,512,5848,5848,5848
data/brain_mri(clean_dataset)\train\glioma\glioma_03375.jpg,train,glioma,Testing/glioma/Te-gl_323.jpg,Testing,326,405,5849,5849,5849
data/brain_mri(clean_dataset)\test\glioma\glioma_03376.jpg,test,glioma,Testing/glioma/Te-gl_324.jpg,Testing,512,512,5850,5850,5850
data/brain_mri(clean_dataset)\train\glioma\glioma_03377.jpg,train,glioma,Testing/glioma/Te-gl_325.jpg,Testing,512,512,5851,5851,6294
data/brain_mri(clean_dataset)\train\glioma\glioma_03378.jpg,train,glioma,Testing/glioma/Te-gl_326.jpg,Testing,512,512,5852,5852,5852
data/brain_mri(clean_dataset)\train\glioma\glioma_03379.jpg,train,glioma,Testing/glioma/Te-gl_327.jpg,Testing,512,512,5853,5853,5853
data/brain_mri(clean_dataset)\train\glioma\glioma_03380.jpg,train,glioma,Testing/glioma/Te-gl_328.jpg,Testing,512,512,5854,5854,1360
data/brain_mri(clean_dataset)\train\glioma\glioma_03381.jpg,train,glioma,Testing/glioma/Te-gl_329.jpg,Testing,512,512,5855,5855,5855
data/brain_mri(clean_dataset)\valid\glioma\glioma_03382.jpg,valid,glioma,Testing/glioma/Te-gl_33.jpg,Testing,512,512,5891,5891,5891
data/brain_mri(clean_dataset)\train\glioma\glioma_03383.jpg,train,glioma,Testing/glioma/Te-gl_330.jpg,Testing,331,392,5857,5857,5857
data/brain_mri(clean_dataset)\train\glioma\glioma_03384.jpg,train,glioma,Testing/glioma/Te-gl_331.jpg,Testing,512,512,5858,5858,5858
data/brain_mri(clean_dataset)\train\glioma\glioma_03385.jpg,train,glioma,Testing/glioma/Te-gl_332.jpg,Testing,512,512,5859,5859,5859
data/brain_mri(clean_dataset)\valid\glioma\glioma_03386.jpg,valid,glioma,Testing/glioma/Te-gl_334.jpg,Testing,512,512,5861,5861,5861
data/brain_mri(clean_dataset)\valid\glioma\glioma_03387.jpg,valid,glioma,Testing/glioma/Te-gl_335.jpg,Testing,572,536,5862,5862,5862
data/brain_mri(clean_dataset)\train\glioma\glioma_03388.jpg,train,glioma,Testing/glioma/Te-gl_336.jpg,Testing,512,512,5863,5863,5863
data/brain_mri(clean_dataset)\train\glioma\glioma_03389.jpg,train,glioma,Testing/glioma/Te-gl_337.jpg,Testing,512,512,5864,5864,5864
data/brain_mri(clean_dataset)\train\glioma\glioma_03390.jpg,train,glioma,Testing/glioma/Te-gl_339.jpg,Testing,512,512,5866,5866,1171
data/brain_mri(clean_dataset)\valid\glioma\glioma_03391.jpg,valid,glioma,Testing/glioma/Te-gl_34.jpg,Testing,512,512,5867,5867,5867
data/brain_mri(clean_dataset)\train\glioma\glioma_03392.jpg,train,glioma,Testing/glioma/Te-gl_341.jpg,Testing,640,480,5869,5869,5869
data/brain_mri(clean_dataset)\train\glioma\glioma_03393.jpg,train,glioma,Testing/glioma/Te-gl_342.jpg,Testing,512,512,5870,5870,6294
data/brain_mri(clean_dataset)\test\glioma\glioma_03394.jpg,test,glioma,Testing/glioma/Te-gl_344.jpg,Testing,512,512,5872,5872,5872
data/brain_mri(clean_dataset)\train\glioma\glioma_03395.jpg,train,glioma,Testing/glioma/Te-gl_345.jpg,Testing,512,512,5873,5873,1171
data/brain_mri(clean_dataset)\train\glioma\glioma_03396.jpg,train,glioma,Testing/glioma/Te-gl_347.jpg,Testing,512,512,5875,5875,5875
data/brain_mri(clean_dataset)\train\glioma\glioma_03397.jpg,train,glioma,Testing/glioma/Te-gl_348.jpg,Testing,512,512,5876,5876,6294
data/brain_mri(clean_dataset)\test\glioma\glioma_03398.jpg,test,glioma,Testing/glioma/Te-gl_349.jpg,Testing,554,554,5877,5877,5877
data/brain_mri(clean_dataset)\train\glioma\glioma_03399.jpg,train,glioma,Testing/glioma/Te-gl_35.jpg,Testing,512,512,5878,5878,5878
data/brain_mri(clean_dataset)\valid\glioma\glioma_03400.jpg,valid,glioma,Testing/glioma/Te-gl_350.jpg,Testing,175,167,5879,5879,5879
data/brain_mri(clean_dataset)\train\glioma\glioma_03401.jpg,train,glioma,Testing/glioma/Te-gl_351.jpg,Testing,337,412,5880,5880,5880
data/brain_mri(clean_dataset)\train\glioma\glioma_03402.jpg,train,glioma,Testing/glioma/Te-gl_356.jpg,Testing,512,512,5885,5885,5885
data/brain_mri(clean_dataset)\train\glioma\glioma_03403.jpg,train,glioma,Testing/glioma/Te-gl_357.jpg,Testing,512,512,5886,5886,5886
data/brain_mri(clean_dataset)\train\glioma\glioma_03404.jpg,train,glioma,Testing/glioma/Te-gl_358.jpg,Testing,225,225,5887,5887,5887
data/brain_mri(clean_dataset)\train\glioma\glioma_03405.jpg,train,glioma,Testing/glioma/Te-gl_360.jpg,Testing,512,512,5890,5890,5890
data/brain_mri(clean_dataset)\train\glioma\glioma_03406.jpg,train,glioma,Testing/glioma/Te-gl_362.jpg,Testing,512,512,5892,5892,1018
data/brain_mri(clean_dataset)\train\glioma\glioma_03407.jpg,train,glioma,Testing/glioma/Te-gl_363.jpg,Testing,512,512,5893,5893,5893
data/brain_mri(clean_dataset)\train\glioma\glioma_03408.jpg,train,glioma,Testing/glioma/Te-gl_366.jpg,Testing,512,512,5896,5896,5896
data/brain_mri(clean_dataset)\train\glioma\glioma_03409.jpg,train,glioma,Testing/glioma/Te-gl_367.jpg,Testing,512,512,5897,5897,5897
data/brain_mri(clean_dataset)\train\glioma\glioma_03410.jpg,train,glioma,Testing/glioma/Te-gl_368.jpg,Testing,512,512,5898,5898,5898
data/brain_mri(clean_dataset)\train\glioma\glioma_03411.jpg,train,glioma,Testing/glioma/Te-gl_369.jpg,Testing,512,512,5899,5899,1090
data/brain_mri(clean_dataset)\train\glioma\glioma_03412.jpg,train,glioma,Testing/glioma/Te-gl_37.jpg,Testing,512,512,5900,5900,5900
data/brain_mri(clean_dataset)\train\glioma\glioma_03413.jpg,train,glioma,Testing/glioma/Te-gl_370.jpg,Testing,512,512,5901,5901,5901
data/brain_mri(clean_dataset)\valid\glioma\glioma_03414.jpg,valid,glioma,Testing/glioma/Te-gl_371.jpg,Testing,512,512,5902,5902,5902
data/brain_mri(clean_dataset)\valid\glioma\glioma_03415.jpg,valid,glioma,Testing/glioma/Te-gl_373.jpg,Testing,512,512,5943,5943,5943
data/brain_mri(clean_dataset)\train\glioma\glioma_03416.jpg,train,glioma,Testing/glioma/Te-gl_374.jpg,Testing,512,512,5905,5905,5905
data/brain_mri(clean_dataset)\train\glioma\glioma_03417.jpg,train,glioma,Testing/glioma/Te-gl_375.jpg,Testing,512,512,5906,5906,5906
data/brain_mri(clean_dataset)\train\glioma\glioma_03418.jpg,train,glioma,Testing/glioma/Te-gl_376.jpg,Testing,512,512,5907,5907,5819
data/brain_mri(clean_dataset)\train\glioma\glioma_03419.jpg,train,glioma,Testing/glioma/Te-gl_378.jpg,Testing,512,512,5909,5909,5626
data/brain_mri(clean_dataset)\train\glioma\glioma_03420.jpg,train,glioma,Testing/glioma/Te-gl_379.jpg,Testing,512,512,5910,5910,5918
data/brain_mri(clean_dataset)\train\glioma\glioma_03421.jpg,train,glioma,Testing/glioma/Te-gl_38.jpg,Testing,512,512,5911,5911,5911
data/brain_mri(clean_dataset)\train\glioma\glioma_03422.jpg,train,glioma,Testing/glioma/Te-gl_381.jpg,Testing,512,512,5913,5913,5913
data/brain_mri(clean_dataset)\train\glioma\glioma_03423.jpg,train,glioma,Testing/glioma/Te-gl_382.jpg,Testing,512,512,5914,5914,6294
data/brain_mri(clean_dataset)\train\glioma\glioma_03424.jpg,train,glioma,Testing/glioma/Te-gl_383.jpg,Testing,512,512,5915,5915,5915
data/brain_mri(clean_dataset)\train\glioma\glioma_03425.jpg,train,glioma,Testing/glioma/Te-gl_385.jpg,Testing,512,512,5917,5917,6294
data/brain_mri(clean_dataset)\train\glioma\glioma_03426.jpg,train,glioma,Testing/glioma/Te-gl_386.jpg,Testing,512,512,5918,5918,5918
data/brain_mri(clean_dataset)\valid\glioma\glioma_03427.jpg,valid,glioma,Testing/glioma/Te-gl_387.jpg,Testing,512,512,5919,1084,5891
data/brain_mri(clean_dataset)\train\glioma\glioma_03428.jpg,train,glioma,Testing/glioma/Te-gl_388.jpg,Testing,512,512,5920,5920,1090
data/brain_mri(clean_dataset)\train\glioma\glioma_03429.jpg,train,glioma,Testing/glioma/Te-gl_39.jpg,Testing,200,234,5922,5922,5922
data/brain_mri(clean_dataset)\train\glioma\glioma_03430.jpg,train,glioma,Testing/glioma/Te-gl_391.jpg,Testing,490,625,5924,5924,5924
data/brain_mri(clean_dataset)\train\glioma\glioma_03431.jpg,train,glioma,Testing/glioma/Te-gl_394.jpg,Testing,512,512,5927,5927,5927
data/brain_mri(clean_dataset)\train\glioma\glioma_03432.jpg,train,glioma,Testing/glioma/Te-gl_395.jpg,Testing,512,512,5928,5928,5928
data/brain_mri(clean_dataset)\train\glioma\glioma_03433.jpg,train,glioma,Testing/glioma/Te-gl_396.jpg,Testing,512,512,5929,5929,5929
data/brain_mri(clean_dataset)\train\glioma\glioma_03434.jpg,train,glioma,Testing/glioma/Te-gl_397.jpg,Testing,512,512,5930,5930,5930
data/brain_mri(clean_dataset)\train\glioma\glioma_03435.jpg,train,glioma,Testing/glioma/Te-gl_398.jpg,Testing,512,512,5931,5931,5931
data/brain_mri(clean_dataset)\test\glioma\glioma_03436.jpg,test,glioma,Testing/glioma/Te-gl_399.jpg,Testing,512,512,5932,5932,5932
data/brain_mri(clean_dataset)\train\glioma\glioma_03437.jpg,train,glioma,Testing/glioma/Te-gl_4.jpg,Testing,512,512,5933,5933,5933
data/brain_mri(clean_dataset)\train\glioma\glioma_03438.jpg,train,glioma,Testing/glioma/Te-gl_40.jpg,Testing,512,512,5934,5934,5934
data/brain_mri(clean_dataset)\train\glioma\glioma_03439.jpg,train,glioma,Testing/glioma/Te-gl_41.jpg,Testing,512,512,5936,5936,5936
data/brain_mri(clean_dataset)\train\glioma\glioma_03440.jpg,train,glioma,Testing/glioma/Te-gl_42.jpg,Testing,512,512,5937,5937,5937
data/brain_mri(clean_dataset)\test\glioma\glioma_03441.jpg,test,glioma,Testing/glioma/Te-gl_43.jpg,Testing,236,236,5938,5938,5938
data/brain_mri(clean_dataset)\train\glioma\glioma_03442.jpg,train,glioma,Testing/glioma/Te-gl_45.jpg,Testing,512,512,5996,5996,1307
data/brain_mri(clean_dataset)\train\glioma\glioma_03443.jpg,train,glioma,Testing/glioma/Te-gl_46.jpg,Testing,512,512,5941,5941,5941
data/brain_mri(clean_dataset)\train\glioma\glioma_03444.jpg,train,glioma,Testing/glioma/Te-gl_47.jpg,Testing,401,475,5942,5942,5942
data/brain_mri(clean_dataset)\train\glioma\glioma_03445.jpg,train,glioma,Testing/glioma/Te-gl_49.jpg,Testing,512,512,5944,5944,5944
data/brain_mri(clean_dataset)\train\glioma\glioma_03446.jpg,train,glioma,Testing/glioma/Te-gl_5.jpg,Testing,512,512,5945,5945,5945
data/brain_mri(clean_dataset)\train\glioma\glioma_03447.jpg,train,glioma,Testing/glioma/Te-gl_50.jpg,Testing,512,512,5946,5946,1224
data/brain_mri(clean_dataset)\train\glioma\glioma_03448.jpg,train,glioma,Testing/glioma/Te-gl_51.jpg,Testing,512,512,5947,5947,5947
data/brain_mri(clean_dataset)\valid\glioma\glioma_03449.jpg,valid,glioma,Testing/glioma/Te-gl_52.jpg,Testing,512,512,5948,5948,5948
data/brain_mri(clean_dataset)\train\glioma\glioma_03450.jpg,train,glioma,Testing/glioma/Te-gl_53.jpg,Testing,355,399,5949,5949,5949
data/brain_mri(clean_dataset)\train\glioma\glioma_03451.jpg,train,glioma,Testing/glioma/Te-gl_54.jpg,Testing,512,512,5950,5950,5950
data/brain_mri(clean_dataset)\valid\glioma\glioma_03452.jpg,valid,glioma,Testing/glioma/Te-gl_55.jpg,Testing,512,512,5951,5951,5951
data/brain_mri(clean_dataset)\test\glioma\glioma_03453.jpg,test,glioma,Testing/glioma/Te-gl_56.jpg,Testing,512,512,5952,5952,5952
data/brain_mri(clean_dataset)\test\glioma\glioma_03454.jpg,test,glioma,Testing/glioma/Te-gl_57.jpg,Testing,512,512,5953,5953,5953
data/brain_mri(clean_dataset)\test\glioma\glioma_03455.jpg,test,glioma,Testing/glioma/Te-gl_58.jpg,Testing,282,257,5954,5954,5954
data/brain_mri(clean_dataset)\train\glioma\glioma_03456.jpg,train,glioma,Testing/glioma/Te-gl_6.jpg,Testing,512,512,5956,5956,5956
data/brain_mri(clean_dataset)\train\glioma\glioma_03457.jpg,train,glioma,Testing/glioma/Te-gl_61.jpg,Testing,512,512,5958,5958,5958
data/brain_mri(clean_dataset)\train\glioma\glioma_03458.jpg,train,glioma,Testing/glioma/Te-gl_62.jpg,Testing,317,378,5959,5959,5959
data/brain_mri(clean_dataset)\train\glioma\glioma_03459.jpg,train,glioma,Testing/glioma/Te-gl_64.jpg,Testing,512,512,5961,5961,5961
data/brain_mri(clean_dataset)\test\glioma\glioma_03460.jpg,test,glioma,Testing/glioma/Te-gl_65.jpg,Testing,512,512,5962,5962,5962
data/brain_mri(clean_dataset)\train\glioma\glioma_03461.jpg,train,glioma,Testing/glioma/Te-gl_66.jpg,Testing,353,427,5963,5963,5963
data/brain_mri(clean_dataset)\train\glioma\glioma_03462.jpg,train,glioma,Testing/glioma/Te-gl_67.jpg,Testing,512,512,5964,5964,5964
data/brain_mri(clean_dataset)\train\glioma\glioma_03463.jpg,train,glioma,Testing/glioma/Te-gl_69.jpg,Testing,512,512,5966,1144,5966
data/brain_mri(clean_dataset)\train\glioma\glioma_03464.jpg,train,glioma,Testing/glioma/Te-gl_7.jpg,Testing,512,512,5967,5967,5967
data/brain_mri(clean_dataset)\train\glioma\glioma_03465.jpg,train,glioma,Testing/glioma/Te-gl_71.jpg,Testing,512,512,5969,5969,5969
data/brain_mri(clean_dataset)\train\glioma\glioma_03466.jpg,train,glioma,Testing/glioma/Te-gl_73.jpg,Testing,512,512,5971,5971,5971
data/brain_mri(clean_dataset)\train\glioma\glioma_03467.jpg,train,glioma,Testing/glioma/Te-gl_75.jpg,Testing,512,512,5973,5973,5896
data/brain_mri(clean_dataset)\train\glioma\glioma_03468.jpg,train,glioma,Testing/glioma/Te-gl_76.jpg,Testing,564,665,5974,5974,5974
data/brain_mri(clean_dataset)\train\glioma\glioma_03469.jpg,train,glioma,Testing/glioma/Te-gl_77.jpg,Testing,512,512,5975,5975,5975
data/brain_mri(clean_dataset)\train\glioma\glioma_03470.jpg,train,glioma,Testing/glioma/Te-gl_78.jpg,Testing,421,504,5976,5976,5976
data/brain_mri(clean_dataset)\train\glioma\glioma_03471.jpg,train,glioma,Testing/glioma/Te-gl_79.jpg,Testing,512,512,5977,5977,5977
data/brain_mri(clean_dataset)\valid\glioma\glioma_03472.jpg,valid,glioma,Testing/glioma/Te-gl_8.jpg,Testing,512,512,5978,5978,5978
data/brain_mri(clean_dataset)\train\glioma\glioma_03473.jpg,train,glioma,Testing/glioma/Te-gl_80.jpg,Testing,512,512,5979,5979,5979
data/brain_mri(clean_dataset)\train\glioma\glioma_03474.jpg,train,glioma,Testing/glioma/Te-gl_82.jpg,Testing,512,512,5981,5981,5981
data/brain_mri(clean_dataset)\test\glioma\glioma_03475.jpg,test,glioma,Testing/glioma/Te-gl_83.jpg,Testing,512,512,5982,5982,5982
data/brain_mri(clean_dataset)\valid\glioma\glioma_03476.jpg,valid,glioma,Testing/glioma/Te-gl_84.jpg,Testing,485,594,5983,5983,5983
data/brain_mri(clean_dataset)\train\glioma\glioma_03477.jpg,train,glioma,Testing/glioma/Te-gl_85.jpg,Testing,512,512,5984,5984,5984
data/brain_mri(clean_dataset)\train\glioma\glioma_03478.jpg,train,glioma,Testing/glioma/Te-gl_86.jpg,Testing,386,406,5985,5985,5985
data/brain_mri(clean_dataset)\train\glioma\glioma_03479.jpg,train,glioma,Testing/glioma/Te-gl_87.jpg,Testing,512,512,5986,5986,5986
data/brain_mri(clean_dataset)\train\glioma\glioma_03480.jpg,train,glioma,Testing/glioma/Te-gl_88.jpg,Testing,512,512,5987,5987,525
data/brain_mri(clean_dataset)\valid\glioma\glioma_03481.jpg,valid,glioma,Testing/glioma/Te-gl_89.jpg,Testing,512,512,5988,5988,5988
data/brain_mri(clean_dataset)\test\glioma\glioma_03482.jpg,test,glioma,Testing/glioma/Te-gl_9.jpg,Testing,512,512,5989,5989,5989
data/brain_mri(clean_dataset)\train\glioma\glioma_03483.jpg,train,glioma,Testing/glioma/Te-gl_90.jpg,Testing,512,512,5990,5990,5990
data/brain_mri(clean_dataset)\train\glioma\glioma_03484.jpg,train,glioma,Testing/glioma/Te-gl_91.jpg,Testing,512,512,5991,5991,5991
data/brain_mri(clean_dataset)\test\glioma\glioma_03485.jpg,test,glioma,Testing/glioma/Te-gl_92.jpg,Testing,512,512,5992,5992,5992
data/brain_mri(clean_dataset)\train\glioma\glioma_03486.jpg,train,glioma,Testing/glioma/Te-gl_93.jpg,Testing,512,512,5993,5993,5993
data/brain_mri(clean_dataset)\train\glioma\glioma_03487.jpg,train,glioma,Testing/glioma/Te-gl_94.jpg,Testing,512,512,5994,5994,5994
data/brain_mri(clean_dataset)\test\glioma\glioma_03488.jpg,test,glioma,Testing/glioma/Te-gl_95.jpg,Testing,512,512,5995,5995,5939
data/brain_mri(clean_dataset)\test\glioma\glioma_03489.jpg,test,glioma,Testing/glioma/Te-gl_97.jpg,Testing,504,608,5997,5997,5997
data/brain_mri(clean_dataset)\train\glioma\glioma_03490.jpg,train,glioma,Testing/glioma/Te-gl_98.jpg,Testing,512,512,5998,5998,5998
data/brain_mri(clean_dataset)\train\glioma\glioma_03491.jpg,train,glioma,Testing/glioma/Te-gl_99.jpg,Testing,512,512,5999,5999,5999
data/brain_mri(clean_dataset)\train\meningioma\meningioma_03492.jpg,train,meningioma,Testing/meningioma/Te-me_1.jpg,Testing,442,442,6103,6103,6103
data/brain_mri(clean_dataset)\valid\meningioma\meningioma_03493.jpg,valid,meningioma,Testing/meningioma/Te-me_101.jpg,Testing,305,337,6106,6106,6106
data/brain_mri(clean_dataset)\train\meningioma\meningioma_03494.jpg,train,meningioma,Testing/meningioma/Te-me_104.jpg,Testing,512,512,6109,6109,6298
data/brain_mri(clean_dataset)\train\meningioma\meningioma_03495.jpg,train,meningioma,Testing/meningioma/Te-me_105.jpg,Testing,323,342,6110,6110,6110
data/brain_mri(clean_dataset)\valid\meningioma\meningioma_03496.jpg,valid,meningioma,Testing/meningioma/Te-me_109.jpg,Testing,239,224,6114,6114,6114
data/brain_mri(clean_dataset)\train\meningioma\meningioma_03497.jpg,train,meningioma,Testing/meningioma/Te-me_111.jpg,Testing,290,342,6117,6186,6186
data/brain_mri(clean_dataset)\test\meningioma\meningioma_03498.jpg,test,meningioma,Testing/meningioma/Te-me_113.jpg,Testing,257,307,6119,6119,6119
data/brain_mri(clean_dataset)\train\meningioma\meningioma_03499.jpg,train,meningioma,Testing/meningioma/Te-me_116.jpg,Testing,455,500,6254,6254,6254
data/brain_mri(clean_dataset)\train\meningioma\meningioma_03500.jpg,train,meningioma,Testing/meningioma/Te-me_117.jpg,Testing,209,241,6123,6123,6123
data/brain_mri(clean_dataset)\test\meningioma\meningioma_03501.jpg,test,meningioma,Testing/meningioma/Te-me_121.jpg,Testing,216,216,6128,6128,6128
data/brain_mri(clean_dataset)\valid\meningioma\meningioma_03502.jpg,valid,meningioma,Testing/meningioma/Te-me_124.jpg,Testing,512,512,6131,6131,6131
data/brain_mri(clean_dataset)\train\meningioma\meningioma_03503.jpg,train,meningioma,Testing/meningioma/Te-me_125.jpg,Testing,480,480,6132,6132,6132
data/brain_mri(clean_dataset)\train\meningioma\meningioma_03504.jpg,train,meningioma,Testing/meningioma/Te-me_126.jpg,Testing,200,236,6133,6133,6133
data/brain_mri(clean_dataset)\test\meningioma\meningioma_03505.jpg,test,meningioma,Testing/meningioma/Te-me_129.jpg,Testing,554,554,6136,6136,6153
data/brain_mri(clean_dataset)\valid\meningioma\meningioma_03506.jpg,valid,meningioma,Testing/meningioma/Te-me_13.jpg,Testing,512,512,6137,6137,6137
data/brain_mri(clean_dataset)\train\meningioma\meningioma_03507.jpg,train,meningioma,Testing/meningioma/Te-me_137.jpg,Testing,212,237,6145,6145,6145
data/brain_mri(clean_dataset)\test\meningioma\meningioma_03508.jpg,test,meningioma,Testing/meningioma/Te-me_138.jpg,Testing,226,214,6146,6146,6146
data/brain_mri(clean_dataset)\train\meningioma\meningioma_03509.jpg,train,meningioma,Testing/meningioma/Te-me_139.jpg,Testing,352,322,6147,6147,6147
data/brain_mri(clean_dataset)\train\meningioma\meningioma_03510.jpg,train,meningioma,Testing/meningioma/Te-me_141.jpg,Testing,512,512,6150,6150,6150
data/brain_mri(clean_dataset)\test\meningioma\meningioma_03511.jpg,test,meningioma,Testing/meningioma/Te-me_144.jpg,Testing,224,216,6153,6153,6153
data/brain_mri(clean_dataset)\test\meningioma\meningioma_03512.jpg,test,meningioma,Testing/meningioma/Te-me_145.jpg,Testing,512,512,6154,6154,6154
data/brain_mri(clean_dataset)\valid\meningioma\meningioma_03513.jpg,valid,meningioma,Testing/meningioma/Te-me_146.jpg,Testing,512,512,6155,6155,6240
data/brain_mri(clean_dataset)\train\meningioma\meningioma_03514.jpg,train,meningioma,Testing/meningioma/Te-me_147.jpg,Testing,512,512,6156,6156,6156
data/brain_mri(clean_dataset)\test\meningioma\meningioma_03515.jpg,test,meningioma,Testing/meningioma/Te-me_149.jpg,Testing,225,225,6158,6158,6158
data/brain_mri(clean_dataset)\train\meningioma\meningioma_03516.jpg,train,meningioma,Testing/meningioma/Te-me_156.jpg,Testing,341,377,6166,6166,6166
data/brain_mri(clean_dataset)\test\meningioma\meningioma_03517.jpg,test,meningioma,Testing/meningioma/Te-me_158.jpg,Testing,215,220,6168,6168,6168
data/brain_mri(clean_dataset)\test\meningioma\meningioma_03518.jpg,test,meningioma,Testing/meningioma/Te-me_162.jpg,Testing,201,251,6173,6173,6173
data/brain_mri(clean_dataset)\test\meningioma\meningioma_03519.jpg,test,meningioma,Testing/meningioma/Te-me_164.jpg,Testing,512,512,6175,6175,2299
data/brain_mri(clean_dataset)\train\meningioma\meningioma_03520.jpg,train,meningioma,Testing/meningioma/Te-me_165.jpg,Testing,402,396,6176,6176,6176
data/brain_mri(clean_dataset)\train\meningioma\meningioma_03521.jpg,train,meningioma,Testing/meningioma/Te-me_167.jpg,Testing,200,223,6178,6178,6178
data/brain_mri(clean_dataset)\train\meningioma\meningioma_03522.jpg,train,meningioma,Testing/meningioma/Te-me_169.jpg,Testing,512,512,6180,6180,6180
data/brain_mri(clean_dataset)\test\meningioma\meningioma_03523.jpg,test,meningioma,Testing/meningioma/Te-me_171.jpg,Testing,306,306,6183,6183,6183
data/brain_mri(clean_dataset)\train\meningioma\meningioma_03524.jpg,train,meningioma,Testing/meningioma/Te-me_172.jpg,Testing,512,512,6184,6184,6294
data/brain_mri(clean_dataset)\train\meningioma\meningioma_03525.jpg,train,meningioma,Testing/meningioma/Te-me_173.jpg,Testing,512,512,6185,6185,6294
data/brain_mri(clean_dataset)\train\meningioma\meningioma_03526.jpg,train,meningioma,Testing/meningioma/Te-me_174.jpg,Testing,290,339,6186,6186,6186
data/brain_mri(clean_dataset)\train\meningioma\meningioma_03527.jpg,train,meningioma,Testing/meningioma/Te-me_175.jpg,Testing,212,238,6187,6187,6187
data/brain_mri(clean_dataset)\train\meningioma\meningioma_03528.jpg,train,meningioma,Testing/meningioma/Te-me_176.jpg,Testing,540,568,6188,6188,6188
data/brain_mri(clean_dataset)\train\meningioma\meningioma_03529.jpg,train,meningioma,Testing/meningioma/Te-me_179.jpg,Testing,341,395,6212,6212,6212
data/brain_mri(clean_dataset)\train\meningioma\meningioma_03530.jpg,train,meningioma,Testing/meningioma/Te-me_18.jpg,Testing,204,249,6192,6192,6192
data/brain_mri(clean_dataset)\train\meningioma\meningioma_03531.jpg,train,meningioma,Testing/meningioma/Te-me_180.jpg,Testing,200,235,6193,6193,6193
data/brain_mri(clean_dataset)\test\meningioma\meningioma_03532.jpg,test,meningioma,Testing/meningioma/Te-me_182.jpg,Testing,210,240,6340,6340,6340
data/brain_mri(clean_dataset)\train\meningioma\meningioma_03533.jpg,train,meningioma,Testing/meningioma/Te-me_184.jpg,Testing,374,370,6197,6197,6197
data/brain_mri(clean_dataset)\train\meningioma\meningioma_03534.jpg,train,meningioma,Testing/meningioma/Te-me_186.jpg,Testing,314,195,6199,6199,6199
data/brain_mri(clean_dataset)\train\meningioma\meningioma_03535.jpg,train,meningioma,Testing/meningioma/Te-me_187.jpg,Testing,304,410,6200,6200,6200
data/brain_mri(clean_dataset)\train\meningioma\meningioma_03536.jpg,train,meningioma,Testing/meningioma/Te-me_19.jpg,Testing,341,372,6203,6203,6203
data/brain_mri(clean_dataset)\valid\meningioma\meningioma_03537.jpg,valid,meningioma,Testing/meningioma/Te-me_190.jpg,Testing,212,237,6204,6204,6204
data/brain_mri(clean_dataset)\valid\meningioma\meningioma_03538.jpg,valid,meningioma,Testing/meningioma/Te-me_191.jpg,Testing,512,512,6205,6205,6205
data/brain_mri(clean_dataset)\train\meningioma\meningioma_03539.jpg,train,meningioma,Testing/meningioma/Te-me_193.jpg,Testing,512,512,6207,6207,6207
data/brain_mri(clean_dataset)\train\meningioma\meningioma_03540.jpg,train,meningioma,Testing/meningioma/Te-me_195.jpg,Testing,238,212,6209,6209,6209
data/brain_mri(clean_dataset)\train\meningioma\meningioma_03541.jpg,train,meningioma,Testing/meningioma/Te-me_197.jpg,Testing,442,442,6211,6211,6211
data/brain_mri(clean_dataset)\train\meningioma\meningioma_03542.jpg,train,meningioma,Testing/meningioma/Te-me_2.jpg,Testing,318,354,6273,6273,6273
data/brain_mri(clean_dataset)\train\meningioma\meningioma_03543.jpg,train,meningioma,Testing/meningioma/Te-me_20.jpg,Testing,289,354,6333,6333,6333
data/brain_mri(clean_dataset)\train\meningioma\meningioma_03544.jpg,train,meningioma,Testing/meningioma/Te-me_205.jpg,Testing,225,225,6221,6221,6221
data/brain_mri(clean_dataset)\train\meningioma\meningioma_03545.jpg,train,meningioma,Testing/meningioma/Te-me_206.jpg,Testing,252,303,6222,6222,6222
data/brain_mri(clean_dataset)\train\meningioma\meningioma_03546.jpg,train,meningioma,Testing/meningioma/Te-me_207.jpg,Testing,200,223,6223,6223,6223
data/brain_mri(clean_dataset)\train\meningioma\meningioma_03547.jpg,train,meningioma,Testing/meningioma/Te-me_210.jpg,Testing,411,396,6227,6299,6299
data/brain_mri(clean_dataset)\train\meningioma\meningioma_03548.jpg,train,meningioma,Testing/meningioma/Te-me_212.jpg,Testing,512,512,6229,6229,2235
data/brain_mri(clean_dataset)\train\meningioma\meningioma_03549.jpg,train,meningioma,Testing/meningioma/Te-me_213.jpg,Testing,295,394,6230,6230,6230
data/brain_mri(clean_dataset)\train\meningioma\meningioma_03550.jpg,train,meningioma,Testing/meningioma/Te-me_219.jpg,Testing,262,308,6236,6236,6236
data/brain_mri(clean_dataset)\train\meningioma\meningioma_03551.jpg,train,meningioma,Testing/meningioma/Te-me_223.jpg,Testing,722,690,6241,6241,6241
data/brain_mri(clean_dataset)\train\meningioma\meningioma_03552.jpg,train,meningioma,Testing/meningioma/Te-me_224.jpg,Testing,512,512,6242,6242,2388
data/brain_mri(clean_dataset)\valid\meningioma\meningioma_03553.jpg,valid,meningioma,Testing/meningioma/Te-me_225.jpg,Testing,512,512,6243,6243,6243
data/brain_mri(clean_dataset)\test\meningioma\meningioma_03554.jpg,test,meningioma,Testing/meningioma/Te-me_227.jpg,Testing,174,230,6245,6245,6245
data/brain_mri(clean_dataset)\train\meningioma\meningioma_03555.jpg,train,meningioma,Testing/meningioma/Te-me_228.jpg,Testing,219,234,6246,6246,6246
data/brain_mri(clean_dataset)\train\meningioma\meningioma_03556.jpg,train,meningioma,Testing/meningioma/Te-me_229.jpg,Testing,441,427,6247,6318,6318
data/brain_mri(clean_dataset)\train\meningioma\meningioma_03557.jpg,train,meningioma,Testing/meningioma/Te-me_230.jpg,Testing,367,395,6249,6249,6249
data/brain_mri(clean_dataset)\train\meningioma\meningioma_03558.jpg,train,meningioma,Testing/meningioma/Te-me_231.jpg,Testing,645,439,6250,6250,6250
data/brain_mri(clean_dataset)\train\meningioma\meningioma_03559.jpg,train,meningioma,Testing/meningioma/Te-me_232.jpg,Testing,338,345,6251,6251,6251
data/brain_mri(clean_dataset)\valid\meningioma\meningioma_03560.jpg,valid,meningioma,Testing/meningioma/Te-me_234.jpg,Testing,314,358,6253,6253,6253
data/brain_mri(clean_dataset)\train\meningioma\meningioma_03561.jpg,train,meningioma,Testing/meningioma/Te-me_236.jpg,Testing,512,512,6255,6255,6255
data/brain_mri(clean_dataset)\train\meningioma\meningioma_03562.jpg,train,meningioma,Testing/meningioma/Te-me_241.jpg,Testing,206,249,6261,6261,6192
data/brain_mri(clean_dataset)\test\meningioma\meningioma_03563.jpg,test,meningioma,Testing/meningioma/Te-me_243.jpg,Testing,200,252,6263,6263,6263
data/brain_mri(clean_dataset)\train\meningioma\meningioma_03564.jpg,train,meningioma,Testing/meningioma/Te-me_245.jpg,Testing,512,512,6265,6364,6364
data/brain_mri(clean_dataset)\valid\meningioma\meningioma_03565.jpg,valid,meningioma,Testing/meningioma/Te-me_246.jpg,Testing,512,512,6266,6266,2132
data/brain_mri(clean_dataset)\train\meningioma\meningioma_03566.jpg,train,meningioma,Testing/meningioma/Te-me_25.jpg,Testing,512,512,6270,6270,6294
data/brain_mri(clean_dataset)\train\meningioma\meningioma_03567.jpg,train,meningioma,Testing/meningioma/Te-me_251.jpg,Testing,205,251,6272,6272,6272
data/brain_mri(clean_dataset)\train\meningioma\meningioma_03568.jpg,train,meningioma,Testing/meningioma/Te-me_253.jpg,Testing,291,340,6274,6274,6274
data/brain_mri(clean_dataset)\train\meningioma\meningioma_03569.jpg,train,meningioma,Testing/meningioma/Te-me_254.jpg,Testing,512,512,6275,6275,6294
data/brain_mri(clean_dataset)\valid\meningioma\meningioma_03570.jpg,valid,meningioma,Testing/meningioma/Te-me_255.jpg,Testing,234,216,6276,6276,6276
data/brain_mri(clean_dataset)\train\meningioma\meningioma_03571.jpg,train,meningioma,Testing/meningioma/Te-me_259.jpg,Testing,217,232,6280,6280,6280
data/brain_mri(clean_dataset)\train\meningioma\meningioma_03572.jpg,train,meningioma,Testing/meningioma/Te-me_262.jpg,Testing,591,650,6337,6337,6337
data/brain_mri(clean_dataset)\train\meningioma\meningioma_03573.jpg,train,meningioma,Testing/meningioma/Te-me_263.jpg,Testing,512,512,6285,6285,6285
data/brain_mri(clean_dataset)\train\meningioma\meningioma_03574.jpg,train,meningioma,Testing/meningioma/Te-me_265.jpg,Testing,225,225,6287,6287,6287
data/brain_mri(clean_dataset)\train\meningioma\meningioma_03575.jpg,train,meningioma,Testing/meningioma/Te-me_266.jpg,Testing,211,239,6288,6288,6288
data/brain_mri(clean_dataset)\train\meningioma\meningioma_03576.jpg,train,meningioma,Testing/meningioma/Te-me_269.jpg,Testing,512,512,6291,6291,6294
data/brain_mri(clean_dataset)\train\meningioma\meningioma_03577.jpg,train,meningioma,Testing/meningioma/Te-me_270.jpg,Testing,210,240,6293,6293,6293
data/brain_mri(clean_dataset)\train\meningioma\meningioma_03578.jpg,train,meningioma,Testing/meningioma/Te-me_272.jpg,Testing,534,674,6295,6295,6295
data/brain_mri(clean_dataset)\valid\meningioma\meningioma_03579.jpg,valid,meningioma,Testing/meningioma/Te-me_274.jpg,Testing,201,251,6297,6297,6297
data/brain_mri(clean_dataset)\train\meningioma\meningioma_03580.jpg,train,meningioma,Testing/meningioma/Te-me_276.jpg,Testing,416,395,6299,6299,6299
data/brain_mri(clean_dataset)\train\meningioma\meningioma_03581.jpg,train,meningioma,Testing/meningioma/Te-me_277.jpg,Testing,472,546,6300,6300,6300
data/brain_mri(clean_dataset)\valid\meningioma\meningioma_03582.jpg,valid,meningioma,Testing/meningioma/Te-me_279.jpg,Testing,300,258,6302,6302,6302
data/brain_mri(clean_dataset)\valid\meningioma\meningioma_03583.jpg,valid,meningioma,Testing/meningioma/Te-me_280.jpg,Testing,442,442,6304,6304,6304
data/brain_mri(clean_dataset)\train\meningioma\meningioma_03584.jpg,train,meningioma,Testing/meningioma/Te-me_285.jpg,Testing,1149,1019,6309,6309,6309
data/brain_mri(clean_dataset)\train\meningioma\meningioma_03585.jpg,train,meningioma,Testing/meningioma/Te-me_286.jpg,Testing,512,512,6310,6310,6294
data/brain_mri(clean_dataset)\train\meningioma\meningioma_03586.jpg,train,meningioma,Testing/meningioma/Te-me_287.jpg,Testing,512,512,6311,6311,6311
data/brain_mri(clean_dataset)\train\meningioma\meningioma_03587.jpg,train,meningioma,Testing/meningioma/Te-me_288.jpg,Testing,239,248,6312,6312,6312
data/brain_mri(clean_dataset)\train\meningioma\meningioma_03588.jpg,train,meningioma,Testing/meningioma/Te-me_29.jpg,Testing,313,393,6314,6314,6314
data/brain_mri(clean_dataset)\train\meningioma\meningioma_03589.jpg,train,meningioma,Testing/meningioma/Te-me_290.jpg,Testing,213,236,6315,6315,6315
data/brain_mri(clean_dataset)\train\meningioma\meningioma_03590.jpg,train,meningioma,Testing/meningioma/Te-me_293.jpg,Testing,224,219,6318,6318,6318
data/brain_mri(clean_dataset)\train\meningioma\meningioma_03591.jpg,train,meningioma,Testing/meningioma/Te-me_295.jpg,Testing,228,221,6368,6368,6368
data/brain_mri(clean_dataset)\test\meningioma\meningioma_03592.jpg,test,meningioma,Testing/meningioma/Te-me_296.jpg,Testing,315,315,6321,6321,6321
data/brain_mri(clean_dataset)\train\meningioma\meningioma_03593.jpg,train,meningioma,Testing/meningioma/Te-me_297.jpg,Testing,512,512,6322,6322,6322
data/brain_mri(clean_dataset)\train\meningioma\meningioma_03594.jpg,train,meningioma,Testing/meningioma/Te-me_3.jpg,Testing,232,261,6323,6323,6323
data/brain_mri(clean_dataset)\test\meningioma\meningioma_03595.jpg,test,meningioma,Testing/meningioma/Te-me_30.jpg,Testing,369,395,6324,6324,6324
data/brain_mri(clean_dataset)\test\meningioma\meningioma_03596.jpg,test,meningioma,Testing/meningioma/Te-me_31.jpg,Testing,225,225,6325,6325,6325
data/brain_mri(clean_dataset)\train\meningioma\meningioma_03597.jpg,train,meningioma,Testing/meningioma/Te-me_33.jpg,Testing,512,512,6327,6327,6294
data/brain_mri(clean_dataset)\train\meningioma\meningioma_03598.jpg,train,meningioma,Testing/meningioma/Te-me_37.jpg,Testing,630,423,6331,6331,6331
data/brain_mri(clean_dataset)\train\meningioma\meningioma_03599.jpg,train,meningioma,Testing/meningioma/Te-me_4.jpg,Testing,201,207,6334,6334,6334
data/brain_mri(clean_dataset)\test\meningioma\meningioma_03600.jpg,test,meningioma,Testing/meningioma/Te-me_41.jpg,Testing,512,512,6336,6336,6336
data/brain_mri(clean_dataset)\train\meningioma\meningioma_03601.jpg,train,meningioma,Testing/meningioma/Te-me_46.jpg,Testing,512,512,6341,6341,6341
data/brain_mri(clean_dataset)\train\meningioma\meningioma_03602.jpg,train,meningioma,Testing/meningioma/Te-me_47.jpg,Testing,512,512,6342,6342,6342
data/brain_mri(clean_dataset)\valid\meningioma\meningioma_03603.jpg,valid,meningioma,Testing/meningioma/Te-me_49.jpg,Testing,343,367,6344,6344,6344
data/brain_mri(clean_dataset)\train\meningioma\meningioma_03604.jpg,train,meningioma,Testing/meningioma/Te-me_5.jpg,Testing,257,248,6345,6345,6345
data/brain_mri(clean_dataset)\train\meningioma\meningioma_03605.jpg,train,meningioma,Testing/meningioma/Te-me_51.jpg,Testing,512,512,6347,6347,6294
data/brain_mri(clean_dataset)\test\meningioma\meningioma_03606.jpg,test,meningioma,Testing/meningioma/Te-me_52.jpg,Testing,351,398,6348,6348,6348
data/brain_mri(clean_dataset)\train\meningioma\meningioma_03607.jpg,train,meningioma,Testing/meningioma/Te-me_54.jpg,Testing,312,401,6350,6350,6230
data/brain_mri(clean_dataset)\train\meningioma\meningioma_03608.jpg,train,meningioma,Testing/meningioma/Te-me_6.jpg,Testing,440,278,6356,6356,6356
data/brain_mri(clean_dataset)\train\meningioma\meningioma_03609.jpg,train,meningioma,Testing/meningioma/Te-me_62.jpg,Testing,206,245,6359,6359,6359
data/brain_mri(clean_dataset)\train\meningioma\meningioma_03610.jpg,train,meningioma,Testing/meningioma/Te-me_66.jpg,Testing,278,306,6363,6363,6363
data/brain_mri(clean_dataset)\train\meningioma\meningioma_03611.jpg,train,meningioma,Testing/meningioma/Te-me_67.jpg,Testing,512,512,6364,6364,6364
data/brain_mri(clean_dataset)\test\meningioma\meningioma_03612.jpg,test,meningioma,Testing/meningioma/Te-me_68.jpg,Testing,512,512,6365,6365,6365
data/brain_mri(clean_dataset)\train\meningioma\meningioma_03613.jpg,train,meningioma,Testing/meningioma/Te-me_71.jpg,Testing,273,326,6369,6369,6369
data/brain_mri(clean_dataset)\train\meningioma\meningioma_03614.jpg,train,meningioma,Testing/meningioma/Te-me_75.jpg,Testing,315,341,6373,6373,6373
data/brain_mri(clean_dataset)\train\meningioma\meningioma_03615.jpg,train,meningioma,Testing/meningioma/Te-me_78.jpg,Testing,512,512,6376,6376,6376
data/brain_mri(clean_dataset)\train\meningioma\meningioma_03616.jpg,train,meningioma,Testing/meningioma/Te-me_81.jpg,Testing,221,228,6380,6380,6380
data/brain_mri(clean_dataset)\train\meningioma\meningioma_03617.jpg,train,meningioma,Testing/meningioma/Te-me_82.jpg,Testing,225,225,6381,6381,6381
data/brain_mri(clean_dataset)\train\meningioma\meningioma_03618.jpg,train,meningioma,Testing/meningioma/Te-me_83.jpg,Testing,369,398,6382,6382,6382
data/brain_mri(clean_dataset)\test\meningioma\meningioma_03619.jpg,test,meningioma,Testing/meningioma/Te-me_85.jpg,Testing,512,512,6384,6384,6384
data/brain_mri(clean_dataset)\train\meningioma\meningioma_03620.jpg,train,meningioma,Testing/meningioma/Te-me_86.jpg,Testing,256,256,6385,6385,6385
data/brain_mri(clean_dataset)\train\meningioma\meningioma_03621.jpg,train,meningioma,Testing/meningioma/Te-me_9.jpg,Testing,330,355,6389,6389,6389
data/brain_mri(clean_dataset)\train\meningioma\meningioma_03622.jpg,train,meningioma,Testing/meningioma/Te-me_93.jpg,Testing,491,624,6393,6393,6393
data/brain_mri(clean_dataset)\test\meningioma\meningioma_03623.jpg,test,meningioma,Testing/meningioma/Te-me_94.jpg,Testing,215,234,6394,6394,6394
data/brain_mri(clean_dataset)\test\meningioma\meningioma_03624.jpg,test,meningioma,Testing/meningioma/Te-me_95.jpg,Testing,208,243,6395,6395,6395
data/brain_mri(clean_dataset)\train\meningioma\meningioma_03625.jpg,train,meningioma,Testing/meningioma/Te-me_99.jpg,Testing,512,512,6399,6399,6399
data/brain_mri(clean_dataset)\test\notumor\notumor_03626.jpg,test,notumor,Testing/notumor/Te-no_105.jpg,Testing,232,217,6654,6654,6654
data/brain_mri(clean_dataset)\train\notumor\notumor_03627.jpg,train,notumor,Testing/notumor/Te-no_106.jpg,Testing,150,198,6408,6799,6799
data/brain_mri(clean_dataset)\train\notumor\notumor_03628.jpg,train,notumor,Testing/notumor/Te-no_112.jpg,Testing,225,225,6427,6434,6434
data/brain_mri(clean_dataset)\valid\notumor\notumor_03629.jpg,valid,notumor,Testing/notumor/Te-no_121.jpg,Testing,236,236,6425,6425,6425
data/brain_mri(clean_dataset)\train\notumor\notumor_03630.jpg,train,notumor,Testing/notumor/Te-no_127.jpg,Testing,428,417,6686,3207,6788
data/brain_mri(clean_dataset)\train\notumor\notumor_03631.jpg,train,notumor,Testing/notumor/Te-no_150.jpg,Testing,236,251,6457,6457,6457
data/brain_mri(clean_dataset)\train\notumor\notumor_03632.jpg,train,notumor,Testing/notumor/Te-no_153.jpg,Testing,276,326,6712,6712,6712
data/brain_mri(clean_dataset)\train\notumor\notumor_03633.jpg,train,notumor,Testing/notumor/Te-no_159.jpg,Testing,236,236,6466,6466,6466
data/brain_mri(clean_dataset)\train\notumor\notumor_03634.jpg,train,notumor,Testing/notumor/Te-no_17.jpg,Testing,228,221,6636,6777,6777
data/brain_mri(clean_dataset)\train\notumor\notumor_03635.jpg,train,notumor,Testing/notumor/Te-no_179.jpg,Testing,228,221,6488,6694,6694
data/brain_mri(clean_dataset)\train\notumor\notumor_03636.jpg,train,notumor,Testing/notumor/Te-no_183.jpg,Testing,150,198,6771,6771,6771
data/brain_mri(clean_dataset)\train\notumor\notumor_03637.jpg,train,notumor,Testing/notumor/Te-no_19.jpg,Testing,192,192,6545,6545,6545
data/brain_mri(clean_dataset)\test\notumor\notumor_03638.jpg,test,notumor,Testing/notumor/Te-no_194.jpg,Testing,234,224,3522,3522,3522
data/brain_mri(clean_dataset)\train\notumor\notumor_03639.jpg,train,notumor,Testing/notumor/Te-no_199.jpg,Testing,215,234,6701,6750,6750
data/brain_mri(clean_dataset)\valid\notumor\notumor_03640.jpg,valid,notumor,Testing/notumor/Te-no_200.jpg,Testing,642,361,6644,6763,6763
data/brain_mri(clean_dataset)\train\notumor\notumor_03641.jpg,train,notumor,Testing/notumor/Te-no_208.jpg,Testing,225,225,6753,6542,6753
data/brain_mri(clean_dataset)\train\notumor\notumor_03642.jpg,train,notumor,Testing/notumor/Te-no_210.jpg,Testing,642,361,6630,6782,6782
data/brain_mri(clean_dataset)\train\notumor\notumor_03643.jpg,train,notumor,Testing/notumor/Te-no_211.jpg,Testing,428,417,6551,3703,6790
data/brain_mri(clean_dataset)\train\notumor\notumor_03644.jpg,train,notumor,Testing/notumor/Te-no_215.jpg,Testing,236,213,6529,6529,4140
data/brain_mri(clean_dataset)\train\notumor\notumor_03645.jpg,train,notumor,Testing/notumor/Te-no_217.jpg,Testing,300,168,6531,6623,6623
data/brain_mri(clean_dataset)\train\notumor\notumor_03646.jpg,train,notumor,Testing/notumor/Te-no_220.jpg,Testing,350,393,6675,6675,6675
data/brain_mri(clean_dataset)\train\notumor\notumor_03647.jpg,train,notumor,Testing/notumor/Te-no_227.jpg,Testing,225,225,6542,6542,6753
data/brain_mri(clean_dataset)\train\notumor\notumor_03648.jpg,train,notumor,Testing/notumor/Te-no_231.jpg,Testing,630,630,6547,3481,6547
data/brain_mri(clean_dataset)\train\notumor\notumor_03649.jpg,train,notumor,Testing/notumor/Te-no_252.jpg,Testing,442,442,6570,6578,6578
data/brain_mri(clean_dataset)\train\notumor\notumor_03650.jpg,train,notumor,Testing/notumor/Te-no_255.jpg,Testing,218,231,6767,3744,6767
data/brain_mri(clean_dataset)\train\notumor\notumor_03651.jpg,train,notumor,Testing/notumor/Te-no_26.jpg,Testing,442,442,6578,6578,6578
data/brain_mri(clean_dataset)\valid\notumor\notumor_03652.jpg,valid,notumor,Testing/notumor/Te-no_278.jpg,Testing,359,449,6759,6765,6765
data/brain_mri(clean_dataset)\test\notumor\notumor_03653.jpg,test,notumor,Testing/notumor/Te-no_279.jpg,Testing,200,252,6599,6760,6760
data/brain_mri(clean_dataset)\train\notumor\notumor_03654.jpg,train,notumor,Testing/notumor/Te-no_296.jpg,Testing,173,201,6690,3952,6690
data/brain_mri(clean_dataset)\train\notumor\notumor_03655.jpg,train,notumor,Testing/notumor/Te-no_297.jpg,Testing,200,252,6619,6619,6647
data/brain_mri(clean_dataset)\train\notumor\notumor_03656.jpg,train,notumor,Testing/notumor/Te-no_315.jpg,Testing,236,236,6640,6640,6640
data/brain_mri(clean_dataset)\train\notumor\notumor_03657.jpg,train,notumor,Testing/notumor/Te-no_318.jpg,Testing,227,262,6751,6751,6751
data/brain_mri(clean_dataset)\train\notumor\notumor_03658.jpg,train,notumor,Testing/notumor/Te-no_320.jpg,Testing,207,243,6668,6688,6688
data/brain_mri(clean_dataset)\valid\notumor\notumor_03659.jpg,valid,notumor,Testing/notumor/Te-no_323.jpg,Testing,359,449,6765,6765,6765
data/brain_mri(clean_dataset)\train\notumor\notumor_03660.jpg,train,notumor,Testing/notumor/Te-no_325.jpg,Testing,228,221,6694,6694,6694
data/brain_mri(clean_dataset)\test\notumor\notumor_03661.jpg,test,notumor,Testing/notumor/Te-no_331.jpg,Testing,393,400,6658,6658,6658
data/brain_mri(clean_dataset)\train\notumor\notumor_03662.jpg,train,notumor,Testing/notumor/Te-no_348.jpg,Testing,194,259,6726,6726,6726
data/brain_mri(clean_dataset)\train\notumor\notumor_03663.jpg,train,notumor,Testing/notumor/Te-no_351.jpg,Testing,225,225,6680,6680,3483
data/brain_mri(clean_dataset)\train\notumor\notumor_03664.jpg,train,notumor,Testing/notumor/Te-no_352.jpg,Testing,300,168,6711,6711,6711
data/brain_mri(clean_dataset)\train\notumor\notumor_03665.jpg,train,notumor,Testing/notumor/Te-no_355.jpg,Testing,420,280,6779,6779,6779
data/brain_mri(clean_dataset)\test\notumor\notumor_03666.jpg,test,notumor,Testing/notumor/Te-no_362.jpg,Testing,201,251,6692,6692,6692
data/brain_mri(clean_dataset)\train\notumor\notumor_03667.jpg,train,notumor,Testing/notumor/Te-no_365.jpg,Testing,235,233,6695,6695,6695
data/brain_mri(clean_dataset)\train\notumor\notumor_03668.jpg,train,notumor,Testing/notumor/Te-no_367.jpg,Testing,275,183,6697,6779,6779
data/brain_mri(clean_dataset)\test\notumor\notumor_03669.jpg,test,notumor,Testing/notumor/Te-no_373.jpg,Testing,192,192,6704,3577,6793
data/brain_mri(clean_dataset)\train\notumor\notumor_03670.jpg,train,notumor,Testing/notumor/Te-no_377.jpg,Testing,442,454,6731,6731,6731
data/brain_mri(clean_dataset)\test\notumor\notumor_03671.jpg,test,notumor,Testing/notumor/Te-no_39.jpg,Testing,232,217,6722,6722,6722
data/brain_mri(clean_dataset)\train\notumor\notumor_03672.jpg,train,notumor,Testing/notumor/Te-no_397.jpg,Testing,173,201,6739,6496,6739
data/brain_mri(clean_dataset)\test\notumor\notumor_03673.jpg,test,notumor,Testing/notumor/Te-no_63.jpg,Testing,200,252,6760,6760,6760
data/brain_mri(clean_dataset)\train\notumor\notumor_03674.jpg,train,notumor,Testing/notumor/Te-no_65.jpg,Testing,208,248,6762,6762,6762
data/brain_mri(clean_dataset)\valid\notumor\notumor_03675.jpg,valid,notumor,Testing/notumor/Te-no_77.jpg,Testing,236,280,6775,6775,6775
data/brain_mri(clean_dataset)\train\notumor\notumor_03676.jpg,train,notumor,Testing/notumor/Te-no_9.jpg,Testing,259,194,6789,6789,6789
data/brain_mri(clean_dataset)\test\notumor\notumor_03677.jpg,test,notumor,Testing/notumor/Te-no_92.jpg,Testing,236,270,6792,6792,6792
data/brain_mri(clean_dataset)\train\notumor\notumor_03678.jpg,train,notumor,Testing/notumor/Te-no_99.jpg,Testing,150,198,6441,6799,6799
data/brain_mri(clean_dataset)\test\pituitary\pituitary_03679.jpg,test,pituitary,Testing/pituitary/Te-pi_101.jpg,Testing,512,512,6803,6803,5400
data/brain_mri(clean_dataset)\train\pituitary\pituitary_03680.jpg,train,pituitary,Testing/pituitary/Te-pi_115.jpg,Testing,512,512,6948,5408,5408
data/brain_mri(clean_dataset)\train\pituitary\pituitary_03681.jpg,train,pituitary,Testing/pituitary/Te-pi_117.jpg,Testing,512,512,7191,7191,7191
data/brain_mri(clean_dataset)\valid\pituitary\pituitary_03682.jpg,valid,pituitary,Testing/pituitary/Te-pi_118.jpg,Testing,512,512,6821,6821,5278
data/brain_mri(clean_dataset)\train\pituitary\pituitary_03683.jpg,train,pituitary,Testing/pituitary/Te-pi_127.jpg,Testing,512,512,6831,6831,6831
data/brain_mri(clean_dataset)\test\pituitary\pituitary_03684.jpg,test,pituitary,Testing/pituitary/Te-pi_13.jpg,Testing,512,512,6834,6834,6834
data/brain_mri(clean_dataset)\train\pituitary\pituitary_03685.jpg,train,pituitary,Testing/pituitary/Te-pi_131.jpg,Testing,512,512,6836,6836,7057
data/brain_mri(clean_dataset)\train\pituitary\pituitary_03686.jpg,train,pituitary,Testing/pituitary/Te-pi_134.jpg,Testing,512,512,6839,6839,6839
data/brain_mri(clean_dataset)\test\pituitary\pituitary_03687.jpg,test,pituitary,Testing/pituitary/Te-pi_136.jpg,Testing,512,512,6841,6841,6841
data/brain_mri(clean_dataset)\train\pituitary\pituitary_03688.jpg,train,pituitary,Testing/pituitary/Te-pi_137.jpg,Testing,512,512,6842,6842,6842
data/brain_mri(clean_dataset)\train\pituitary\pituitary_03689.jpg,train,pituitary,Testing/pituitary/Te-pi_139.jpg,Testing,512,512,6844,6844,6844
data/brain_mri(clean_dataset)\train\pituitary\pituitary_03690.jpg,train,pituitary,Testing/pituitary/Te-pi_140.jpg,Testing,512,512,6846,6846,6846
data/brain_mri(clean_dataset)\valid\pituitary\pituitary_03691.jpg,valid,pituitary,Testing/pituitary/Te-pi_141.jpg,Testing,512,512,6847,6847,7163
data/brain_mri(clean_dataset)\train\pituitary\pituitary_03692.jpg,train,pituitary,Testing/pituitary/Te-pi_153.jpg,Testing,512,512,6860,6860,6860
data/brain_mri(clean_dataset)\test\pituitary\pituitary_03693.jpg,test,pituitary,Testing/pituitary/Te-pi_158.jpg,Testing,512,512,6865,5300,7193
data/brain_mri(clean_dataset)\train\pituitary\pituitary_03694.jpg,train,pituitary,Testing/pituitary/Te-pi_165.jpg,Testing,512,512,6873,6873,6873
data/brain_mri(clean_dataset)\train\pituitary\pituitary_03695.jpg,train,pituitary,Testing/pituitary/Te-pi_166.jpg,Testing,512,512,6874,6874,7005
data/brain_mri(clean_dataset)\train\pituitary\pituitary_03696.jpg,train,pituitary,Testing/pituitary/Te-pi_168.jpg,Testing,512,512,6876,6876,6876
data/brain_mri(clean_dataset)\train\pituitary\pituitary_03697.jpg,train,pituitary,Testing/pituitary/Te-pi_170.jpg,Testing,512,512,6879,6879,6828
data/brain_mri(clean_dataset)\test\pituitary\pituitary_03698.jpg,test,pituitary,Testing/pituitary/Te-pi_174.jpg,Testing,512,512,6883,6883,5544
data/brain_mri(clean_dataset)\train\pituitary\pituitary_03699.jpg,train,pituitary,Testing/pituitary/Te-pi_176.jpg,Testing,512,512,6885,6885,5178
data/brain_mri(clean_dataset)\train\pituitary\pituitary_03700.jpg,train,pituitary,Testing/pituitary/Te-pi_178.jpg,Testing,512,512,7105,7105,7105
data/brain_mri(clean_dataset)\valid\pituitary\pituitary_03701.jpg,valid,pituitary,Testing/pituitary/Te-pi_182.jpg,Testing,512,512,6892,6892,6892
data/brain_mri(clean_dataset)\train\pituitary\pituitary_03702.jpg,train,pituitary,Testing/pituitary/Te-pi_186.jpg,Testing,512,512,6896,6896,7032
data/brain_mri(clean_dataset)\train\pituitary\pituitary_03703.jpg,train,pituitary,Testing/pituitary/Te-pi_189.jpg,Testing,512,512,6899,6899,5472
data/brain_mri(clean_dataset)\train\pituitary\pituitary_03704.jpg,train,pituitary,Testing/pituitary/Te-pi_195.jpg,Testing,512,512,6906,6906,6906
data/brain_mri(clean_dataset)\train\pituitary\pituitary_03705.jpg,train,pituitary,Testing/pituitary/Te-pi_199.jpg,Testing,512,512,6910,6910,7094
data/brain_mri(clean_dataset)\train\pituitary\pituitary_03706.jpg,train,pituitary,Testing/pituitary/Te-pi_2.jpg,Testing,512,512,6933,6933,6933
data/brain_mri(clean_dataset)\train\pituitary\pituitary_03707.jpg,train,pituitary,Testing/pituitary/Te-pi_203.jpg,Testing,512,512,7004,7004,7004
data/brain_mri(clean_dataset)\test\pituitary\pituitary_03708.jpg,test,pituitary,Testing/pituitary/Te-pi_212.jpg,Testing,512,512,6926,6926,6926
data/brain_mri(clean_dataset)\valid\pituitary\pituitary_03709.jpg,valid,pituitary,Testing/pituitary/Te-pi_214.jpg,Testing,512,512,6928,6928,6928
data/brain_mri(clean_dataset)\test\pituitary\pituitary_03710.jpg,test,pituitary,Testing/pituitary/Te-pi_217.jpg,Testing,256,256,6931,6931,6931
data/brain_mri(clean_dataset)\train\pituitary\pituitary_03711.jpg,train,pituitary,Testing/pituitary/Te-pi_223.jpg,Testing,512,512,6938,6938,6938
data/brain_mri(clean_dataset)\valid\pituitary\pituitary_03712.jpg,valid,pituitary,Testing/pituitary/Te-pi_225.jpg,Testing,512,512,6940,6940,7184
data/brain_mri(clean_dataset)\train\pituitary\pituitary_03713.jpg,train,pituitary,Testing/pituitary/Te-pi_226.jpg,Testing,512,512,6941,6941,7094
data/brain_mri(clean_dataset)\test\pituitary\pituitary_03714.jpg,test,pituitary,Testing/pituitary/Te-pi_229.jpg,Testing,512,512,6944,6944,6944
data/brain_mri(clean_dataset)\train\pituitary\pituitary_03715.jpg,train,pituitary,Testing/pituitary/Te-pi_233.jpg,Testing,512,512,6952,6952,6952
data/brain_mri(clean_dataset)\train\pituitary\pituitary_03716.jpg,train,pituitary,Testing/pituitary/Te-pi_235.jpg,Testing,512,512,6951,6951,6951
data/brain_mri(clean_dataset)\train\pituitary\pituitary_03717.jpg,train,pituitary,Testing/pituitary/Te-pi_240.jpg,Testing,512,512,6957,6957,6997
data/brain_mri(clean_dataset)\train\pituitary\pituitary_03718.jpg,train,pituitary,Testing/pituitary/Te-pi_243.jpg,Testing,512,512,6960,6960,6960
data/brain_mri(clean_dataset)\train\pituitary\pituitary_03719.jpg,train,pituitary,Testing/pituitary/Te-pi_244.jpg,Testing,512,512,6961,6961,7195
data/brain_mri(clean_dataset)\train\pituitary\pituitary_03720.jpg,train,pituitary,Testing/pituitary/Te-pi_245.jpg,Testing,512,512,6962,6962,7170
data/brain_mri(clean_dataset)\train\pituitary\pituitary_03721.jpg,train,pituitary,Testing/pituitary/Te-pi_247.jpg,Testing,512,512,6964,6964,6964
data/brain_mri(clean_dataset)\train\pituitary\pituitary_03722.jpg,train,pituitary,Testing/pituitary/Te-pi_248.jpg,Testing,512,512,6965,6965,7094
data/brain_mri(clean_dataset)\train\pituitary\pituitary_03723.jpg,train,pituitary,Testing/pituitary/Te-pi_249.jpg,Testing,512,512,7194,7194,5229
data/brain_mri(clean_dataset)\train\pituitary\pituitary_03724.jpg,train,pituitary,Testing/pituitary/Te-pi_254.jpg,Testing,512,512,7016,7016,7016
data/brain_mri(clean_dataset)\test\pituitary\pituitary_03725.jpg,test,pituitary,Testing/pituitary/Te-pi_256.jpg,Testing,512,512,6974,6974,6974
data/brain_mri(clean_dataset)\train\pituitary\pituitary_03726.jpg,train,pituitary,Testing/pituitary/Te-pi_261.jpg,Testing,256,256,6980,6980,6980
data/brain_mri(clean_dataset)\valid\pituitary\pituitary_03727.jpg,valid,pituitary,Testing/pituitary/Te-pi_264.jpg,Testing,512,512,6983,6983,7176
data/brain_mri(clean_dataset)\valid\pituitary\pituitary_03728.jpg,valid,pituitary,Testing/pituitary/Te-pi_266.jpg,Testing,512,512,6985,6985,7171
data/brain_mri(clean_dataset)\train\pituitary\pituitary_03729.jpg,train,pituitary,Testing/pituitary/Te-pi_268.jpg,Testing,512,512,7127,7127,7127
data/brain_mri(clean_dataset)\train\pituitary\pituitary_03730.jpg,train,pituitary,Testing/pituitary/Te-pi_273.jpg,Testing,512,512,6993,6993,7180
data/brain_mri(clean_dataset)\train\pituitary\pituitary_03731.jpg,train,pituitary,Testing/pituitary/Te-pi_277.jpg,Testing,512,512,6997,6997,6997
data/brain_mri(clean_dataset)\train\pituitary\pituitary_03732.jpg,train,pituitary,Testing/pituitary/Te-pi_28.jpg,Testing,512,512,7000,7000,7000
data/brain_mri(clean_dataset)\train\pituitary\pituitary_03733.jpg,train,pituitary,Testing/pituitary/Te-pi_280.jpg,Testing,512,512,7001,7001,7001
data/brain_mri(clean_dataset)\train\pituitary\pituitary_03734.jpg,train,pituitary,Testing/pituitary/Te-pi_286.jpg,Testing,512,512,7007,7007,6839
data/brain_mri(clean_dataset)\test\pituitary\pituitary_03735.jpg,test,pituitary,Testing/pituitary/Te-pi_292.jpg,Testing,512,512,7014,7014,7014
data/brain_mri(clean_dataset)\train\pituitary\pituitary_03736.jpg,train,pituitary,Testing/pituitary/Te-pi_297.jpg,Testing,512,512,7019,7019,7019
data/brain_mri(clean_dataset)\train\pituitary\pituitary_03737.jpg,train,pituitary,Testing/pituitary/Te-pi_298.jpg,Testing,512,512,7020,7020,7020
data/brain_mri(clean_dataset)\train\pituitary\pituitary_03738.jpg,train,pituitary,Testing/pituitary/Te-pi_3.jpg,Testing,512,512,7022,7022,7022
data/brain_mri(clean_dataset)\train\pituitary\pituitary_03739.jpg,train,pituitary,Testing/pituitary/Te-pi_30.jpg,Testing,512,512,7023,7023,7061
data/brain_mri(clean_dataset)\valid\pituitary\pituitary_03740.jpg,valid,pituitary,Testing/pituitary/Te-pi_301.jpg,Testing,512,512,7025,7025,4995
data/brain_mri(clean_dataset)\train\pituitary\pituitary_03741.jpg,train,pituitary,Testing/pituitary/Te-pi_306.jpg,Testing,512,512,7030,7030,7127
data/brain_mri(clean_dataset)\train\pituitary\pituitary_03742.jpg,train,pituitary,Testing/pituitary/Te-pi_308.jpg,Testing,512,512,7032,7032,7032
data/brain_mri(clean_dataset)\train\pituitary\pituitary_03743.jpg,train,pituitary,Testing/pituitary/Te-pi_31.jpg,Testing,512,512,7034,7034,7120
data/brain_mri(clean_dataset)\valid\pituitary\pituitary_03744.jpg,valid,pituitary,Testing/pituitary/Te-pi_315.jpg,Testing,512,512,7040,7040,7040
data/brain_mri(clean_dataset)\train\pituitary\pituitary_03745.jpg,train,pituitary,Testing/pituitary/Te-pi_321.jpg,Testing,256,256,7047,7047,7047
data/brain_mri(clean_dataset)\train\pituitary\pituitary_03746.jpg,train,pituitary,Testing/pituitary/Te-pi_325.jpg,Testing,512,512,7060,7060,7060
data/brain_mri(clean_dataset)\train\pituitary\pituitary_03747.jpg,train,pituitary,Testing/pituitary/Te-pi_328.jpg,Testing,512,512,7054,7054,7054
data/brain_mri(clean_dataset)\train\pituitary\pituitary_03748.jpg,train,pituitary,Testing/pituitary/Te-pi_329.jpg,Testing,512,512,7055,7055,7055
data/brain_mri(clean_dataset)\train\pituitary\pituitary_03749.jpg,train,pituitary,Testing/pituitary/Te-pi_335.jpg,Testing,512,512,7062,7062,7093
data/brain_mri(clean_dataset)\train\pituitary\pituitary_03750.jpg,train,pituitary,Testing/pituitary/Te-pi_336.jpg,Testing,512,512,7063,7063,7005
data/brain_mri(clean_dataset)\train\pituitary\pituitary_03751.jpg,train,pituitary,Testing/pituitary/Te-pi_337.jpg,Testing,512,512,7064,7064,7093
data/brain_mri(clean_dataset)\train\pituitary\pituitary_03752.jpg,train,pituitary,Testing/pituitary/Te-pi_338.jpg,Testing,512,512,7065,7065,7065
data/brain_mri(clean_dataset)\test\pituitary\pituitary_03753.jpg,test,pituitary,Testing/pituitary/Te-pi_339.jpg,Testing,512,512,7066,7066,7066
data/brain_mri(clean_dataset)\train\pituitary\pituitary_03754.jpg,train,pituitary,Testing/pituitary/Te-pi_342.jpg,Testing,512,512,7070,7070,7114
data/brain_mri(clean_dataset)\valid\pituitary\pituitary_03755.jpg,valid,pituitary,Testing/pituitary/Te-pi_345.jpg,Testing,512,512,7073,7073,5278
data/brain_mri(clean_dataset)\train\pituitary\pituitary_03756.jpg,train,pituitary,Testing/pituitary/Te-pi_356.jpg,Testing,512,512,7085,7085,7061
data/brain_mri(clean_dataset)\train\pituitary\pituitary_03757.jpg,train,pituitary,Testing/pituitary/Te-pi_36.jpg,Testing,512,512,7089,7089,7093
data/brain_mri(clean_dataset)\train\pituitary\pituitary_03758.jpg,train,pituitary,Testing/pituitary/Te-pi_361.jpg,Testing,512,512,7091,7091,7091
data/brain_mri(clean_dataset)\train\pituitary\pituitary_03759.jpg,train,pituitary,Testing/pituitary/Te-pi_363.jpg,Testing,512,512,7093,7093,7093
data/brain_mri(clean_dataset)\train\pituitary\pituitary_03760.jpg,train,pituitary,Testing/pituitary/Te-pi_364.jpg,Testing,512,512,7094,7094,7094
data/brain_mri(clean_dataset)\train\pituitary\pituitary_03761.jpg,train,pituitary,Testing/pituitary/Te-pi_367.jpg,Testing,512,512,7097,7097,7097
data/brain_mri(clean_dataset)\test\pituitary\pituitary_03762.jpg,test,pituitary,Testing/pituitary/Te-pi_372.jpg,Testing,512,512,7103,7103,6920
data/brain_mri(clean_dataset)\train\pituitary\pituitary_03763.jpg,train,pituitary,Testing/pituitary/Te-pi_375.jpg,Testing,512,512,7106,7106,7106
data/brain_mri(clean_dataset)\train\pituitary\pituitary_03764.jpg,train,pituitary,Testing/pituitary/Te-pi_378.jpg,Testing,512,512,7109,7109,7170
data/brain_mri(clean_dataset)\train\pituitary\pituitary_03765.jpg,train,pituitary,Testing/pituitary/Te-pi_379.jpg,Testing,512,512,7110,7110,7110
data/brain_mri(clean_dataset)\test\pituitary\pituitary_03766.jpg,test,pituitary,Testing/pituitary/Te-pi_38.jpg,Testing,512,512,7111,7111,7111
data/brain_mri(clean_dataset)\train\pituitary\pituitary_03767.jpg,train,pituitary,Testing/pituitary/Te-pi_381.jpg,Testing,512,512,7113,7113,7093
data/brain_mri(clean_dataset)\train\pituitary\pituitary_03768.jpg,train,pituitary,Testing/pituitary/Te-pi_382.jpg,Testing,512,512,7114,7114,7114
data/brain_mri(clean_dataset)\train\pituitary\pituitary_03769.jpg,train,pituitary,Testing/pituitary/Te-pi_383.jpg,Testing,512,512,7115,7115,7115
data/brain_mri(clean_dataset)\train\pituitary\pituitary_03770.jpg,train,pituitary,Testing/pituitary/Te-pi_388.jpg,Testing,512,512,7120,7120,7120
data/brain_mri(clean_dataset)\valid\pituitary\pituitary_03771.jpg,valid,pituitary,Testing/pituitary/Te-pi_390.jpg,Testing,512,512,7123,7123,7186
data/brain_mri(clean_dataset)\valid\pituitary\pituitary_03772.jpg,valid,pituitary,Testing/pituitary/Te-pi_391.jpg,Testing,512,512,7124,7124,5278
data/brain_mri(clean_dataset)\valid\pituitary\pituitary_03773.jpg,valid,pituitary,Testing/pituitary/Te-pi_393.jpg,Testing,512,512,7126,7126,5197
data/brain_mri(clean_dataset)\valid\pituitary\pituitary_03774.jpg,valid,pituitary,Testing/pituitary/Te-pi_395.jpg,Testing,512,512,7128,7128,5197
data/brain_mri(clean_dataset)\test\pituitary\pituitary_03775.jpg,test,pituitary,Testing/pituitary/Te-pi_396.jpg,Testing,512,512,7129,7129,7111
data/brain_mri(clean_dataset)\train\pituitary\pituitary_03776.jpg,train,pituitary,Testing/pituitary/Te-pi_40.jpg,Testing,512,512,7154,7154,5229
data/brain_mri(clean_dataset)\train\pituitary\pituitary_03777.jpg,train,pituitary,Testing/pituitary/Te-pi_42.jpg,Testing,512,512,7137,7137,5580
data/brain_mri(clean_dataset)\train\pituitary\pituitary_03778.jpg,train,pituitary,Testing/pituitary/Te-pi_43.jpg,Testing,512,512,7138,7138,5472
data/brain_mri(clean_dataset)\valid\pituitary\pituitary_03779.jpg,valid,pituitary,Testing/pituitary/Te-pi_46.jpg,Testing,512,512,7141,7141,7141
data/brain_mri(clean_dataset)\train\pituitary\pituitary_03780.jpg,train,pituitary,Testing/pituitary/Te-pi_48.jpg,Testing,512,512,7143,7143,7143
data/brain_mri(clean_dataset)\train\pituitary\pituitary_03781.jpg,train,pituitary,Testing/pituitary/Te-pi_49.jpg,Testing,512,512,7144,7144,6923
data/brain_mri(clean_dataset)\test\pituitary\pituitary_03782.jpg,test,pituitary,Testing/pituitary/Te-pi_54.jpg,Testing,512,512,7150,7150,7150
data/brain_mri(clean_dataset)\train\pituitary\pituitary_03783.jpg,train,pituitary,Testing/pituitary/Te-pi_55.jpg,Testing,512,512,7151,7151,7151
data/brain_mri(clean_dataset)\train\pituitary\pituitary_03784.jpg,train,pituitary,Testing/pituitary/Te-pi_6.jpg,Testing,512,512,7156,7156,7156
data/brain_mri(clean_dataset)\train\pituitary\pituitary_03785.jpg,train,pituitary,Testing/pituitary/Te-pi_60.jpg,Testing,512,512,7157,7157,7157
data/brain_mri(clean_dataset)\valid\pituitary\pituitary_03786.jpg,valid,pituitary,Testing/pituitary/Te-pi_66.jpg,Testing,512,512,7163,7163,7163
data/brain_mri(clean_dataset)\train\pituitary\pituitary_03787.jpg,train,pituitary,Testing/pituitary/Te-pi_72.jpg,Testing,512,512,7170,7170,7170
data/brain_mri(clean_dataset)\train\pituitary\pituitary_03788.jpg,train,pituitary,Testing/pituitary/Te-pi_74.jpg,Testing,512,512,7185,7185,7185
data/brain_mri(clean_dataset)\valid\pituitary\pituitary_03789.jpg,valid,pituitary,Testing/pituitary/Te-pi_78.jpg,Testing,512,512,7176,7176,7176
data/brain_mri(clean_dataset)\valid\pituitary\pituitary_03790.jpg,valid,pituitary,Testing/pituitary/Te-pi_8.jpg,Testing,512,512,7178,7178,5224
data/brain_mri(clean_dataset)\test\pituitary\pituitary_03791.jpg,test,pituitary,Testing/pituitary/Te-pi_80.jpg,Testing,512,512,7179,7179,7179
data/brain_mri(clean_dataset)\train\pituitary\pituitary_03792.jpg,train,pituitary,Testing/pituitary/Te-pi_83.jpg,Testing,512,512,7182,7182,7182
data/brain_mri(clean_dataset)\valid\pituitary\pituitary_03793.jpg,valid,pituitary,Testing/pituitary/Te-pi_85.jpg,Testing,512,512,7184,7184,7184
data/brain_mri(clean_dataset)\valid\pituitary\pituitary_03794.jpg,valid,pituitary,Testing/pituitary/Te-pi_88.jpg,Testing,512,512,7187,7187,7040
data/brain_mri(clean_dataset)\test\pituitary\pituitary_03795.jpg,test,pituitary,Testing/pituitary/Te-pi_89.jpg,Testing,512,512,7188,7188,6926
data/brain_mri(clean_dataset)\train\pituitary\pituitary_03796.jpg,train,pituitary,Testing/pituitary/Te-pi_92.jpg,Testing,512,512,7192,7192,7192
data/brain_mri(clean_dataset)\test\pituitary\pituitary_03797.jpg,test,pituitary,Testing/pituitary/Te-pi_93.jpg,Testing,512,512,7193,7193,7193
data/brain_mri(clean_dataset)\train\pituitary\pituitary_03798.jpg,train,pituitary,Testing/pituitary/Te-pi_95.jpg,Testing,512,512,7195,7195,7195
data/brain_mri(clean_dataset)\train\pituitary\pituitary_03799.jpg,train,pituitary,Testing/pituitary/Te-pi_98.jpg,Testing,512,512,7198,7198,7198
data/brain_mri(clean_dataset)\train\pituitary\pituitary_03800.jpg,train,pituitary,Testing/pituitary/Te-pi_99.jpg,Testing,512,512,7199,7199,7199
