key,label,remove_reason
Training/glioma/Tr-gl_1002.jpg,glioma,ảnh giống hệt (giữ 1/nhóm)
Training/glioma/Tr-gl_1003.jpg,glioma,ảnh giống hệt (giữ 1/nhóm)
Training/glioma/Tr-gl_1006.jpg,glioma,ảnh giống hệt (giữ 1/nhóm)
Training/glioma/Tr-gl_1007.jpg,glioma,ảnh giống hệt (giữ 1/nhóm)
Training/glioma/Tr-gl_1011.jpg,glioma,ảnh giống hệt (giữ 1/nhóm)
Training/glioma/Tr-gl_1017.jpg,glioma,ảnh giống hệt (giữ 1/nhóm)
Training/glioma/Tr-gl_1022.jpg,glioma,ảnh giống hệt (giữ 1/nhóm)
Training/glioma/Tr-gl_1024.jpg,glioma,ảnh giống hệt (giữ 1/nhóm)
Training/glioma/Tr-gl_1029.jpg,glioma,ảnh giống hệt (giữ 1/nhóm)
Training/glioma/Tr-gl_1045.jpg,glioma,ảnh giống hệt (giữ 1/nhóm)
Training/glioma/Tr-gl_1046.jpg,glioma,ảnh giống hệt (giữ 1/nhóm)
Training/glioma/Tr-gl_1047.jpg,glioma,ảnh giống hệt (giữ 1/nhóm)
Training/glioma/Tr-gl_1053.jpg,glioma,ảnh giống hệt (giữ 1/nhóm)
Training/glioma/Tr-gl_1057.jpg,glioma,ảnh giống hệt (giữ 1/nhóm)
Training/glioma/Tr-gl_1063.jpg,glioma,ảnh giống hệt (giữ 1/nhóm)
Training/glioma/Tr-gl_1068.jpg,glioma,ảnh giống hệt (giữ 1/nhóm)
Training/glioma/Tr-gl_1069.jpg,glioma,ảnh giống hệt (giữ 1/nhóm)
Training/glioma/Tr-gl_108.jpg,glioma,ảnh giống hệt (giữ 1/nhóm)
Training/glioma/Tr-gl_1085.jpg,glioma,ảnh giống hệt (giữ 1/nhóm)
Training/glioma/Tr-gl_1086.jpg,glioma,ảnh giống hệt (giữ 1/nhóm)
Training/glioma/Tr-gl_1094.jpg,glioma,ảnh giống hệt (giữ 1/nhóm)
Training/glioma/Tr-gl_1119.jpg,glioma,ảnh giống hệt (giữ 1/nhóm)
Training/glioma/Tr-gl_1126.jpg,glioma,ảnh giống hệt (giữ 1/nhóm)
Training/glioma/Tr-gl_113.jpg,glioma,ảnh giống hệt (giữ 1/nhóm)
Training/glioma/Tr-gl_1131.jpg,glioma,ảnh giống hệt (giữ 1/nhóm)
Training/glioma/Tr-gl_1133.jpg,glioma,ảnh giống hệt (giữ 1/nhóm)
Training/glioma/Tr-gl_1135.jpg,glioma,ảnh giống hệt (giữ 1/nhóm)
Training/glioma/Tr-gl_1136.jpg,glioma,ảnh giống hệt (giữ 1/nhóm)
Training/glioma/Tr-gl_1155.jpg,glioma,ảnh giống hệt (giữ 1/nhóm)
Training/glioma/Tr-gl_1175.jpg,glioma,ảnh giống hệt (giữ 1/nhóm)
Training/glioma/Tr-gl_1185.jpg,glioma,ảnh giống hệt (giữ 1/nhóm)
Training/glioma/Tr-gl_1186.jpg,glioma,ảnh giống hệt (giữ 1/nhóm)
Training/glioma/Tr-gl_119.jpg,glioma,ảnh giống hệt (giữ 1/nhóm)
Training/glioma/Tr-gl_1194.jpg,glioma,ảnh giống hệt (giữ 1/nhóm)
Training/glioma/Tr-gl_1197.jpg,glioma,ảnh giống hệt (giữ 1/nhóm)
Training/glioma/Tr-gl_1200.jpg,glioma,ảnh giống hệt (giữ 1/nhóm)
Training/glioma/Tr-gl_1205.jpg,glioma,ảnh giống hệt (giữ 1/nhóm)
Training/glioma/Tr-gl_1207.jpg,glioma,ảnh giống hệt (giữ 1/nhóm)
Training/glioma/Tr-gl_1218.jpg,glioma,ảnh giống hệt (giữ 1/nhóm)
Training/glioma/Tr-gl_1223.jpg,glioma,ảnh giống hệt (giữ 1/nhóm)
Training/glioma/Tr-gl_1228.jpg,glioma,ảnh giống hệt (giữ 1/nhóm)
Training/glioma/Tr-gl_1235.jpg,glioma,ảnh giống hệt (giữ 1/nhóm)
Training/glioma/Tr-gl_1240.jpg,glioma,ảnh giống hệt (giữ 1/nhóm)
Training/glioma/Tr-gl_1242.jpg,glioma,ảnh giống hệt (giữ 1/nhóm)
Training/glioma/Tr-gl_1244.jpg,glioma,ảnh giống hệt (giữ 1/nhóm)
Training/glioma/Tr-gl_1265.jpg,glioma,ảnh giống hệt (giữ 1/nhóm)
Training/glioma/Tr-gl_127.jpg,glioma,ảnh giống hệt (giữ 1/nhóm)
Training/glioma/Tr-gl_1271.jpg,glioma,ảnh giống hệt (giữ 1/nhóm)
Training/glioma/Tr-gl_1279.jpg,glioma,ảnh giống hệt (giữ 1/nhóm)
Training/glioma/Tr-gl_1295.jpg,glioma,ảnh giống hệt (giữ 1/nhóm)
Training/glioma/Tr-gl_1299.jpg,glioma,ảnh giống hệt (giữ 1/nhóm)
Training/glioma/Tr-gl_1304.jpg,glioma,ảnh giống hệt (giữ 1/nhóm)
Training/glioma/Tr-gl_131.jpg,glioma,ảnh giống hệt (giữ 1/nhóm)
Training/glioma/Tr-gl_1311.jpg,glioma,ảnh giống hệt (giữ 1/nhóm)
Training/glioma/Tr-gl_1318.jpg,glioma,ảnh giống hệt (giữ 1/nhóm)
Training/glioma/Tr-gl_1335.jpg,glioma,ảnh giống hệt (giữ 1/nhóm)
Training/glioma/Tr-gl_1336.jpg,glioma,ảnh giống hệt (giữ 1/nhóm)
Training/glioma/Tr-gl_1347.jpg,glioma,ảnh giống hệt (giữ 1/nhóm)
Training/glioma/Tr-gl_1349.jpg,glioma,ảnh giống hệt (giữ 1/nhóm)
Training/glioma/Tr-gl_1355.jpg,glioma,ảnh giống hệt (giữ 1/nhóm)
Training/glioma/Tr-gl_136.jpg,glioma,ảnh giống hệt (giữ 1/nhóm)
Training/glioma/Tr-gl_1370.jpg,glioma,ảnh giống hệt (giữ 1/nhóm)
Training/glioma/Tr-gl_1375.jpg,glioma,ảnh giống hệt (giữ 1/nhóm)
Training/glioma/Tr-gl_1378.jpg,glioma,ảnh giống hệt (giữ 1/nhóm)
Training/glioma/Tr-gl_1385.jpg,glioma,ảnh giống hệt (giữ 1/nhóm)
Training/glioma/Tr-gl_1387.jpg,glioma,ảnh giống hệt (giữ 1/nhóm)
Training/glioma/Tr-gl_1388.jpg,glioma,ảnh giống hệt (giữ 1/nhóm)
Training/glioma/Tr-gl_139.jpg,glioma,ảnh giống hệt (giữ 1/nhóm)
Training/glioma/Tr-gl_1396.jpg,glioma,ảnh giống hệt (giữ 1/nhóm)
Training/glioma/Tr-gl_14.jpg,glioma,ảnh giống hệt (giữ 1/nhóm)
Training/glioma/Tr-gl_1400.jpg,glioma,ảnh giống hệt (giữ 1/nhóm)
Training/glioma/Tr-gl_147.jpg,glioma,ảnh giống hệt (giữ 1/nhóm)
Training/glioma/Tr-gl_159.jpg,glioma,ảnh giống hệt (giữ 1/nhóm)
Training/glioma/Tr-gl_16.jpg,glioma,ảnh giống hệt (giữ 1/nhóm)
Training/glioma/Tr-gl_160.jpg,glioma,ảnh giống hệt (giữ 1/nhóm)
Training/glioma/Tr-gl_164.jpg,glioma,ảnh giống hệt (giữ 1/nhóm)
Training/glioma/Tr-gl_168.jpg,glioma,ảnh giống hệt (giữ 1/nhóm)
Training/glioma/Tr-gl_169.jpg,glioma,ảnh giống hệt (giữ 1/nhóm)
Training/glioma/Tr-gl_174.jpg,glioma,ảnh giống hệt (giữ 1/nhóm)
Training/glioma/Tr-gl_178.jpg,glioma,ảnh giống hệt (giữ 1/nhóm)
Training/glioma/Tr-gl_188.jpg,glioma,ảnh giống hệt (giữ 1/nhóm)
Training/glioma/Tr-gl_192.jpg,glioma,ảnh giống hệt (giữ 1/nhóm)
Training/glioma/Tr-gl_196.jpg,glioma,ảnh giống hệt (giữ 1/nhóm)
Training/glioma/Tr-gl_197.jpg,glioma,ảnh giống hệt (giữ 1/nhóm)
Training/glioma/Tr-gl_201.jpg,glioma,ảnh giống hệt (giữ 1/nhóm)
Training/glioma/Tr-gl_204.jpg,glioma,ảnh giống hệt (giữ 1/nhóm)
Training/glioma/Tr-gl_209.jpg,glioma,ảnh giống hệt (giữ 1/nhóm)
Training/glioma/Tr-gl_215.jpg,glioma,ảnh giống hệt (giữ 1/nhóm)
Training/glioma/Tr-gl_228.jpg,glioma,ảnh giống hệt (giữ 1/nhóm)
Training/glioma/Tr-gl_231.jpg,glioma,ảnh giống hệt (giữ 1/nhóm)
Training/glioma/Tr-gl_232.jpg,glioma,ảnh giống hệt (giữ 1/nhóm)
Training/glioma/Tr-gl_239.jpg,glioma,ảnh giống hệt (giữ 1/nhóm)
Training/glioma/Tr-gl_242.jpg,glioma,ảnh giống hệt (giữ 1/nhóm)
Training/glioma/Tr-gl_244.jpg,glioma,ảnh giống hệt (giữ 1/nhóm)
Training/glioma/Tr-gl_25.jpg,glioma,ảnh giống hệt (giữ 1/nhóm)
Training/glioma/Tr-gl_256.jpg,glioma,ảnh giống hệt (giữ 1/nhóm)
Training/glioma/Tr-gl_271.jpg,glioma,ảnh giống hệt (giữ 1/nhóm)
Training/glioma/Tr-gl_274.jpg,glioma,ảnh giống hệt (giữ 1/nhóm)
Training/glioma/Tr-gl_275.jpg,glioma,ảnh giống hệt (giữ 1/nhóm)
Training/glioma/Tr-gl_277.jpg,glioma,ảnh giống hệt (giữ 1/nhóm)
Training/glioma/Tr-gl_284.jpg,glioma,ảnh giống hệt (giữ 1/nhóm)
Training/glioma/Tr-gl_286.jpg,glioma,ảnh giống hệt (giữ 1/nhóm)
Training/glioma/Tr-gl_290.jpg,glioma,ảnh giống hệt (giữ 1/nhóm)
Training/glioma/Tr-gl_292.jpg,glioma,ảnh giống hệt (giữ 1/nhóm)
Training/glioma/Tr-gl_294.jpg,glioma,ảnh giống hệt (giữ 1/nhóm)
Training/glioma/Tr-gl_298.jpg,glioma,ảnh giống hệt (giữ 1/nhóm)
Training/glioma/Tr-gl_301.jpg,glioma,ảnh giống hệt (giữ 1/nhóm)
Training/glioma/Tr-gl_303.jpg,glioma,ảnh giống hệt (giữ 1/nhóm)
Training/glioma/Tr-gl_305.jpg,glioma,ảnh giống hệt (giữ 1/nhóm)
Training/glioma/Tr-gl_314.jpg,glioma,ảnh giống hệt (giữ 1/nhóm)
Training/glioma/Tr-gl_315.jpg,glioma,ảnh giống hệt (giữ 1/nhóm)
Training/glioma/Tr-gl_323.jpg,glioma,ảnh giống hệt (giữ 1/nhóm)
Training/glioma/Tr-gl_324.jpg,glioma,ảnh giống hệt (giữ 1/nhóm)
Training/glioma/Tr-gl_342.jpg,glioma,ảnh giống hệt (giữ 1/nhóm)
Training/glioma/Tr-gl_343.jpg,glioma,ảnh giống hệt (giữ 1/nhóm)
Training/glioma/Tr-gl_346.jpg,glioma,ảnh giống hệt (giữ 1/nhóm)
Training/glioma/Tr-gl_349.jpg,glioma,ảnh giống hệt (giữ 1/nhóm)
Training/glioma/Tr-gl_354.jpg,glioma,ảnh giống hệt (giữ 1/nhóm)
Training/glioma/Tr-gl_358.jpg,glioma,ảnh giống hệt (giữ 1/nhóm)
Training/glioma/Tr-gl_36.jpg,glioma,ảnh giống hệt (giữ 1/nhóm)
Training/glioma/Tr-gl_361.jpg,glioma,ảnh giống hệt (giữ 1/nhóm)
Training/glioma/Tr-gl_365.jpg,glioma,ảnh giống hệt (giữ 1/nhóm)
Training/glioma/Tr-gl_366.jpg,glioma,ảnh giống hệt (giữ 1/nhóm)
Training/glioma/Tr-gl_371.jpg,glioma,ảnh giống hệt (giữ 1/nhóm)
Training/glioma/Tr-gl_378.jpg,glioma,ảnh giống hệt (giữ 1/nhóm)
Training/glioma/Tr-gl_389.jpg,glioma,ảnh giống hệt (giữ 1/nhóm)
Training/glioma/Tr-gl_391.jpg,glioma,ảnh giống hệt (giữ 1/nhóm)
Training/glioma/Tr-gl_393.jpg,glioma,ảnh giống hệt (giữ 1/nhóm)
Training/glioma/Tr-gl_408.jpg,glioma,ảnh giống hệt (giữ 1/nhóm)
Training/glioma/Tr-gl_410.jpg,glioma,ảnh giống hệt (giữ 1/nhóm)
Training/glioma/Tr-gl_414.jpg,glioma,ảnh giống hệt (giữ 1/nhóm)
Training/glioma/Tr-gl_419.jpg,glioma,ảnh giống hệt (giữ 1/nhóm)
Training/glioma/Tr-gl_420.jpg,glioma,ảnh giống hệt (giữ 1/nhóm)
Training/glioma/Tr-gl_421.jpg,glioma,ảnh giống hệt (giữ 1/nhóm)
Training/glioma/Tr-gl_44.jpg,glioma,ảnh giống hệt (giữ 1/nhóm)
Training/glioma/Tr-gl_445.jpg,glioma,ảnh giống hệt (giữ 1/nhóm)
Training/glioma/Tr-gl_45.jpg,glioma,ảnh giống hệt (giữ 1/nhóm)
Training/glioma/Tr-gl_450.jpg,glioma,ảnh giống hệt (giữ 1/nhóm)
Training/glioma/Tr-gl_451.jpg,glioma,ảnh giống hệt (giữ 1/nhóm)
Training/glioma/Tr-gl_463.jpg,glioma,ảnh giống hệt (giữ 1/nhóm)
Training/glioma/Tr-gl_465.jpg,glioma,ảnh giống hệt (giữ 1/nhóm)
Training/glioma/Tr-gl_468.jpg,glioma,ảnh giống hệt (giữ 1/nhóm)
Training/glioma/Tr-gl_471.jpg,glioma,ảnh giống hệt (giữ 1/nhóm)
Training/glioma/Tr-gl_474.jpg,glioma,ảnh giống hệt (giữ 1/nhóm)
Training/glioma/Tr-gl_481.jpg,glioma,ảnh giống hệt (giữ 1/nhóm)
Training/glioma/Tr-gl_488.jpg,glioma,ảnh giống hệt (giữ 1/nhóm)
Training/glioma/Tr-gl_491.jpg,glioma,ảnh giống hệt (giữ 1/nhóm)
Training/glioma/Tr-gl_493.jpg,glioma,ảnh giống hệt (giữ 1/nhóm)
Training/glioma/Tr-gl_506.jpg,glioma,ảnh giống hệt (giữ 1/nhóm)
Training/glioma/Tr-gl_510.jpg,glioma,ảnh giống hệt (giữ 1/nhóm)
Training/glioma/Tr-gl_518.jpg,glioma,ảnh giống hệt (giữ 1/nhóm)
Training/glioma/Tr-gl_524.jpg,glioma,ảnh giống hệt (giữ 1/nhóm)
Training/glioma/Tr-gl_525.jpg,glioma,ảnh giống hệt (giữ 1/nhóm)
Training/glioma/Tr-gl_528.jpg,glioma,ảnh giống hệt (giữ 1/nhóm)
Training/glioma/Tr-gl_535.jpg,glioma,ảnh giống hệt (giữ 1/nhóm)
Training/glioma/Tr-gl_537.jpg,glioma,ảnh giống hệt (giữ 1/nhóm)
Training/glioma/Tr-gl_539.jpg,glioma,ảnh giống hệt (giữ 1/nhóm)
Training/glioma/Tr-gl_544.jpg,glioma,ảnh giống hệt (giữ 1/nhóm)
Training/glioma/Tr-gl_547.jpg,glioma,ảnh giống hệt (giữ 1/nhóm)
Training/glioma/Tr-gl_550.jpg,glioma,ảnh giống hệt (giữ 1/nhóm)
Training/glioma/Tr-gl_551.jpg,glioma,ảnh giống hệt (giữ 1/nhóm)
Training/glioma/Tr-gl_555.jpg,glioma,ảnh giống hệt (giữ 1/nhóm)
Training/glioma/Tr-gl_559.jpg,glioma,ảnh giống hệt (giữ 1/nhóm)
Training/glioma/Tr-gl_560.jpg,glioma,ảnh giống hệt (giữ 1/nhóm)
Training/glioma/Tr-gl_561.jpg,glioma,ảnh giống hệt (giữ 1/nhóm)
Training/glioma/Tr-gl_579.jpg,glioma,ảnh giống hệt (giữ 1/nhóm)
Training/glioma/Tr-gl_583.jpg,glioma,ảnh giống hệt (giữ 1/nhóm)
Training/glioma/Tr-gl_586.jpg,glioma,ảnh giống hệt (giữ 1/nhóm)
Training/glioma/Tr-gl_589.jpg,glioma,ảnh giống hệt (giữ 1/nhóm)
Training/glioma/Tr-gl_596.jpg,glioma,ảnh giống hệt (giữ 1/nhóm)
Training/glioma/Tr-gl_598.jpg,glioma,ảnh giống hệt (giữ 1/nhóm)
Training/glioma/Tr-gl_603.jpg,glioma,ảnh giống hệt (giữ 1/nhóm)
Training/glioma/Tr-gl_606.jpg,glioma,ảnh giống hệt (giữ 1/nhóm)
Training/glioma/Tr-gl_610.jpg,glioma,ảnh giống hệt (giữ 1/nhóm)
Training/glioma/Tr-gl_612.jpg,glioma,ảnh giống hệt (giữ 1/nhóm)
Training/glioma/Tr-gl_617.jpg,glioma,ảnh giống hệt (giữ 1/nhóm)
Training/glioma/Tr-gl_619.jpg,glioma,ảnh giống hệt (giữ 1/nhóm)
Training/glioma/Tr-gl_622.jpg,glioma,ảnh giống hệt (giữ 1/nhóm)
Training/glioma/Tr-gl_629.jpg,glioma,ảnh giống hệt (giữ 1/nhóm)
Training/glioma/Tr-gl_63.jpg,glioma,ảnh giống hệt (giữ 1/nhóm)
Training/glioma/Tr-gl_630.jpg,glioma,ảnh giống hệt (giữ 1/nhóm)
Training/glioma/Tr-gl_652.jpg,glioma,ảnh giống hệt (giữ 1/nhóm)
Training/glioma/Tr-gl_657.jpg,glioma,ảnh giống hệt (giữ 1/nhóm)
Training/glioma/Tr-gl_660.jpg,glioma,ảnh giống hệt (giữ 1/nhóm)
Training/glioma/Tr-gl_662.jpg,glioma,ảnh giống hệt (giữ 1/nhóm)
Training/glioma/Tr-gl_666.jpg,glioma,ảnh giống hệt (giữ 1/nhóm)
Training/glioma/Tr-gl_668.jpg,glioma,ảnh giống hệt (giữ 1/nhóm)
Training/glioma/Tr-gl_670.jpg,glioma,ảnh giống hệt (giữ 1/nhóm)
Training/glioma/Tr-gl_68.jpg,glioma,ảnh giống hệt (giữ 1/nhóm)
Training/glioma/Tr-gl_690.jpg,glioma,ảnh giống hệt (giữ 1/nhóm)
Training/glioma/Tr-gl_691.jpg,glioma,ảnh giống hệt (giữ 1/nhóm)
Training/glioma/Tr-gl_692.jpg,glioma,ảnh giống hệt (giữ 1/nhóm)
Training/glioma/Tr-gl_695.jpg,glioma,ảnh giống hệt (giữ 1/nhóm)
Training/glioma/Tr-gl_697.jpg,glioma,ảnh giống hệt (giữ 1/nhóm)
Training/glioma/Tr-gl_699.jpg,glioma,ảnh giống hệt (giữ 1/nhóm)
Training/glioma/Tr-gl_703.jpg,glioma,ảnh giống hệt (giữ 1/nhóm)
Training/glioma/Tr-gl_716.jpg,glioma,ảnh giống hệt (giữ 1/nhóm)
Training/glioma/Tr-gl_718.jpg,glioma,ảnh giống hệt (giữ 1/nhóm)
Training/glioma/Tr-gl_732.jpg,glioma,ảnh giống hệt (giữ 1/nhóm)
Training/glioma/Tr-gl_739.jpg,glioma,ảnh giống hệt (giữ 1/nhóm)
Training/glioma/Tr-gl_741.jpg,glioma,ảnh giống hệt (giữ 1/nhóm)
Training/glioma/Tr-gl_744.jpg,glioma,ảnh giống hệt (giữ 1/nhóm)
Training/glioma/Tr-gl_746.jpg,glioma,ảnh giống hệt (giữ 1/nhóm)
Training/glioma/Tr-gl_751.jpg,glioma,ảnh giống hệt (giữ 1/nhóm)
Training/glioma/Tr-gl_752.jpg,glioma,ảnh giống hệt (giữ 1/nhóm)
Training/glioma/Tr-gl_756.jpg,glioma,ảnh giống hệt (giữ 1/nhóm)
Training/glioma/Tr-gl_763.jpg,glioma,ảnh giống hệt (giữ 1/nhóm)
Training/glioma/Tr-gl_768.jpg,glioma,ảnh giống hệt (giữ 1/nhóm)
Training/glioma/Tr-gl_774.jpg,glioma,ảnh giống hệt (giữ 1/nhóm)
Training/glioma/Tr-gl_777.jpg,glioma,ảnh giống hệt (giữ 1/nhóm)
Training/glioma/Tr-gl_78.jpg,glioma,ảnh giống hệt (giữ 1/nhóm)
Training/glioma/Tr-gl_781.jpg,glioma,ảnh giống hệt (giữ 1/nhóm)
Training/glioma/Tr-gl_793.jpg,glioma,ảnh giống hệt (giữ 1/nhóm)
Training/glioma/Tr-gl_812.jpg,glioma,ảnh giống hệt (giữ 1/nhóm)
Training/glioma/Tr-gl_817.jpg,glioma,ảnh giống hệt (giữ 1/nhóm)
Training/glioma/Tr-gl_820.jpg,glioma,ảnh giống hệt (giữ 1/nhóm)
Training/glioma/Tr-gl_825.jpg,glioma,ảnh giống hệt (giữ 1/nhóm)
Training/glioma/Tr-gl_827.jpg,glioma,ảnh giống hệt (giữ 1/nhóm)
Training/glioma/Tr-gl_828.jpg,glioma,ảnh giống hệt (giữ 1/nhóm)
Training/glioma/Tr-gl_829.jpg,glioma,ảnh giống hệt (giữ 1/nhóm)
Training/glioma/Tr-gl_830.jpg,glioma,ảnh giống hệt (giữ 1/nhóm)
Training/glioma/Tr-gl_836.jpg,glioma,ảnh giống hệt (giữ 1/nhóm)
Training/glioma/Tr-gl_838.jpg,glioma,ảnh giống hệt (giữ 1/nhóm)
Training/glioma/Tr-gl_841.jpg,glioma,ảnh giống hệt (giữ 1/nhóm)
Training/glioma/Tr-gl_843.jpg,glioma,ảnh giống hệt (giữ 1/nhóm)
Training/glioma/Tr-gl_85.jpg,glioma,ảnh giống hệt (giữ 1/nhóm)
Training/glioma/Tr-gl_853.jpg,glioma,ảnh giống hệt (giữ 1/nhóm)
Training/glioma/Tr-gl_858.jpg,glioma,ảnh giống hệt (giữ 1/nhóm)
Training/glioma/Tr-gl_866.jpg,glioma,ảnh giống hệt (giữ 1/nhóm)
Training/glioma/Tr-gl_879.jpg,glioma,ảnh giống hệt (giữ 1/nhóm)
Training/glioma/Tr-gl_88.jpg,glioma,ảnh giống hệt (giữ 1/nhóm)
Training/glioma/Tr-gl_881.jpg,glioma,ảnh giống hệt (giữ 1/nhóm)
Training/glioma/Tr-gl_883.jpg,glioma,ảnh giống hệt (giữ 1/nhóm)
Training/glioma/Tr-gl_886.jpg,glioma,ảnh giống hệt (giữ 1/nhóm)
Training/glioma/Tr-gl_89.jpg,glioma,ảnh giống hệt (giữ 1/nhóm)
Training/glioma/Tr-gl_893.jpg,glioma,ảnh giống hệt (giữ 1/nhóm)
Training/glioma/Tr-gl_900.jpg,glioma,ảnh giống hệt (giữ 1/nhóm)
Training/glioma/Tr-gl_903.jpg,glioma,ảnh giống hệt (giữ 1/nhóm)
Training/glioma/Tr-gl_911.jpg,glioma,ảnh giống hệt (giữ 1/nhóm)
Training/glioma/Tr-gl_917.jpg,glioma,ảnh giống hệt (giữ 1/nhóm)
Training/glioma/Tr-gl_927.jpg,glioma,ảnh giống hệt (giữ 1/nhóm)
Training/glioma/Tr-gl_93.jpg,glioma,ảnh giống hệt (giữ 1/nhóm)
Training/glioma/Tr-gl_934.jpg,glioma,ảnh giống hệt (giữ 1/nhóm)
Training/glioma/Tr-gl_943.jpg,glioma,ảnh giống hệt (giữ 1/nhóm)
Training/glioma/Tr-gl_945.jpg,glioma,ảnh giống hệt (giữ 1/nhóm)
Training/glioma/Tr-gl_946.jpg,glioma,ảnh giống hệt (giữ 1/nhóm)
Training/glioma/Tr-gl_95.jpg,glioma,ảnh giống hệt (giữ 1/nhóm)
Training/glioma/Tr-gl_951.jpg,glioma,ảnh giống hệt (giữ 1/nhóm)
Training/glioma/Tr-gl_955.jpg,glioma,ảnh giống hệt (giữ 1/nhóm)
Training/glioma/Tr-gl_970.jpg,glioma,ảnh giống hệt (giữ 1/nhóm)
Training/glioma/Tr-gl_974.jpg,glioma,ảnh giống hệt (giữ 1/nhóm)
Training/glioma/Tr-gl_984.jpg,glioma,ảnh giống hệt (giữ 1/nhóm)
Training/glioma/Tr-gl_987.jpg,glioma,nhóm giống nhau khác lớp
Training/glioma/Tr-gl_988.jpg,glioma,ảnh giống hệt (giữ 1/nhóm)
Training/glioma/Tr-gl_997.jpg,glioma,ảnh giống hệt (giữ 1/nhóm)
Training/meningioma/Tr-aug-me_1.jpg,meningioma,ảnh augment sẵn
Training/meningioma/Tr-aug-me_10.jpg,meningioma,ảnh augment sẵn
Training/meningioma/Tr-aug-me_100.jpg,meningioma,ảnh augment sẵn
Training/meningioma/Tr-aug-me_11.jpg,meningioma,ảnh augment sẵn
Training/meningioma/Tr-aug-me_12.jpg,meningioma,ảnh augment sẵn
Training/meningioma/Tr-aug-me_13.jpg,meningioma,ảnh augment sẵn
Training/meningioma/Tr-aug-me_14.jpg,meningioma,ảnh augment sẵn
Training/meningioma/Tr-aug-me_15.jpg,meningioma,ảnh augment sẵn
Training/meningioma/Tr-aug-me_16.jpg,meningioma,ảnh augment sẵn
Training/meningioma/Tr-aug-me_17.jpg,meningioma,ảnh augment sẵn
Training/meningioma/Tr-aug-me_18.jpg,meningioma,ảnh augment sẵn
Training/meningioma/Tr-aug-me_19.jpg,meningioma,ảnh augment sẵn
Training/meningioma/Tr-aug-me_2.jpg,meningioma,ảnh augment sẵn
Training/meningioma/Tr-aug-me_20.jpg,meningioma,ảnh augment sẵn
Training/meningioma/Tr-aug-me_21.jpg,meningioma,ảnh augment sẵn
Training/meningioma/Tr-aug-me_22.jpg,meningioma,ảnh augment sẵn
Training/meningioma/Tr-aug-me_23.jpg,meningioma,ảnh augment sẵn
Training/meningioma/Tr-aug-me_24.jpg,meningioma,ảnh augment sẵn
Training/meningioma/Tr-aug-me_25.jpg,meningioma,ảnh augment sẵn
Training/meningioma/Tr-aug-me_26.jpg,meningioma,ảnh augment sẵn
Training/meningioma/Tr-aug-me_27.jpg,meningioma,ảnh augment sẵn
Training/meningioma/Tr-aug-me_28.jpg,meningioma,ảnh augment sẵn
Training/meningioma/Tr-aug-me_29.jpg,meningioma,ảnh augment sẵn
Training/meningioma/Tr-aug-me_3.jpg,meningioma,ảnh augment sẵn
Training/meningioma/Tr-aug-me_30.jpg,meningioma,ảnh augment sẵn
Training/meningioma/Tr-aug-me_31.jpg,meningioma,ảnh augment sẵn
Training/meningioma/Tr-aug-me_32.jpg,meningioma,ảnh augment sẵn
Training/meningioma/Tr-aug-me_33.jpg,meningioma,ảnh augment sẵn
Training/meningioma/Tr-aug-me_34.jpg,meningioma,ảnh augment sẵn
Training/meningioma/Tr-aug-me_35.jpg,meningioma,ảnh augment sẵn
Training/meningioma/Tr-aug-me_36.jpg,meningioma,ảnh augment sẵn
Training/meningioma/Tr-aug-me_37.jpg,meningioma,ảnh augment sẵn
Training/meningioma/Tr-aug-me_38.jpg,meningioma,ảnh augment sẵn
Training/meningioma/Tr-aug-me_39.jpg,meningioma,ảnh augment sẵn
Training/meningioma/Tr-aug-me_4.jpg,meningioma,ảnh augment sẵn
Training/meningioma/Tr-aug-me_40.jpg,meningioma,ảnh augment sẵn
Training/meningioma/Tr-aug-me_41.jpg,meningioma,ảnh augment sẵn
Training/meningioma/Tr-aug-me_42.jpg,meningioma,ảnh augment sẵn
Training/meningioma/Tr-aug-me_43.jpg,meningioma,ảnh augment sẵn
Training/meningioma/Tr-aug-me_44.jpg,meningioma,ảnh augment sẵn
Training/meningioma/Tr-aug-me_45.jpg,meningioma,ảnh augment sẵn
Training/meningioma/Tr-aug-me_46.jpg,meningioma,ảnh augment sẵn
Training/meningioma/Tr-aug-me_47.jpg,meningioma,ảnh augment sẵn
Training/meningioma/Tr-aug-me_48.jpg,meningioma,ảnh augment sẵn
Training/meningioma/Tr-aug-me_49.jpg,meningioma,ảnh augment sẵn
Training/meningioma/Tr-aug-me_5.jpg,meningioma,ảnh augment sẵn
Training/meningioma/Tr-aug-me_50.jpg,meningioma,ảnh augment sẵn
Training/meningioma/Tr-aug-me_51.jpg,meningioma,ảnh augment sẵn
Training/meningioma/Tr-aug-me_52.jpg,meningioma,ảnh augment sẵn
Training/meningioma/Tr-aug-me_53.jpg,meningioma,ảnh augment sẵn
Training/meningioma/Tr-aug-me_54.jpg,meningioma,ảnh augment sẵn
Training/meningioma/Tr-aug-me_55.jpg,meningioma,ảnh augment sẵn
Training/meningioma/Tr-aug-me_56.jpg,meningioma,ảnh augment sẵn
Training/meningioma/Tr-aug-me_57.jpg,meningioma,ảnh augment sẵn
Training/meningioma/Tr-aug-me_58.jpg,meningioma,ảnh augment sẵn
Training/meningioma/Tr-aug-me_59.jpg,meningioma,ảnh augment sẵn
Training/meningioma/Tr-aug-me_6.jpg,meningioma,ảnh augment sẵn
Training/meningioma/Tr-aug-me_60.jpg,meningioma,ảnh augment sẵn
Training/meningioma/Tr-aug-me_61.jpg,meningioma,ảnh augment sẵn
Training/meningioma/Tr-aug-me_62.jpg,meningioma,ảnh augment sẵn
Training/meningioma/Tr-aug-me_63.jpg,meningioma,ảnh augment sẵn
Training/meningioma/Tr-aug-me_64.jpg,meningioma,ảnh augment sẵn
Training/meningioma/Tr-aug-me_65.jpg,meningioma,ảnh augment sẵn
Training/meningioma/Tr-aug-me_66.jpg,meningioma,ảnh augment sẵn
Training/meningioma/Tr-aug-me_67.jpg,meningioma,ảnh augment sẵn
Training/meningioma/Tr-aug-me_68.jpg,meningioma,ảnh augment sẵn
Training/meningioma/Tr-aug-me_69.jpg,meningioma,ảnh augment sẵn
Training/meningioma/Tr-aug-me_7.jpg,meningioma,ảnh augment sẵn
Training/meningioma/Tr-aug-me_70.jpg,meningioma,ảnh augment sẵn
Training/meningioma/Tr-aug-me_71.jpg,meningioma,ảnh augment sẵn
Training/meningioma/Tr-aug-me_72.jpg,meningioma,ảnh augment sẵn
Training/meningioma/Tr-aug-me_73.jpg,meningioma,ảnh augment sẵn
Training/meningioma/Tr-aug-me_74.jpg,meningioma,ảnh augment sẵn
Training/meningioma/Tr-aug-me_75.jpg,meningioma,ảnh augment sẵn
Training/meningioma/Tr-aug-me_76.jpg,meningioma,ảnh augment sẵn
Training/meningioma/Tr-aug-me_77.jpg,meningioma,ảnh augment sẵn
Training/meningioma/Tr-aug-me_78.jpg,meningioma,ảnh augment sẵn
Training/meningioma/Tr-aug-me_79.jpg,meningioma,ảnh augment sẵn
Training/meningioma/Tr-aug-me_8.jpg,meningioma,ảnh augment sẵn
Training/meningioma/Tr-aug-me_80.jpg,meningioma,ảnh augment sẵn
Training/meningioma/Tr-aug-me_81.jpg,meningioma,ảnh augment sẵn
Training/meningioma/Tr-aug-me_82.jpg,meningioma,ảnh augment sẵn
Training/meningioma/Tr-aug-me_83.jpg,meningioma,ảnh augment sẵn
Training/meningioma/Tr-aug-me_84.jpg,meningioma,ảnh augment sẵn
Training/meningioma/Tr-aug-me_85.jpg,meningioma,ảnh augment sẵn
Training/meningioma/Tr-aug-me_86.jpg,meningioma,ảnh augment sẵn
Training/meningioma/Tr-aug-me_87.jpg,meningioma,ảnh augment sẵn
Training/meningioma/Tr-aug-me_88.jpg,meningioma,ảnh augment sẵn
Training/meningioma/Tr-aug-me_89.jpg,meningioma,ảnh augment sẵn
Training/meningioma/Tr-aug-me_9.jpg,meningioma,ảnh augment sẵn
Training/meningioma/Tr-aug-me_90.jpg,meningioma,ảnh augment sẵn
Training/meningioma/Tr-aug-me_91.jpg,meningioma,ảnh augment sẵn
Training/meningioma/Tr-aug-me_92.jpg,meningioma,ảnh augment sẵn
Training/meningioma/Tr-aug-me_93.jpg,meningioma,ảnh augment sẵn
Training/meningioma/Tr-aug-me_94.jpg,meningioma,ảnh augment sẵn
Training/meningioma/Tr-aug-me_95.jpg,meningioma,ảnh augment sẵn
Training/meningioma/Tr-aug-me_96.jpg,meningioma,ảnh augment sẵn
Training/meningioma/Tr-aug-me_97.jpg,meningioma,ảnh augment sẵn
Training/meningioma/Tr-aug-me_98.jpg,meningioma,ảnh augment sẵn
Training/meningioma/Tr-aug-me_99.jpg,meningioma,ảnh augment sẵn
Training/meningioma/Tr-me_10.jpg,meningioma,ảnh giống hệt (giữ 1/nhóm)
Training/meningioma/Tr-me_100.jpg,meningioma,ảnh giống hệt (giữ 1/nhóm)
Training/meningioma/Tr-me_1005.jpg,meningioma,ảnh giống hệt (giữ 1/nhóm)
Training/meningioma/Tr-me_1011.jpg,meningioma,ảnh giống hệt (giữ 1/nhóm)
Training/meningioma/Tr-me_1017.jpg,meningioma,ảnh giống hệt (giữ 1/nhóm)
Training/meningioma/Tr-me_1018.jpg,meningioma,ảnh giống hệt (giữ 1/nhóm)
Training/meningioma/Tr-me_102.jpg,meningioma,ảnh giống hệt (giữ 1/nhóm)
Training/meningioma/Tr-me_1020.jpg,meningioma,ảnh giống hệt (giữ 1/nhóm)
Training/meningioma/Tr-me_1021.jpg,meningioma,ảnh giống hệt (giữ 1/nhóm)
Training/meningioma/Tr-me_1022.jpg,meningioma,ảnh giống hệt (giữ 1/nhóm)
Training/meningioma/Tr-me_1023.jpg,meningioma,ảnh giống hệt (giữ 1/nhóm)
Training/meningioma/Tr-me_1024.jpg,meningioma,ảnh giống hệt (giữ 1/nhóm)
Training/meningioma/Tr-me_1025.jpg,meningioma,ảnh giống hệt (giữ 1/nhóm)
Training/meningioma/Tr-me_1028.jpg,meningioma,ảnh giống hệt (giữ 1/nhóm)
Training/meningioma/Tr-me_103.jpg,meningioma,ảnh giống hệt (giữ 1/nhóm)
Training/meningioma/Tr-me_1033.jpg,meningioma,ảnh giống hệt (giữ 1/nhóm)
Training/meningioma/Tr-me_1036.jpg,meningioma,ảnh giống hệt (giữ 1/nhóm)
Training/meningioma/Tr-me_1043.jpg,meningioma,ảnh giống hệt (giữ 1/nhóm)
Training/meningioma/Tr-me_1044.jpg,meningioma,ảnh giống hệt (giữ 1/nhóm)
Training/meningioma/Tr-me_1047.jpg,meningioma,ảnh giống hệt (giữ 1/nhóm)
Training/meningioma/Tr-me_105.jpg,meningioma,nhóm giống nhau khác lớp
Training/meningioma/Tr-me_1050.jpg,meningioma,ảnh giống hệt (giữ 1/nhóm)
Training/meningioma/Tr-me_1054.jpg,meningioma,ảnh giống hệt (giữ 1/nhóm)
Training/meningioma/Tr-me_1055.jpg,meningioma,ảnh giống hệt (giữ 1/nhóm)
Training/meningioma/Tr-me_1056.jpg,meningioma,ảnh giống hệt (giữ 1/nhóm)
Training/meningioma/Tr-me_1057.jpg,meningioma,ảnh giống hệt (giữ 1/nhóm)
Training/meningioma/Tr-me_1060.jpg,meningioma,ảnh giống hệt (giữ 1/nhóm)
Training/meningioma/Tr-me_1061.jpg,meningioma,ảnh giống hệt (giữ 1/nhóm)
Training/meningioma/Tr-me_1065.jpg,meningioma,ảnh giống hệt (giữ 1/nhóm)
Training/meningioma/Tr-me_1067.jpg,meningioma,ảnh giống hệt (giữ 1/nhóm)
Training/meningioma/Tr-me_1068.jpg,meningioma,ảnh giống hệt (giữ 1/nhóm)
Training/meningioma/Tr-me_1069.jpg,meningioma,ảnh giống hệt (giữ 1/nhóm)
Training/meningioma/Tr-me_1072.jpg,meningioma,ảnh giống hệt (giữ 1/nhóm)
Training/meningioma/Tr-me_1073.jpg,meningioma,ảnh giống hệt (giữ 1/nhóm)
Training/meningioma/Tr-me_1076.jpg,meningioma,ảnh giống hệt (giữ 1/nhóm)
Training/meningioma/Tr-me_1078.jpg,meningioma,ảnh giống hệt (giữ 1/nhóm)
Training/meningioma/Tr-me_1079.jpg,meningioma,ảnh giống hệt (giữ 1/nhóm)
Training/meningioma/Tr-me_1081.jpg,meningioma,ảnh giống hệt (giữ 1/nhóm)
Training/meningioma/Tr-me_1082.jpg,meningioma,ảnh giống hệt (giữ 1/nhóm)
Training/meningioma/Tr-me_1083.jpg,meningioma,ảnh giống hệt (giữ 1/nhóm)
Training/meningioma/Tr-me_1084.jpg,meningioma,ảnh giống hệt (giữ 1/nhóm)
Training/meningioma/Tr-me_1086.jpg,meningioma,ảnh giống hệt (giữ 1/nhóm)
Training/meningioma/Tr-me_1087.jpg,meningioma,ảnh giống hệt (giữ 1/nhóm)
Training/meningioma/Tr-me_1088.jpg,meningioma,ảnh giống hệt (giữ 1/nhóm)
Training/meningioma/Tr-me_109.jpg,meningioma,ảnh giống hệt (giữ 1/nhóm)
Training/meningioma/Tr-me_1091.jpg,meningioma,ảnh giống hệt (giữ 1/nhóm)
Training/meningioma/Tr-me_1095.jpg,meningioma,ảnh giống hệt (giữ 1/nhóm)
Training/meningioma/Tr-me_1096.jpg,meningioma,ảnh giống hệt (giữ 1/nhóm)
Training/meningioma/Tr-me_1097.jpg,meningioma,ảnh giống hệt (giữ 1/nhóm)
Training/meningioma/Tr-me_1099.jpg,meningioma,ảnh giống hệt (giữ 1/nhóm)
Training/meningioma/Tr-me_110.jpg,meningioma,ảnh giống hệt (giữ 1/nhóm)
Training/meningioma/Tr-me_1100.jpg,meningioma,ảnh giống hệt (giữ 1/nhóm)
Training/meningioma/Tr-me_1104.jpg,meningioma,ảnh giống hệt (giữ 1/nhóm)
Training/meningioma/Tr-me_1110.jpg,meningioma,ảnh giống hệt (giữ 1/nhóm)
Training/meningioma/Tr-me_1112.jpg,meningioma,ảnh giống hệt (giữ 1/nhóm)
Training/meningioma/Tr-me_1113.jpg,meningioma,ảnh giống hệt (giữ 1/nhóm)
Training/meningioma/Tr-me_1115.jpg,meningioma,ảnh giống hệt (giữ 1/nhóm)
Training/meningioma/Tr-me_1119.jpg,meningioma,ảnh giống hệt (giữ 1/nhóm)
Training/meningioma/Tr-me_112.jpg,meningioma,ảnh giống hệt (giữ 1/nhóm)
Training/meningioma/Tr-me_1121.jpg,meningioma,ảnh giống hệt (giữ 1/nhóm)
Training/meningioma/Tr-me_1122.jpg,meningioma,nhóm giống nhau khác lớp
Training/meningioma/Tr-me_1123.jpg,meningioma,ảnh giống hệt (giữ 1/nhóm)
Training/meningioma/Tr-me_1127.jpg,meningioma,ảnh giống hệt (giữ 1/nhóm)
Training/meningioma/Tr-me_1128.jpg,meningioma,ảnh giống hệt (giữ 1/nhóm)
Training/meningioma/Tr-me_113.jpg,meningioma,ảnh giống hệt (giữ 1/nhóm)
Training/meningioma/Tr-me_1131.jpg,meningioma,ảnh giống hệt (giữ 1/nhóm)
Training/meningioma/Tr-me_1132.jpg,meningioma,ảnh giống hệt (giữ 1/nhóm)
Training/meningioma/Tr-me_1135.jpg,meningioma,ảnh giống hệt (giữ 1/nhóm)
Training/meningioma/Tr-me_1136.jpg,meningioma,ảnh giống hệt (giữ 1/nhóm)
Training/meningioma/Tr-me_1139.jpg,meningioma,ảnh giống hệt (giữ 1/nhóm)
Training/meningioma/Tr-me_1140.jpg,meningioma,ảnh giống hệt (giữ 1/nhóm)
Training/meningioma/Tr-me_1142.jpg,meningioma,ảnh giống hệt (giữ 1/nhóm)
Training/meningioma/Tr-me_1143.jpg,meningioma,ảnh giống hệt (giữ 1/nhóm)
Training/meningioma/Tr-me_1146.jpg,meningioma,ảnh giống hệt (giữ 1/nhóm)
Training/meningioma/Tr-me_1151.jpg,meningioma,ảnh giống hệt (giữ 1/nhóm)
Training/meningioma/Tr-me_1153.jpg,meningioma,ảnh giống hệt (giữ 1/nhóm)
Training/meningioma/Tr-me_1155.jpg,meningioma,ảnh giống hệt (giữ 1/nhóm)
Training/meningioma/Tr-me_1158.jpg,meningioma,ảnh giống hệt (giữ 1/nhóm)
Training/meningioma/Tr-me_116.jpg,meningioma,nhóm giống nhau khác lớp
Training/meningioma/Tr-me_1163.jpg,meningioma,ảnh giống hệt (giữ 1/nhóm)
Training/meningioma/Tr-me_1164.jpg,meningioma,ảnh giống hệt (giữ 1/nhóm)
Training/meningioma/Tr-me_1166.jpg,meningioma,ảnh giống hệt (giữ 1/nhóm)
Training/meningioma/Tr-me_1168.jpg,meningioma,ảnh giống hệt (giữ 1/nhóm)
Training/meningioma/Tr-me_117.jpg,meningioma,ảnh giống hệt (giữ 1/nhóm)
Training/meningioma/Tr-me_1171.jpg,meningioma,ảnh giống hệt (giữ 1/nhóm)
Training/meningioma/Tr-me_1174.jpg,meningioma,ảnh giống hệt (giữ 1/nhóm)
Training/meningioma/Tr-me_1175.jpg,meningioma,ảnh giống hệt (giữ 1/nhóm)
Training/meningioma/Tr-me_118.jpg,meningioma,ảnh giống hệt (giữ 1/nhóm)
Training/meningioma/Tr-me_1181.jpg,meningioma,ảnh giống hệt (giữ 1/nhóm)
Training/meningioma/Tr-me_1182.jpg,meningioma,ảnh giống hệt (giữ 1/nhóm)
Training/meningioma/Tr-me_1184.jpg,meningioma,ảnh giống hệt (giữ 1/nhóm)
Training/meningioma/Tr-me_1185.jpg,meningioma,ảnh giống hệt (giữ 1/nhóm)
Training/meningioma/Tr-me_119.jpg,meningioma,ảnh giống hệt (giữ 1/nhóm)
Training/meningioma/Tr-me_1193.jpg,meningioma,ảnh giống hệt (giữ 1/nhóm)
Training/meningioma/Tr-me_1194.jpg,meningioma,ảnh giống hệt (giữ 1/nhóm)
Training/meningioma/Tr-me_1197.jpg,meningioma,ảnh giống hệt (giữ 1/nhóm)
Training/meningioma/Tr-me_1198.jpg,meningioma,ảnh giống hệt (giữ 1/nhóm)
Training/meningioma/Tr-me_1200.jpg,meningioma,ảnh giống hệt (giữ 1/nhóm)
Training/meningioma/Tr-me_1204.jpg,meningioma,ảnh giống hệt (giữ 1/nhóm)
Training/meningioma/Tr-me_1205.jpg,meningioma,ảnh giống hệt (giữ 1/nhóm)
Training/meningioma/Tr-me_1210.jpg,meningioma,ảnh giống hệt (giữ 1/nhóm)
Training/meningioma/Tr-me_1211.jpg,meningioma,ảnh giống hệt (giữ 1/nhóm)
Training/meningioma/Tr-me_1212.jpg,meningioma,ảnh giống hệt (giữ 1/nhóm)
Training/meningioma/Tr-me_1214.jpg,meningioma,ảnh giống hệt (giữ 1/nhóm)
Training/meningioma/Tr-me_1215.jpg,meningioma,ảnh giống hệt (giữ 1/nhóm)
Training/meningioma/Tr-me_1217.jpg,meningioma,ảnh giống hệt (giữ 1/nhóm)
Training/meningioma/Tr-me_1221.jpg,meningioma,ảnh giống hệt (giữ 1/nhóm)
Training/meningioma/Tr-me_1223.jpg,meningioma,ảnh giống hệt (giữ 1/nhóm)
Training/meningioma/Tr-me_1225.jpg,meningioma,ảnh giống hệt (giữ 1/nhóm)
Training/meningioma/Tr-me_1226.jpg,meningioma,ảnh giống hệt (giữ 1/nhóm)
Training/meningioma/Tr-me_1227.jpg,meningioma,ảnh giống hệt (giữ 1/nhóm)
Training/meningioma/Tr-me_123.jpg,meningioma,ảnh giống hệt (giữ 1/nhóm)
Training/meningioma/Tr-me_1230.jpg,meningioma,ảnh giống hệt (giữ 1/nhóm)
Training/meningioma/Tr-me_1231.jpg,meningioma,ảnh giống hệt (giữ 1/nhóm)
Training/meningioma/Tr-me_1232.jpg,meningioma,ảnh giống hệt (giữ 1/nhóm)
Training/meningioma/Tr-me_1234.jpg,meningioma,ảnh giống hệt (giữ 1/nhóm)
Training/meningioma/Tr-me_1235.jpg,meningioma,ảnh giống hệt (giữ 1/nhóm)
Training/meningioma/Tr-me_1236.jpg,meningioma,ảnh giống hệt (giữ 1/nhóm)
Training/meningioma/Tr-me_1238.jpg,meningioma,ảnh giống hệt (giữ 1/nhóm)
Training/meningioma/Tr-me_1239.jpg,meningioma,ảnh giống hệt (giữ 1/nhóm)
Training/meningioma/Tr-me_1242.jpg,meningioma,ảnh giống hệt (giữ 1/nhóm)
Training/meningioma/Tr-me_1244.jpg,meningioma,ảnh giống hệt (giữ 1/nhóm)
Training/meningioma/Tr-me_1245.jpg,meningioma,nhóm giống nhau khác lớp
Training/meningioma/Tr-me_1249.jpg,meningioma,ảnh giống hệt (giữ 1/nhóm)
Training/meningioma/Tr-me_125.jpg,meningioma,ảnh giống hệt (giữ 1/nhóm)
Training/meningioma/Tr-me_1250.jpg,meningioma,ảnh giống hệt (giữ 1/nhóm)
Training/meningioma/Tr-me_1252.jpg,meningioma,ảnh giống hệt (giữ 1/nhóm)
Training/meningioma/Tr-me_1253.jpg,meningioma,ảnh giống hệt (giữ 1/nhóm)
Training/meningioma/Tr-me_1255.jpg,meningioma,ảnh giống hệt (giữ 1/nhóm)
Training/meningioma/Tr-me_126.jpg,meningioma,ảnh giống hệt (giữ 1/nhóm)
Training/meningioma/Tr-me_1260.jpg,meningioma,ảnh giống hệt (giữ 1/nhóm)
Training/meningioma/Tr-me_1262.jpg,meningioma,ảnh giống hệt (giữ 1/nhóm)
Training/meningioma/Tr-me_1263.jpg,meningioma,ảnh giống hệt (giữ 1/nhóm)
Training/meningioma/Tr-me_1265.jpg,meningioma,ảnh giống hệt (giữ 1/nhóm)
Training/meningioma/Tr-me_1266.jpg,meningioma,ảnh giống hệt (giữ 1/nhóm)
Training/meningioma/Tr-me_1267.jpg,meningioma,ảnh giống hệt (giữ 1/nhóm)
Training/meningioma/Tr-me_1271.jpg,meningioma,ảnh giống hệt (giữ 1/nhóm)
Training/meningioma/Tr-me_1274.jpg,meningioma,ảnh giống hệt (giữ 1/nhóm)
Training/meningioma/Tr-me_128.jpg,meningioma,ảnh giống hệt (giữ 1/nhóm)
Training/meningioma/Tr-me_1280.jpg,meningioma,ảnh giống hệt (giữ 1/nhóm)
Training/meningioma/Tr-me_1281.jpg,meningioma,ảnh giống hệt (giữ 1/nhóm)
Training/meningioma/Tr-me_1282.jpg,meningioma,ảnh giống hệt (giữ 1/nhóm)
Training/meningioma/Tr-me_1283.jpg,meningioma,ảnh giống hệt (giữ 1/nhóm)
Training/meningioma/Tr-me_1286.jpg,meningioma,ảnh giống hệt (giữ 1/nhóm)
Training/meningioma/Tr-me_1288.jpg,meningioma,ảnh giống hệt (giữ 1/nhóm)
Training/meningioma/Tr-me_1289.jpg,meningioma,ảnh giống hệt (giữ 1/nhóm)
Training/meningioma/Tr-me_1290.jpg,meningioma,ảnh giống hệt (giữ 1/nhóm)
Training/meningioma/Tr-me_1291.jpg,meningioma,ảnh giống hệt (giữ 1/nhóm)
Training/meningioma/Tr-me_1292.jpg,meningioma,ảnh giống hệt (giữ 1/nhóm)
Training/meningioma/Tr-me_1295.jpg,meningioma,ảnh giống hệt (giữ 1/nhóm)
Training/meningioma/Tr-me_13.jpg,meningioma,ảnh giống hệt (giữ 1/nhóm)
Training/meningioma/Tr-me_131.jpg,meningioma,ảnh giống hệt (giữ 1/nhóm)
Training/meningioma/Tr-me_132.jpg,meningioma,ảnh giống hệt (giữ 1/nhóm)
Training/meningioma/Tr-me_133.jpg,meningioma,ảnh giống hệt (giữ 1/nhóm)
Training/meningioma/Tr-me_135.jpg,meningioma,ảnh giống hệt (giữ 1/nhóm)
Training/meningioma/Tr-me_136.jpg,meningioma,ảnh giống hệt (giữ 1/nhóm)
Training/meningioma/Tr-me_138.jpg,meningioma,ảnh giống hệt (giữ 1/nhóm)
Training/meningioma/Tr-me_140.jpg,meningioma,ảnh giống hệt (giữ 1/nhóm)
Training/meningioma/Tr-me_142.jpg,meningioma,ảnh giống hệt (giữ 1/nhóm)
Training/meningioma/Tr-me_145.jpg,meningioma,ảnh giống hệt (giữ 1/nhóm)
Training/meningioma/Tr-me_147.jpg,meningioma,ảnh giống hệt (giữ 1/nhóm)
Training/meningioma/Tr-me_15.jpg,meningioma,ảnh giống hệt (giữ 1/nhóm)
Training/meningioma/Tr-me_154.jpg,meningioma,ảnh giống hệt (giữ 1/nhóm)
Training/meningioma/Tr-me_155.jpg,meningioma,ảnh giống hệt (giữ 1/nhóm)
Training/meningioma/Tr-me_156.jpg,meningioma,ảnh giống hệt (giữ 1/nhóm)
Training/meningioma/Tr-me_158.jpg,meningioma,ảnh giống hệt (giữ 1/nhóm)
Training/meningioma/Tr-me_159.jpg,meningioma,ảnh giống hệt (giữ 1/nhóm)
Training/meningioma/Tr-me_16.jpg,meningioma,ảnh giống hệt (giữ 1/nhóm)
Training/meningioma/Tr-me_160.jpg,meningioma,ảnh giống hệt (giữ 1/nhóm)
Training/meningioma/Tr-me_161.jpg,meningioma,ảnh giống hệt (giữ 1/nhóm)
Training/meningioma/Tr-me_162.jpg,meningioma,ảnh giống hệt (giữ 1/nhóm)
Training/meningioma/Tr-me_167.jpg,meningioma,ảnh giống hệt (giữ 1/nhóm)
Training/meningioma/Tr-me_168.jpg,meningioma,ảnh giống hệt (giữ 1/nhóm)
Training/meningioma/Tr-me_17.jpg,meningioma,ảnh giống hệt (giữ 1/nhóm)
Training/meningioma/Tr-me_173.jpg,meningioma,ảnh giống hệt (giữ 1/nhóm)
Training/meningioma/Tr-me_176.jpg,meningioma,ảnh giống hệt (giữ 1/nhóm)
Training/meningioma/Tr-me_177.jpg,meningioma,ảnh giống hệt (giữ 1/nhóm)
Training/meningioma/Tr-me_178.jpg,meningioma,ảnh giống hệt (giữ 1/nhóm)
Training/meningioma/Tr-me_179.jpg,meningioma,ảnh giống hệt (giữ 1/nhóm)
Training/meningioma/Tr-me_181.jpg,meningioma,ảnh giống hệt (giữ 1/nhóm)
Training/meningioma/Tr-me_184.jpg,meningioma,ảnh giống hệt (giữ 1/nhóm)
Training/meningioma/Tr-me_187.jpg,meningioma,ảnh giống hệt (giữ 1/nhóm)
Training/meningioma/Tr-me_189.jpg,meningioma,ảnh giống hệt (giữ 1/nhóm)
Training/meningioma/Tr-me_19.jpg,meningioma,ảnh giống hệt (giữ 1/nhóm)
Training/meningioma/Tr-me_190.jpg,meningioma,ảnh giống hệt (giữ 1/nhóm)
Training/meningioma/Tr-me_191.jpg,meningioma,ảnh giống hệt (giữ 1/nhóm)
Training/meningioma/Tr-me_196.jpg,meningioma,ảnh giống hệt (giữ 1/nhóm)
Training/meningioma/Tr-me_197.jpg,meningioma,ảnh giống hệt (giữ 1/nhóm)
Training/meningioma/Tr-me_199.jpg,meningioma,ảnh giống hệt (giữ 1/nhóm)
Training/meningioma/Tr-me_200.jpg,meningioma,ảnh giống hệt (giữ 1/nhóm)
Training/meningioma/Tr-me_201.jpg,meningioma,ảnh giống hệt (giữ 1/nhóm)
Training/meningioma/Tr-me_205.jpg,meningioma,ảnh giống hệt (giữ 1/nhóm)
Training/meningioma/Tr-me_206.jpg,meningioma,ảnh giống hệt (giữ 1/nhóm)
Training/meningioma/Tr-me_21.jpg,meningioma,ảnh giống hệt (giữ 1/nhóm)
Training/meningioma/Tr-me_210.jpg,meningioma,ảnh giống hệt (giữ 1/nhóm)
Training/meningioma/Tr-me_213.jpg,meningioma,ảnh giống hệt (giữ 1/nhóm)
Training/meningioma/Tr-me_215.jpg,meningioma,ảnh giống hệt (giữ 1/nhóm)
Training/meningioma/Tr-me_218.jpg,meningioma,ảnh giống hệt (giữ 1/nhóm)
Training/meningioma/Tr-me_219.jpg,meningioma,ảnh giống hệt (giữ 1/nhóm)
Training/meningioma/Tr-me_220.jpg,meningioma,ảnh giống hệt (giữ 1/nhóm)
Training/meningioma/Tr-me_222.jpg,meningioma,ảnh giống hệt (giữ 1/nhóm)
Training/meningioma/Tr-me_226.jpg,meningioma,ảnh giống hệt (giữ 1/nhóm)
Training/meningioma/Tr-me_227.jpg,meningioma,ảnh giống hệt (giữ 1/nhóm)
Training/meningioma/Tr-me_228.jpg,meningioma,ảnh giống hệt (giữ 1/nhóm)
Training/meningioma/Tr-me_23.jpg,meningioma,ảnh giống hệt (giữ 1/nhóm)
Training/meningioma/Tr-me_238.jpg,meningioma,ảnh giống hệt (giữ 1/nhóm)
Training/meningioma/Tr-me_239.jpg,meningioma,ảnh giống hệt (giữ 1/nhóm)
Training/meningioma/Tr-me_244.jpg,meningioma,ảnh giống hệt (giữ 1/nhóm)
Training/meningioma/Tr-me_245.jpg,meningioma,ảnh giống hệt (giữ 1/nhóm)
Training/meningioma/Tr-me_249.jpg,meningioma,ảnh giống hệt (giữ 1/nhóm)
Training/meningioma/Tr-me_250.jpg,meningioma,ảnh giống hệt (giữ 1/nhóm)
Training/meningioma/Tr-me_253.jpg,meningioma,ảnh giống hệt (giữ 1/nhóm)
Training/meningioma/Tr-me_255.jpg,meningioma,ảnh giống hệt (giữ 1/nhóm)
Training/meningioma/Tr-me_259.jpg,meningioma,ảnh giống hệt (giữ 1/nhóm)
Training/meningioma/Tr-me_260.jpg,meningioma,ảnh giống hệt (giữ 1/nhóm)
Training/meningioma/Tr-me_264.jpg,meningioma,ảnh giống hệt (giữ 1/nhóm)
Training/meningioma/Tr-me_267.jpg,meningioma,ảnh giống hệt (giữ 1/nhóm)
Training/meningioma/Tr-me_268.jpg,meningioma,ảnh giống hệt (giữ 1/nhóm)
Training/meningioma/Tr-me_269.jpg,meningioma,ảnh giống hệt (giữ 1/nhóm)
Training/meningioma/Tr-me_27.jpg,meningioma,ảnh giống hệt (giữ 1/nhóm)
Training/meningioma/Tr-me_270.jpg,meningioma,ảnh giống hệt (giữ 1/nhóm)
Training/meningioma/Tr-me_273.jpg,meningioma,ảnh giống hệt (giữ 1/nhóm)
Training/meningioma/Tr-me_274.jpg,meningioma,ảnh giống hệt (giữ 1/nhóm)
Training/meningioma/Tr-me_275.jpg,meningioma,ảnh giống hệt (giữ 1/nhóm)
Training/meningioma/Tr-me_277.jpg,meningioma,ảnh giống hệt (giữ 1/nhóm)
Training/meningioma/Tr-me_278.jpg,meningioma,ảnh giống hệt (giữ 1/nhóm)
Training/meningioma/Tr-me_279.jpg,meningioma,ảnh giống hệt (giữ 1/nhóm)
Training/meningioma/Tr-me_28.jpg,meningioma,ảnh giống hệt (giữ 1/nhóm)
Training/meningioma/Tr-me_280.jpg,meningioma,ảnh giống hệt (giữ 1/nhóm)
Training/meningioma/Tr-me_283.jpg,meningioma,ảnh giống hệt (giữ 1/nhóm)
Training/meningioma/Tr-me_284.jpg,meningioma,ảnh giống hệt (giữ 1/nhóm)
Training/meningioma/Tr-me_285.jpg,meningioma,ảnh giống hệt (giữ 1/nhóm)
Training/meningioma/Tr-me_286.jpg,meningioma,ảnh giống hệt (giữ 1/nhóm)
Training/meningioma/Tr-me_288.jpg,meningioma,ảnh giống hệt (giữ 1/nhóm)
Training/meningioma/Tr-me_291.jpg,meningioma,ảnh giống hệt (giữ 1/nhóm)
Training/meningioma/Tr-me_295.jpg,meningioma,ảnh giống hệt (giữ 1/nhóm)
Training/meningioma/Tr-me_3.jpg,meningioma,ảnh giống hệt (giữ 1/nhóm)
Training/meningioma/Tr-me_300.jpg,meningioma,ảnh giống hệt (giữ 1/nhóm)
Training/meningioma/Tr-me_301.jpg,meningioma,ảnh giống hệt (giữ 1/nhóm)
Training/meningioma/Tr-me_302.jpg,meningioma,ảnh giống hệt (giữ 1/nhóm)
Training/meningioma/Tr-me_303.jpg,meningioma,ảnh giống hệt (giữ 1/nhóm)
Training/meningioma/Tr-me_304.jpg,meningioma,ảnh giống hệt (giữ 1/nhóm)
Training/meningioma/Tr-me_307.jpg,meningioma,ảnh giống hệt (giữ 1/nhóm)
Training/meningioma/Tr-me_310.jpg,meningioma,ảnh giống hệt (giữ 1/nhóm)
Training/meningioma/Tr-me_311.jpg,meningioma,ảnh giống hệt (giữ 1/nhóm)
Training/meningioma/Tr-me_314.jpg,meningioma,ảnh giống hệt (giữ 1/nhóm)
Training/meningioma/Tr-me_315.jpg,meningioma,ảnh giống hệt (giữ 1/nhóm)
Training/meningioma/Tr-me_32.jpg,meningioma,ảnh giống hệt (giữ 1/nhóm)
Training/meningioma/Tr-me_320.jpg,meningioma,ảnh giống hệt (giữ 1/nhóm)
Training/meningioma/Tr-me_321.jpg,meningioma,ảnh giống hệt (giữ 1/nhóm)
Training/meningioma/Tr-me_324.jpg,meningioma,ảnh giống hệt (giữ 1/nhóm)
Training/meningioma/Tr-me_325.jpg,meningioma,ảnh giống hệt (giữ 1/nhóm)
Training/meningioma/Tr-me_326.jpg,meningioma,ảnh giống hệt (giữ 1/nhóm)
Training/meningioma/Tr-me_327.jpg,meningioma,ảnh giống hệt (giữ 1/nhóm)
Training/meningioma/Tr-me_330.jpg,meningioma,ảnh giống hệt (giữ 1/nhóm)
Training/meningioma/Tr-me_331.jpg,meningioma,ảnh giống hệt (giữ 1/nhóm)
Training/meningioma/Tr-me_333.jpg,meningioma,ảnh giống hệt (giữ 1/nhóm)
Training/meningioma/Tr-me_338.jpg,meningioma,ảnh giống hệt (giữ 1/nhóm)
Training/meningioma/Tr-me_339.jpg,meningioma,ảnh giống hệt (giữ 1/nhóm)
Training/meningioma/Tr-me_340.jpg,meningioma,ảnh giống hệt (giữ 1/nhóm)
Training/meningioma/Tr-me_343.jpg,meningioma,ảnh giống hệt (giữ 1/nhóm)
Training/meningioma/Tr-me_344.jpg,meningioma,ảnh giống hệt (giữ 1/nhóm)
Training/meningioma/Tr-me_345.jpg,meningioma,ảnh giống hệt (giữ 1/nhóm)
Training/meningioma/Tr-me_346.jpg,meningioma,ảnh giống hệt (giữ 1/nhóm)
Training/meningioma/Tr-me_347.jpg,meningioma,ảnh giống hệt (giữ 1/nhóm)
Training/meningioma/Tr-me_349.jpg,meningioma,ảnh giống hệt (giữ 1/nhóm)
Training/meningioma/Tr-me_350.jpg,meningioma,ảnh giống hệt (giữ 1/nhóm)
Training/meningioma/Tr-me_351.jpg,meningioma,ảnh giống hệt (giữ 1/nhóm)
Training/meningioma/Tr-me_352.jpg,meningioma,ảnh giống hệt (giữ 1/nhóm)
Training/meningioma/Tr-me_353.jpg,meningioma,ảnh giống hệt (giữ 1/nhóm)
Training/meningioma/Tr-me_356.jpg,meningioma,ảnh giống hệt (giữ 1/nhóm)
Training/meningioma/Tr-me_36.jpg,meningioma,ảnh giống hệt (giữ 1/nhóm)
Training/meningioma/Tr-me_362.jpg,meningioma,ảnh giống hệt (giữ 1/nhóm)
Training/meningioma/Tr-me_364.jpg,meningioma,ảnh giống hệt (giữ 1/nhóm)
Training/meningioma/Tr-me_365.jpg,meningioma,ảnh giống hệt (giữ 1/nhóm)
Training/meningioma/Tr-me_369.jpg,meningioma,ảnh giống hệt (giữ 1/nhóm)
Training/meningioma/Tr-me_370.jpg,meningioma,ảnh giống hệt (giữ 1/nhóm)
Training/meningioma/Tr-me_371.jpg,meningioma,ảnh giống hệt (giữ 1/nhóm)
Training/meningioma/Tr-me_373.jpg,meningioma,ảnh giống hệt (giữ 1/nhóm)
Training/meningioma/Tr-me_379.jpg,meningioma,ảnh giống hệt (giữ 1/nhóm)
Training/meningioma/Tr-me_382.jpg,meningioma,ảnh giống hệt (giữ 1/nhóm)
Training/meningioma/Tr-me_388.jpg,meningioma,ảnh giống hệt (giữ 1/nhóm)
Training/meningioma/Tr-me_389.jpg,meningioma,ảnh giống hệt (giữ 1/nhóm)
Training/meningioma/Tr-me_393.jpg,meningioma,ảnh giống hệt (giữ 1/nhóm)
Training/meningioma/Tr-me_394.jpg,meningioma,ảnh giống hệt (giữ 1/nhóm)
Training/meningioma/Tr-me_396.jpg,meningioma,ảnh giống hệt (giữ 1/nhóm)
Training/meningioma/Tr-me_4.jpg,meningioma,ảnh giống hệt (giữ 1/nhóm)
Training/meningioma/Tr-me_40.jpg,meningioma,ảnh giống hệt (giữ 1/nhóm)
Training/meningioma/Tr-me_401.jpg,meningioma,ảnh giống hệt (giữ 1/nhóm)
Training/meningioma/Tr-me_404.jpg,meningioma,ảnh giống hệt (giữ 1/nhóm)
Training/meningioma/Tr-me_408.jpg,meningioma,ảnh giống hệt (giữ 1/nhóm)
Training/meningioma/Tr-me_409.jpg,meningioma,nhóm giống nhau khác lớp
Training/meningioma/Tr-me_412.jpg,meningioma,ảnh giống hệt (giữ 1/nhóm)
Training/meningioma/Tr-me_413.jpg,meningioma,ảnh giống hệt (giữ 1/nhóm)
Training/meningioma/Tr-me_414.jpg,meningioma,ảnh giống hệt (giữ 1/nhóm)
Training/meningioma/Tr-me_416.jpg,meningioma,ảnh giống hệt (giữ 1/nhóm)
Training/meningioma/Tr-me_419.jpg,meningioma,ảnh giống hệt (giữ 1/nhóm)
Training/meningioma/Tr-me_42.jpg,meningioma,ảnh giống hệt (giữ 1/nhóm)
Training/meningioma/Tr-me_421.jpg,meningioma,"loại thủ công (bản trùng): ảnh CT, không phải MRI"
Training/meningioma/Tr-me_422.jpg,meningioma,ảnh giống hệt (giữ 1/nhóm)
Training/meningioma/Tr-me_424.jpg,meningioma,ảnh giống hệt (giữ 1/nhóm)
Training/meningioma/Tr-me_425.jpg,meningioma,ảnh giống hệt (giữ 1/nhóm)
Training/meningioma/Tr-me_426.jpg,meningioma,ảnh giống hệt (giữ 1/nhóm)
Training/meningioma/Tr-me_427.jpg,meningioma,ảnh giống hệt (giữ 1/nhóm)
Training/meningioma/Tr-me_43.jpg,meningioma,ảnh giống hệt (giữ 1/nhóm)
Training/meningioma/Tr-me_432.jpg,meningioma,ảnh giống hệt (giữ 1/nhóm)
Training/meningioma/Tr-me_435.jpg,meningioma,ảnh giống hệt (giữ 1/nhóm)
Training/meningioma/Tr-me_436.jpg,meningioma,ảnh giống hệt (giữ 1/nhóm)
Training/meningioma/Tr-me_437.jpg,meningioma,ảnh giống hệt (giữ 1/nhóm)
Training/meningioma/Tr-me_439.jpg,meningioma,ảnh giống hệt (giữ 1/nhóm)
Training/meningioma/Tr-me_444.jpg,meningioma,ảnh giống hệt (giữ 1/nhóm)
Training/meningioma/Tr-me_446.jpg,meningioma,ảnh giống hệt (giữ 1/nhóm)
Training/meningioma/Tr-me_447.jpg,meningioma,ảnh giống hệt (giữ 1/nhóm)
Training/meningioma/Tr-me_450.jpg,meningioma,ảnh giống hệt (giữ 1/nhóm)
Training/meningioma/Tr-me_451.jpg,meningioma,ảnh giống hệt (giữ 1/nhóm)
Training/meningioma/Tr-me_453.jpg,meningioma,ảnh giống hệt (giữ 1/nhóm)
Training/meningioma/Tr-me_454.jpg,meningioma,ảnh giống hệt (giữ 1/nhóm)
Training/meningioma/Tr-me_455.jpg,meningioma,ảnh giống hệt (giữ 1/nhóm)
Training/meningioma/Tr-me_456.jpg,meningioma,ảnh giống hệt (giữ 1/nhóm)
Training/meningioma/Tr-me_457.jpg,meningioma,ảnh giống hệt (giữ 1/nhóm)
Training/meningioma/Tr-me_458.jpg,meningioma,nhóm giống nhau khác lớp
Training/meningioma/Tr-me_46.jpg,meningioma,ảnh giống hệt (giữ 1/nhóm)
Training/meningioma/Tr-me_464.jpg,meningioma,ảnh giống hệt (giữ 1/nhóm)
Training/meningioma/Tr-me_465.jpg,meningioma,"loại thủ công (bản trùng): ảnh CT, không phải MRI"
Training/meningioma/Tr-me_468.jpg,meningioma,nhóm giống nhau khác lớp
Training/meningioma/Tr-me_469.jpg,meningioma,ảnh giống hệt (giữ 1/nhóm)
Training/meningioma/Tr-me_471.jpg,meningioma,ảnh giống hệt (giữ 1/nhóm)
Training/meningioma/Tr-me_472.jpg,meningioma,ảnh giống hệt (giữ 1/nhóm)
Training/meningioma/Tr-me_473.jpg,meningioma,ảnh giống hệt (giữ 1/nhóm)
Training/meningioma/Tr-me_475.jpg,meningioma,ảnh giống hệt (giữ 1/nhóm)
Training/meningioma/Tr-me_476.jpg,meningioma,ảnh giống hệt (giữ 1/nhóm)
Training/meningioma/Tr-me_477.jpg,meningioma,ảnh giống hệt (giữ 1/nhóm)
Training/meningioma/Tr-me_479.jpg,meningioma,"loại thủ công (bản trùng): ảnh CT, không phải MRI"
Training/meningioma/Tr-me_48.jpg,meningioma,ảnh giống hệt (giữ 1/nhóm)
Training/meningioma/Tr-me_480.jpg,meningioma,ảnh giống hệt (giữ 1/nhóm)
Training/meningioma/Tr-me_482.jpg,meningioma,ảnh giống hệt (giữ 1/nhóm)
Training/meningioma/Tr-me_484.jpg,meningioma,ảnh giống hệt (giữ 1/nhóm)
Training/meningioma/Tr-me_485.jpg,meningioma,ảnh giống hệt (giữ 1/nhóm)
Training/meningioma/Tr-me_486.jpg,meningioma,"loại thủ công (bản trùng): ảnh CT, không phải MRI"
Training/meningioma/Tr-me_488.jpg,meningioma,ảnh giống hệt (giữ 1/nhóm)
Training/meningioma/Tr-me_489.jpg,meningioma,ảnh giống hệt (giữ 1/nhóm)
Training/meningioma/Tr-me_491.jpg,meningioma,ảnh giống hệt (giữ 1/nhóm)
Training/meningioma/Tr-me_492.jpg,meningioma,ảnh giống hệt (giữ 1/nhóm)
Training/meningioma/Tr-me_493.jpg,meningioma,ảnh giống hệt (giữ 1/nhóm)
Training/meningioma/Tr-me_494.jpg,meningioma,ảnh giống hệt (giữ 1/nhóm)
Training/meningioma/Tr-me_496.jpg,meningioma,ảnh giống hệt (giữ 1/nhóm)
Training/meningioma/Tr-me_497.jpg,meningioma,ảnh giống hệt (giữ 1/nhóm)
Training/meningioma/Tr-me_5.jpg,meningioma,ảnh giống hệt (giữ 1/nhóm)
Training/meningioma/Tr-me_50.jpg,meningioma,ảnh giống hệt (giữ 1/nhóm)
Training/meningioma/Tr-me_500.jpg,meningioma,ảnh giống hệt (giữ 1/nhóm)
Training/meningioma/Tr-me_503.jpg,meningioma,ảnh giống hệt (giữ 1/nhóm)
Training/meningioma/Tr-me_504.jpg,meningioma,ảnh giống hệt (giữ 1/nhóm)
Training/meningioma/Tr-me_505.jpg,meningioma,ảnh giống hệt (giữ 1/nhóm)
Training/meningioma/Tr-me_506.jpg,meningioma,ảnh giống hệt (giữ 1/nhóm)
Training/meningioma/Tr-me_507.jpg,meningioma,ảnh giống hệt (giữ 1/nhóm)
Training/meningioma/Tr-me_508.jpg,meningioma,ảnh giống hệt (giữ 1/nhóm)
Training/meningioma/Tr-me_51.jpg,meningioma,ảnh giống hệt (giữ 1/nhóm)
Training/meningioma/Tr-me_512.jpg,meningioma,ảnh giống hệt (giữ 1/nhóm)
Training/meningioma/Tr-me_518.jpg,meningioma,ảnh giống hệt (giữ 1/nhóm)
Training/meningioma/Tr-me_52.jpg,meningioma,ảnh giống hệt (giữ 1/nhóm)
Training/meningioma/Tr-me_520.jpg,meningioma,ảnh giống hệt (giữ 1/nhóm)
Training/meningioma/Tr-me_521.jpg,meningioma,ảnh giống hệt (giữ 1/nhóm)
Training/meningioma/Tr-me_523.jpg,meningioma,ảnh giống hệt (giữ 1/nhóm)
Training/meningioma/Tr-me_525.jpg,meningioma,ảnh giống hệt (giữ 1/nhóm)
Training/meningioma/Tr-me_529.jpg,meningioma,ảnh giống hệt (giữ 1/nhóm)
Training/meningioma/Tr-me_530.jpg,meningioma,ảnh giống hệt (giữ 1/nhóm)
Training/meningioma/Tr-me_532.jpg,meningioma,ảnh giống hệt (giữ 1/nhóm)
Training/meningioma/Tr-me_533.jpg,meningioma,nhóm giống nhau khác lớp
Training/meningioma/Tr-me_534.jpg,meningioma,ảnh giống hệt (giữ 1/nhóm)
Training/meningioma/Tr-me_537.jpg,meningioma,ảnh giống hệt (giữ 1/nhóm)
Training/meningioma/Tr-me_54.jpg,meningioma,ảnh giống hệt (giữ 1/nhóm)
Training/meningioma/Tr-me_541.jpg,meningioma,ảnh giống hệt (giữ 1/nhóm)
Training/meningioma/Tr-me_543.jpg,meningioma,ảnh giống hệt (giữ 1/nhóm)
Training/meningioma/Tr-me_546.jpg,meningioma,ảnh giống hệt (giữ 1/nhóm)
Training/meningioma/Tr-me_547.jpg,meningioma,ảnh giống hệt (giữ 1/nhóm)
Training/meningioma/Tr-me_549.jpg,meningioma,ảnh giống hệt (giữ 1/nhóm)
Training/meningioma/Tr-me_55.jpg,meningioma,ảnh giống hệt (giữ 1/nhóm)
Training/meningioma/Tr-me_550.jpg,meningioma,ảnh giống hệt (giữ 1/nhóm)
Training/meningioma/Tr-me_553.jpg,meningioma,ảnh giống hệt (giữ 1/nhóm)
Training/meningioma/Tr-me_555.jpg,meningioma,ảnh giống hệt (giữ 1/nhóm)
Training/meningioma/Tr-me_557.jpg,meningioma,ảnh giống hệt (giữ 1/nhóm)
Training/meningioma/Tr-me_558.jpg,meningioma,ảnh giống hệt (giữ 1/nhóm)
Training/meningioma/Tr-me_559.jpg,meningioma,ảnh giống hệt (giữ 1/nhóm)
Training/meningioma/Tr-me_561.jpg,meningioma,ảnh giống hệt (giữ 1/nhóm)
Training/meningioma/Tr-me_562.jpg,meningioma,ảnh giống hệt (giữ 1/nhóm)
Training/meningioma/Tr-me_565.jpg,meningioma,ảnh giống hệt (giữ 1/nhóm)
Training/meningioma/Tr-me_570.jpg,meningioma,ảnh giống hệt (giữ 1/nhóm)
Training/meningioma/Tr-me_571.jpg,meningioma,ảnh giống hệt (giữ 1/nhóm)
Training/meningioma/Tr-me_572.jpg,meningioma,ảnh giống hệt (giữ 1/nhóm)
Training/meningioma/Tr-me_573.jpg,meningioma,ảnh giống hệt (giữ 1/nhóm)
Training/meningioma/Tr-me_574.jpg,meningioma,ảnh giống hệt (giữ 1/nhóm)
Training/meningioma/Tr-me_575.jpg,meningioma,ảnh giống hệt (giữ 1/nhóm)
Training/meningioma/Tr-me_576.jpg,meningioma,ảnh giống hệt (giữ 1/nhóm)
Training/meningioma/Tr-me_577.jpg,meningioma,ảnh giống hệt (giữ 1/nhóm)
Training/meningioma/Tr-me_582.jpg,meningioma,ảnh giống hệt (giữ 1/nhóm)
Training/meningioma/Tr-me_583.jpg,meningioma,ảnh giống hệt (giữ 1/nhóm)
Training/meningioma/Tr-me_586.jpg,meningioma,ảnh giống hệt (giữ 1/nhóm)
Training/meningioma/Tr-me_588.jpg,meningioma,ảnh giống hệt (giữ 1/nhóm)
Training/meningioma/Tr-me_592.jpg,meningioma,ảnh giống hệt (giữ 1/nhóm)
Training/meningioma/Tr-me_595.jpg,meningioma,ảnh giống hệt (giữ 1/nhóm)
Training/meningioma/Tr-me_597.jpg,meningioma,ảnh giống hệt (giữ 1/nhóm)
Training/meningioma/Tr-me_598.jpg,meningioma,ảnh giống hệt (giữ 1/nhóm)
Training/meningioma/Tr-me_60.jpg,meningioma,ảnh giống hệt (giữ 1/nhóm)
Training/meningioma/Tr-me_600.jpg,meningioma,ảnh giống hệt (giữ 1/nhóm)
Training/meningioma/Tr-me_601.jpg,meningioma,ảnh giống hệt (giữ 1/nhóm)
Training/meningioma/Tr-me_603.jpg,meningioma,ảnh giống hệt (giữ 1/nhóm)
Training/meningioma/Tr-me_604.jpg,meningioma,ảnh giống hệt (giữ 1/nhóm)
Training/meningioma/Tr-me_609.jpg,meningioma,ảnh giống hệt (giữ 1/nhóm)
Training/meningioma/Tr-me_610.jpg,meningioma,ảnh giống hệt (giữ 1/nhóm)
Training/meningioma/Tr-me_612.jpg,meningioma,ảnh giống hệt (giữ 1/nhóm)
Training/meningioma/Tr-me_614.jpg,meningioma,ảnh giống hệt (giữ 1/nhóm)
Training/meningioma/Tr-me_616.jpg,meningioma,ảnh giống hệt (giữ 1/nhóm)
Training/meningioma/Tr-me_617.jpg,meningioma,ảnh giống hệt (giữ 1/nhóm)
Training/meningioma/Tr-me_618.jpg,meningioma,ảnh giống hệt (giữ 1/nhóm)
Training/meningioma/Tr-me_621.jpg,meningioma,ảnh giống hệt (giữ 1/nhóm)
Training/meningioma/Tr-me_623.jpg,meningioma,ảnh giống hệt (giữ 1/nhóm)
Training/meningioma/Tr-me_626.jpg,meningioma,ảnh giống hệt (giữ 1/nhóm)
Training/meningioma/Tr-me_627.jpg,meningioma,ảnh giống hệt (giữ 1/nhóm)
Training/meningioma/Tr-me_634.jpg,meningioma,ảnh giống hệt (giữ 1/nhóm)
Training/meningioma/Tr-me_635.jpg,meningioma,ảnh giống hệt (giữ 1/nhóm)
Training/meningioma/Tr-me_636.jpg,meningioma,ảnh giống hệt (giữ 1/nhóm)
Training/meningioma/Tr-me_639.jpg,meningioma,ảnh giống hệt (giữ 1/nhóm)
Training/meningioma/Tr-me_641.jpg,meningioma,ảnh giống hệt (giữ 1/nhóm)
Training/meningioma/Tr-me_643.jpg,meningioma,ảnh giống hệt (giữ 1/nhóm)
Training/meningioma/Tr-me_645.jpg,meningioma,ảnh giống hệt (giữ 1/nhóm)
Training/meningioma/Tr-me_648.jpg,meningioma,ảnh giống hệt (giữ 1/nhóm)
Training/meningioma/Tr-me_649.jpg,meningioma,ảnh giống hệt (giữ 1/nhóm)
Training/meningioma/Tr-me_65.jpg,meningioma,ảnh giống hệt (giữ 1/nhóm)
Training/meningioma/Tr-me_650.jpg,meningioma,ảnh giống hệt (giữ 1/nhóm)
Training/meningioma/Tr-me_651.jpg,meningioma,ảnh giống hệt (giữ 1/nhóm)
Training/meningioma/Tr-me_652.jpg,meningioma,ảnh giống hệt (giữ 1/nhóm)
Training/meningioma/Tr-me_654.jpg,meningioma,ảnh giống hệt (giữ 1/nhóm)
Training/meningioma/Tr-me_655.jpg,meningioma,ảnh giống hệt (giữ 1/nhóm)
Training/meningioma/Tr-me_66.jpg,meningioma,ảnh giống hệt (giữ 1/nhóm)
Training/meningioma/Tr-me_661.jpg,meningioma,ảnh giống hệt (giữ 1/nhóm)
Training/meningioma/Tr-me_666.jpg,meningioma,ảnh giống hệt (giữ 1/nhóm)
Training/meningioma/Tr-me_667.jpg,meningioma,ảnh giống hệt (giữ 1/nhóm)
Training/meningioma/Tr-me_67.jpg,meningioma,ảnh giống hệt (giữ 1/nhóm)
Training/meningioma/Tr-me_675.jpg,meningioma,ảnh giống hệt (giữ 1/nhóm)
Training/meningioma/Tr-me_678.jpg,meningioma,ảnh giống hệt (giữ 1/nhóm)
Training/meningioma/Tr-me_68.jpg,meningioma,ảnh giống hệt (giữ 1/nhóm)
Training/meningioma/Tr-me_680.jpg,meningioma,ảnh giống hệt (giữ 1/nhóm)
Training/meningioma/Tr-me_683.jpg,meningioma,ảnh giống hệt (giữ 1/nhóm)
Training/meningioma/Tr-me_684.jpg,meningioma,ảnh giống hệt (giữ 1/nhóm)
Training/meningioma/Tr-me_688.jpg,meningioma,ảnh giống hệt (giữ 1/nhóm)
Training/meningioma/Tr-me_69.jpg,meningioma,ảnh giống hệt (giữ 1/nhóm)
Training/meningioma/Tr-me_692.jpg,meningioma,ảnh giống hệt (giữ 1/nhóm)
Training/meningioma/Tr-me_696.jpg,meningioma,ảnh giống hệt (giữ 1/nhóm)
Training/meningioma/Tr-me_70.jpg,meningioma,ảnh giống hệt (giữ 1/nhóm)
Training/meningioma/Tr-me_703.jpg,meningioma,ảnh giống hệt (giữ 1/nhóm)
Training/meningioma/Tr-me_704.jpg,meningioma,ảnh giống hệt (giữ 1/nhóm)
Training/meningioma/Tr-me_705.jpg,meningioma,ảnh giống hệt (giữ 1/nhóm)
Training/meningioma/Tr-me_706.jpg,meningioma,ảnh giống hệt (giữ 1/nhóm)
Training/meningioma/Tr-me_707.jpg,meningioma,ảnh giống hệt (giữ 1/nhóm)
Training/meningioma/Tr-me_710.jpg,meningioma,ảnh giống hệt (giữ 1/nhóm)
Training/meningioma/Tr-me_711.jpg,meningioma,ảnh giống hệt (giữ 1/nhóm)
Training/meningioma/Tr-me_712.jpg,meningioma,ảnh giống hệt (giữ 1/nhóm)
Training/meningioma/Tr-me_713.jpg,meningioma,ảnh giống hệt (giữ 1/nhóm)
Training/meningioma/Tr-me_714.jpg,meningioma,nhóm giống nhau khác lớp
Training/meningioma/Tr-me_715.jpg,meningioma,ảnh giống hệt (giữ 1/nhóm)
Training/meningioma/Tr-me_716.jpg,meningioma,ảnh giống hệt (giữ 1/nhóm)
Training/meningioma/Tr-me_717.jpg,meningioma,ảnh giống hệt (giữ 1/nhóm)
Training/meningioma/Tr-me_718.jpg,meningioma,ảnh giống hệt (giữ 1/nhóm)
Training/meningioma/Tr-me_719.jpg,meningioma,ảnh giống hệt (giữ 1/nhóm)
Training/meningioma/Tr-me_72.jpg,meningioma,ảnh giống hệt (giữ 1/nhóm)
Training/meningioma/Tr-me_722.jpg,meningioma,ảnh giống hệt (giữ 1/nhóm)
Training/meningioma/Tr-me_726.jpg,meningioma,ảnh giống hệt (giữ 1/nhóm)
Training/meningioma/Tr-me_727.jpg,meningioma,ảnh giống hệt (giữ 1/nhóm)
Training/meningioma/Tr-me_73.jpg,meningioma,ảnh giống hệt (giữ 1/nhóm)
Training/meningioma/Tr-me_730.jpg,meningioma,ảnh giống hệt (giữ 1/nhóm)
Training/meningioma/Tr-me_731.jpg,meningioma,ảnh giống hệt (giữ 1/nhóm)
Training/meningioma/Tr-me_737.jpg,meningioma,ảnh giống hệt (giữ 1/nhóm)
Training/meningioma/Tr-me_738.jpg,meningioma,ảnh giống hệt (giữ 1/nhóm)
Training/meningioma/Tr-me_740.jpg,meningioma,ảnh giống hệt (giữ 1/nhóm)
Training/meningioma/Tr-me_742.jpg,meningioma,ảnh giống hệt (giữ 1/nhóm)
Training/meningioma/Tr-me_743.jpg,meningioma,ảnh giống hệt (giữ 1/nhóm)
Training/meningioma/Tr-me_744.jpg,meningioma,ảnh giống hệt (giữ 1/nhóm)
Training/meningioma/Tr-me_745.jpg,meningioma,ảnh giống hệt (giữ 1/nhóm)
Training/meningioma/Tr-me_752.jpg,meningioma,nhóm giống nhau khác lớp
Training/meningioma/Tr-me_753.jpg,meningioma,ảnh giống hệt (giữ 1/nhóm)
Training/meningioma/Tr-me_754.jpg,meningioma,ảnh giống hệt (giữ 1/nhóm)
Training/meningioma/Tr-me_758.jpg,meningioma,ảnh giống hệt (giữ 1/nhóm)
Training/meningioma/Tr-me_760.jpg,meningioma,ảnh giống hệt (giữ 1/nhóm)
Training/meningioma/Tr-me_761.jpg,meningioma,ảnh giống hệt (giữ 1/nhóm)
Training/meningioma/Tr-me_763.jpg,meningioma,ảnh giống hệt (giữ 1/nhóm)
Training/meningioma/Tr-me_765.jpg,meningioma,ảnh giống hệt (giữ 1/nhóm)
Training/meningioma/Tr-me_767.jpg,meningioma,ảnh giống hệt (giữ 1/nhóm)
Training/meningioma/Tr-me_769.jpg,meningioma,ảnh giống hệt (giữ 1/nhóm)
Training/meningioma/Tr-me_77.jpg,meningioma,ảnh giống hệt (giữ 1/nhóm)
Training/meningioma/Tr-me_770.jpg,meningioma,ảnh giống hệt (giữ 1/nhóm)
Training/meningioma/Tr-me_771.jpg,meningioma,ảnh giống hệt (giữ 1/nhóm)
Training/meningioma/Tr-me_772.jpg,meningioma,ảnh giống hệt (giữ 1/nhóm)
Training/meningioma/Tr-me_774.jpg,meningioma,ảnh giống hệt (giữ 1/nhóm)
Training/meningioma/Tr-me_776.jpg,meningioma,ảnh giống hệt (giữ 1/nhóm)
Training/meningioma/Tr-me_78.jpg,meningioma,ảnh giống hệt (giữ 1/nhóm)
Training/meningioma/Tr-me_781.jpg,meningioma,ảnh giống hệt (giữ 1/nhóm)
Training/meningioma/Tr-me_782.jpg,meningioma,ảnh giống hệt (giữ 1/nhóm)
Training/meningioma/Tr-me_783.jpg,meningioma,ảnh giống hệt (giữ 1/nhóm)
Training/meningioma/Tr-me_784.jpg,meningioma,ảnh giống hệt (giữ 1/nhóm)
Training/meningioma/Tr-me_785.jpg,meningioma,ảnh giống hệt (giữ 1/nhóm)
Training/meningioma/Tr-me_786.jpg,meningioma,ảnh giống hệt (giữ 1/nhóm)
Training/meningioma/Tr-me_789.jpg,meningioma,ảnh giống hệt (giữ 1/nhóm)
Training/meningioma/Tr-me_792.jpg,meningioma,ảnh giống hệt (giữ 1/nhóm)
Training/meningioma/Tr-me_793.jpg,meningioma,ảnh giống hệt (giữ 1/nhóm)
Training/meningioma/Tr-me_794.jpg,meningioma,ảnh giống hệt (giữ 1/nhóm)
Training/meningioma/Tr-me_795.jpg,meningioma,ảnh giống hệt (giữ 1/nhóm)
Training/meningioma/Tr-me_799.jpg,meningioma,ảnh giống hệt (giữ 1/nhóm)
Training/meningioma/Tr-me_8.jpg,meningioma,ảnh giống hệt (giữ 1/nhóm)
Training/meningioma/Tr-me_802.jpg,meningioma,ảnh giống hệt (giữ 1/nhóm)
Training/meningioma/Tr-me_805.jpg,meningioma,ảnh giống hệt (giữ 1/nhóm)
Training/meningioma/Tr-me_806.jpg,meningioma,ảnh giống hệt (giữ 1/nhóm)
Training/meningioma/Tr-me_807.jpg,meningioma,ảnh giống hệt (giữ 1/nhóm)
Training/meningioma/Tr-me_808.jpg,meningioma,ảnh giống hệt (giữ 1/nhóm)
Training/meningioma/Tr-me_81.jpg,meningioma,ảnh giống hệt (giữ 1/nhóm)
Training/meningioma/Tr-me_813.jpg,meningioma,ảnh giống hệt (giữ 1/nhóm)
Training/meningioma/Tr-me_815.jpg,meningioma,ảnh giống hệt (giữ 1/nhóm)
Training/meningioma/Tr-me_821.jpg,meningioma,ảnh giống hệt (giữ 1/nhóm)
Training/meningioma/Tr-me_824.jpg,meningioma,ảnh giống hệt (giữ 1/nhóm)
Training/meningioma/Tr-me_827.jpg,meningioma,ảnh giống hệt (giữ 1/nhóm)
Training/meningioma/Tr-me_828.jpg,meningioma,ảnh giống hệt (giữ 1/nhóm)
Training/meningioma/Tr-me_829.jpg,meningioma,ảnh giống hệt (giữ 1/nhóm)
Training/meningioma/Tr-me_83.jpg,meningioma,ảnh giống hệt (giữ 1/nhóm)
Training/meningioma/Tr-me_830.jpg,meningioma,ảnh giống hệt (giữ 1/nhóm)
Training/meningioma/Tr-me_831.jpg,meningioma,ảnh giống hệt (giữ 1/nhóm)
Training/meningioma/Tr-me_835.jpg,meningioma,ảnh giống hệt (giữ 1/nhóm)
Training/meningioma/Tr-me_836.jpg,meningioma,ảnh giống hệt (giữ 1/nhóm)
Training/meningioma/Tr-me_837.jpg,meningioma,ảnh giống hệt (giữ 1/nhóm)
Training/meningioma/Tr-me_838.jpg,meningioma,ảnh giống hệt (giữ 1/nhóm)
Training/meningioma/Tr-me_842.jpg,meningioma,ảnh giống hệt (giữ 1/nhóm)
Training/meningioma/Tr-me_843.jpg,meningioma,ảnh giống hệt (giữ 1/nhóm)
Training/meningioma/Tr-me_844.jpg,meningioma,ảnh giống hệt (giữ 1/nhóm)
Training/meningioma/Tr-me_845.jpg,meningioma,ảnh giống hệt (giữ 1/nhóm)
Training/meningioma/Tr-me_846.jpg,meningioma,ảnh giống hệt (giữ 1/nhóm)
Training/meningioma/Tr-me_847.jpg,meningioma,ảnh giống hệt (giữ 1/nhóm)
Training/meningioma/Tr-me_852.jpg,meningioma,ảnh giống hệt (giữ 1/nhóm)
Training/meningioma/Tr-me_855.jpg,meningioma,ảnh giống hệt (giữ 1/nhóm)
Training/meningioma/Tr-me_856.jpg,meningioma,ảnh giống hệt (giữ 1/nhóm)
Training/meningioma/Tr-me_859.jpg,meningioma,ảnh giống hệt (giữ 1/nhóm)
Training/meningioma/Tr-me_86.jpg,meningioma,ảnh giống hệt (giữ 1/nhóm)
Training/meningioma/Tr-me_860.jpg,meningioma,ảnh giống hệt (giữ 1/nhóm)
Training/meningioma/Tr-me_863.jpg,meningioma,ảnh giống hệt (giữ 1/nhóm)
Training/meningioma/Tr-me_864.jpg,meningioma,ảnh giống hệt (giữ 1/nhóm)
Training/meningioma/Tr-me_865.jpg,meningioma,ảnh giống hệt (giữ 1/nhóm)
Training/meningioma/Tr-me_868.jpg,meningioma,ảnh giống hệt (giữ 1/nhóm)
Training/meningioma/Tr-me_87.jpg,meningioma,ảnh giống hệt (giữ 1/nhóm)
Training/meningioma/Tr-me_876.jpg,meningioma,ảnh giống hệt (giữ 1/nhóm)
Training/meningioma/Tr-me_877.jpg,meningioma,ảnh giống hệt (giữ 1/nhóm)
Training/meningioma/Tr-me_878.jpg,meningioma,ảnh giống hệt (giữ 1/nhóm)
Training/meningioma/Tr-me_879.jpg,meningioma,ảnh giống hệt (giữ 1/nhóm)
Training/meningioma/Tr-me_880.jpg,meningioma,ảnh giống hệt (giữ 1/nhóm)
Training/meningioma/Tr-me_881.jpg,meningioma,ảnh giống hệt (giữ 1/nhóm)
Training/meningioma/Tr-me_883.jpg,meningioma,ảnh giống hệt (giữ 1/nhóm)
Training/meningioma/Tr-me_885.jpg,meningioma,ảnh giống hệt (giữ 1/nhóm)
Training/meningioma/Tr-me_887.jpg,meningioma,ảnh giống hệt (giữ 1/nhóm)
Training/meningioma/Tr-me_889.jpg,meningioma,ảnh giống hệt (giữ 1/nhóm)
Training/meningioma/Tr-me_89.jpg,meningioma,ảnh giống hệt (giữ 1/nhóm)
Training/meningioma/Tr-me_891.jpg,meningioma,ảnh giống hệt (giữ 1/nhóm)
Training/meningioma/Tr-me_892.jpg,meningioma,ảnh giống hệt (giữ 1/nhóm)
Training/meningioma/Tr-me_897.jpg,meningioma,ảnh giống hệt (giữ 1/nhóm)
Training/meningioma/Tr-me_90.jpg,meningioma,ảnh giống hệt (giữ 1/nhóm)
Training/meningioma/Tr-me_902.jpg,meningioma,ảnh giống hệt (giữ 1/nhóm)
Training/meningioma/Tr-me_903.jpg,meningioma,ảnh giống hệt (giữ 1/nhóm)
Training/meningioma/Tr-me_905.jpg,meningioma,ảnh giống hệt (giữ 1/nhóm)
Training/meningioma/Tr-me_908.jpg,meningioma,ảnh giống hệt (giữ 1/nhóm)
Training/meningioma/Tr-me_909.jpg,meningioma,ảnh giống hệt (giữ 1/nhóm)
Training/meningioma/Tr-me_914.jpg,meningioma,ảnh giống hệt (giữ 1/nhóm)
Training/meningioma/Tr-me_915.jpg,meningioma,ảnh giống hệt (giữ 1/nhóm)
Training/meningioma/Tr-me_918.jpg,meningioma,ảnh giống hệt (giữ 1/nhóm)
Training/meningioma/Tr-me_919.jpg,meningioma,ảnh giống hệt (giữ 1/nhóm)
Training/meningioma/Tr-me_920.jpg,meningioma,ảnh giống hệt (giữ 1/nhóm)
Training/meningioma/Tr-me_922.jpg,meningioma,ảnh giống hệt (giữ 1/nhóm)
Training/meningioma/Tr-me_924.jpg,meningioma,ảnh giống hệt (giữ 1/nhóm)
Training/meningioma/Tr-me_929.jpg,meningioma,ảnh giống hệt (giữ 1/nhóm)
Training/meningioma/Tr-me_93.jpg,meningioma,ảnh giống hệt (giữ 1/nhóm)
Training/meningioma/Tr-me_934.jpg,meningioma,ảnh giống hệt (giữ 1/nhóm)
Training/meningioma/Tr-me_935.jpg,meningioma,ảnh giống hệt (giữ 1/nhóm)
Training/meningioma/Tr-me_940.jpg,meningioma,ảnh giống hệt (giữ 1/nhóm)
Training/meningioma/Tr-me_941.jpg,meningioma,ảnh giống hệt (giữ 1/nhóm)
Training/meningioma/Tr-me_944.jpg,meningioma,ảnh giống hệt (giữ 1/nhóm)
Training/meningioma/Tr-me_945.jpg,meningioma,ảnh giống hệt (giữ 1/nhóm)
Training/meningioma/Tr-me_946.jpg,meningioma,ảnh giống hệt (giữ 1/nhóm)
Training/meningioma/Tr-me_948.jpg,meningioma,ảnh giống hệt (giữ 1/nhóm)
Training/meningioma/Tr-me_950.jpg,meningioma,ảnh giống hệt (giữ 1/nhóm)
Training/meningioma/Tr-me_953.jpg,meningioma,ảnh giống hệt (giữ 1/nhóm)
Training/meningioma/Tr-me_954.jpg,meningioma,ảnh giống hệt (giữ 1/nhóm)
Training/meningioma/Tr-me_957.jpg,meningioma,ảnh giống hệt (giữ 1/nhóm)
Training/meningioma/Tr-me_960.jpg,meningioma,ảnh giống hệt (giữ 1/nhóm)
Training/meningioma/Tr-me_962.jpg,meningioma,ảnh giống hệt (giữ 1/nhóm)
Training/meningioma/Tr-me_964.jpg,meningioma,nhóm giống nhau khác lớp
Training/meningioma/Tr-me_965.jpg,meningioma,ảnh giống hệt (giữ 1/nhóm)
Training/meningioma/Tr-me_967.jpg,meningioma,ảnh giống hệt (giữ 1/nhóm)
Training/meningioma/Tr-me_968.jpg,meningioma,ảnh giống hệt (giữ 1/nhóm)
Training/meningioma/Tr-me_97.jpg,meningioma,ảnh giống hệt (giữ 1/nhóm)
Training/meningioma/Tr-me_970.jpg,meningioma,ảnh giống hệt (giữ 1/nhóm)
Training/meningioma/Tr-me_971.jpg,meningioma,ảnh giống hệt (giữ 1/nhóm)
Training/meningioma/Tr-me_973.jpg,meningioma,ảnh giống hệt (giữ 1/nhóm)
Training/meningioma/Tr-me_974.jpg,meningioma,ảnh giống hệt (giữ 1/nhóm)
Training/meningioma/Tr-me_976.jpg,meningioma,ảnh giống hệt (giữ 1/nhóm)
Training/meningioma/Tr-me_977.jpg,meningioma,ảnh giống hệt (giữ 1/nhóm)
Training/meningioma/Tr-me_979.jpg,meningioma,ảnh giống hệt (giữ 1/nhóm)
Training/meningioma/Tr-me_980.jpg,meningioma,ảnh giống hệt (giữ 1/nhóm)
Training/meningioma/Tr-me_981.jpg,meningioma,ảnh giống hệt (giữ 1/nhóm)
Training/meningioma/Tr-me_983.jpg,meningioma,ảnh giống hệt (giữ 1/nhóm)
Training/meningioma/Tr-me_985.jpg,meningioma,ảnh giống hệt (giữ 1/nhóm)
Training/meningioma/Tr-me_987.jpg,meningioma,ảnh giống hệt (giữ 1/nhóm)
Training/meningioma/Tr-me_99.jpg,meningioma,"loại thủ công (bản trùng): ảnh CT, không phải MRI"
Training/meningioma/Tr-me_991.jpg,meningioma,ảnh giống hệt (giữ 1/nhóm)
Training/meningioma/Tr-me_997.jpg,meningioma,ảnh giống hệt (giữ 1/nhóm)
Training/notumor/Tr-no_1.jpg,notumor,ảnh giống hệt (giữ 1/nhóm)
Training/notumor/Tr-no_10.jpg,notumor,ảnh giống hệt (giữ 1/nhóm)
Training/notumor/Tr-no_100.jpg,notumor,"loại thủ công: ảnh CT, không phải MRI"
Training/notumor/Tr-no_1002.jpg,notumor,ảnh giống hệt (giữ 1/nhóm)
Training/notumor/Tr-no_1004.jpg,notumor,ảnh giống hệt (giữ 1/nhóm)
Training/notumor/Tr-no_1006.jpg,notumor,ảnh giống hệt (giữ 1/nhóm)
Training/notumor/Tr-no_1008.jpg,notumor,ảnh giống hệt (giữ 1/nhóm)
Training/notumor/Tr-no_1009.jpg,notumor,ảnh giống hệt (giữ 1/nhóm)
Training/notumor/Tr-no_1010.jpg,notumor,ảnh giống hệt (giữ 1/nhóm)
Training/notumor/Tr-no_1012.jpg,notumor,ảnh giống hệt (giữ 1/nhóm)
Training/notumor/Tr-no_1013.jpg,notumor,ảnh giống hệt (giữ 1/nhóm)
Training/notumor/Tr-no_1015.jpg,notumor,ảnh giống hệt (giữ 1/nhóm)
Training/notumor/Tr-no_1018.jpg,notumor,ảnh giống hệt (giữ 1/nhóm)
Training/notumor/Tr-no_102.jpg,notumor,ảnh giống hệt (giữ 1/nhóm)
Training/notumor/Tr-no_1022.jpg,notumor,ảnh giống hệt (giữ 1/nhóm)
Training/notumor/Tr-no_1023.jpg,notumor,ảnh giống hệt (giữ 1/nhóm)
Training/notumor/Tr-no_1027.jpg,notumor,ảnh giống hệt (giữ 1/nhóm)
Training/notumor/Tr-no_1029.jpg,notumor,ảnh giống hệt (giữ 1/nhóm)
Training/notumor/Tr-no_103.jpg,notumor,ảnh giống hệt (giữ 1/nhóm)
Training/notumor/Tr-no_1032.jpg,notumor,ảnh giống hệt (giữ 1/nhóm)
Training/notumor/Tr-no_1034.jpg,notumor,ảnh giống hệt (giữ 1/nhóm)
Training/notumor/Tr-no_1035.jpg,notumor,ảnh giống hệt (giữ 1/nhóm)
Training/notumor/Tr-no_1038.jpg,notumor,ảnh giống hệt (giữ 1/nhóm)
Training/notumor/Tr-no_1039.jpg,notumor,ảnh giống hệt (giữ 1/nhóm)
Training/notumor/Tr-no_104.jpg,notumor,ảnh giống hệt (giữ 1/nhóm)
Training/notumor/Tr-no_1040.jpg,notumor,ảnh giống hệt (giữ 1/nhóm)
Training/notumor/Tr-no_1041.jpg,notumor,ảnh giống hệt (giữ 1/nhóm)
Training/notumor/Tr-no_1044.jpg,notumor,ảnh giống hệt (giữ 1/nhóm)
Training/notumor/Tr-no_1045.jpg,notumor,ảnh giống hệt (giữ 1/nhóm)
Training/notumor/Tr-no_1047.jpg,notumor,ảnh giống hệt (giữ 1/nhóm)
Training/notumor/Tr-no_1048.jpg,notumor,ảnh giống hệt (giữ 1/nhóm)
Training/notumor/Tr-no_1049.jpg,notumor,ảnh giống hệt (giữ 1/nhóm)
Training/notumor/Tr-no_105.jpg,notumor,ảnh giống hệt (giữ 1/nhóm)
Training/notumor/Tr-no_1050.jpg,notumor,ảnh giống hệt (giữ 1/nhóm)
Training/notumor/Tr-no_1051.jpg,notumor,ảnh giống hệt (giữ 1/nhóm)
Training/notumor/Tr-no_1052.jpg,notumor,ảnh giống hệt (giữ 1/nhóm)
Training/notumor/Tr-no_1053.jpg,notumor,ảnh giống hệt (giữ 1/nhóm)
Training/notumor/Tr-no_1054.jpg,notumor,ảnh giống hệt (giữ 1/nhóm)
Training/notumor/Tr-no_1055.jpg,notumor,ảnh giống hệt (giữ 1/nhóm)
Training/notumor/Tr-no_1057.jpg,notumor,ảnh giống hệt (giữ 1/nhóm)
Training/notumor/Tr-no_1058.jpg,notumor,ảnh giống hệt (giữ 1/nhóm)
Training/notumor/Tr-no_1060.jpg,notumor,ảnh giống hệt (giữ 1/nhóm)
Training/notumor/Tr-no_1062.jpg,notumor,ảnh giống hệt (giữ 1/nhóm)
Training/notumor/Tr-no_1063.jpg,notumor,ảnh giống hệt (giữ 1/nhóm)
Training/notumor/Tr-no_1064.jpg,notumor,ảnh giống hệt (giữ 1/nhóm)
Training/notumor/Tr-no_1066.jpg,notumor,ảnh giống hệt (giữ 1/nhóm)
Training/notumor/Tr-no_1068.jpg,notumor,ảnh giống hệt (giữ 1/nhóm)
Training/notumor/Tr-no_107.jpg,notumor,ảnh giống hệt (giữ 1/nhóm)
Training/notumor/Tr-no_1071.jpg,notumor,ảnh giống hệt (giữ 1/nhóm)
Training/notumor/Tr-no_1074.jpg,notumor,ảnh giống hệt (giữ 1/nhóm)
Training/notumor/Tr-no_1075.jpg,notumor,ảnh giống hệt (giữ 1/nhóm)
Training/notumor/Tr-no_1076.jpg,notumor,ảnh giống hệt (giữ 1/nhóm)
Training/notumor/Tr-no_1078.jpg,notumor,ảnh giống hệt (giữ 1/nhóm)
Training/notumor/Tr-no_108.jpg,notumor,ảnh giống hệt (giữ 1/nhóm)
Training/notumor/Tr-no_1081.jpg,notumor,ảnh giống hệt (giữ 1/nhóm)
Training/notumor/Tr-no_1082.jpg,notumor,ảnh giống hệt (giữ 1/nhóm)
Training/notumor/Tr-no_1084.jpg,notumor,ảnh giống hệt (giữ 1/nhóm)
Training/notumor/Tr-no_1086.jpg,notumor,ảnh giống hệt (giữ 1/nhóm)
Training/notumor/Tr-no_1087.jpg,notumor,ảnh giống hệt (giữ 1/nhóm)
Training/notumor/Tr-no_1088.jpg,notumor,ảnh giống hệt (giữ 1/nhóm)
Training/notumor/Tr-no_1089.jpg,notumor,ảnh giống hệt (giữ 1/nhóm)
Training/notumor/Tr-no_1091.jpg,notumor,ảnh giống hệt (giữ 1/nhóm)
Training/notumor/Tr-no_1096.jpg,notumor,ảnh giống hệt (giữ 1/nhóm)
Training/notumor/Tr-no_1098.jpg,notumor,ảnh giống hệt (giữ 1/nhóm)
Training/notumor/Tr-no_1099.jpg,notumor,ảnh giống hệt (giữ 1/nhóm)
Training/notumor/Tr-no_11.jpg,notumor,ảnh giống hệt (giữ 1/nhóm)
Training/notumor/Tr-no_110.jpg,notumor,ảnh giống hệt (giữ 1/nhóm)
Training/notumor/Tr-no_1100.jpg,notumor,ảnh giống hệt (giữ 1/nhóm)
Training/notumor/Tr-no_1102.jpg,notumor,ảnh giống hệt (giữ 1/nhóm)
Training/notumor/Tr-no_1103.jpg,notumor,ảnh giống hệt (giữ 1/nhóm)
Training/notumor/Tr-no_1104.jpg,notumor,ảnh giống hệt (giữ 1/nhóm)
Training/notumor/Tr-no_1107.jpg,notumor,ảnh giống hệt (giữ 1/nhóm)
Training/notumor/Tr-no_1108.jpg,notumor,ảnh giống hệt (giữ 1/nhóm)
Training/notumor/Tr-no_1112.jpg,notumor,ảnh giống hệt (giữ 1/nhóm)
Training/notumor/Tr-no_1113.jpg,notumor,ảnh giống hệt (giữ 1/nhóm)
Training/notumor/Tr-no_1116.jpg,notumor,ảnh giống hệt (giữ 1/nhóm)
Training/notumor/Tr-no_1117.jpg,notumor,ảnh giống hệt (giữ 1/nhóm)
Training/notumor/Tr-no_1118.jpg,notumor,ảnh giống hệt (giữ 1/nhóm)
Training/notumor/Tr-no_1120.jpg,notumor,ảnh giống hệt (giữ 1/nhóm)
Training/notumor/Tr-no_1123.jpg,notumor,ảnh giống hệt (giữ 1/nhóm)
Training/notumor/Tr-no_1124.jpg,notumor,ảnh giống hệt (giữ 1/nhóm)
Training/notumor/Tr-no_1125.jpg,notumor,loại thủ công (bản trùng): notumor nhưng thấy rõ tổn thương
Training/notumor/Tr-no_1127.jpg,notumor,ảnh giống hệt (giữ 1/nhóm)
Training/notumor/Tr-no_113.jpg,notumor,ảnh giống hệt (giữ 1/nhóm)
Training/notumor/Tr-no_1130.jpg,notumor,ảnh giống hệt (giữ 1/nhóm)
Training/notumor/Tr-no_1132.jpg,notumor,loại thủ công: notumor nhưng thấy rõ tổn thương
Training/notumor/Tr-no_1133.jpg,notumor,ảnh giống hệt (giữ 1/nhóm)
Training/notumor/Tr-no_1134.jpg,notumor,ảnh giống hệt (giữ 1/nhóm)
Training/notumor/Tr-no_1137.jpg,notumor,ảnh giống hệt (giữ 1/nhóm)
Training/notumor/Tr-no_1138.jpg,notumor,ảnh giống hệt (giữ 1/nhóm)
Training/notumor/Tr-no_1139.jpg,notumor,ảnh giống hệt (giữ 1/nhóm)
Training/notumor/Tr-no_114.jpg,notumor,ảnh giống hệt (giữ 1/nhóm)
Training/notumor/Tr-no_1141.jpg,notumor,ảnh giống hệt (giữ 1/nhóm)
Training/notumor/Tr-no_1142.jpg,notumor,ảnh giống hệt (giữ 1/nhóm)
Training/notumor/Tr-no_1144.jpg,notumor,ảnh giống hệt (giữ 1/nhóm)
Training/notumor/Tr-no_1146.jpg,notumor,ảnh giống hệt (giữ 1/nhóm)
Training/notumor/Tr-no_1150.jpg,notumor,ảnh giống hệt (giữ 1/nhóm)
Training/notumor/Tr-no_1151.jpg,notumor,ảnh giống hệt (giữ 1/nhóm)
Training/notumor/Tr-no_1152.jpg,notumor,ảnh giống hệt (giữ 1/nhóm)
Training/notumor/Tr-no_1153.jpg,notumor,ảnh giống hệt (giữ 1/nhóm)
Training/notumor/Tr-no_1155.jpg,notumor,ảnh giống hệt (giữ 1/nhóm)
Training/notumor/Tr-no_1157.jpg,notumor,ảnh giống hệt (giữ 1/nhóm)
Training/notumor/Tr-no_1158.jpg,notumor,ảnh giống hệt (giữ 1/nhóm)
Training/notumor/Tr-no_1160.jpg,notumor,ảnh giống hệt (giữ 1/nhóm)
Training/notumor/Tr-no_1162.jpg,notumor,ảnh giống hệt (giữ 1/nhóm)
Training/notumor/Tr-no_1163.jpg,notumor,ảnh giống hệt (giữ 1/nhóm)
Training/notumor/Tr-no_1165.jpg,notumor,ảnh giống hệt (giữ 1/nhóm)
Training/notumor/Tr-no_1166.jpg,notumor,loại thủ công (bản trùng): notumor nhưng thấy rõ tổn thương
Training/notumor/Tr-no_1167.jpg,notumor,ảnh giống hệt (giữ 1/nhóm)
Training/notumor/Tr-no_1168.jpg,notumor,ảnh giống hệt (giữ 1/nhóm)
Training/notumor/Tr-no_117.jpg,notumor,ảnh giống hệt (giữ 1/nhóm)
Training/notumor/Tr-no_1170.jpg,notumor,ảnh giống hệt (giữ 1/nhóm)
Training/notumor/Tr-no_1173.jpg,notumor,ảnh giống hệt (giữ 1/nhóm)
Training/notumor/Tr-no_1175.jpg,notumor,ảnh giống hệt (giữ 1/nhóm)
Training/notumor/Tr-no_1176.jpg,notumor,ảnh giống hệt (giữ 1/nhóm)
Training/notumor/Tr-no_1178.jpg,notumor,ảnh giống hệt (giữ 1/nhóm)
Training/notumor/Tr-no_1180.jpg,notumor,ảnh giống hệt (giữ 1/nhóm)
Training/notumor/Tr-no_1183.jpg,notumor,ảnh giống hệt (giữ 1/nhóm)
Training/notumor/Tr-no_1184.jpg,notumor,ảnh giống hệt (giữ 1/nhóm)
Training/notumor/Tr-no_1185.jpg,notumor,ảnh giống hệt (giữ 1/nhóm)
Training/notumor/Tr-no_1188.jpg,notumor,ảnh giống hệt (giữ 1/nhóm)
Training/notumor/Tr-no_1189.jpg,notumor,ảnh giống hệt (giữ 1/nhóm)
Training/notumor/Tr-no_119.jpg,notumor,ảnh giống hệt (giữ 1/nhóm)
Training/notumor/Tr-no_1190.jpg,notumor,ảnh giống hệt (giữ 1/nhóm)
Training/notumor/Tr-no_1192.jpg,notumor,ảnh giống hệt (giữ 1/nhóm)
Training/notumor/Tr-no_1194.jpg,notumor,ảnh giống hệt (giữ 1/nhóm)
Training/notumor/Tr-no_1195.jpg,notumor,ảnh giống hệt (giữ 1/nhóm)
Training/notumor/Tr-no_1196.jpg,notumor,ảnh giống hệt (giữ 1/nhóm)
Training/notumor/Tr-no_1198.jpg,notumor,ảnh giống hệt (giữ 1/nhóm)
Training/notumor/Tr-no_12.jpg,notumor,ảnh giống hệt (giữ 1/nhóm)
Training/notumor/Tr-no_1202.jpg,notumor,ảnh giống hệt (giữ 1/nhóm)
Training/notumor/Tr-no_1203.jpg,notumor,ảnh giống hệt (giữ 1/nhóm)
Training/notumor/Tr-no_1204.jpg,notumor,ảnh giống hệt (giữ 1/nhóm)
Training/notumor/Tr-no_1206.jpg,notumor,ảnh giống hệt (giữ 1/nhóm)
Training/notumor/Tr-no_1207.jpg,notumor,ảnh giống hệt (giữ 1/nhóm)
Training/notumor/Tr-no_121.jpg,notumor,ảnh giống hệt (giữ 1/nhóm)
Training/notumor/Tr-no_1211.jpg,notumor,ảnh giống hệt (giữ 1/nhóm)
Training/notumor/Tr-no_1212.jpg,notumor,ảnh giống hệt (giữ 1/nhóm)
Training/notumor/Tr-no_1213.jpg,notumor,ảnh giống hệt (giữ 1/nhóm)
Training/notumor/Tr-no_1214.jpg,notumor,loại thủ công (bản trùng): notumor nhưng thấy rõ tổn thương
Training/notumor/Tr-no_1215.jpg,notumor,ảnh giống hệt (giữ 1/nhóm)
Training/notumor/Tr-no_1217.jpg,notumor,ảnh giống hệt (giữ 1/nhóm)
Training/notumor/Tr-no_122.jpg,notumor,ảnh giống hệt (giữ 1/nhóm)
Training/notumor/Tr-no_1220.jpg,notumor,ảnh giống hệt (giữ 1/nhóm)
Training/notumor/Tr-no_1222.jpg,notumor,ảnh giống hệt (giữ 1/nhóm)
Training/notumor/Tr-no_1223.jpg,notumor,ảnh giống hệt (giữ 1/nhóm)
Training/notumor/Tr-no_1224.jpg,notumor,ảnh giống hệt (giữ 1/nhóm)
Training/notumor/Tr-no_1225.jpg,notumor,ảnh giống hệt (giữ 1/nhóm)
Training/notumor/Tr-no_1227.jpg,notumor,ảnh giống hệt (giữ 1/nhóm)
Training/notumor/Tr-no_1228.jpg,notumor,ảnh giống hệt (giữ 1/nhóm)
Training/notumor/Tr-no_1229.jpg,notumor,ảnh giống hệt (giữ 1/nhóm)
Training/notumor/Tr-no_1230.jpg,notumor,ảnh giống hệt (giữ 1/nhóm)
Training/notumor/Tr-no_1231.jpg,notumor,ảnh giống hệt (giữ 1/nhóm)
Training/notumor/Tr-no_1232.jpg,notumor,ảnh giống hệt (giữ 1/nhóm)
Training/notumor/Tr-no_1233.jpg,notumor,ảnh giống hệt (giữ 1/nhóm)
Training/notumor/Tr-no_1234.jpg,notumor,ảnh giống hệt (giữ 1/nhóm)
Training/notumor/Tr-no_1235.jpg,notumor,ảnh giống hệt (giữ 1/nhóm)
Training/notumor/Tr-no_1236.jpg,notumor,ảnh giống hệt (giữ 1/nhóm)
Training/notumor/Tr-no_1237.jpg,notumor,ảnh giống hệt (giữ 1/nhóm)
Training/notumor/Tr-no_1239.jpg,notumor,ảnh giống hệt (giữ 1/nhóm)
Training/notumor/Tr-no_124.jpg,notumor,ảnh giống hệt (giữ 1/nhóm)
Training/notumor/Tr-no_1242.jpg,notumor,"loại thủ công: ảnh CT, không phải MRI"
Training/notumor/Tr-no_1243.jpg,notumor,ảnh giống hệt (giữ 1/nhóm)
Training/notumor/Tr-no_1244.jpg,notumor,ảnh giống hệt (giữ 1/nhóm)
Training/notumor/Tr-no_1246.jpg,notumor,ảnh giống hệt (giữ 1/nhóm)
Training/notumor/Tr-no_1247.jpg,notumor,ảnh giống hệt (giữ 1/nhóm)
Training/notumor/Tr-no_1249.jpg,notumor,ảnh giống hệt (giữ 1/nhóm)
Training/notumor/Tr-no_1250.jpg,notumor,ảnh giống hệt (giữ 1/nhóm)
Training/notumor/Tr-no_1251.jpg,notumor,ảnh giống hệt (giữ 1/nhóm)
Training/notumor/Tr-no_1252.jpg,notumor,ảnh giống hệt (giữ 1/nhóm)
Training/notumor/Tr-no_1255.jpg,notumor,ảnh giống hệt (giữ 1/nhóm)
Training/notumor/Tr-no_1256.jpg,notumor,ảnh giống hệt (giữ 1/nhóm)
Training/notumor/Tr-no_1257.jpg,notumor,ảnh giống hệt (giữ 1/nhóm)
Training/notumor/Tr-no_1259.jpg,notumor,ảnh giống hệt (giữ 1/nhóm)
Training/notumor/Tr-no_126.jpg,notumor,ảnh giống hệt (giữ 1/nhóm)
Training/notumor/Tr-no_1260.jpg,notumor,ảnh giống hệt (giữ 1/nhóm)
Training/notumor/Tr-no_1261.jpg,notumor,ảnh giống hệt (giữ 1/nhóm)
Training/notumor/Tr-no_1262.jpg,notumor,ảnh giống hệt (giữ 1/nhóm)
Training/notumor/Tr-no_1263.jpg,notumor,ảnh giống hệt (giữ 1/nhóm)
Training/notumor/Tr-no_1265.jpg,notumor,ảnh giống hệt (giữ 1/nhóm)
Training/notumor/Tr-no_1266.jpg,notumor,ảnh giống hệt (giữ 1/nhóm)
Training/notumor/Tr-no_1272.jpg,notumor,ảnh giống hệt (giữ 1/nhóm)
Training/notumor/Tr-no_1273.jpg,notumor,ảnh giống hệt (giữ 1/nhóm)
Training/notumor/Tr-no_1274.jpg,notumor,"loại thủ công: ảnh CT, không phải MRI"
Training/notumor/Tr-no_1276.jpg,notumor,ảnh giống hệt (giữ 1/nhóm)
Training/notumor/Tr-no_1277.jpg,notumor,ảnh giống hệt (giữ 1/nhóm)
Training/notumor/Tr-no_1280.jpg,notumor,ảnh giống hệt (giữ 1/nhóm)
Training/notumor/Tr-no_1282.jpg,notumor,ảnh giống hệt (giữ 1/nhóm)
Training/notumor/Tr-no_1283.jpg,notumor,ảnh giống hệt (giữ 1/nhóm)
Training/notumor/Tr-no_1284.jpg,notumor,ảnh giống hệt (giữ 1/nhóm)
Training/notumor/Tr-no_1286.jpg,notumor,ảnh giống hệt (giữ 1/nhóm)
Training/notumor/Tr-no_129.jpg,notumor,ảnh giống hệt (giữ 1/nhóm)
Training/notumor/Tr-no_1290.jpg,notumor,ảnh giống hệt (giữ 1/nhóm)
Training/notumor/Tr-no_1292.jpg,notumor,ảnh giống hệt (giữ 1/nhóm)
Training/notumor/Tr-no_1293.jpg,notumor,ảnh giống hệt (giữ 1/nhóm)
Training/notumor/Tr-no_1294.jpg,notumor,ảnh giống hệt (giữ 1/nhóm)
Training/notumor/Tr-no_1296.jpg,notumor,ảnh giống hệt (giữ 1/nhóm)
Training/notumor/Tr-no_1299.jpg,notumor,ảnh giống hệt (giữ 1/nhóm)
Training/notumor/Tr-no_1300.jpg,notumor,ảnh giống hệt (giữ 1/nhóm)
Training/notumor/Tr-no_1301.jpg,notumor,ảnh giống hệt (giữ 1/nhóm)
Training/notumor/Tr-no_1302.jpg,notumor,ảnh giống hệt (giữ 1/nhóm)
Training/notumor/Tr-no_1303.jpg,notumor,ảnh giống hệt (giữ 1/nhóm)
Training/notumor/Tr-no_1304.jpg,notumor,ảnh giống hệt (giữ 1/nhóm)
Training/notumor/Tr-no_1306.jpg,notumor,ảnh giống hệt (giữ 1/nhóm)
Training/notumor/Tr-no_1307.jpg,notumor,"loại thủ công: ảnh CT, không phải MRI"
Training/notumor/Tr-no_1310.jpg,notumor,ảnh giống hệt (giữ 1/nhóm)
Training/notumor/Tr-no_1311.jpg,notumor,ảnh giống hệt (giữ 1/nhóm)
Training/notumor/Tr-no_1313.jpg,notumor,ảnh giống hệt (giữ 1/nhóm)
Training/notumor/Tr-no_1314.jpg,notumor,ảnh giống hệt (giữ 1/nhóm)
Training/notumor/Tr-no_1315.jpg,notumor,ảnh giống hệt (giữ 1/nhóm)
Training/notumor/Tr-no_1319.jpg,notumor,ảnh giống hệt (giữ 1/nhóm)
Training/notumor/Tr-no_132.jpg,notumor,ảnh giống hệt (giữ 1/nhóm)
Training/notumor/Tr-no_1320.jpg,notumor,ảnh giống hệt (giữ 1/nhóm)
Training/notumor/Tr-no_1321.jpg,notumor,ảnh giống hệt (giữ 1/nhóm)
Training/notumor/Tr-no_1322.jpg,notumor,ảnh giống hệt (giữ 1/nhóm)
Training/notumor/Tr-no_1323.jpg,notumor,ảnh giống hệt (giữ 1/nhóm)
Training/notumor/Tr-no_1325.jpg,notumor,ảnh giống hệt (giữ 1/nhóm)
Training/notumor/Tr-no_1328.jpg,notumor,ảnh giống hệt (giữ 1/nhóm)
Training/notumor/Tr-no_133.jpg,notumor,ảnh giống hệt (giữ 1/nhóm)
Training/notumor/Tr-no_1330.jpg,notumor,ảnh giống hệt (giữ 1/nhóm)
Training/notumor/Tr-no_1335.jpg,notumor,ảnh giống hệt (giữ 1/nhóm)
Training/notumor/Tr-no_1336.jpg,notumor,ảnh giống hệt (giữ 1/nhóm)
Training/notumor/Tr-no_1338.jpg,notumor,ảnh giống hệt (giữ 1/nhóm)
Training/notumor/Tr-no_1339.jpg,notumor,ảnh giống hệt (giữ 1/nhóm)
Training/notumor/Tr-no_1341.jpg,notumor,ảnh giống hệt (giữ 1/nhóm)
Training/notumor/Tr-no_1343.jpg,notumor,ảnh giống hệt (giữ 1/nhóm)
Training/notumor/Tr-no_1346.jpg,notumor,ảnh giống hệt (giữ 1/nhóm)
Training/notumor/Tr-no_1347.jpg,notumor,ảnh giống hệt (giữ 1/nhóm)
Training/notumor/Tr-no_1349.jpg,notumor,ảnh giống hệt (giữ 1/nhóm)
Training/notumor/Tr-no_135.jpg,notumor,ảnh giống hệt (giữ 1/nhóm)
Training/notumor/Tr-no_1350.jpg,notumor,ảnh giống hệt (giữ 1/nhóm)
Training/notumor/Tr-no_1353.jpg,notumor,ảnh giống hệt (giữ 1/nhóm)
Training/notumor/Tr-no_1355.jpg,notumor,ảnh giống hệt (giữ 1/nhóm)
Training/notumor/Tr-no_1356.jpg,notumor,ảnh giống hệt (giữ 1/nhóm)
Training/notumor/Tr-no_1358.jpg,notumor,ảnh giống hệt (giữ 1/nhóm)
Training/notumor/Tr-no_1359.jpg,notumor,ảnh giống hệt (giữ 1/nhóm)
Training/notumor/Tr-no_1360.jpg,notumor,ảnh giống hệt (giữ 1/nhóm)
Training/notumor/Tr-no_1361.jpg,notumor,ảnh giống hệt (giữ 1/nhóm)
Training/notumor/Tr-no_1364.jpg,notumor,ảnh giống hệt (giữ 1/nhóm)
Training/notumor/Tr-no_1368.jpg,notumor,ảnh giống hệt (giữ 1/nhóm)
Training/notumor/Tr-no_1369.jpg,notumor,ảnh giống hệt (giữ 1/nhóm)
Training/notumor/Tr-no_137.jpg,notumor,ảnh giống hệt (giữ 1/nhóm)
Training/notumor/Tr-no_1370.jpg,notumor,ảnh giống hệt (giữ 1/nhóm)
Training/notumor/Tr-no_1371.jpg,notumor,ảnh giống hệt (giữ 1/nhóm)
Training/notumor/Tr-no_1372.jpg,notumor,ảnh giống hệt (giữ 1/nhóm)
Training/notumor/Tr-no_1375.jpg,notumor,ảnh giống hệt (giữ 1/nhóm)
Training/notumor/Tr-no_1376.jpg,notumor,ảnh giống hệt (giữ 1/nhóm)
Training/notumor/Tr-no_1380.jpg,notumor,ảnh giống hệt (giữ 1/nhóm)
Training/notumor/Tr-no_1381.jpg,notumor,ảnh giống hệt (giữ 1/nhóm)
Training/notumor/Tr-no_1382.jpg,notumor,ảnh giống hệt (giữ 1/nhóm)
Training/notumor/Tr-no_1383.jpg,notumor,ảnh giống hệt (giữ 1/nhóm)
Training/notumor/Tr-no_1384.jpg,notumor,ảnh giống hệt (giữ 1/nhóm)
Training/notumor/Tr-no_1385.jpg,notumor,ảnh giống hệt (giữ 1/nhóm)
Training/notumor/Tr-no_1387.jpg,notumor,ảnh giống hệt (giữ 1/nhóm)
Training/notumor/Tr-no_1389.jpg,notumor,ảnh giống hệt (giữ 1/nhóm)
Training/notumor/Tr-no_1390.jpg,notumor,ảnh giống hệt (giữ 1/nhóm)
Training/notumor/Tr-no_1392.jpg,notumor,ảnh giống hệt (giữ 1/nhóm)
Training/notumor/Tr-no_1394.jpg,notumor,ảnh giống hệt (giữ 1/nhóm)
Training/notumor/Tr-no_1396.jpg,notumor,ảnh giống hệt (giữ 1/nhóm)
Training/notumor/Tr-no_1399.jpg,notumor,ảnh giống hệt (giữ 1/nhóm)
Training/notumor/Tr-no_14.jpg,notumor,ảnh giống hệt (giữ 1/nhóm)
Training/notumor/Tr-no_140.jpg,notumor,ảnh giống hệt (giữ 1/nhóm)
Training/notumor/Tr-no_1400.jpg,notumor,ảnh giống hệt (giữ 1/nhóm)
Training/notumor/Tr-no_141.jpg,notumor,loại thủ công (bản trùng): notumor nhưng thấy rõ tổn thương
Training/notumor/Tr-no_142.jpg,notumor,ảnh giống hệt (giữ 1/nhóm)
Training/notumor/Tr-no_143.jpg,notumor,ảnh giống hệt (giữ 1/nhóm)
Training/notumor/Tr-no_145.jpg,notumor,ảnh giống hệt (giữ 1/nhóm)
Training/notumor/Tr-no_146.jpg,notumor,ảnh giống hệt (giữ 1/nhóm)
Training/notumor/Tr-no_147.jpg,notumor,"loại thủ công (bản trùng): ảnh CT, không phải MRI"
Training/notumor/Tr-no_149.jpg,notumor,ảnh giống hệt (giữ 1/nhóm)
Training/notumor/Tr-no_151.jpg,notumor,ảnh giống hệt (giữ 1/nhóm)
Training/notumor/Tr-no_152.jpg,notumor,ảnh giống hệt (giữ 1/nhóm)
Training/notumor/Tr-no_153.jpg,notumor,ảnh giống hệt (giữ 1/nhóm)
Training/notumor/Tr-no_154.jpg,notumor,ảnh giống hệt (giữ 1/nhóm)
Training/notumor/Tr-no_156.jpg,notumor,ảnh giống hệt (giữ 1/nhóm)
Training/notumor/Tr-no_158.jpg,notumor,ảnh giống hệt (giữ 1/nhóm)
Training/notumor/Tr-no_159.jpg,notumor,ảnh giống hệt (giữ 1/nhóm)
Training/notumor/Tr-no_16.jpg,notumor,ảnh giống hệt (giữ 1/nhóm)
Training/notumor/Tr-no_160.jpg,notumor,ảnh giống hệt (giữ 1/nhóm)
Training/notumor/Tr-no_162.jpg,notumor,ảnh giống hệt (giữ 1/nhóm)
Training/notumor/Tr-no_163.jpg,notumor,ảnh giống hệt (giữ 1/nhóm)
Training/notumor/Tr-no_165.jpg,notumor,ảnh giống hệt (giữ 1/nhóm)
Training/notumor/Tr-no_169.jpg,notumor,ảnh giống hệt (giữ 1/nhóm)
Training/notumor/Tr-no_17.jpg,notumor,ảnh giống hệt (giữ 1/nhóm)
Training/notumor/Tr-no_170.jpg,notumor,ảnh giống hệt (giữ 1/nhóm)
Training/notumor/Tr-no_171.jpg,notumor,ảnh giống hệt (giữ 1/nhóm)
Training/notumor/Tr-no_174.jpg,notumor,"loại thủ công: ảnh CT, không phải MRI"
Training/notumor/Tr-no_175.jpg,notumor,ảnh giống hệt (giữ 1/nhóm)
Training/notumor/Tr-no_176.jpg,notumor,ảnh giống hệt (giữ 1/nhóm)
Training/notumor/Tr-no_177.jpg,notumor,ảnh giống hệt (giữ 1/nhóm)
Training/notumor/Tr-no_178.jpg,notumor,ảnh giống hệt (giữ 1/nhóm)
Training/notumor/Tr-no_179.jpg,notumor,ảnh giống hệt (giữ 1/nhóm)
Training/notumor/Tr-no_18.jpg,notumor,ảnh giống hệt (giữ 1/nhóm)
Training/notumor/Tr-no_181.jpg,notumor,ảnh giống hệt (giữ 1/nhóm)
Training/notumor/Tr-no_182.jpg,notumor,ảnh giống hệt (giữ 1/nhóm)
Training/notumor/Tr-no_183.jpg,notumor,ảnh giống hệt (giữ 1/nhóm)
Training/notumor/Tr-no_184.jpg,notumor,ảnh giống hệt (giữ 1/nhóm)
Training/notumor/Tr-no_187.jpg,notumor,ảnh giống hệt (giữ 1/nhóm)
Training/notumor/Tr-no_188.jpg,notumor,ảnh giống hệt (giữ 1/nhóm)
Training/notumor/Tr-no_191.jpg,notumor,ảnh giống hệt (giữ 1/nhóm)
Training/notumor/Tr-no_195.jpg,notumor,ảnh giống hệt (giữ 1/nhóm)
Training/notumor/Tr-no_197.jpg,notumor,ảnh giống hệt (giữ 1/nhóm)
Training/notumor/Tr-no_199.jpg,notumor,ảnh giống hệt (giữ 1/nhóm)
Training/notumor/Tr-no_2.jpg,notumor,ảnh giống hệt (giữ 1/nhóm)
Training/notumor/Tr-no_200.jpg,notumor,ảnh giống hệt (giữ 1/nhóm)
Training/notumor/Tr-no_201.jpg,notumor,ảnh giống hệt (giữ 1/nhóm)
Training/notumor/Tr-no_202.jpg,notumor,ảnh giống hệt (giữ 1/nhóm)
Training/notumor/Tr-no_203.jpg,notumor,ảnh giống hệt (giữ 1/nhóm)
Training/notumor/Tr-no_204.jpg,notumor,ảnh giống hệt (giữ 1/nhóm)
Training/notumor/Tr-no_205.jpg,notumor,ảnh giống hệt (giữ 1/nhóm)
Training/notumor/Tr-no_206.jpg,notumor,ảnh giống hệt (giữ 1/nhóm)
Training/notumor/Tr-no_207.jpg,notumor,ảnh giống hệt (giữ 1/nhóm)
Training/notumor/Tr-no_21.jpg,notumor,ảnh giống hệt (giữ 1/nhóm)
Training/notumor/Tr-no_211.jpg,notumor,ảnh giống hệt (giữ 1/nhóm)
Training/notumor/Tr-no_212.jpg,notumor,ảnh giống hệt (giữ 1/nhóm)
Training/notumor/Tr-no_213.jpg,notumor,ảnh giống hệt (giữ 1/nhóm)
Training/notumor/Tr-no_216.jpg,notumor,ảnh giống hệt (giữ 1/nhóm)
Training/notumor/Tr-no_217.jpg,notumor,ảnh giống hệt (giữ 1/nhóm)
Training/notumor/Tr-no_219.jpg,notumor,ảnh giống hệt (giữ 1/nhóm)
Training/notumor/Tr-no_220.jpg,notumor,ảnh giống hệt (giữ 1/nhóm)
Training/notumor/Tr-no_221.jpg,notumor,ảnh giống hệt (giữ 1/nhóm)
Training/notumor/Tr-no_223.jpg,notumor,ảnh giống hệt (giữ 1/nhóm)
Training/notumor/Tr-no_224.jpg,notumor,ảnh giống hệt (giữ 1/nhóm)
Training/notumor/Tr-no_226.jpg,notumor,ảnh giống hệt (giữ 1/nhóm)
Training/notumor/Tr-no_227.jpg,notumor,ảnh giống hệt (giữ 1/nhóm)
Training/notumor/Tr-no_229.jpg,notumor,ảnh giống hệt (giữ 1/nhóm)
Training/notumor/Tr-no_23.jpg,notumor,ảnh giống hệt (giữ 1/nhóm)
Training/notumor/Tr-no_230.jpg,notumor,ảnh giống hệt (giữ 1/nhóm)
Training/notumor/Tr-no_232.jpg,notumor,ảnh giống hệt (giữ 1/nhóm)
Training/notumor/Tr-no_234.jpg,notumor,ảnh giống hệt (giữ 1/nhóm)
Training/notumor/Tr-no_235.jpg,notumor,ảnh giống hệt (giữ 1/nhóm)
Training/notumor/Tr-no_236.jpg,notumor,ảnh giống hệt (giữ 1/nhóm)
Training/notumor/Tr-no_241.jpg,notumor,ảnh giống hệt (giữ 1/nhóm)
Training/notumor/Tr-no_242.jpg,notumor,ảnh giống hệt (giữ 1/nhóm)
Training/notumor/Tr-no_243.jpg,notumor,ảnh giống hệt (giữ 1/nhóm)
Training/notumor/Tr-no_244.jpg,notumor,"loại thủ công: ảnh CT, không phải MRI"
Training/notumor/Tr-no_246.jpg,notumor,ảnh giống hệt (giữ 1/nhóm)
Training/notumor/Tr-no_247.jpg,notumor,ảnh giống hệt (giữ 1/nhóm)
Training/notumor/Tr-no_249.jpg,notumor,ảnh giống hệt (giữ 1/nhóm)
Training/notumor/Tr-no_25.jpg,notumor,ảnh giống hệt (giữ 1/nhóm)
Training/notumor/Tr-no_251.jpg,notumor,ảnh giống hệt (giữ 1/nhóm)
Training/notumor/Tr-no_253.jpg,notumor,ảnh giống hệt (giữ 1/nhóm)
Training/notumor/Tr-no_254.jpg,notumor,ảnh giống hệt (giữ 1/nhóm)
Training/notumor/Tr-no_255.jpg,notumor,ảnh giống hệt (giữ 1/nhóm)
Training/notumor/Tr-no_256.jpg,notumor,ảnh giống hệt (giữ 1/nhóm)
Training/notumor/Tr-no_259.jpg,notumor,ảnh giống hệt (giữ 1/nhóm)
Training/notumor/Tr-no_260.jpg,notumor,ảnh giống hệt (giữ 1/nhóm)
Training/notumor/Tr-no_263.jpg,notumor,ảnh giống hệt (giữ 1/nhóm)
Training/notumor/Tr-no_264.jpg,notumor,ảnh giống hệt (giữ 1/nhóm)
Training/notumor/Tr-no_266.jpg,notumor,ảnh giống hệt (giữ 1/nhóm)
Training/notumor/Tr-no_267.jpg,notumor,ảnh giống hệt (giữ 1/nhóm)
Training/notumor/Tr-no_268.jpg,notumor,ảnh giống hệt (giữ 1/nhóm)
Training/notumor/Tr-no_27.jpg,notumor,ảnh giống hệt (giữ 1/nhóm)
Training/notumor/Tr-no_270.jpg,notumor,ảnh giống hệt (giữ 1/nhóm)
Training/notumor/Tr-no_272.jpg,notumor,ảnh giống hệt (giữ 1/nhóm)
Training/notumor/Tr-no_273.jpg,notumor,ảnh giống hệt (giữ 1/nhóm)
Training/notumor/Tr-no_275.jpg,notumor,ảnh giống hệt (giữ 1/nhóm)
Training/notumor/Tr-no_276.jpg,notumor,ảnh giống hệt (giữ 1/nhóm)
Training/notumor/Tr-no_277.jpg,notumor,ảnh giống hệt (giữ 1/nhóm)
Training/notumor/Tr-no_278.jpg,notumor,ảnh giống hệt (giữ 1/nhóm)
Training/notumor/Tr-no_281.jpg,notumor,ảnh giống hệt (giữ 1/nhóm)
Training/notumor/Tr-no_282.jpg,notumor,ảnh giống hệt (giữ 1/nhóm)
Training/notumor/Tr-no_283.jpg,notumor,ảnh giống hệt (giữ 1/nhóm)
Training/notumor/Tr-no_284.jpg,notumor,ảnh giống hệt (giữ 1/nhóm)
Training/notumor/Tr-no_285.jpg,notumor,ảnh giống hệt (giữ 1/nhóm)
Training/notumor/Tr-no_286.jpg,notumor,ảnh giống hệt (giữ 1/nhóm)
Training/notumor/Tr-no_287.jpg,notumor,ảnh giống hệt (giữ 1/nhóm)
Training/notumor/Tr-no_29.jpg,notumor,ảnh giống hệt (giữ 1/nhóm)
Training/notumor/Tr-no_290.jpg,notumor,ảnh giống hệt (giữ 1/nhóm)
Training/notumor/Tr-no_291.jpg,notumor,ảnh giống hệt (giữ 1/nhóm)
Training/notumor/Tr-no_292.jpg,notumor,ảnh giống hệt (giữ 1/nhóm)
Training/notumor/Tr-no_293.jpg,notumor,ảnh giống hệt (giữ 1/nhóm)
Training/notumor/Tr-no_294.jpg,notumor,ảnh giống hệt (giữ 1/nhóm)
Training/notumor/Tr-no_296.jpg,notumor,ảnh giống hệt (giữ 1/nhóm)
Training/notumor/Tr-no_297.jpg,notumor,ảnh giống hệt (giữ 1/nhóm)
Training/notumor/Tr-no_3.jpg,notumor,ảnh giống hệt (giữ 1/nhóm)
Training/notumor/Tr-no_301.jpg,notumor,ảnh giống hệt (giữ 1/nhóm)
Training/notumor/Tr-no_303.jpg,notumor,ảnh giống hệt (giữ 1/nhóm)
Training/notumor/Tr-no_306.jpg,notumor,ảnh giống hệt (giữ 1/nhóm)
Training/notumor/Tr-no_308.jpg,notumor,ảnh giống hệt (giữ 1/nhóm)
Training/notumor/Tr-no_309.jpg,notumor,ảnh giống hệt (giữ 1/nhóm)
Training/notumor/Tr-no_310.jpg,notumor,ảnh giống hệt (giữ 1/nhóm)
Training/notumor/Tr-no_311.jpg,notumor,ảnh giống hệt (giữ 1/nhóm)
Training/notumor/Tr-no_312.jpg,notumor,ảnh giống hệt (giữ 1/nhóm)
Training/notumor/Tr-no_313.jpg,notumor,ảnh giống hệt (giữ 1/nhóm)
Training/notumor/Tr-no_314.jpg,notumor,ảnh giống hệt (giữ 1/nhóm)
Training/notumor/Tr-no_317.jpg,notumor,ảnh giống hệt (giữ 1/nhóm)
Training/notumor/Tr-no_318.jpg,notumor,ảnh giống hệt (giữ 1/nhóm)
Training/notumor/Tr-no_319.jpg,notumor,ảnh giống hệt (giữ 1/nhóm)
Training/notumor/Tr-no_320.jpg,notumor,ảnh giống hệt (giữ 1/nhóm)
Training/notumor/Tr-no_321.jpg,notumor,ảnh giống hệt (giữ 1/nhóm)
Training/notumor/Tr-no_322.jpg,notumor,ảnh giống hệt (giữ 1/nhóm)
Training/notumor/Tr-no_323.jpg,notumor,ảnh giống hệt (giữ 1/nhóm)
Training/notumor/Tr-no_324.jpg,notumor,ảnh giống hệt (giữ 1/nhóm)
Training/notumor/Tr-no_325.jpg,notumor,ảnh giống hệt (giữ 1/nhóm)
Training/notumor/Tr-no_326.jpg,notumor,ảnh giống hệt (giữ 1/nhóm)
Training/notumor/Tr-no_328.jpg,notumor,ảnh giống hệt (giữ 1/nhóm)
Training/notumor/Tr-no_329.jpg,notumor,ảnh giống hệt (giữ 1/nhóm)
Training/notumor/Tr-no_330.jpg,notumor,ảnh giống hệt (giữ 1/nhóm)
Training/notumor/Tr-no_331.jpg,notumor,ảnh giống hệt (giữ 1/nhóm)
Training/notumor/Tr-no_333.jpg,notumor,ảnh giống hệt (giữ 1/nhóm)
Training/notumor/Tr-no_334.jpg,notumor,ảnh giống hệt (giữ 1/nhóm)
Training/notumor/Tr-no_335.jpg,notumor,ảnh giống hệt (giữ 1/nhóm)
Training/notumor/Tr-no_338.jpg,notumor,ảnh giống hệt (giữ 1/nhóm)
Training/notumor/Tr-no_339.jpg,notumor,ảnh giống hệt (giữ 1/nhóm)
Training/notumor/Tr-no_34.jpg,notumor,"loại thủ công: ảnh CT, không phải MRI"
Training/notumor/Tr-no_340.jpg,notumor,ảnh giống hệt (giữ 1/nhóm)
Training/notumor/Tr-no_341.jpg,notumor,ảnh giống hệt (giữ 1/nhóm)
Training/notumor/Tr-no_342.jpg,notumor,ảnh giống hệt (giữ 1/nhóm)
Training/notumor/Tr-no_343.jpg,notumor,ảnh giống hệt (giữ 1/nhóm)
Training/notumor/Tr-no_345.jpg,notumor,ảnh giống hệt (giữ 1/nhóm)
Training/notumor/Tr-no_347.jpg,notumor,ảnh giống hệt (giữ 1/nhóm)
Training/notumor/Tr-no_35.jpg,notumor,ảnh giống hệt (giữ 1/nhóm)
Training/notumor/Tr-no_352.jpg,notumor,ảnh giống hệt (giữ 1/nhóm)
Training/notumor/Tr-no_353.jpg,notumor,ảnh giống hệt (giữ 1/nhóm)
Training/notumor/Tr-no_357.jpg,notumor,ảnh giống hệt (giữ 1/nhóm)
Training/notumor/Tr-no_36.jpg,notumor,ảnh giống hệt (giữ 1/nhóm)
Training/notumor/Tr-no_362.jpg,notumor,ảnh giống hệt (giữ 1/nhóm)
Training/notumor/Tr-no_364.jpg,notumor,ảnh giống hệt (giữ 1/nhóm)
Training/notumor/Tr-no_367.jpg,notumor,ảnh giống hệt (giữ 1/nhóm)
Training/notumor/Tr-no_368.jpg,notumor,ảnh giống hệt (giữ 1/nhóm)
Training/notumor/Tr-no_369.jpg,notumor,ảnh giống hệt (giữ 1/nhóm)
Training/notumor/Tr-no_37.jpg,notumor,ảnh giống hệt (giữ 1/nhóm)
Training/notumor/Tr-no_370.jpg,notumor,ảnh giống hệt (giữ 1/nhóm)
Training/notumor/Tr-no_371.jpg,notumor,ảnh giống hệt (giữ 1/nhóm)
Training/notumor/Tr-no_372.jpg,notumor,ảnh giống hệt (giữ 1/nhóm)
Training/notumor/Tr-no_373.jpg,notumor,ảnh giống hệt (giữ 1/nhóm)
Training/notumor/Tr-no_374.jpg,notumor,ảnh giống hệt (giữ 1/nhóm)
Training/notumor/Tr-no_375.jpg,notumor,ảnh giống hệt (giữ 1/nhóm)
Training/notumor/Tr-no_378.jpg,notumor,ảnh giống hệt (giữ 1/nhóm)
Training/notumor/Tr-no_379.jpg,notumor,ảnh giống hệt (giữ 1/nhóm)
Training/notumor/Tr-no_380.jpg,notumor,ảnh giống hệt (giữ 1/nhóm)
Training/notumor/Tr-no_381.jpg,notumor,ảnh giống hệt (giữ 1/nhóm)
Training/notumor/Tr-no_382.jpg,notumor,ảnh giống hệt (giữ 1/nhóm)
Training/notumor/Tr-no_385.jpg,notumor,ảnh giống hệt (giữ 1/nhóm)
Training/notumor/Tr-no_386.jpg,notumor,ảnh giống hệt (giữ 1/nhóm)
Training/notumor/Tr-no_387.jpg,notumor,ảnh giống hệt (giữ 1/nhóm)
Training/notumor/Tr-no_389.jpg,notumor,ảnh giống hệt (giữ 1/nhóm)
Training/notumor/Tr-no_39.jpg,notumor,ảnh giống hệt (giữ 1/nhóm)
Training/notumor/Tr-no_390.jpg,notumor,ảnh giống hệt (giữ 1/nhóm)
Training/notumor/Tr-no_392.jpg,notumor,ảnh giống hệt (giữ 1/nhóm)
Training/notumor/Tr-no_393.jpg,notumor,ảnh giống hệt (giữ 1/nhóm)
Training/notumor/Tr-no_394.jpg,notumor,ảnh giống hệt (giữ 1/nhóm)
Training/notumor/Tr-no_397.jpg,notumor,ảnh giống hệt (giữ 1/nhóm)
Training/notumor/Tr-no_398.jpg,notumor,ảnh giống hệt (giữ 1/nhóm)
Training/notumor/Tr-no_4.jpg,notumor,ảnh giống hệt (giữ 1/nhóm)
Training/notumor/Tr-no_400.jpg,notumor,ảnh giống hệt (giữ 1/nhóm)
Training/notumor/Tr-no_401.jpg,notumor,ảnh giống hệt (giữ 1/nhóm)
Training/notumor/Tr-no_402.jpg,notumor,ảnh giống hệt (giữ 1/nhóm)
Training/notumor/Tr-no_403.jpg,notumor,ảnh giống hệt (giữ 1/nhóm)
Training/notumor/Tr-no_404.jpg,notumor,ảnh giống hệt (giữ 1/nhóm)
Training/notumor/Tr-no_405.jpg,notumor,loại thủ công (bản trùng): notumor nhưng thấy rõ tổn thương
Training/notumor/Tr-no_406.jpg,notumor,ảnh giống hệt (giữ 1/nhóm)
Training/notumor/Tr-no_407.jpg,notumor,"loại thủ công: ảnh CT, không phải MRI"
Training/notumor/Tr-no_408.jpg,notumor,"loại thủ công: ảnh CT, không phải MRI"
Training/notumor/Tr-no_409.jpg,notumor,ảnh giống hệt (giữ 1/nhóm)
Training/notumor/Tr-no_410.jpg,notumor,ảnh giống hệt (giữ 1/nhóm)
Training/notumor/Tr-no_411.jpg,notumor,ảnh giống hệt (giữ 1/nhóm)
Training/notumor/Tr-no_412.jpg,notumor,ảnh giống hệt (giữ 1/nhóm)
Training/notumor/Tr-no_414.jpg,notumor,ảnh giống hệt (giữ 1/nhóm)
Training/notumor/Tr-no_417.jpg,notumor,ảnh giống hệt (giữ 1/nhóm)
Training/notumor/Tr-no_42.jpg,notumor,ảnh giống hệt (giữ 1/nhóm)
Training/notumor/Tr-no_420.jpg,notumor,ảnh giống hệt (giữ 1/nhóm)
Training/notumor/Tr-no_423.jpg,notumor,ảnh giống hệt (giữ 1/nhóm)
Training/notumor/Tr-no_424.jpg,notumor,ảnh giống hệt (giữ 1/nhóm)
Training/notumor/Tr-no_425.jpg,notumor,ảnh giống hệt (giữ 1/nhóm)
Training/notumor/Tr-no_430.jpg,notumor,ảnh giống hệt (giữ 1/nhóm)
Training/notumor/Tr-no_435.jpg,notumor,ảnh giống hệt (giữ 1/nhóm)
Training/notumor/Tr-no_439.jpg,notumor,ảnh giống hệt (giữ 1/nhóm)
Training/notumor/Tr-no_44.jpg,notumor,ảnh giống hệt (giữ 1/nhóm)
Training/notumor/Tr-no_441.jpg,notumor,ảnh giống hệt (giữ 1/nhóm)
Training/notumor/Tr-no_442.jpg,notumor,ảnh giống hệt (giữ 1/nhóm)
Training/notumor/Tr-no_443.jpg,notumor,ảnh giống hệt (giữ 1/nhóm)
Training/notumor/Tr-no_444.jpg,notumor,ảnh giống hệt (giữ 1/nhóm)
Training/notumor/Tr-no_446.jpg,notumor,ảnh giống hệt (giữ 1/nhóm)
Training/notumor/Tr-no_447.jpg,notumor,ảnh giống hệt (giữ 1/nhóm)
Training/notumor/Tr-no_448.jpg,notumor,ảnh giống hệt (giữ 1/nhóm)
Training/notumor/Tr-no_450.jpg,notumor,ảnh giống hệt (giữ 1/nhóm)
Training/notumor/Tr-no_453.jpg,notumor,ảnh giống hệt (giữ 1/nhóm)
Training/notumor/Tr-no_454.jpg,notumor,ảnh giống hệt (giữ 1/nhóm)
Training/notumor/Tr-no_458.jpg,notumor,ảnh giống hệt (giữ 1/nhóm)
Training/notumor/Tr-no_46.jpg,notumor,ảnh giống hệt (giữ 1/nhóm)
Training/notumor/Tr-no_460.jpg,notumor,ảnh giống hệt (giữ 1/nhóm)
Training/notumor/Tr-no_461.jpg,notumor,ảnh giống hệt (giữ 1/nhóm)
Training/notumor/Tr-no_462.jpg,notumor,"loại thủ công: ảnh CT, không phải MRI"
Training/notumor/Tr-no_463.jpg,notumor,ảnh giống hệt (giữ 1/nhóm)
Training/notumor/Tr-no_464.jpg,notumor,ảnh giống hệt (giữ 1/nhóm)
Training/notumor/Tr-no_465.jpg,notumor,ảnh giống hệt (giữ 1/nhóm)
Training/notumor/Tr-no_466.jpg,notumor,ảnh giống hệt (giữ 1/nhóm)
Training/notumor/Tr-no_467.jpg,notumor,ảnh giống hệt (giữ 1/nhóm)
Training/notumor/Tr-no_468.jpg,notumor,ảnh giống hệt (giữ 1/nhóm)
Training/notumor/Tr-no_469.jpg,notumor,ảnh giống hệt (giữ 1/nhóm)
Training/notumor/Tr-no_47.jpg,notumor,ảnh giống hệt (giữ 1/nhóm)
Training/notumor/Tr-no_470.jpg,notumor,ảnh giống hệt (giữ 1/nhóm)
Training/notumor/Tr-no_472.jpg,notumor,ảnh giống hệt (giữ 1/nhóm)
Training/notumor/Tr-no_473.jpg,notumor,ảnh giống hệt (giữ 1/nhóm)
Training/notumor/Tr-no_475.jpg,notumor,ảnh giống hệt (giữ 1/nhóm)
Training/notumor/Tr-no_476.jpg,notumor,ảnh giống hệt (giữ 1/nhóm)
Training/notumor/Tr-no_477.jpg,notumor,ảnh giống hệt (giữ 1/nhóm)
Training/notumor/Tr-no_479.jpg,notumor,ảnh giống hệt (giữ 1/nhóm)
Training/notumor/Tr-no_48.jpg,notumor,ảnh giống hệt (giữ 1/nhóm)
Training/notumor/Tr-no_480.jpg,notumor,ảnh giống hệt (giữ 1/nhóm)
Training/notumor/Tr-no_483.jpg,notumor,ảnh giống hệt (giữ 1/nhóm)
Training/notumor/Tr-no_488.jpg,notumor,ảnh giống hệt (giữ 1/nhóm)
Training/notumor/Tr-no_489.jpg,notumor,ảnh giống hệt (giữ 1/nhóm)
Training/notumor/Tr-no_49.jpg,notumor,ảnh giống hệt (giữ 1/nhóm)
Training/notumor/Tr-no_490.jpg,notumor,ảnh giống hệt (giữ 1/nhóm)
Training/notumor/Tr-no_491.jpg,notumor,ảnh giống hệt (giữ 1/nhóm)
Training/notumor/Tr-no_492.jpg,notumor,ảnh giống hệt (giữ 1/nhóm)
Training/notumor/Tr-no_494.jpg,notumor,ảnh giống hệt (giữ 1/nhóm)
Training/notumor/Tr-no_495.jpg,notumor,ảnh giống hệt (giữ 1/nhóm)
Training/notumor/Tr-no_497.jpg,notumor,ảnh giống hệt (giữ 1/nhóm)
Training/notumor/Tr-no_498.jpg,notumor,loại thủ công: notumor nhưng thấy rõ tổn thương
Training/notumor/Tr-no_499.jpg,notumor,ảnh giống hệt (giữ 1/nhóm)
Training/notumor/Tr-no_5.jpg,notumor,ảnh giống hệt (giữ 1/nhóm)
Training/notumor/Tr-no_50.jpg,notumor,ảnh giống hệt (giữ 1/nhóm)
Training/notumor/Tr-no_500.jpg,notumor,ảnh giống hệt (giữ 1/nhóm)
Training/notumor/Tr-no_502.jpg,notumor,ảnh giống hệt (giữ 1/nhóm)
Training/notumor/Tr-no_503.jpg,notumor,ảnh giống hệt (giữ 1/nhóm)
Training/notumor/Tr-no_504.jpg,notumor,ảnh giống hệt (giữ 1/nhóm)
Training/notumor/Tr-no_507.jpg,notumor,ảnh giống hệt (giữ 1/nhóm)
Training/notumor/Tr-no_509.jpg,notumor,ảnh giống hệt (giữ 1/nhóm)
Training/notumor/Tr-no_51.jpg,notumor,ảnh giống hệt (giữ 1/nhóm)
Training/notumor/Tr-no_510.jpg,notumor,ảnh giống hệt (giữ 1/nhóm)
Training/notumor/Tr-no_511.jpg,notumor,ảnh giống hệt (giữ 1/nhóm)
Training/notumor/Tr-no_512.jpg,notumor,ảnh giống hệt (giữ 1/nhóm)
Training/notumor/Tr-no_513.jpg,notumor,ảnh giống hệt (giữ 1/nhóm)
Training/notumor/Tr-no_514.jpg,notumor,ảnh giống hệt (giữ 1/nhóm)
Training/notumor/Tr-no_515.jpg,notumor,ảnh giống hệt (giữ 1/nhóm)
Training/notumor/Tr-no_516.jpg,notumor,ảnh giống hệt (giữ 1/nhóm)
Training/notumor/Tr-no_517.jpg,notumor,ảnh giống hệt (giữ 1/nhóm)
Training/notumor/Tr-no_520.jpg,notumor,"loại thủ công: ảnh CT, không phải MRI"
Training/notumor/Tr-no_521.jpg,notumor,ảnh giống hệt (giữ 1/nhóm)
Training/notumor/Tr-no_526.jpg,notumor,ảnh giống hệt (giữ 1/nhóm)
Training/notumor/Tr-no_527.jpg,notumor,ảnh giống hệt (giữ 1/nhóm)
Training/notumor/Tr-no_528.jpg,notumor,ảnh giống hệt (giữ 1/nhóm)
Training/notumor/Tr-no_53.jpg,notumor,ảnh giống hệt (giữ 1/nhóm)
Training/notumor/Tr-no_530.jpg,notumor,ảnh giống hệt (giữ 1/nhóm)
Training/notumor/Tr-no_532.jpg,notumor,ảnh giống hệt (giữ 1/nhóm)
Training/notumor/Tr-no_534.jpg,notumor,ảnh giống hệt (giữ 1/nhóm)
Training/notumor/Tr-no_536.jpg,notumor,ảnh giống hệt (giữ 1/nhóm)
Training/notumor/Tr-no_537.jpg,notumor,"loại thủ công: ảnh CT, không phải MRI"
Training/notumor/Tr-no_538.jpg,notumor,ảnh giống hệt (giữ 1/nhóm)
Training/notumor/Tr-no_54.jpg,notumor,ảnh giống hệt (giữ 1/nhóm)
Training/notumor/Tr-no_541.jpg,notumor,ảnh giống hệt (giữ 1/nhóm)
Training/notumor/Tr-no_542.jpg,notumor,ảnh giống hệt (giữ 1/nhóm)
Training/notumor/Tr-no_543.jpg,notumor,ảnh giống hệt (giữ 1/nhóm)
Training/notumor/Tr-no_544.jpg,notumor,ảnh giống hệt (giữ 1/nhóm)
Training/notumor/Tr-no_545.jpg,notumor,ảnh giống hệt (giữ 1/nhóm)
Training/notumor/Tr-no_546.jpg,notumor,ảnh giống hệt (giữ 1/nhóm)
Training/notumor/Tr-no_547.jpg,notumor,ảnh giống hệt (giữ 1/nhóm)
Training/notumor/Tr-no_549.jpg,notumor,ảnh giống hệt (giữ 1/nhóm)
Training/notumor/Tr-no_55.jpg,notumor,ảnh giống hệt (giữ 1/nhóm)
Training/notumor/Tr-no_550.jpg,notumor,ảnh giống hệt (giữ 1/nhóm)
Training/notumor/Tr-no_552.jpg,notumor,ảnh giống hệt (giữ 1/nhóm)
Training/notumor/Tr-no_553.jpg,notumor,ảnh giống hệt (giữ 1/nhóm)
Training/notumor/Tr-no_554.jpg,notumor,ảnh giống hệt (giữ 1/nhóm)
Training/notumor/Tr-no_555.jpg,notumor,ảnh giống hệt (giữ 1/nhóm)
Training/notumor/Tr-no_556.jpg,notumor,ảnh giống hệt (giữ 1/nhóm)
Training/notumor/Tr-no_557.jpg,notumor,ảnh giống hệt (giữ 1/nhóm)
Training/notumor/Tr-no_558.jpg,notumor,ảnh giống hệt (giữ 1/nhóm)
Training/notumor/Tr-no_559.jpg,notumor,ảnh giống hệt (giữ 1/nhóm)
Training/notumor/Tr-no_56.jpg,notumor,ảnh giống hệt (giữ 1/nhóm)
Training/notumor/Tr-no_560.jpg,notumor,ảnh giống hệt (giữ 1/nhóm)
Training/notumor/Tr-no_561.jpg,notumor,ảnh giống hệt (giữ 1/nhóm)
Training/notumor/Tr-no_564.jpg,notumor,ảnh giống hệt (giữ 1/nhóm)
Training/notumor/Tr-no_565.jpg,notumor,ảnh giống hệt (giữ 1/nhóm)
Training/notumor/Tr-no_566.jpg,notumor,ảnh giống hệt (giữ 1/nhóm)
Training/notumor/Tr-no_568.jpg,notumor,ảnh giống hệt (giữ 1/nhóm)
Training/notumor/Tr-no_569.jpg,notumor,ảnh giống hệt (giữ 1/nhóm)
Training/notumor/Tr-no_57.jpg,notumor,ảnh giống hệt (giữ 1/nhóm)
Training/notumor/Tr-no_570.jpg,notumor,ảnh giống hệt (giữ 1/nhóm)
Training/notumor/Tr-no_571.jpg,notumor,ảnh giống hệt (giữ 1/nhóm)
Training/notumor/Tr-no_573.jpg,notumor,ảnh giống hệt (giữ 1/nhóm)
Training/notumor/Tr-no_575.jpg,notumor,ảnh giống hệt (giữ 1/nhóm)
Training/notumor/Tr-no_578.jpg,notumor,ảnh giống hệt (giữ 1/nhóm)
Training/notumor/Tr-no_580.jpg,notumor,ảnh giống hệt (giữ 1/nhóm)
Training/notumor/Tr-no_581.jpg,notumor,ảnh giống hệt (giữ 1/nhóm)
Training/notumor/Tr-no_582.jpg,notumor,ảnh giống hệt (giữ 1/nhóm)
Training/notumor/Tr-no_583.jpg,notumor,ảnh giống hệt (giữ 1/nhóm)
Training/notumor/Tr-no_585.jpg,notumor,ảnh giống hệt (giữ 1/nhóm)
Training/notumor/Tr-no_586.jpg,notumor,ảnh giống hệt (giữ 1/nhóm)
Training/notumor/Tr-no_587.jpg,notumor,ảnh giống hệt (giữ 1/nhóm)
Training/notumor/Tr-no_589.jpg,notumor,ảnh giống hệt (giữ 1/nhóm)
Training/notumor/Tr-no_590.jpg,notumor,ảnh giống hệt (giữ 1/nhóm)
Training/notumor/Tr-no_591.jpg,notumor,ảnh giống hệt (giữ 1/nhóm)
Training/notumor/Tr-no_592.jpg,notumor,ảnh giống hệt (giữ 1/nhóm)
Training/notumor/Tr-no_593.jpg,notumor,ảnh giống hệt (giữ 1/nhóm)
Training/notumor/Tr-no_594.jpg,notumor,ảnh giống hệt (giữ 1/nhóm)
Training/notumor/Tr-no_595.jpg,notumor,ảnh giống hệt (giữ 1/nhóm)
Training/notumor/Tr-no_597.jpg,notumor,ảnh giống hệt (giữ 1/nhóm)
Training/notumor/Tr-no_598.jpg,notumor,ảnh giống hệt (giữ 1/nhóm)
Training/notumor/Tr-no_599.jpg,notumor,ảnh giống hệt (giữ 1/nhóm)
Training/notumor/Tr-no_60.jpg,notumor,ảnh giống hệt (giữ 1/nhóm)
Training/notumor/Tr-no_600.jpg,notumor,ảnh giống hệt (giữ 1/nhóm)
Training/notumor/Tr-no_603.jpg,notumor,ảnh giống hệt (giữ 1/nhóm)
Training/notumor/Tr-no_604.jpg,notumor,ảnh giống hệt (giữ 1/nhóm)
Training/notumor/Tr-no_609.jpg,notumor,ảnh giống hệt (giữ 1/nhóm)
Training/notumor/Tr-no_61.jpg,notumor,ảnh giống hệt (giữ 1/nhóm)
Training/notumor/Tr-no_610.jpg,notumor,"loại thủ công: ảnh CT, không phải MRI"
Training/notumor/Tr-no_611.jpg,notumor,ảnh giống hệt (giữ 1/nhóm)
Training/notumor/Tr-no_612.jpg,notumor,ảnh giống hệt (giữ 1/nhóm)
Training/notumor/Tr-no_613.jpg,notumor,ảnh giống hệt (giữ 1/nhóm)
Training/notumor/Tr-no_614.jpg,notumor,ảnh giống hệt (giữ 1/nhóm)
Training/notumor/Tr-no_615.jpg,notumor,ảnh giống hệt (giữ 1/nhóm)
Training/notumor/Tr-no_617.jpg,notumor,ảnh giống hệt (giữ 1/nhóm)
Training/notumor/Tr-no_619.jpg,notumor,ảnh giống hệt (giữ 1/nhóm)
Training/notumor/Tr-no_62.jpg,notumor,ảnh giống hệt (giữ 1/nhóm)
Training/notumor/Tr-no_620.jpg,notumor,ảnh giống hệt (giữ 1/nhóm)
Training/notumor/Tr-no_621.jpg,notumor,ảnh giống hệt (giữ 1/nhóm)
Training/notumor/Tr-no_622.jpg,notumor,ảnh giống hệt (giữ 1/nhóm)
Training/notumor/Tr-no_623.jpg,notumor,ảnh giống hệt (giữ 1/nhóm)
Training/notumor/Tr-no_626.jpg,notumor,ảnh giống hệt (giữ 1/nhóm)
Training/notumor/Tr-no_627.jpg,notumor,ảnh giống hệt (giữ 1/nhóm)
Training/notumor/Tr-no_628.jpg,notumor,ảnh giống hệt (giữ 1/nhóm)
Training/notumor/Tr-no_629.jpg,notumor,ảnh giống hệt (giữ 1/nhóm)
Training/notumor/Tr-no_63.jpg,notumor,ảnh giống hệt (giữ 1/nhóm)
Training/notumor/Tr-no_632.jpg,notumor,ảnh giống hệt (giữ 1/nhóm)
Training/notumor/Tr-no_633.jpg,notumor,ảnh giống hệt (giữ 1/nhóm)
Training/notumor/Tr-no_634.jpg,notumor,ảnh giống hệt (giữ 1/nhóm)
Training/notumor/Tr-no_635.jpg,notumor,ảnh giống hệt (giữ 1/nhóm)
Training/notumor/Tr-no_636.jpg,notumor,ảnh giống hệt (giữ 1/nhóm)
Training/notumor/Tr-no_637.jpg,notumor,ảnh giống hệt (giữ 1/nhóm)
Training/notumor/Tr-no_638.jpg,notumor,"loại thủ công: ảnh CT, không phải MRI"
Training/notumor/Tr-no_639.jpg,notumor,ảnh giống hệt (giữ 1/nhóm)
Training/notumor/Tr-no_64.jpg,notumor,ảnh giống hệt (giữ 1/nhóm)
Training/notumor/Tr-no_640.jpg,notumor,loại thủ công (bản trùng): notumor nhưng thấy rõ tổn thương
Training/notumor/Tr-no_642.jpg,notumor,ảnh giống hệt (giữ 1/nhóm)
Training/notumor/Tr-no_643.jpg,notumor,ảnh giống hệt (giữ 1/nhóm)
Training/notumor/Tr-no_645.jpg,notumor,ảnh giống hệt (giữ 1/nhóm)
Training/notumor/Tr-no_646.jpg,notumor,ảnh giống hệt (giữ 1/nhóm)
Training/notumor/Tr-no_647.jpg,notumor,ảnh giống hệt (giữ 1/nhóm)
Training/notumor/Tr-no_648.jpg,notumor,ảnh giống hệt (giữ 1/nhóm)
Training/notumor/Tr-no_65.jpg,notumor,ảnh giống hệt (giữ 1/nhóm)
Training/notumor/Tr-no_651.jpg,notumor,ảnh giống hệt (giữ 1/nhóm)
Training/notumor/Tr-no_652.jpg,notumor,ảnh giống hệt (giữ 1/nhóm)
Training/notumor/Tr-no_653.jpg,notumor,ảnh giống hệt (giữ 1/nhóm)
Training/notumor/Tr-no_655.jpg,notumor,ảnh giống hệt (giữ 1/nhóm)
Training/notumor/Tr-no_657.jpg,notumor,ảnh giống hệt (giữ 1/nhóm)
Training/notumor/Tr-no_66.jpg,notumor,ảnh giống hệt (giữ 1/nhóm)
Training/notumor/Tr-no_660.jpg,notumor,ảnh giống hệt (giữ 1/nhóm)
Training/notumor/Tr-no_661.jpg,notumor,ảnh giống hệt (giữ 1/nhóm)
Training/notumor/Tr-no_663.jpg,notumor,ảnh giống hệt (giữ 1/nhóm)
Training/notumor/Tr-no_664.jpg,notumor,ảnh giống hệt (giữ 1/nhóm)
Training/notumor/Tr-no_665.jpg,notumor,ảnh giống hệt (giữ 1/nhóm)
Training/notumor/Tr-no_668.jpg,notumor,ảnh giống hệt (giữ 1/nhóm)
Training/notumor/Tr-no_671.jpg,notumor,ảnh giống hệt (giữ 1/nhóm)
Training/notumor/Tr-no_672.jpg,notumor,ảnh giống hệt (giữ 1/nhóm)
Training/notumor/Tr-no_674.jpg,notumor,ảnh giống hệt (giữ 1/nhóm)
Training/notumor/Tr-no_675.jpg,notumor,ảnh giống hệt (giữ 1/nhóm)
Training/notumor/Tr-no_676.jpg,notumor,ảnh giống hệt (giữ 1/nhóm)
Training/notumor/Tr-no_678.jpg,notumor,ảnh giống hệt (giữ 1/nhóm)
Training/notumor/Tr-no_679.jpg,notumor,ảnh giống hệt (giữ 1/nhóm)
Training/notumor/Tr-no_680.jpg,notumor,ảnh giống hệt (giữ 1/nhóm)
Training/notumor/Tr-no_681.jpg,notumor,ảnh giống hệt (giữ 1/nhóm)
Training/notumor/Tr-no_682.jpg,notumor,ảnh giống hệt (giữ 1/nhóm)
Training/notumor/Tr-no_683.jpg,notumor,ảnh giống hệt (giữ 1/nhóm)
Training/notumor/Tr-no_684.jpg,notumor,ảnh giống hệt (giữ 1/nhóm)
Training/notumor/Tr-no_685.jpg,notumor,ảnh giống hệt (giữ 1/nhóm)
Training/notumor/Tr-no_687.jpg,notumor,ảnh giống hệt (giữ 1/nhóm)
Training/notumor/Tr-no_689.jpg,notumor,ảnh giống hệt (giữ 1/nhóm)
Training/notumor/Tr-no_69.jpg,notumor,ảnh giống hệt (giữ 1/nhóm)
Training/notumor/Tr-no_692.jpg,notumor,ảnh giống hệt (giữ 1/nhóm)
Training/notumor/Tr-no_693.jpg,notumor,ảnh giống hệt (giữ 1/nhóm)
Training/notumor/Tr-no_694.jpg,notumor,ảnh giống hệt (giữ 1/nhóm)
Training/notumor/Tr-no_696.jpg,notumor,ảnh giống hệt (giữ 1/nhóm)
Training/notumor/Tr-no_698.jpg,notumor,ảnh giống hệt (giữ 1/nhóm)
Training/notumor/Tr-no_699.jpg,notumor,ảnh giống hệt (giữ 1/nhóm)
Training/notumor/Tr-no_70.jpg,notumor,ảnh giống hệt (giữ 1/nhóm)
Training/notumor/Tr-no_700.jpg,notumor,"loại thủ công: ảnh CT, không phải MRI"
Training/notumor/Tr-no_701.jpg,notumor,ảnh giống hệt (giữ 1/nhóm)
Training/notumor/Tr-no_702.jpg,notumor,"loại thủ công: ảnh CT, không phải MRI"
Training/notumor/Tr-no_703.jpg,notumor,ảnh giống hệt (giữ 1/nhóm)
Training/notumor/Tr-no_704.jpg,notumor,ảnh giống hệt (giữ 1/nhóm)
Training/notumor/Tr-no_707.jpg,notumor,ảnh giống hệt (giữ 1/nhóm)
Training/notumor/Tr-no_708.jpg,notumor,ảnh giống hệt (giữ 1/nhóm)
Training/notumor/Tr-no_709.jpg,notumor,ảnh giống hệt (giữ 1/nhóm)
Training/notumor/Tr-no_713.jpg,notumor,ảnh giống hệt (giữ 1/nhóm)
Training/notumor/Tr-no_714.jpg,notumor,ảnh giống hệt (giữ 1/nhóm)
Training/notumor/Tr-no_716.jpg,notumor,ảnh giống hệt (giữ 1/nhóm)
Training/notumor/Tr-no_717.jpg,notumor,ảnh giống hệt (giữ 1/nhóm)
Training/notumor/Tr-no_718.jpg,notumor,ảnh giống hệt (giữ 1/nhóm)
Training/notumor/Tr-no_719.jpg,notumor,"loại thủ công: ảnh CT, không phải MRI"
Training/notumor/Tr-no_72.jpg,notumor,ảnh giống hệt (giữ 1/nhóm)
Training/notumor/Tr-no_720.jpg,notumor,ảnh giống hệt (giữ 1/nhóm)
Training/notumor/Tr-no_722.jpg,notumor,ảnh giống hệt (giữ 1/nhóm)
Training/notumor/Tr-no_723.jpg,notumor,ảnh giống hệt (giữ 1/nhóm)
Training/notumor/Tr-no_724.jpg,notumor,ảnh giống hệt (giữ 1/nhóm)
Training/notumor/Tr-no_725.jpg,notumor,ảnh giống hệt (giữ 1/nhóm)
Training/notumor/Tr-no_728.jpg,notumor,ảnh giống hệt (giữ 1/nhóm)
Training/notumor/Tr-no_73.jpg,notumor,ảnh giống hệt (giữ 1/nhóm)
Training/notumor/Tr-no_730.jpg,notumor,ảnh giống hệt (giữ 1/nhóm)
Training/notumor/Tr-no_731.jpg,notumor,ảnh giống hệt (giữ 1/nhóm)
Training/notumor/Tr-no_733.jpg,notumor,ảnh giống hệt (giữ 1/nhóm)
Training/notumor/Tr-no_734.jpg,notumor,ảnh giống hệt (giữ 1/nhóm)
Training/notumor/Tr-no_736.jpg,notumor,ảnh giống hệt (giữ 1/nhóm)
Training/notumor/Tr-no_737.jpg,notumor,ảnh giống hệt (giữ 1/nhóm)
Training/notumor/Tr-no_738.jpg,notumor,ảnh giống hệt (giữ 1/nhóm)
Training/notumor/Tr-no_739.jpg,notumor,ảnh giống hệt (giữ 1/nhóm)
Training/notumor/Tr-no_74.jpg,notumor,ảnh giống hệt (giữ 1/nhóm)
Training/notumor/Tr-no_740.jpg,notumor,ảnh giống hệt (giữ 1/nhóm)
Training/notumor/Tr-no_741.jpg,notumor,ảnh giống hệt (giữ 1/nhóm)
Training/notumor/Tr-no_742.jpg,notumor,ảnh giống hệt (giữ 1/nhóm)
Training/notumor/Tr-no_744.jpg,notumor,ảnh giống hệt (giữ 1/nhóm)
Training/notumor/Tr-no_748.jpg,notumor,ảnh giống hệt (giữ 1/nhóm)
Training/notumor/Tr-no_749.jpg,notumor,ảnh giống hệt (giữ 1/nhóm)
Training/notumor/Tr-no_75.jpg,notumor,ảnh giống hệt (giữ 1/nhóm)
Training/notumor/Tr-no_751.jpg,notumor,ảnh giống hệt (giữ 1/nhóm)
Training/notumor/Tr-no_752.jpg,notumor,ảnh giống hệt (giữ 1/nhóm)
Training/notumor/Tr-no_753.jpg,notumor,ảnh giống hệt (giữ 1/nhóm)
Training/notumor/Tr-no_755.jpg,notumor,ảnh giống hệt (giữ 1/nhóm)
Training/notumor/Tr-no_756.jpg,notumor,ảnh giống hệt (giữ 1/nhóm)
Training/notumor/Tr-no_757.jpg,notumor,ảnh giống hệt (giữ 1/nhóm)
Training/notumor/Tr-no_759.jpg,notumor,ảnh giống hệt (giữ 1/nhóm)
Training/notumor/Tr-no_760.jpg,notumor,ảnh giống hệt (giữ 1/nhóm)
Training/notumor/Tr-no_761.jpg,notumor,ảnh giống hệt (giữ 1/nhóm)
Training/notumor/Tr-no_762.jpg,notumor,ảnh giống hệt (giữ 1/nhóm)
Training/notumor/Tr-no_764.jpg,notumor,ảnh giống hệt (giữ 1/nhóm)
Training/notumor/Tr-no_765.jpg,notumor,ảnh giống hệt (giữ 1/nhóm)
Training/notumor/Tr-no_767.jpg,notumor,ảnh giống hệt (giữ 1/nhóm)
Training/notumor/Tr-no_770.jpg,notumor,ảnh giống hệt (giữ 1/nhóm)
Training/notumor/Tr-no_771.jpg,notumor,ảnh giống hệt (giữ 1/nhóm)
Training/notumor/Tr-no_772.jpg,notumor,ảnh giống hệt (giữ 1/nhóm)
Training/notumor/Tr-no_773.jpg,notumor,ảnh giống hệt (giữ 1/nhóm)
Training/notumor/Tr-no_774.jpg,notumor,ảnh giống hệt (giữ 1/nhóm)
Training/notumor/Tr-no_775.jpg,notumor,ảnh giống hệt (giữ 1/nhóm)
Training/notumor/Tr-no_778.jpg,notumor,ảnh giống hệt (giữ 1/nhóm)
Training/notumor/Tr-no_779.jpg,notumor,ảnh giống hệt (giữ 1/nhóm)
Training/notumor/Tr-no_78.jpg,notumor,ảnh giống hệt (giữ 1/nhóm)
Training/notumor/Tr-no_780.jpg,notumor,ảnh giống hệt (giữ 1/nhóm)
Training/notumor/Tr-no_781.jpg,notumor,ảnh giống hệt (giữ 1/nhóm)
Training/notumor/Tr-no_784.jpg,notumor,ảnh giống hệt (giữ 1/nhóm)
Training/notumor/Tr-no_785.jpg,notumor,ảnh giống hệt (giữ 1/nhóm)
Training/notumor/Tr-no_786.jpg,notumor,ảnh giống hệt (giữ 1/nhóm)
Training/notumor/Tr-no_787.jpg,notumor,ảnh giống hệt (giữ 1/nhóm)
Training/notumor/Tr-no_788.jpg,notumor,ảnh giống hệt (giữ 1/nhóm)
Training/notumor/Tr-no_789.jpg,notumor,ảnh giống hệt (giữ 1/nhóm)
Training/notumor/Tr-no_79.jpg,notumor,ảnh giống hệt (giữ 1/nhóm)
Training/notumor/Tr-no_791.jpg,notumor,ảnh giống hệt (giữ 1/nhóm)
Training/notumor/Tr-no_794.jpg,notumor,ảnh giống hệt (giữ 1/nhóm)
Training/notumor/Tr-no_795.jpg,notumor,ảnh giống hệt (giữ 1/nhóm)
Training/notumor/Tr-no_797.jpg,notumor,ảnh giống hệt (giữ 1/nhóm)
Training/notumor/Tr-no_798.jpg,notumor,ảnh giống hệt (giữ 1/nhóm)
Training/notumor/Tr-no_799.jpg,notumor,ảnh giống hệt (giữ 1/nhóm)
Training/notumor/Tr-no_8.jpg,notumor,ảnh giống hệt (giữ 1/nhóm)
Training/notumor/Tr-no_80.jpg,notumor,ảnh giống hệt (giữ 1/nhóm)
Training/notumor/Tr-no_803.jpg,notumor,ảnh giống hệt (giữ 1/nhóm)
Training/notumor/Tr-no_804.jpg,notumor,ảnh giống hệt (giữ 1/nhóm)
Training/notumor/Tr-no_805.jpg,notumor,ảnh giống hệt (giữ 1/nhóm)
Training/notumor/Tr-no_807.jpg,notumor,ảnh giống hệt (giữ 1/nhóm)
Training/notumor/Tr-no_808.jpg,notumor,ảnh giống hệt (giữ 1/nhóm)
Training/notumor/Tr-no_81.jpg,notumor,ảnh giống hệt (giữ 1/nhóm)
Training/notumor/Tr-no_810.jpg,notumor,ảnh giống hệt (giữ 1/nhóm)
Training/notumor/Tr-no_811.jpg,notumor,ảnh giống hệt (giữ 1/nhóm)
Training/notumor/Tr-no_812.jpg,notumor,ảnh giống hệt (giữ 1/nhóm)
Training/notumor/Tr-no_813.jpg,notumor,"loại thủ công: ảnh CT, không phải MRI"
Training/notumor/Tr-no_815.jpg,notumor,ảnh giống hệt (giữ 1/nhóm)
Training/notumor/Tr-no_817.jpg,notumor,ảnh giống hệt (giữ 1/nhóm)
Training/notumor/Tr-no_818.jpg,notumor,ảnh giống hệt (giữ 1/nhóm)
Training/notumor/Tr-no_819.jpg,notumor,ảnh giống hệt (giữ 1/nhóm)
Training/notumor/Tr-no_82.jpg,notumor,ảnh giống hệt (giữ 1/nhóm)
Training/notumor/Tr-no_820.jpg,notumor,ảnh giống hệt (giữ 1/nhóm)
Training/notumor/Tr-no_823.jpg,notumor,ảnh giống hệt (giữ 1/nhóm)
Training/notumor/Tr-no_824.jpg,notumor,ảnh giống hệt (giữ 1/nhóm)
Training/notumor/Tr-no_825.jpg,notumor,ảnh giống hệt (giữ 1/nhóm)
Training/notumor/Tr-no_827.jpg,notumor,ảnh giống hệt (giữ 1/nhóm)
Training/notumor/Tr-no_828.jpg,notumor,ảnh giống hệt (giữ 1/nhóm)
Training/notumor/Tr-no_83.jpg,notumor,ảnh giống hệt (giữ 1/nhóm)
Training/notumor/Tr-no_831.jpg,notumor,ảnh giống hệt (giữ 1/nhóm)
Training/notumor/Tr-no_832.jpg,notumor,ảnh giống hệt (giữ 1/nhóm)
Training/notumor/Tr-no_833.jpg,notumor,ảnh giống hệt (giữ 1/nhóm)
Training/notumor/Tr-no_834.jpg,notumor,ảnh giống hệt (giữ 1/nhóm)
Training/notumor/Tr-no_835.jpg,notumor,ảnh giống hệt (giữ 1/nhóm)
Training/notumor/Tr-no_837.jpg,notumor,ảnh giống hệt (giữ 1/nhóm)
Training/notumor/Tr-no_838.jpg,notumor,ảnh giống hệt (giữ 1/nhóm)
Training/notumor/Tr-no_839.jpg,notumor,ảnh giống hệt (giữ 1/nhóm)
Training/notumor/Tr-no_84.jpg,notumor,ảnh giống hệt (giữ 1/nhóm)
Training/notumor/Tr-no_840.jpg,notumor,ảnh giống hệt (giữ 1/nhóm)
Training/notumor/Tr-no_841.jpg,notumor,ảnh giống hệt (giữ 1/nhóm)
Training/notumor/Tr-no_843.jpg,notumor,ảnh giống hệt (giữ 1/nhóm)
Training/notumor/Tr-no_845.jpg,notumor,ảnh giống hệt (giữ 1/nhóm)
Training/notumor/Tr-no_847.jpg,notumor,ảnh giống hệt (giữ 1/nhóm)
Training/notumor/Tr-no_848.jpg,notumor,ảnh giống hệt (giữ 1/nhóm)
Training/notumor/Tr-no_849.jpg,notumor,ảnh giống hệt (giữ 1/nhóm)
Training/notumor/Tr-no_851.jpg,notumor,ảnh giống hệt (giữ 1/nhóm)
Training/notumor/Tr-no_852.jpg,notumor,ảnh giống hệt (giữ 1/nhóm)
Training/notumor/Tr-no_853.jpg,notumor,ảnh giống hệt (giữ 1/nhóm)
Training/notumor/Tr-no_854.jpg,notumor,ảnh giống hệt (giữ 1/nhóm)
Training/notumor/Tr-no_855.jpg,notumor,ảnh giống hệt (giữ 1/nhóm)
Training/notumor/Tr-no_856.jpg,notumor,ảnh giống hệt (giữ 1/nhóm)
Training/notumor/Tr-no_857.jpg,notumor,"loại thủ công: ảnh CT, không phải MRI"
Training/notumor/Tr-no_858.jpg,notumor,ảnh giống hệt (giữ 1/nhóm)
Training/notumor/Tr-no_859.jpg,notumor,ảnh giống hệt (giữ 1/nhóm)
Training/notumor/Tr-no_860.jpg,notumor,loại thủ công (bản trùng): notumor nhưng thấy rõ tổn thương
Training/notumor/Tr-no_861.jpg,notumor,ảnh giống hệt (giữ 1/nhóm)
Training/notumor/Tr-no_862.jpg,notumor,ảnh giống hệt (giữ 1/nhóm)
Training/notumor/Tr-no_863.jpg,notumor,ảnh giống hệt (giữ 1/nhóm)
Training/notumor/Tr-no_864.jpg,notumor,ảnh giống hệt (giữ 1/nhóm)
Training/notumor/Tr-no_865.jpg,notumor,ảnh giống hệt (giữ 1/nhóm)
Training/notumor/Tr-no_866.jpg,notumor,ảnh giống hệt (giữ 1/nhóm)
Training/notumor/Tr-no_867.jpg,notumor,ảnh giống hệt (giữ 1/nhóm)
Training/notumor/Tr-no_868.jpg,notumor,ảnh giống hệt (giữ 1/nhóm)
Training/notumor/Tr-no_87.jpg,notumor,ảnh giống hệt (giữ 1/nhóm)
Training/notumor/Tr-no_870.jpg,notumor,ảnh giống hệt (giữ 1/nhóm)
Training/notumor/Tr-no_873.jpg,notumor,ảnh giống hệt (giữ 1/nhóm)
Training/notumor/Tr-no_874.jpg,notumor,ảnh giống hệt (giữ 1/nhóm)
Training/notumor/Tr-no_875.jpg,notumor,ảnh giống hệt (giữ 1/nhóm)
Training/notumor/Tr-no_876.jpg,notumor,ảnh giống hệt (giữ 1/nhóm)
Training/notumor/Tr-no_877.jpg,notumor,ảnh giống hệt (giữ 1/nhóm)
Training/notumor/Tr-no_878.jpg,notumor,ảnh giống hệt (giữ 1/nhóm)
Training/notumor/Tr-no_88.jpg,notumor,ảnh giống hệt (giữ 1/nhóm)
Training/notumor/Tr-no_882.jpg,notumor,ảnh giống hệt (giữ 1/nhóm)
Training/notumor/Tr-no_885.jpg,notumor,ảnh giống hệt (giữ 1/nhóm)
Training/notumor/Tr-no_888.jpg,notumor,ảnh giống hệt (giữ 1/nhóm)
Training/notumor/Tr-no_889.jpg,notumor,ảnh giống hệt (giữ 1/nhóm)
Training/notumor/Tr-no_890.jpg,notumor,ảnh giống hệt (giữ 1/nhóm)
Training/notumor/Tr-no_892.jpg,notumor,ảnh giống hệt (giữ 1/nhóm)
Training/notumor/Tr-no_893.jpg,notumor,ảnh giống hệt (giữ 1/nhóm)
Training/notumor/Tr-no_895.jpg,notumor,ảnh giống hệt (giữ 1/nhóm)
Training/notumor/Tr-no_896.jpg,notumor,ảnh giống hệt (giữ 1/nhóm)
Training/notumor/Tr-no_90.jpg,notumor,"loại thủ công: ảnh CT, không phải MRI"
Training/notumor/Tr-no_901.jpg,notumor,ảnh giống hệt (giữ 1/nhóm)
Training/notumor/Tr-no_902.jpg,notumor,ảnh giống hệt (giữ 1/nhóm)
Training/notumor/Tr-no_903.jpg,notumor,ảnh giống hệt (giữ 1/nhóm)
Training/notumor/Tr-no_904.jpg,notumor,ảnh giống hệt (giữ 1/nhóm)
Training/notumor/Tr-no_906.jpg,notumor,ảnh giống hệt (giữ 1/nhóm)
Training/notumor/Tr-no_908.jpg,notumor,ảnh giống hệt (giữ 1/nhóm)
Training/notumor/Tr-no_909.jpg,notumor,ảnh giống hệt (giữ 1/nhóm)
Training/notumor/Tr-no_91.jpg,notumor,ảnh giống hệt (giữ 1/nhóm)
Training/notumor/Tr-no_910.jpg,notumor,ảnh giống hệt (giữ 1/nhóm)
Training/notumor/Tr-no_911.jpg,notumor,"loại thủ công (bản trùng): ảnh CT, không phải MRI"
Training/notumor/Tr-no_912.jpg,notumor,ảnh giống hệt (giữ 1/nhóm)
Training/notumor/Tr-no_914.jpg,notumor,ảnh giống hệt (giữ 1/nhóm)
Training/notumor/Tr-no_916.jpg,notumor,ảnh giống hệt (giữ 1/nhóm)
Training/notumor/Tr-no_917.jpg,notumor,ảnh giống hệt (giữ 1/nhóm)
Training/notumor/Tr-no_918.jpg,notumor,ảnh giống hệt (giữ 1/nhóm)
Training/notumor/Tr-no_919.jpg,notumor,ảnh giống hệt (giữ 1/nhóm)
Training/notumor/Tr-no_92.jpg,notumor,ảnh giống hệt (giữ 1/nhóm)
Training/notumor/Tr-no_920.jpg,notumor,ảnh giống hệt (giữ 1/nhóm)
Training/notumor/Tr-no_921.jpg,notumor,ảnh giống hệt (giữ 1/nhóm)
Training/notumor/Tr-no_923.jpg,notumor,ảnh giống hệt (giữ 1/nhóm)
Training/notumor/Tr-no_924.jpg,notumor,ảnh giống hệt (giữ 1/nhóm)
Training/notumor/Tr-no_925.jpg,notumor,ảnh giống hệt (giữ 1/nhóm)
Training/notumor/Tr-no_926.jpg,notumor,ảnh giống hệt (giữ 1/nhóm)
Training/notumor/Tr-no_928.jpg,notumor,ảnh giống hệt (giữ 1/nhóm)
Training/notumor/Tr-no_929.jpg,notumor,ảnh giống hệt (giữ 1/nhóm)
Training/notumor/Tr-no_93.jpg,notumor,"loại thủ công (bản trùng): ảnh CT, không phải MRI"
Training/notumor/Tr-no_931.jpg,notumor,ảnh giống hệt (giữ 1/nhóm)
Training/notumor/Tr-no_932.jpg,notumor,ảnh giống hệt (giữ 1/nhóm)
Training/notumor/Tr-no_935.jpg,notumor,ảnh giống hệt (giữ 1/nhóm)
Training/notumor/Tr-no_936.jpg,notumor,ảnh giống hệt (giữ 1/nhóm)
Training/notumor/Tr-no_937.jpg,notumor,ảnh giống hệt (giữ 1/nhóm)
Training/notumor/Tr-no_939.jpg,notumor,ảnh giống hệt (giữ 1/nhóm)
Training/notumor/Tr-no_94.jpg,notumor,ảnh giống hệt (giữ 1/nhóm)
Training/notumor/Tr-no_941.jpg,notumor,ảnh giống hệt (giữ 1/nhóm)
Training/notumor/Tr-no_944.jpg,notumor,ảnh giống hệt (giữ 1/nhóm)
Training/notumor/Tr-no_946.jpg,notumor,"loại thủ công (bản trùng): ảnh CT, không phải MRI"
Training/notumor/Tr-no_947.jpg,notumor,ảnh giống hệt (giữ 1/nhóm)
Training/notumor/Tr-no_948.jpg,notumor,ảnh giống hệt (giữ 1/nhóm)
Training/notumor/Tr-no_950.jpg,notumor,ảnh giống hệt (giữ 1/nhóm)
Training/notumor/Tr-no_951.jpg,notumor,ảnh giống hệt (giữ 1/nhóm)
Training/notumor/Tr-no_955.jpg,notumor,ảnh giống hệt (giữ 1/nhóm)
Training/notumor/Tr-no_958.jpg,notumor,ảnh giống hệt (giữ 1/nhóm)
Training/notumor/Tr-no_959.jpg,notumor,"loại thủ công: ảnh CT, không phải MRI"
Training/notumor/Tr-no_96.jpg,notumor,ảnh giống hệt (giữ 1/nhóm)
Training/notumor/Tr-no_962.jpg,notumor,ảnh giống hệt (giữ 1/nhóm)
Training/notumor/Tr-no_963.jpg,notumor,ảnh giống hệt (giữ 1/nhóm)
Training/notumor/Tr-no_964.jpg,notumor,ảnh giống hệt (giữ 1/nhóm)
Training/notumor/Tr-no_966.jpg,notumor,loại thủ công (bản trùng): notumor nhưng thấy rõ tổn thương
Training/notumor/Tr-no_967.jpg,notumor,ảnh giống hệt (giữ 1/nhóm)
Training/notumor/Tr-no_969.jpg,notumor,ảnh giống hệt (giữ 1/nhóm)
Training/notumor/Tr-no_97.jpg,notumor,ảnh giống hệt (giữ 1/nhóm)
Training/notumor/Tr-no_970.jpg,notumor,ảnh giống hệt (giữ 1/nhóm)
Training/notumor/Tr-no_971.jpg,notumor,ảnh giống hệt (giữ 1/nhóm)
Training/notumor/Tr-no_972.jpg,notumor,ảnh giống hệt (giữ 1/nhóm)
Training/notumor/Tr-no_974.jpg,notumor,ảnh giống hệt (giữ 1/nhóm)
Training/notumor/Tr-no_975.jpg,notumor,ảnh giống hệt (giữ 1/nhóm)
Training/notumor/Tr-no_976.jpg,notumor,ảnh giống hệt (giữ 1/nhóm)
Training/notumor/Tr-no_98.jpg,notumor,ảnh giống hệt (giữ 1/nhóm)
Training/notumor/Tr-no_980.jpg,notumor,ảnh giống hệt (giữ 1/nhóm)
Training/notumor/Tr-no_981.jpg,notumor,ảnh giống hệt (giữ 1/nhóm)
Training/notumor/Tr-no_982.jpg,notumor,ảnh giống hệt (giữ 1/nhóm)
Training/notumor/Tr-no_984.jpg,notumor,ảnh giống hệt (giữ 1/nhóm)
Training/notumor/Tr-no_985.jpg,notumor,ảnh giống hệt (giữ 1/nhóm)
Training/notumor/Tr-no_986.jpg,notumor,ảnh giống hệt (giữ 1/nhóm)
Training/notumor/Tr-no_987.jpg,notumor,ảnh giống hệt (giữ 1/nhóm)
Training/notumor/Tr-no_989.jpg,notumor,ảnh giống hệt (giữ 1/nhóm)
Training/notumor/Tr-no_990.jpg,notumor,ảnh giống hệt (giữ 1/nhóm)
Training/notumor/Tr-no_991.jpg,notumor,ảnh giống hệt (giữ 1/nhóm)
Training/notumor/Tr-no_992.jpg,notumor,ảnh giống hệt (giữ 1/nhóm)
Training/notumor/Tr-no_993.jpg,notumor,loại thủ công: notumor nhưng thấy rõ tổn thương
Training/notumor/Tr-no_994.jpg,notumor,ảnh giống hệt (giữ 1/nhóm)
Training/notumor/Tr-no_995.jpg,notumor,ảnh giống hệt (giữ 1/nhóm)
Training/notumor/Tr-no_996.jpg,notumor,ảnh giống hệt (giữ 1/nhóm)
Training/notumor/Tr-no_999.jpg,notumor,ảnh giống hệt (giữ 1/nhóm)
Training/pituitary/Tr-pi_1003.jpg,pituitary,ảnh giống hệt (giữ 1/nhóm)
Training/pituitary/Tr-pi_1004.jpg,pituitary,ảnh giống hệt (giữ 1/nhóm)
Training/pituitary/Tr-pi_1008.jpg,pituitary,ảnh giống hệt (giữ 1/nhóm)
Training/pituitary/Tr-pi_1009.jpg,pituitary,ảnh giống hệt (giữ 1/nhóm)
Training/pituitary/Tr-pi_101.jpg,pituitary,ảnh giống hệt (giữ 1/nhóm)
Training/pituitary/Tr-pi_1012.jpg,pituitary,ảnh giống hệt (giữ 1/nhóm)
Training/pituitary/Tr-pi_1013.jpg,pituitary,ảnh giống hệt (giữ 1/nhóm)
Training/pituitary/Tr-pi_1014.jpg,pituitary,ảnh giống hệt (giữ 1/nhóm)
Training/pituitary/Tr-pi_1015.jpg,pituitary,ảnh giống hệt (giữ 1/nhóm)
Training/pituitary/Tr-pi_1019.jpg,pituitary,ảnh giống hệt (giữ 1/nhóm)
Training/pituitary/Tr-pi_1021.jpg,pituitary,ảnh giống hệt (giữ 1/nhóm)
Training/pituitary/Tr-pi_1022.jpg,pituitary,ảnh giống hệt (giữ 1/nhóm)
Training/pituitary/Tr-pi_1023.jpg,pituitary,nhóm giống nhau khác lớp
Training/pituitary/Tr-pi_1025.jpg,pituitary,ảnh giống hệt (giữ 1/nhóm)
Training/pituitary/Tr-pi_1029.jpg,pituitary,ảnh giống hệt (giữ 1/nhóm)
Training/pituitary/Tr-pi_1030.jpg,pituitary,ảnh giống hệt (giữ 1/nhóm)
Training/pituitary/Tr-pi_1031.jpg,pituitary,ảnh giống hệt (giữ 1/nhóm)
Training/pituitary/Tr-pi_1032.jpg,pituitary,ảnh giống hệt (giữ 1/nhóm)
Training/pituitary/Tr-pi_1035.jpg,pituitary,ảnh giống hệt (giữ 1/nhóm)
Training/pituitary/Tr-pi_1036.jpg,pituitary,ảnh giống hệt (giữ 1/nhóm)
Training/pituitary/Tr-pi_1037.jpg,pituitary,ảnh giống hệt (giữ 1/nhóm)
Training/pituitary/Tr-pi_104.jpg,pituitary,ảnh giống hệt (giữ 1/nhóm)
Training/pituitary/Tr-pi_1040.jpg,pituitary,ảnh giống hệt (giữ 1/nhóm)
Training/pituitary/Tr-pi_1042.jpg,pituitary,ảnh giống hệt (giữ 1/nhóm)
Training/pituitary/Tr-pi_1043.jpg,pituitary,ảnh giống hệt (giữ 1/nhóm)
Training/pituitary/Tr-pi_1044.jpg,pituitary,ảnh giống hệt (giữ 1/nhóm)
Training/pituitary/Tr-pi_1048.jpg,pituitary,ảnh giống hệt (giữ 1/nhóm)
Training/pituitary/Tr-pi_1050.jpg,pituitary,ảnh giống hệt (giữ 1/nhóm)
Training/pituitary/Tr-pi_1051.jpg,pituitary,ảnh giống hệt (giữ 1/nhóm)
Training/pituitary/Tr-pi_1052.jpg,pituitary,ảnh giống hệt (giữ 1/nhóm)
Training/pituitary/Tr-pi_1053.jpg,pituitary,ảnh giống hệt (giữ 1/nhóm)
Training/pituitary/Tr-pi_1057.jpg,pituitary,ảnh giống hệt (giữ 1/nhóm)
Training/pituitary/Tr-pi_1058.jpg,pituitary,ảnh giống hệt (giữ 1/nhóm)
Training/pituitary/Tr-pi_1060.jpg,pituitary,ảnh giống hệt (giữ 1/nhóm)
Training/pituitary/Tr-pi_1065.jpg,pituitary,ảnh giống hệt (giữ 1/nhóm)
Training/pituitary/Tr-pi_1066.jpg,pituitary,ảnh giống hệt (giữ 1/nhóm)
Training/pituitary/Tr-pi_1068.jpg,pituitary,ảnh giống hệt (giữ 1/nhóm)
Training/pituitary/Tr-pi_1070.jpg,pituitary,ảnh giống hệt (giữ 1/nhóm)
Training/pituitary/Tr-pi_1071.jpg,pituitary,nhóm giống nhau khác lớp
Training/pituitary/Tr-pi_1075.jpg,pituitary,ảnh giống hệt (giữ 1/nhóm)
Training/pituitary/Tr-pi_1076.jpg,pituitary,ảnh giống hệt (giữ 1/nhóm)
Training/pituitary/Tr-pi_1078.jpg,pituitary,ảnh giống hệt (giữ 1/nhóm)
Training/pituitary/Tr-pi_1081.jpg,pituitary,ảnh giống hệt (giữ 1/nhóm)
Training/pituitary/Tr-pi_1084.jpg,pituitary,ảnh giống hệt (giữ 1/nhóm)
Training/pituitary/Tr-pi_1092.jpg,pituitary,ảnh giống hệt (giữ 1/nhóm)
Training/pituitary/Tr-pi_1096.jpg,pituitary,ảnh giống hệt (giữ 1/nhóm)
Training/pituitary/Tr-pi_1098.jpg,pituitary,nhóm giống nhau khác lớp
Training/pituitary/Tr-pi_1103.jpg,pituitary,ảnh giống hệt (giữ 1/nhóm)
Training/pituitary/Tr-pi_1105.jpg,pituitary,ảnh giống hệt (giữ 1/nhóm)
Training/pituitary/Tr-pi_1108.jpg,pituitary,ảnh giống hệt (giữ 1/nhóm)
Training/pituitary/Tr-pi_111.jpg,pituitary,ảnh giống hệt (giữ 1/nhóm)
Training/pituitary/Tr-pi_1110.jpg,pituitary,ảnh giống hệt (giữ 1/nhóm)
Training/pituitary/Tr-pi_1111.jpg,pituitary,ảnh giống hệt (giữ 1/nhóm)
Training/pituitary/Tr-pi_1115.jpg,pituitary,ảnh giống hệt (giữ 1/nhóm)
Training/pituitary/Tr-pi_1116.jpg,pituitary,ảnh giống hệt (giữ 1/nhóm)
Training/pituitary/Tr-pi_1123.jpg,pituitary,ảnh giống hệt (giữ 1/nhóm)
Training/pituitary/Tr-pi_1124.jpg,pituitary,ảnh giống hệt (giữ 1/nhóm)
Training/pituitary/Tr-pi_1125.jpg,pituitary,ảnh giống hệt (giữ 1/nhóm)
Training/pituitary/Tr-pi_1127.jpg,pituitary,ảnh giống hệt (giữ 1/nhóm)
Training/pituitary/Tr-pi_1129.jpg,pituitary,ảnh giống hệt (giữ 1/nhóm)
Training/pituitary/Tr-pi_1130.jpg,pituitary,ảnh giống hệt (giữ 1/nhóm)
Training/pituitary/Tr-pi_1131.jpg,pituitary,ảnh giống hệt (giữ 1/nhóm)
Training/pituitary/Tr-pi_1133.jpg,pituitary,nhóm giống nhau khác lớp
Training/pituitary/Tr-pi_1135.jpg,pituitary,ảnh giống hệt (giữ 1/nhóm)
Training/pituitary/Tr-pi_1142.jpg,pituitary,ảnh giống hệt (giữ 1/nhóm)
Training/pituitary/Tr-pi_1143.jpg,pituitary,ảnh giống hệt (giữ 1/nhóm)
Training/pituitary/Tr-pi_1145.jpg,pituitary,ảnh giống hệt (giữ 1/nhóm)
Training/pituitary/Tr-pi_115.jpg,pituitary,ảnh giống hệt (giữ 1/nhóm)
Training/pituitary/Tr-pi_1155.jpg,pituitary,nhóm giống nhau khác lớp
Training/pituitary/Tr-pi_1157.jpg,pituitary,ảnh giống hệt (giữ 1/nhóm)
Training/pituitary/Tr-pi_1163.jpg,pituitary,ảnh giống hệt (giữ 1/nhóm)
Training/pituitary/Tr-pi_1164.jpg,pituitary,ảnh giống hệt (giữ 1/nhóm)
Training/pituitary/Tr-pi_1165.jpg,pituitary,ảnh giống hệt (giữ 1/nhóm)
Training/pituitary/Tr-pi_1166.jpg,pituitary,ảnh giống hệt (giữ 1/nhóm)
Training/pituitary/Tr-pi_1169.jpg,pituitary,ảnh giống hệt (giữ 1/nhóm)
Training/pituitary/Tr-pi_117.jpg,pituitary,ảnh giống hệt (giữ 1/nhóm)
Training/pituitary/Tr-pi_1170.jpg,pituitary,ảnh giống hệt (giữ 1/nhóm)
Training/pituitary/Tr-pi_1172.jpg,pituitary,ảnh giống hệt (giữ 1/nhóm)
Training/pituitary/Tr-pi_1175.jpg,pituitary,ảnh giống hệt (giữ 1/nhóm)
Training/pituitary/Tr-pi_1176.jpg,pituitary,ảnh giống hệt (giữ 1/nhóm)
Training/pituitary/Tr-pi_1177.jpg,pituitary,ảnh giống hệt (giữ 1/nhóm)
Training/pituitary/Tr-pi_1178.jpg,pituitary,ảnh giống hệt (giữ 1/nhóm)
Training/pituitary/Tr-pi_1179.jpg,pituitary,ảnh giống hệt (giữ 1/nhóm)
Training/pituitary/Tr-pi_1180.jpg,pituitary,ảnh giống hệt (giữ 1/nhóm)
Training/pituitary/Tr-pi_1183.jpg,pituitary,ảnh giống hệt (giữ 1/nhóm)
Training/pituitary/Tr-pi_1184.jpg,pituitary,ảnh giống hệt (giữ 1/nhóm)
Training/pituitary/Tr-pi_1187.jpg,pituitary,ảnh giống hệt (giữ 1/nhóm)
Training/pituitary/Tr-pi_1191.jpg,pituitary,ảnh giống hệt (giữ 1/nhóm)
Training/pituitary/Tr-pi_1192.jpg,pituitary,ảnh giống hệt (giữ 1/nhóm)
Training/pituitary/Tr-pi_1194.jpg,pituitary,ảnh giống hệt (giữ 1/nhóm)
Training/pituitary/Tr-pi_1195.jpg,pituitary,ảnh giống hệt (giữ 1/nhóm)
Training/pituitary/Tr-pi_1196.jpg,pituitary,ảnh giống hệt (giữ 1/nhóm)
Training/pituitary/Tr-pi_1198.jpg,pituitary,ảnh giống hệt (giữ 1/nhóm)
Training/pituitary/Tr-pi_12.jpg,pituitary,ảnh giống hệt (giữ 1/nhóm)
Training/pituitary/Tr-pi_1200.jpg,pituitary,ảnh giống hệt (giữ 1/nhóm)
Training/pituitary/Tr-pi_1201.jpg,pituitary,ảnh giống hệt (giữ 1/nhóm)
Training/pituitary/Tr-pi_1205.jpg,pituitary,ảnh giống hệt (giữ 1/nhóm)
Training/pituitary/Tr-pi_1206.jpg,pituitary,ảnh giống hệt (giữ 1/nhóm)
Training/pituitary/Tr-pi_1207.jpg,pituitary,nhóm giống nhau khác lớp
Training/pituitary/Tr-pi_1210.jpg,pituitary,ảnh giống hệt (giữ 1/nhóm)
Training/pituitary/Tr-pi_1211.jpg,pituitary,ảnh giống hệt (giữ 1/nhóm)
Training/pituitary/Tr-pi_1213.jpg,pituitary,ảnh giống hệt (giữ 1/nhóm)
Training/pituitary/Tr-pi_1216.jpg,pituitary,ảnh giống hệt (giữ 1/nhóm)
Training/pituitary/Tr-pi_1219.jpg,pituitary,ảnh giống hệt (giữ 1/nhóm)
Training/pituitary/Tr-pi_122.jpg,pituitary,ảnh giống hệt (giữ 1/nhóm)
Training/pituitary/Tr-pi_1220.jpg,pituitary,ảnh giống hệt (giữ 1/nhóm)
Training/pituitary/Tr-pi_1225.jpg,pituitary,ảnh giống hệt (giữ 1/nhóm)
Training/pituitary/Tr-pi_1226.jpg,pituitary,ảnh giống hệt (giữ 1/nhóm)
Training/pituitary/Tr-pi_1229.jpg,pituitary,ảnh giống hệt (giữ 1/nhóm)
Training/pituitary/Tr-pi_123.jpg,pituitary,ảnh giống hệt (giữ 1/nhóm)
Training/pituitary/Tr-pi_1232.jpg,pituitary,ảnh giống hệt (giữ 1/nhóm)
Training/pituitary/Tr-pi_1234.jpg,pituitary,ảnh giống hệt (giữ 1/nhóm)
Training/pituitary/Tr-pi_1235.jpg,pituitary,ảnh giống hệt (giữ 1/nhóm)
Training/pituitary/Tr-pi_1236.jpg,pituitary,ảnh giống hệt (giữ 1/nhóm)
Training/pituitary/Tr-pi_1238.jpg,pituitary,ảnh giống hệt (giữ 1/nhóm)
Training/pituitary/Tr-pi_1239.jpg,pituitary,ảnh giống hệt (giữ 1/nhóm)
Training/pituitary/Tr-pi_1257.jpg,pituitary,ảnh giống hệt (giữ 1/nhóm)
Training/pituitary/Tr-pi_126.jpg,pituitary,ảnh giống hệt (giữ 1/nhóm)
Training/pituitary/Tr-pi_1261.jpg,pituitary,ảnh giống hệt (giữ 1/nhóm)
Training/pituitary/Tr-pi_1265.jpg,pituitary,ảnh giống hệt (giữ 1/nhóm)
Training/pituitary/Tr-pi_1267.jpg,pituitary,ảnh giống hệt (giữ 1/nhóm)
Training/pituitary/Tr-pi_1269.jpg,pituitary,ảnh giống hệt (giữ 1/nhóm)
Training/pituitary/Tr-pi_1270.jpg,pituitary,ảnh giống hệt (giữ 1/nhóm)
Training/pituitary/Tr-pi_1273.jpg,pituitary,ảnh giống hệt (giữ 1/nhóm)
Training/pituitary/Tr-pi_1274.jpg,pituitary,ảnh giống hệt (giữ 1/nhóm)
Training/pituitary/Tr-pi_1277.jpg,pituitary,ảnh giống hệt (giữ 1/nhóm)
Training/pituitary/Tr-pi_1278.jpg,pituitary,ảnh giống hệt (giữ 1/nhóm)
Training/pituitary/Tr-pi_1279.jpg,pituitary,ảnh giống hệt (giữ 1/nhóm)
Training/pituitary/Tr-pi_128.jpg,pituitary,ảnh giống hệt (giữ 1/nhóm)
Training/pituitary/Tr-pi_1288.jpg,pituitary,ảnh giống hệt (giữ 1/nhóm)
Training/pituitary/Tr-pi_1289.jpg,pituitary,ảnh giống hệt (giữ 1/nhóm)
Training/pituitary/Tr-pi_1290.jpg,pituitary,ảnh giống hệt (giữ 1/nhóm)
Training/pituitary/Tr-pi_1293.jpg,pituitary,ảnh giống hệt (giữ 1/nhóm)
Training/pituitary/Tr-pi_1296.jpg,pituitary,ảnh giống hệt (giữ 1/nhóm)
Training/pituitary/Tr-pi_1297.jpg,pituitary,ảnh giống hệt (giữ 1/nhóm)
Training/pituitary/Tr-pi_1299.jpg,pituitary,ảnh giống hệt (giữ 1/nhóm)
Training/pituitary/Tr-pi_130.jpg,pituitary,ảnh giống hệt (giữ 1/nhóm)
Training/pituitary/Tr-pi_1306.jpg,pituitary,ảnh giống hệt (giữ 1/nhóm)
Training/pituitary/Tr-pi_1307.jpg,pituitary,ảnh giống hệt (giữ 1/nhóm)
Training/pituitary/Tr-pi_1309.jpg,pituitary,nhóm giống nhau khác lớp
Training/pituitary/Tr-pi_1310.jpg,pituitary,ảnh giống hệt (giữ 1/nhóm)
Training/pituitary/Tr-pi_1311.jpg,pituitary,ảnh giống hệt (giữ 1/nhóm)
Training/pituitary/Tr-pi_1313.jpg,pituitary,ảnh giống hệt (giữ 1/nhóm)
Training/pituitary/Tr-pi_1314.jpg,pituitary,ảnh giống hệt (giữ 1/nhóm)
Training/pituitary/Tr-pi_1317.jpg,pituitary,ảnh giống hệt (giữ 1/nhóm)
Training/pituitary/Tr-pi_1318.jpg,pituitary,ảnh giống hệt (giữ 1/nhóm)
Training/pituitary/Tr-pi_1319.jpg,pituitary,ảnh giống hệt (giữ 1/nhóm)
Training/pituitary/Tr-pi_1320.jpg,pituitary,nhóm giống nhau khác lớp
Training/pituitary/Tr-pi_1328.jpg,pituitary,ảnh giống hệt (giữ 1/nhóm)
Training/pituitary/Tr-pi_1333.jpg,pituitary,ảnh giống hệt (giữ 1/nhóm)
Training/pituitary/Tr-pi_1339.jpg,pituitary,ảnh giống hệt (giữ 1/nhóm)
Training/pituitary/Tr-pi_134.jpg,pituitary,ảnh giống hệt (giữ 1/nhóm)
Training/pituitary/Tr-pi_1341.jpg,pituitary,ảnh giống hệt (giữ 1/nhóm)
Training/pituitary/Tr-pi_1347.jpg,pituitary,ảnh giống hệt (giữ 1/nhóm)
Training/pituitary/Tr-pi_1350.jpg,pituitary,ảnh giống hệt (giữ 1/nhóm)
Training/pituitary/Tr-pi_1351.jpg,pituitary,ảnh giống hệt (giữ 1/nhóm)
Training/pituitary/Tr-pi_1352.jpg,pituitary,ảnh giống hệt (giữ 1/nhóm)
Training/pituitary/Tr-pi_1354.jpg,pituitary,ảnh giống hệt (giữ 1/nhóm)
Training/pituitary/Tr-pi_1357.jpg,pituitary,ảnh giống hệt (giữ 1/nhóm)
Training/pituitary/Tr-pi_1371.jpg,pituitary,ảnh giống hệt (giữ 1/nhóm)
Training/pituitary/Tr-pi_1374.jpg,pituitary,ảnh giống hệt (giữ 1/nhóm)
Training/pituitary/Tr-pi_1376.jpg,pituitary,ảnh giống hệt (giữ 1/nhóm)
Training/pituitary/Tr-pi_1378.jpg,pituitary,ảnh giống hệt (giữ 1/nhóm)
Training/pituitary/Tr-pi_1379.jpg,pituitary,ảnh giống hệt (giữ 1/nhóm)
Training/pituitary/Tr-pi_1380.jpg,pituitary,nhóm giống nhau khác lớp
Training/pituitary/Tr-pi_1383.jpg,pituitary,ảnh giống hệt (giữ 1/nhóm)
Training/pituitary/Tr-pi_1389.jpg,pituitary,ảnh giống hệt (giữ 1/nhóm)
Training/pituitary/Tr-pi_1390.jpg,pituitary,ảnh giống hệt (giữ 1/nhóm)
Training/pituitary/Tr-pi_1393.jpg,pituitary,ảnh giống hệt (giữ 1/nhóm)
Training/pituitary/Tr-pi_1395.jpg,pituitary,ảnh giống hệt (giữ 1/nhóm)
Training/pituitary/Tr-pi_1398.jpg,pituitary,ảnh giống hệt (giữ 1/nhóm)
Training/pituitary/Tr-pi_143.jpg,pituitary,ảnh giống hệt (giữ 1/nhóm)
Training/pituitary/Tr-pi_144.jpg,pituitary,ảnh giống hệt (giữ 1/nhóm)
Training/pituitary/Tr-pi_145.jpg,pituitary,ảnh giống hệt (giữ 1/nhóm)
Training/pituitary/Tr-pi_146.jpg,pituitary,ảnh giống hệt (giữ 1/nhóm)
Training/pituitary/Tr-pi_148.jpg,pituitary,ảnh giống hệt (giữ 1/nhóm)
Training/pituitary/Tr-pi_149.jpg,pituitary,ảnh giống hệt (giữ 1/nhóm)
Training/pituitary/Tr-pi_150.jpg,pituitary,ảnh giống hệt (giữ 1/nhóm)
Training/pituitary/Tr-pi_151.jpg,pituitary,ảnh giống hệt (giữ 1/nhóm)
Training/pituitary/Tr-pi_152.jpg,pituitary,ảnh giống hệt (giữ 1/nhóm)
Training/pituitary/Tr-pi_153.jpg,pituitary,ảnh giống hệt (giữ 1/nhóm)
Training/pituitary/Tr-pi_156.jpg,pituitary,ảnh giống hệt (giữ 1/nhóm)
Training/pituitary/Tr-pi_158.jpg,pituitary,ảnh giống hệt (giữ 1/nhóm)
Training/pituitary/Tr-pi_160.jpg,pituitary,ảnh giống hệt (giữ 1/nhóm)
Training/pituitary/Tr-pi_169.jpg,pituitary,ảnh giống hệt (giữ 1/nhóm)
Training/pituitary/Tr-pi_170.jpg,pituitary,ảnh giống hệt (giữ 1/nhóm)
Training/pituitary/Tr-pi_171.jpg,pituitary,ảnh giống hệt (giữ 1/nhóm)
Training/pituitary/Tr-pi_175.jpg,pituitary,ảnh giống hệt (giữ 1/nhóm)
Training/pituitary/Tr-pi_177.jpg,pituitary,ảnh giống hệt (giữ 1/nhóm)
Training/pituitary/Tr-pi_18.jpg,pituitary,ảnh giống hệt (giữ 1/nhóm)
Training/pituitary/Tr-pi_180.jpg,pituitary,ảnh giống hệt (giữ 1/nhóm)
Training/pituitary/Tr-pi_182.jpg,pituitary,ảnh giống hệt (giữ 1/nhóm)
Training/pituitary/Tr-pi_183.jpg,pituitary,ảnh giống hệt (giữ 1/nhóm)
Training/pituitary/Tr-pi_188.jpg,pituitary,ảnh giống hệt (giữ 1/nhóm)
Training/pituitary/Tr-pi_192.jpg,pituitary,ảnh giống hệt (giữ 1/nhóm)
Training/pituitary/Tr-pi_195.jpg,pituitary,ảnh giống hệt (giữ 1/nhóm)
Training/pituitary/Tr-pi_197.jpg,pituitary,ảnh giống hệt (giữ 1/nhóm)
Training/pituitary/Tr-pi_198.jpg,pituitary,ảnh giống hệt (giữ 1/nhóm)
Training/pituitary/Tr-pi_2.jpg,pituitary,ảnh giống hệt (giữ 1/nhóm)
Training/pituitary/Tr-pi_20.jpg,pituitary,ảnh giống hệt (giữ 1/nhóm)
Training/pituitary/Tr-pi_202.jpg,pituitary,ảnh giống hệt (giữ 1/nhóm)
Training/pituitary/Tr-pi_206.jpg,pituitary,ảnh giống hệt (giữ 1/nhóm)
Training/pituitary/Tr-pi_207.jpg,pituitary,ảnh giống hệt (giữ 1/nhóm)
Training/pituitary/Tr-pi_208.jpg,pituitary,ảnh giống hệt (giữ 1/nhóm)
Training/pituitary/Tr-pi_211.jpg,pituitary,ảnh giống hệt (giữ 1/nhóm)
Training/pituitary/Tr-pi_213.jpg,pituitary,ảnh giống hệt (giữ 1/nhóm)
Training/pituitary/Tr-pi_214.jpg,pituitary,ảnh giống hệt (giữ 1/nhóm)
Training/pituitary/Tr-pi_217.jpg,pituitary,ảnh giống hệt (giữ 1/nhóm)
Training/pituitary/Tr-pi_218.jpg,pituitary,ảnh giống hệt (giữ 1/nhóm)
Training/pituitary/Tr-pi_227.jpg,pituitary,ảnh giống hệt (giữ 1/nhóm)
Training/pituitary/Tr-pi_23.jpg,pituitary,ảnh giống hệt (giữ 1/nhóm)
Training/pituitary/Tr-pi_230.jpg,pituitary,ảnh giống hệt (giữ 1/nhóm)
Training/pituitary/Tr-pi_234.jpg,pituitary,ảnh giống hệt (giữ 1/nhóm)
Training/pituitary/Tr-pi_238.jpg,pituitary,ảnh giống hệt (giữ 1/nhóm)
Training/pituitary/Tr-pi_239.jpg,pituitary,ảnh giống hệt (giữ 1/nhóm)
Training/pituitary/Tr-pi_249.jpg,pituitary,ảnh giống hệt (giữ 1/nhóm)
Training/pituitary/Tr-pi_250.jpg,pituitary,ảnh giống hệt (giữ 1/nhóm)
Training/pituitary/Tr-pi_251.jpg,pituitary,ảnh giống hệt (giữ 1/nhóm)
Training/pituitary/Tr-pi_255.jpg,pituitary,ảnh giống hệt (giữ 1/nhóm)
Training/pituitary/Tr-pi_256.jpg,pituitary,ảnh giống hệt (giữ 1/nhóm)
Training/pituitary/Tr-pi_261.jpg,pituitary,nhóm giống nhau khác lớp
Training/pituitary/Tr-pi_262.jpg,pituitary,ảnh giống hệt (giữ 1/nhóm)
Training/pituitary/Tr-pi_266.jpg,pituitary,ảnh giống hệt (giữ 1/nhóm)
Training/pituitary/Tr-pi_27.jpg,pituitary,ảnh giống hệt (giữ 1/nhóm)
Training/pituitary/Tr-pi_270.jpg,pituitary,ảnh giống hệt (giữ 1/nhóm)
Training/pituitary/Tr-pi_273.jpg,pituitary,ảnh giống hệt (giữ 1/nhóm)
Training/pituitary/Tr-pi_280.jpg,pituitary,ảnh giống hệt (giữ 1/nhóm)
Training/pituitary/Tr-pi_281.jpg,pituitary,ảnh giống hệt (giữ 1/nhóm)
Training/pituitary/Tr-pi_282.jpg,pituitary,ảnh giống hệt (giữ 1/nhóm)
Training/pituitary/Tr-pi_283.jpg,pituitary,ảnh giống hệt (giữ 1/nhóm)
Training/pituitary/Tr-pi_284.jpg,pituitary,ảnh giống hệt (giữ 1/nhóm)
Training/pituitary/Tr-pi_289.jpg,pituitary,ảnh giống hệt (giữ 1/nhóm)
Training/pituitary/Tr-pi_290.jpg,pituitary,ảnh giống hệt (giữ 1/nhóm)
Training/pituitary/Tr-pi_296.jpg,pituitary,ảnh giống hệt (giữ 1/nhóm)
Training/pituitary/Tr-pi_297.jpg,pituitary,ảnh giống hệt (giữ 1/nhóm)
Training/pituitary/Tr-pi_3.jpg,pituitary,ảnh giống hệt (giữ 1/nhóm)
Training/pituitary/Tr-pi_300.jpg,pituitary,ảnh giống hệt (giữ 1/nhóm)
Training/pituitary/Tr-pi_306.jpg,pituitary,ảnh giống hệt (giữ 1/nhóm)
Training/pituitary/Tr-pi_309.jpg,pituitary,ảnh giống hệt (giữ 1/nhóm)
Training/pituitary/Tr-pi_312.jpg,pituitary,ảnh giống hệt (giữ 1/nhóm)
Training/pituitary/Tr-pi_317.jpg,pituitary,ảnh giống hệt (giữ 1/nhóm)
Training/pituitary/Tr-pi_319.jpg,pituitary,ảnh giống hệt (giữ 1/nhóm)
Training/pituitary/Tr-pi_32.jpg,pituitary,ảnh giống hệt (giữ 1/nhóm)
Training/pituitary/Tr-pi_320.jpg,pituitary,ảnh giống hệt (giữ 1/nhóm)
Training/pituitary/Tr-pi_324.jpg,pituitary,ảnh giống hệt (giữ 1/nhóm)
Training/pituitary/Tr-pi_327.jpg,pituitary,ảnh giống hệt (giữ 1/nhóm)
Training/pituitary/Tr-pi_328.jpg,pituitary,ảnh giống hệt (giữ 1/nhóm)
Training/pituitary/Tr-pi_329.jpg,pituitary,ảnh giống hệt (giữ 1/nhóm)
Training/pituitary/Tr-pi_332.jpg,pituitary,ảnh giống hệt (giữ 1/nhóm)
Training/pituitary/Tr-pi_335.jpg,pituitary,ảnh giống hệt (giữ 1/nhóm)
Training/pituitary/Tr-pi_337.jpg,pituitary,ảnh giống hệt (giữ 1/nhóm)
Training/pituitary/Tr-pi_338.jpg,pituitary,ảnh giống hệt (giữ 1/nhóm)
Training/pituitary/Tr-pi_344.jpg,pituitary,ảnh giống hệt (giữ 1/nhóm)
Training/pituitary/Tr-pi_345.jpg,pituitary,ảnh giống hệt (giữ 1/nhóm)
Training/pituitary/Tr-pi_349.jpg,pituitary,ảnh giống hệt (giữ 1/nhóm)
Training/pituitary/Tr-pi_350.jpg,pituitary,ảnh giống hệt (giữ 1/nhóm)
Training/pituitary/Tr-pi_353.jpg,pituitary,ảnh giống hệt (giữ 1/nhóm)
Training/pituitary/Tr-pi_354.jpg,pituitary,ảnh giống hệt (giữ 1/nhóm)
Training/pituitary/Tr-pi_355.jpg,pituitary,ảnh giống hệt (giữ 1/nhóm)
Training/pituitary/Tr-pi_358.jpg,pituitary,ảnh giống hệt (giữ 1/nhóm)
Training/pituitary/Tr-pi_359.jpg,pituitary,ảnh giống hệt (giữ 1/nhóm)
Training/pituitary/Tr-pi_361.jpg,pituitary,ảnh giống hệt (giữ 1/nhóm)
Training/pituitary/Tr-pi_362.jpg,pituitary,ảnh giống hệt (giữ 1/nhóm)
Training/pituitary/Tr-pi_363.jpg,pituitary,ảnh giống hệt (giữ 1/nhóm)
Training/pituitary/Tr-pi_366.jpg,pituitary,ảnh giống hệt (giữ 1/nhóm)
Training/pituitary/Tr-pi_369.jpg,pituitary,ảnh giống hệt (giữ 1/nhóm)
Training/pituitary/Tr-pi_371.jpg,pituitary,ảnh giống hệt (giữ 1/nhóm)
Training/pituitary/Tr-pi_373.jpg,pituitary,ảnh giống hệt (giữ 1/nhóm)
Training/pituitary/Tr-pi_375.jpg,pituitary,ảnh giống hệt (giữ 1/nhóm)
Training/pituitary/Tr-pi_384.jpg,pituitary,ảnh giống hệt (giữ 1/nhóm)
Training/pituitary/Tr-pi_385.jpg,pituitary,ảnh giống hệt (giữ 1/nhóm)
Training/pituitary/Tr-pi_387.jpg,pituitary,ảnh giống hệt (giữ 1/nhóm)
Training/pituitary/Tr-pi_390.jpg,pituitary,ảnh giống hệt (giữ 1/nhóm)
Training/pituitary/Tr-pi_397.jpg,pituitary,ảnh giống hệt (giữ 1/nhóm)
Training/pituitary/Tr-pi_399.jpg,pituitary,ảnh giống hệt (giữ 1/nhóm)
Training/pituitary/Tr-pi_4.jpg,pituitary,ảnh giống hệt (giữ 1/nhóm)
Training/pituitary/Tr-pi_40.jpg,pituitary,ảnh giống hệt (giữ 1/nhóm)
Training/pituitary/Tr-pi_400.jpg,pituitary,ảnh giống hệt (giữ 1/nhóm)
Training/pituitary/Tr-pi_401.jpg,pituitary,ảnh giống hệt (giữ 1/nhóm)
Training/pituitary/Tr-pi_402.jpg,pituitary,ảnh giống hệt (giữ 1/nhóm)
Training/pituitary/Tr-pi_404.jpg,pituitary,ảnh giống hệt (giữ 1/nhóm)
Training/pituitary/Tr-pi_41.jpg,pituitary,ảnh giống hệt (giữ 1/nhóm)
Training/pituitary/Tr-pi_411.jpg,pituitary,ảnh giống hệt (giữ 1/nhóm)
Training/pituitary/Tr-pi_417.jpg,pituitary,ảnh giống hệt (giữ 1/nhóm)
Training/pituitary/Tr-pi_418.jpg,pituitary,ảnh giống hệt (giữ 1/nhóm)
Training/pituitary/Tr-pi_419.jpg,pituitary,ảnh giống hệt (giữ 1/nhóm)
Training/pituitary/Tr-pi_420.jpg,pituitary,ảnh giống hệt (giữ 1/nhóm)
Training/pituitary/Tr-pi_421.jpg,pituitary,ảnh giống hệt (giữ 1/nhóm)
Training/pituitary/Tr-pi_422.jpg,pituitary,ảnh giống hệt (giữ 1/nhóm)
Training/pituitary/Tr-pi_423.jpg,pituitary,ảnh giống hệt (giữ 1/nhóm)
Training/pituitary/Tr-pi_424.jpg,pituitary,ảnh giống hệt (giữ 1/nhóm)
Training/pituitary/Tr-pi_427.jpg,pituitary,ảnh giống hệt (giữ 1/nhóm)
Training/pituitary/Tr-pi_429.jpg,pituitary,ảnh giống hệt (giữ 1/nhóm)
Training/pituitary/Tr-pi_43.jpg,pituitary,ảnh giống hệt (giữ 1/nhóm)
Training/pituitary/Tr-pi_430.jpg,pituitary,ảnh giống hệt (giữ 1/nhóm)
Training/pituitary/Tr-pi_431.jpg,pituitary,ảnh giống hệt (giữ 1/nhóm)
Training/pituitary/Tr-pi_432.jpg,pituitary,ảnh giống hệt (giữ 1/nhóm)
Training/pituitary/Tr-pi_436.jpg,pituitary,ảnh giống hệt (giữ 1/nhóm)
Training/pituitary/Tr-pi_437.jpg,pituitary,ảnh giống hệt (giữ 1/nhóm)
Training/pituitary/Tr-pi_442.jpg,pituitary,ảnh giống hệt (giữ 1/nhóm)
Training/pituitary/Tr-pi_448.jpg,pituitary,ảnh giống hệt (giữ 1/nhóm)
Training/pituitary/Tr-pi_453.jpg,pituitary,ảnh giống hệt (giữ 1/nhóm)
Training/pituitary/Tr-pi_455.jpg,pituitary,ảnh giống hệt (giữ 1/nhóm)
Training/pituitary/Tr-pi_456.jpg,pituitary,ảnh giống hệt (giữ 1/nhóm)
Training/pituitary/Tr-pi_461.jpg,pituitary,ảnh giống hệt (giữ 1/nhóm)
Training/pituitary/Tr-pi_462.jpg,pituitary,ảnh giống hệt (giữ 1/nhóm)
Training/pituitary/Tr-pi_465.jpg,pituitary,ảnh giống hệt (giữ 1/nhóm)
Training/pituitary/Tr-pi_466.jpg,pituitary,ảnh giống hệt (giữ 1/nhóm)
Training/pituitary/Tr-pi_468.jpg,pituitary,ảnh giống hệt (giữ 1/nhóm)
Training/pituitary/Tr-pi_472.jpg,pituitary,ảnh giống hệt (giữ 1/nhóm)
Training/pituitary/Tr-pi_476.jpg,pituitary,ảnh giống hệt (giữ 1/nhóm)
Training/pituitary/Tr-pi_479.jpg,pituitary,ảnh giống hệt (giữ 1/nhóm)
Training/pituitary/Tr-pi_48.jpg,pituitary,ảnh giống hệt (giữ 1/nhóm)
Training/pituitary/Tr-pi_482.jpg,pituitary,ảnh giống hệt (giữ 1/nhóm)
Training/pituitary/Tr-pi_484.jpg,pituitary,ảnh giống hệt (giữ 1/nhóm)
Training/pituitary/Tr-pi_485.jpg,pituitary,ảnh giống hệt (giữ 1/nhóm)
Training/pituitary/Tr-pi_487.jpg,pituitary,ảnh giống hệt (giữ 1/nhóm)
Training/pituitary/Tr-pi_489.jpg,pituitary,ảnh giống hệt (giữ 1/nhóm)
Training/pituitary/Tr-pi_49.jpg,pituitary,ảnh giống hệt (giữ 1/nhóm)
Training/pituitary/Tr-pi_491.jpg,pituitary,ảnh giống hệt (giữ 1/nhóm)
Training/pituitary/Tr-pi_495.jpg,pituitary,ảnh giống hệt (giữ 1/nhóm)
Training/pituitary/Tr-pi_497.jpg,pituitary,ảnh giống hệt (giữ 1/nhóm)
Training/pituitary/Tr-pi_498.jpg,pituitary,ảnh giống hệt (giữ 1/nhóm)
Training/pituitary/Tr-pi_499.jpg,pituitary,ảnh giống hệt (giữ 1/nhóm)
Training/pituitary/Tr-pi_5.jpg,pituitary,ảnh giống hệt (giữ 1/nhóm)
Training/pituitary/Tr-pi_503.jpg,pituitary,ảnh giống hệt (giữ 1/nhóm)
Training/pituitary/Tr-pi_504.jpg,pituitary,ảnh giống hệt (giữ 1/nhóm)
Training/pituitary/Tr-pi_508.jpg,pituitary,ảnh giống hệt (giữ 1/nhóm)
Training/pituitary/Tr-pi_511.jpg,pituitary,ảnh giống hệt (giữ 1/nhóm)
Training/pituitary/Tr-pi_512.jpg,pituitary,ảnh giống hệt (giữ 1/nhóm)
Training/pituitary/Tr-pi_514.jpg,pituitary,ảnh giống hệt (giữ 1/nhóm)
Training/pituitary/Tr-pi_515.jpg,pituitary,ảnh giống hệt (giữ 1/nhóm)
Training/pituitary/Tr-pi_516.jpg,pituitary,ảnh giống hệt (giữ 1/nhóm)
Training/pituitary/Tr-pi_518.jpg,pituitary,ảnh giống hệt (giữ 1/nhóm)
Training/pituitary/Tr-pi_519.jpg,pituitary,ảnh giống hệt (giữ 1/nhóm)
Training/pituitary/Tr-pi_52.jpg,pituitary,ảnh giống hệt (giữ 1/nhóm)
Training/pituitary/Tr-pi_520.jpg,pituitary,ảnh giống hệt (giữ 1/nhóm)
Training/pituitary/Tr-pi_521.jpg,pituitary,ảnh giống hệt (giữ 1/nhóm)
Training/pituitary/Tr-pi_522.jpg,pituitary,ảnh giống hệt (giữ 1/nhóm)
Training/pituitary/Tr-pi_524.jpg,pituitary,ảnh giống hệt (giữ 1/nhóm)
Training/pituitary/Tr-pi_525.jpg,pituitary,ảnh giống hệt (giữ 1/nhóm)
Training/pituitary/Tr-pi_527.jpg,pituitary,ảnh giống hệt (giữ 1/nhóm)
Training/pituitary/Tr-pi_528.jpg,pituitary,ảnh giống hệt (giữ 1/nhóm)
Training/pituitary/Tr-pi_529.jpg,pituitary,ảnh giống hệt (giữ 1/nhóm)
Training/pituitary/Tr-pi_531.jpg,pituitary,ảnh giống hệt (giữ 1/nhóm)
Training/pituitary/Tr-pi_533.jpg,pituitary,ảnh giống hệt (giữ 1/nhóm)
Training/pituitary/Tr-pi_538.jpg,pituitary,ảnh giống hệt (giữ 1/nhóm)
Training/pituitary/Tr-pi_544.jpg,pituitary,ảnh giống hệt (giữ 1/nhóm)
Training/pituitary/Tr-pi_547.jpg,pituitary,ảnh giống hệt (giữ 1/nhóm)
Training/pituitary/Tr-pi_55.jpg,pituitary,ảnh giống hệt (giữ 1/nhóm)
Training/pituitary/Tr-pi_555.jpg,pituitary,ảnh giống hệt (giữ 1/nhóm)
Training/pituitary/Tr-pi_557.jpg,pituitary,ảnh giống hệt (giữ 1/nhóm)
Training/pituitary/Tr-pi_558.jpg,pituitary,ảnh giống hệt (giữ 1/nhóm)
Training/pituitary/Tr-pi_56.jpg,pituitary,ảnh giống hệt (giữ 1/nhóm)
Training/pituitary/Tr-pi_560.jpg,pituitary,ảnh giống hệt (giữ 1/nhóm)
Training/pituitary/Tr-pi_564.jpg,pituitary,ảnh giống hệt (giữ 1/nhóm)
Training/pituitary/Tr-pi_57.jpg,pituitary,ảnh giống hệt (giữ 1/nhóm)
Training/pituitary/Tr-pi_570.jpg,pituitary,ảnh giống hệt (giữ 1/nhóm)
Training/pituitary/Tr-pi_572.jpg,pituitary,ảnh giống hệt (giữ 1/nhóm)
Training/pituitary/Tr-pi_573.jpg,pituitary,ảnh giống hệt (giữ 1/nhóm)
Training/pituitary/Tr-pi_574.jpg,pituitary,ảnh giống hệt (giữ 1/nhóm)
Training/pituitary/Tr-pi_577.jpg,pituitary,ảnh giống hệt (giữ 1/nhóm)
Training/pituitary/Tr-pi_580.jpg,pituitary,ảnh giống hệt (giữ 1/nhóm)
Training/pituitary/Tr-pi_583.jpg,pituitary,ảnh giống hệt (giữ 1/nhóm)
Training/pituitary/Tr-pi_587.jpg,pituitary,ảnh giống hệt (giữ 1/nhóm)
Training/pituitary/Tr-pi_592.jpg,pituitary,ảnh giống hệt (giữ 1/nhóm)
Training/pituitary/Tr-pi_595.jpg,pituitary,ảnh giống hệt (giữ 1/nhóm)
Training/pituitary/Tr-pi_596.jpg,pituitary,ảnh giống hệt (giữ 1/nhóm)
Training/pituitary/Tr-pi_597.jpg,pituitary,ảnh giống hệt (giữ 1/nhóm)
Training/pituitary/Tr-pi_60.jpg,pituitary,ảnh giống hệt (giữ 1/nhóm)
Training/pituitary/Tr-pi_603.jpg,pituitary,ảnh giống hệt (giữ 1/nhóm)
Training/pituitary/Tr-pi_604.jpg,pituitary,ảnh giống hệt (giữ 1/nhóm)
Training/pituitary/Tr-pi_610.jpg,pituitary,ảnh giống hệt (giữ 1/nhóm)
Training/pituitary/Tr-pi_611.jpg,pituitary,ảnh giống hệt (giữ 1/nhóm)
Training/pituitary/Tr-pi_613.jpg,pituitary,ảnh giống hệt (giữ 1/nhóm)
Training/pituitary/Tr-pi_614.jpg,pituitary,ảnh giống hệt (giữ 1/nhóm)
Training/pituitary/Tr-pi_615.jpg,pituitary,ảnh giống hệt (giữ 1/nhóm)
Training/pituitary/Tr-pi_616.jpg,pituitary,ảnh giống hệt (giữ 1/nhóm)
Training/pituitary/Tr-pi_620.jpg,pituitary,ảnh giống hệt (giữ 1/nhóm)
Training/pituitary/Tr-pi_621.jpg,pituitary,ảnh giống hệt (giữ 1/nhóm)
Training/pituitary/Tr-pi_622.jpg,pituitary,ảnh giống hệt (giữ 1/nhóm)
Training/pituitary/Tr-pi_627.jpg,pituitary,ảnh giống hệt (giữ 1/nhóm)
Training/pituitary/Tr-pi_628.jpg,pituitary,ảnh giống hệt (giữ 1/nhóm)
Training/pituitary/Tr-pi_630.jpg,pituitary,ảnh giống hệt (giữ 1/nhóm)
Training/pituitary/Tr-pi_631.jpg,pituitary,ảnh giống hệt (giữ 1/nhóm)
Training/pituitary/Tr-pi_633.jpg,pituitary,ảnh giống hệt (giữ 1/nhóm)
Training/pituitary/Tr-pi_634.jpg,pituitary,ảnh giống hệt (giữ 1/nhóm)
Training/pituitary/Tr-pi_64.jpg,pituitary,ảnh giống hệt (giữ 1/nhóm)
Training/pituitary/Tr-pi_643.jpg,pituitary,ảnh giống hệt (giữ 1/nhóm)
Training/pituitary/Tr-pi_645.jpg,pituitary,ảnh giống hệt (giữ 1/nhóm)
Training/pituitary/Tr-pi_651.jpg,pituitary,ảnh giống hệt (giữ 1/nhóm)
Training/pituitary/Tr-pi_653.jpg,pituitary,ảnh giống hệt (giữ 1/nhóm)
Training/pituitary/Tr-pi_654.jpg,pituitary,ảnh giống hệt (giữ 1/nhóm)
Training/pituitary/Tr-pi_655.jpg,pituitary,ảnh giống hệt (giữ 1/nhóm)
Training/pituitary/Tr-pi_657.jpg,pituitary,ảnh giống hệt (giữ 1/nhóm)
Training/pituitary/Tr-pi_66.jpg,pituitary,ảnh giống hệt (giữ 1/nhóm)
Training/pituitary/Tr-pi_660.jpg,pituitary,ảnh giống hệt (giữ 1/nhóm)
Training/pituitary/Tr-pi_661.jpg,pituitary,ảnh giống hệt (giữ 1/nhóm)
Training/pituitary/Tr-pi_662.jpg,pituitary,ảnh giống hệt (giữ 1/nhóm)
Training/pituitary/Tr-pi_664.jpg,pituitary,ảnh giống hệt (giữ 1/nhóm)
Training/pituitary/Tr-pi_665.jpg,pituitary,ảnh giống hệt (giữ 1/nhóm)
Training/pituitary/Tr-pi_666.jpg,pituitary,ảnh giống hệt (giữ 1/nhóm)
Training/pituitary/Tr-pi_667.jpg,pituitary,ảnh giống hệt (giữ 1/nhóm)
Training/pituitary/Tr-pi_668.jpg,pituitary,ảnh giống hệt (giữ 1/nhóm)
Training/pituitary/Tr-pi_67.jpg,pituitary,ảnh giống hệt (giữ 1/nhóm)
Training/pituitary/Tr-pi_670.jpg,pituitary,ảnh giống hệt (giữ 1/nhóm)
Training/pituitary/Tr-pi_672.jpg,pituitary,ảnh giống hệt (giữ 1/nhóm)
Training/pituitary/Tr-pi_673.jpg,pituitary,ảnh giống hệt (giữ 1/nhóm)
Training/pituitary/Tr-pi_675.jpg,pituitary,ảnh giống hệt (giữ 1/nhóm)
Training/pituitary/Tr-pi_680.jpg,pituitary,ảnh giống hệt (giữ 1/nhóm)
Training/pituitary/Tr-pi_682.jpg,pituitary,ảnh giống hệt (giữ 1/nhóm)
Training/pituitary/Tr-pi_684.jpg,pituitary,ảnh giống hệt (giữ 1/nhóm)
Training/pituitary/Tr-pi_690.jpg,pituitary,ảnh giống hệt (giữ 1/nhóm)
Training/pituitary/Tr-pi_691.jpg,pituitary,ảnh giống hệt (giữ 1/nhóm)
Training/pituitary/Tr-pi_692.jpg,pituitary,ảnh giống hệt (giữ 1/nhóm)
Training/pituitary/Tr-pi_695.jpg,pituitary,ảnh giống hệt (giữ 1/nhóm)
Training/pituitary/Tr-pi_698.jpg,pituitary,ảnh giống hệt (giữ 1/nhóm)
Training/pituitary/Tr-pi_700.jpg,pituitary,ảnh giống hệt (giữ 1/nhóm)
Training/pituitary/Tr-pi_704.jpg,pituitary,ảnh giống hệt (giữ 1/nhóm)
Training/pituitary/Tr-pi_705.jpg,pituitary,ảnh giống hệt (giữ 1/nhóm)
Training/pituitary/Tr-pi_706.jpg,pituitary,ảnh giống hệt (giữ 1/nhóm)
Training/pituitary/Tr-pi_707.jpg,pituitary,ảnh giống hệt (giữ 1/nhóm)
Training/pituitary/Tr-pi_708.jpg,pituitary,ảnh giống hệt (giữ 1/nhóm)
Training/pituitary/Tr-pi_710.jpg,pituitary,ảnh giống hệt (giữ 1/nhóm)
Training/pituitary/Tr-pi_712.jpg,pituitary,ảnh giống hệt (giữ 1/nhóm)
Training/pituitary/Tr-pi_713.jpg,pituitary,ảnh giống hệt (giữ 1/nhóm)
Training/pituitary/Tr-pi_714.jpg,pituitary,ảnh giống hệt (giữ 1/nhóm)
Training/pituitary/Tr-pi_719.jpg,pituitary,ảnh giống hệt (giữ 1/nhóm)
Training/pituitary/Tr-pi_721.jpg,pituitary,ảnh giống hệt (giữ 1/nhóm)
Training/pituitary/Tr-pi_724.jpg,pituitary,ảnh giống hệt (giữ 1/nhóm)
Training/pituitary/Tr-pi_725.jpg,pituitary,ảnh giống hệt (giữ 1/nhóm)
Training/pituitary/Tr-pi_727.jpg,pituitary,ảnh giống hệt (giữ 1/nhóm)
Training/pituitary/Tr-pi_729.jpg,pituitary,ảnh giống hệt (giữ 1/nhóm)
Training/pituitary/Tr-pi_737.jpg,pituitary,ảnh giống hệt (giữ 1/nhóm)
Training/pituitary/Tr-pi_738.jpg,pituitary,ảnh giống hệt (giữ 1/nhóm)
Training/pituitary/Tr-pi_74.jpg,pituitary,ảnh giống hệt (giữ 1/nhóm)
Training/pituitary/Tr-pi_745.jpg,pituitary,ảnh giống hệt (giữ 1/nhóm)
Training/pituitary/Tr-pi_75.jpg,pituitary,ảnh giống hệt (giữ 1/nhóm)
Training/pituitary/Tr-pi_750.jpg,pituitary,ảnh giống hệt (giữ 1/nhóm)
Training/pituitary/Tr-pi_752.jpg,pituitary,ảnh giống hệt (giữ 1/nhóm)
Training/pituitary/Tr-pi_753.jpg,pituitary,ảnh giống hệt (giữ 1/nhóm)
Training/pituitary/Tr-pi_754.jpg,pituitary,ảnh giống hệt (giữ 1/nhóm)
Training/pituitary/Tr-pi_756.jpg,pituitary,ảnh giống hệt (giữ 1/nhóm)
Training/pituitary/Tr-pi_759.jpg,pituitary,ảnh giống hệt (giữ 1/nhóm)
Training/pituitary/Tr-pi_761.jpg,pituitary,ảnh giống hệt (giữ 1/nhóm)
Training/pituitary/Tr-pi_762.jpg,pituitary,ảnh giống hệt (giữ 1/nhóm)
Training/pituitary/Tr-pi_763.jpg,pituitary,ảnh giống hệt (giữ 1/nhóm)
Training/pituitary/Tr-pi_765.jpg,pituitary,ảnh giống hệt (giữ 1/nhóm)
Training/pituitary/Tr-pi_766.jpg,pituitary,ảnh giống hệt (giữ 1/nhóm)
Training/pituitary/Tr-pi_768.jpg,pituitary,ảnh giống hệt (giữ 1/nhóm)
Training/pituitary/Tr-pi_77.jpg,pituitary,ảnh giống hệt (giữ 1/nhóm)
Training/pituitary/Tr-pi_770.jpg,pituitary,ảnh giống hệt (giữ 1/nhóm)
Training/pituitary/Tr-pi_772.jpg,pituitary,ảnh giống hệt (giữ 1/nhóm)
Training/pituitary/Tr-pi_773.jpg,pituitary,ảnh giống hệt (giữ 1/nhóm)
Training/pituitary/Tr-pi_775.jpg,pituitary,ảnh giống hệt (giữ 1/nhóm)
Training/pituitary/Tr-pi_776.jpg,pituitary,ảnh giống hệt (giữ 1/nhóm)
Training/pituitary/Tr-pi_778.jpg,pituitary,ảnh giống hệt (giữ 1/nhóm)
Training/pituitary/Tr-pi_780.jpg,pituitary,ảnh giống hệt (giữ 1/nhóm)
Training/pituitary/Tr-pi_782.jpg,pituitary,ảnh giống hệt (giữ 1/nhóm)
Training/pituitary/Tr-pi_783.jpg,pituitary,ảnh giống hệt (giữ 1/nhóm)
Training/pituitary/Tr-pi_789.jpg,pituitary,ảnh giống hệt (giữ 1/nhóm)
Training/pituitary/Tr-pi_793.jpg,pituitary,ảnh giống hệt (giữ 1/nhóm)
Training/pituitary/Tr-pi_794.jpg,pituitary,ảnh giống hệt (giữ 1/nhóm)
Training/pituitary/Tr-pi_8.jpg,pituitary,ảnh giống hệt (giữ 1/nhóm)
Training/pituitary/Tr-pi_800.jpg,pituitary,ảnh giống hệt (giữ 1/nhóm)
Training/pituitary/Tr-pi_802.jpg,pituitary,ảnh giống hệt (giữ 1/nhóm)
Training/pituitary/Tr-pi_806.jpg,pituitary,ảnh giống hệt (giữ 1/nhóm)
Training/pituitary/Tr-pi_808.jpg,pituitary,ảnh giống hệt (giữ 1/nhóm)
Training/pituitary/Tr-pi_810.jpg,pituitary,ảnh giống hệt (giữ 1/nhóm)
Training/pituitary/Tr-pi_812.jpg,pituitary,ảnh giống hệt (giữ 1/nhóm)
Training/pituitary/Tr-pi_813.jpg,pituitary,ảnh giống hệt (giữ 1/nhóm)
Training/pituitary/Tr-pi_815.jpg,pituitary,ảnh giống hệt (giữ 1/nhóm)
Training/pituitary/Tr-pi_826.jpg,pituitary,ảnh giống hệt (giữ 1/nhóm)
Training/pituitary/Tr-pi_827.jpg,pituitary,ảnh giống hệt (giữ 1/nhóm)
Training/pituitary/Tr-pi_828.jpg,pituitary,ảnh giống hệt (giữ 1/nhóm)
Training/pituitary/Tr-pi_832.jpg,pituitary,ảnh giống hệt (giữ 1/nhóm)
Training/pituitary/Tr-pi_834.jpg,pituitary,ảnh giống hệt (giữ 1/nhóm)
Training/pituitary/Tr-pi_835.jpg,pituitary,ảnh giống hệt (giữ 1/nhóm)
Training/pituitary/Tr-pi_836.jpg,pituitary,ảnh giống hệt (giữ 1/nhóm)
Training/pituitary/Tr-pi_839.jpg,pituitary,ảnh giống hệt (giữ 1/nhóm)
Training/pituitary/Tr-pi_841.jpg,pituitary,ảnh giống hệt (giữ 1/nhóm)
Training/pituitary/Tr-pi_844.jpg,pituitary,ảnh giống hệt (giữ 1/nhóm)
Training/pituitary/Tr-pi_845.jpg,pituitary,ảnh giống hệt (giữ 1/nhóm)
Training/pituitary/Tr-pi_847.jpg,pituitary,ảnh giống hệt (giữ 1/nhóm)
Training/pituitary/Tr-pi_848.jpg,pituitary,ảnh giống hệt (giữ 1/nhóm)
Training/pituitary/Tr-pi_849.jpg,pituitary,ảnh giống hệt (giữ 1/nhóm)
Training/pituitary/Tr-pi_851.jpg,pituitary,ảnh giống hệt (giữ 1/nhóm)
Training/pituitary/Tr-pi_857.jpg,pituitary,ảnh giống hệt (giữ 1/nhóm)
Training/pituitary/Tr-pi_859.jpg,pituitary,ảnh giống hệt (giữ 1/nhóm)
Training/pituitary/Tr-pi_86.jpg,pituitary,ảnh giống hệt (giữ 1/nhóm)
Training/pituitary/Tr-pi_861.jpg,pituitary,ảnh giống hệt (giữ 1/nhóm)
Training/pituitary/Tr-pi_863.jpg,pituitary,ảnh giống hệt (giữ 1/nhóm)
Training/pituitary/Tr-pi_864.jpg,pituitary,ảnh giống hệt (giữ 1/nhóm)
Training/pituitary/Tr-pi_866.jpg,pituitary,ảnh giống hệt (giữ 1/nhóm)
Training/pituitary/Tr-pi_869.jpg,pituitary,ảnh giống hệt (giữ 1/nhóm)
Training/pituitary/Tr-pi_872.jpg,pituitary,ảnh giống hệt (giữ 1/nhóm)
Training/pituitary/Tr-pi_874.jpg,pituitary,ảnh giống hệt (giữ 1/nhóm)
Training/pituitary/Tr-pi_876.jpg,pituitary,ảnh giống hệt (giữ 1/nhóm)
Training/pituitary/Tr-pi_877.jpg,pituitary,ảnh giống hệt (giữ 1/nhóm)
Training/pituitary/Tr-pi_878.jpg,pituitary,ảnh giống hệt (giữ 1/nhóm)
Training/pituitary/Tr-pi_879.jpg,pituitary,ảnh giống hệt (giữ 1/nhóm)
Training/pituitary/Tr-pi_883.jpg,pituitary,ảnh giống hệt (giữ 1/nhóm)
Training/pituitary/Tr-pi_884.jpg,pituitary,ảnh giống hệt (giữ 1/nhóm)
Training/pituitary/Tr-pi_885.jpg,pituitary,ảnh giống hệt (giữ 1/nhóm)
Training/pituitary/Tr-pi_887.jpg,pituitary,ảnh giống hệt (giữ 1/nhóm)
Training/pituitary/Tr-pi_890.jpg,pituitary,ảnh giống hệt (giữ 1/nhóm)
Training/pituitary/Tr-pi_892.jpg,pituitary,ảnh giống hệt (giữ 1/nhóm)
Training/pituitary/Tr-pi_894.jpg,pituitary,ảnh giống hệt (giữ 1/nhóm)
Training/pituitary/Tr-pi_898.jpg,pituitary,ảnh giống hệt (giữ 1/nhóm)
Training/pituitary/Tr-pi_9.jpg,pituitary,ảnh giống hệt (giữ 1/nhóm)
Training/pituitary/Tr-pi_90.jpg,pituitary,ảnh giống hệt (giữ 1/nhóm)
Training/pituitary/Tr-pi_901.jpg,pituitary,ảnh giống hệt (giữ 1/nhóm)
Training/pituitary/Tr-pi_903.jpg,pituitary,ảnh giống hệt (giữ 1/nhóm)
Training/pituitary/Tr-pi_905.jpg,pituitary,ảnh giống hệt (giữ 1/nhóm)
Training/pituitary/Tr-pi_907.jpg,pituitary,ảnh giống hệt (giữ 1/nhóm)
Training/pituitary/Tr-pi_908.jpg,pituitary,ảnh giống hệt (giữ 1/nhóm)
Training/pituitary/Tr-pi_909.jpg,pituitary,ảnh giống hệt (giữ 1/nhóm)
Training/pituitary/Tr-pi_91.jpg,pituitary,nhóm giống nhau khác lớp
Training/pituitary/Tr-pi_911.jpg,pituitary,ảnh giống hệt (giữ 1/nhóm)
Training/pituitary/Tr-pi_912.jpg,pituitary,ảnh giống hệt (giữ 1/nhóm)
Training/pituitary/Tr-pi_915.jpg,pituitary,ảnh giống hệt (giữ 1/nhóm)
Training/pituitary/Tr-pi_916.jpg,pituitary,ảnh giống hệt (giữ 1/nhóm)
Training/pituitary/Tr-pi_919.jpg,pituitary,ảnh giống hệt (giữ 1/nhóm)
Training/pituitary/Tr-pi_92.jpg,pituitary,ảnh giống hệt (giữ 1/nhóm)
Training/pituitary/Tr-pi_924.jpg,pituitary,ảnh giống hệt (giữ 1/nhóm)
Training/pituitary/Tr-pi_927.jpg,pituitary,ảnh giống hệt (giữ 1/nhóm)
Training/pituitary/Tr-pi_928.jpg,pituitary,ảnh giống hệt (giữ 1/nhóm)
Training/pituitary/Tr-pi_930.jpg,pituitary,ảnh giống hệt (giữ 1/nhóm)
Training/pituitary/Tr-pi_931.jpg,pituitary,ảnh giống hệt (giữ 1/nhóm)
Training/pituitary/Tr-pi_932.jpg,pituitary,ảnh giống hệt (giữ 1/nhóm)
Training/pituitary/Tr-pi_933.jpg,pituitary,ảnh giống hệt (giữ 1/nhóm)
Training/pituitary/Tr-pi_934.jpg,pituitary,ảnh giống hệt (giữ 1/nhóm)
Training/pituitary/Tr-pi_935.jpg,pituitary,ảnh giống hệt (giữ 1/nhóm)
Training/pituitary/Tr-pi_94.jpg,pituitary,ảnh giống hệt (giữ 1/nhóm)
Training/pituitary/Tr-pi_943.jpg,pituitary,ảnh giống hệt (giữ 1/nhóm)
Training/pituitary/Tr-pi_944.jpg,pituitary,ảnh giống hệt (giữ 1/nhóm)
Training/pituitary/Tr-pi_945.jpg,pituitary,ảnh giống hệt (giữ 1/nhóm)
Training/pituitary/Tr-pi_956.jpg,pituitary,ảnh giống hệt (giữ 1/nhóm)
Training/pituitary/Tr-pi_959.jpg,pituitary,ảnh giống hệt (giữ 1/nhóm)
Training/pituitary/Tr-pi_96.jpg,pituitary,ảnh giống hệt (giữ 1/nhóm)
Training/pituitary/Tr-pi_960.jpg,pituitary,ảnh giống hệt (giữ 1/nhóm)
Training/pituitary/Tr-pi_961.jpg,pituitary,ảnh giống hệt (giữ 1/nhóm)
Training/pituitary/Tr-pi_962.jpg,pituitary,ảnh giống hệt (giữ 1/nhóm)
Training/pituitary/Tr-pi_964.jpg,pituitary,ảnh giống hệt (giữ 1/nhóm)
Training/pituitary/Tr-pi_966.jpg,pituitary,ảnh giống hệt (giữ 1/nhóm)
Training/pituitary/Tr-pi_967.jpg,pituitary,ảnh giống hệt (giữ 1/nhóm)
Training/pituitary/Tr-pi_968.jpg,pituitary,ảnh giống hệt (giữ 1/nhóm)
Training/pituitary/Tr-pi_969.jpg,pituitary,ảnh giống hệt (giữ 1/nhóm)
Training/pituitary/Tr-pi_97.jpg,pituitary,ảnh giống hệt (giữ 1/nhóm)
Training/pituitary/Tr-pi_972.jpg,pituitary,ảnh giống hệt (giữ 1/nhóm)
Training/pituitary/Tr-pi_973.jpg,pituitary,ảnh giống hệt (giữ 1/nhóm)
Training/pituitary/Tr-pi_976.jpg,pituitary,ảnh giống hệt (giữ 1/nhóm)
Training/pituitary/Tr-pi_977.jpg,pituitary,ảnh giống hệt (giữ 1/nhóm)
Training/pituitary/Tr-pi_98.jpg,pituitary,ảnh giống hệt (giữ 1/nhóm)
Training/pituitary/Tr-pi_980.jpg,pituitary,ảnh giống hệt (giữ 1/nhóm)
Training/pituitary/Tr-pi_981.jpg,pituitary,ảnh giống hệt (giữ 1/nhóm)
Training/pituitary/Tr-pi_982.jpg,pituitary,ảnh giống hệt (giữ 1/nhóm)
Training/pituitary/Tr-pi_984.jpg,pituitary,ảnh giống hệt (giữ 1/nhóm)
Training/pituitary/Tr-pi_988.jpg,pituitary,ảnh giống hệt (giữ 1/nhóm)
Training/pituitary/Tr-pi_991.jpg,pituitary,nhóm giống nhau khác lớp
Training/pituitary/Tr-pi_992.jpg,pituitary,ảnh giống hệt (giữ 1/nhóm)
Training/pituitary/Tr-pi_995.jpg,pituitary,ảnh giống hệt (giữ 1/nhóm)
Training/pituitary/Tr-pi_997.jpg,pituitary,ảnh giống hệt (giữ 1/nhóm)
Training/pituitary/Tr-pi_999.jpg,pituitary,ảnh giống hệt (giữ 1/nhóm)
Testing/glioma/Te-gl_122.jpg,glioma,ảnh giống hệt (giữ 1/nhóm)
Testing/glioma/Te-gl_123.jpg,glioma,ảnh giống hệt (giữ 1/nhóm)
Testing/glioma/Te-gl_131.jpg,glioma,ảnh giống hệt (giữ 1/nhóm)
Testing/glioma/Te-gl_140.jpg,glioma,ảnh giống hệt (giữ 1/nhóm)
Testing/glioma/Te-gl_157.jpg,glioma,ảnh giống hệt (giữ 1/nhóm)
Testing/glioma/Te-gl_158.jpg,glioma,ảnh giống hệt (giữ 1/nhóm)
Testing/glioma/Te-gl_160.jpg,glioma,nhóm giống nhau khác lớp
Testing/glioma/Te-gl_165.jpg,glioma,ảnh giống hệt (giữ 1/nhóm)
Testing/glioma/Te-gl_172.jpg,glioma,ảnh giống hệt (giữ 1/nhóm)
Testing/glioma/Te-gl_174.jpg,glioma,ảnh giống hệt (giữ 1/nhóm)
Testing/glioma/Te-gl_176.jpg,glioma,ảnh giống hệt (giữ 1/nhóm)
Testing/glioma/Te-gl_178.jpg,glioma,ảnh giống hệt (giữ 1/nhóm)
Testing/glioma/Te-gl_184.jpg,glioma,ảnh giống hệt (giữ 1/nhóm)
Testing/glioma/Te-gl_186.jpg,glioma,ảnh giống hệt (giữ 1/nhóm)
Testing/glioma/Te-gl_188.jpg,glioma,ảnh giống hệt (giữ 1/nhóm)
Testing/glioma/Te-gl_194.jpg,glioma,ảnh giống hệt (giữ 1/nhóm)
Testing/glioma/Te-gl_195.jpg,glioma,ảnh giống hệt (giữ 1/nhóm)
Testing/glioma/Te-gl_197.jpg,glioma,ảnh giống hệt (giữ 1/nhóm)
Testing/glioma/Te-gl_2.jpg,glioma,ảnh giống hệt (giữ 1/nhóm)
Testing/glioma/Te-gl_210.jpg,glioma,ảnh giống hệt (giữ 1/nhóm)
Testing/glioma/Te-gl_214.jpg,glioma,ảnh giống hệt (giữ 1/nhóm)
Testing/glioma/Te-gl_221.jpg,glioma,ảnh giống hệt (giữ 1/nhóm)
Testing/glioma/Te-gl_225.jpg,glioma,ảnh giống hệt (giữ 1/nhóm)
Testing/glioma/Te-gl_228.jpg,glioma,ảnh giống hệt (giữ 1/nhóm)
Testing/glioma/Te-gl_230.jpg,glioma,ảnh giống hệt (giữ 1/nhóm)
Testing/glioma/Te-gl_238.jpg,glioma,ảnh giống hệt (giữ 1/nhóm)
Testing/glioma/Te-gl_240.jpg,glioma,ảnh giống hệt (giữ 1/nhóm)
Testing/glioma/Te-gl_243.jpg,glioma,ảnh giống hệt (giữ 1/nhóm)
Testing/glioma/Te-gl_25.jpg,glioma,ảnh giống hệt (giữ 1/nhóm)
Testing/glioma/Te-gl_251.jpg,glioma,ảnh giống hệt (giữ 1/nhóm)
Testing/glioma/Te-gl_253.jpg,glioma,ảnh giống hệt (giữ 1/nhóm)
Testing/glioma/Te-gl_254.jpg,glioma,ảnh giống hệt (giữ 1/nhóm)
Testing/glioma/Te-gl_255.jpg,glioma,ảnh giống hệt (giữ 1/nhóm)
Testing/glioma/Te-gl_259.jpg,glioma,ảnh giống hệt (giữ 1/nhóm)
Testing/glioma/Te-gl_26.jpg,glioma,ảnh giống hệt (giữ 1/nhóm)
Testing/glioma/Te-gl_267.jpg,glioma,ảnh giống hệt (giữ 1/nhóm)
Testing/glioma/Te-gl_272.jpg,glioma,ảnh giống hệt (giữ 1/nhóm)
Testing/glioma/Te-gl_273.jpg,glioma,ảnh giống hệt (giữ 1/nhóm)
Testing/glioma/Te-gl_274.jpg,glioma,ảnh giống hệt (giữ 1/nhóm)
Testing/glioma/Te-gl_278.jpg,glioma,ảnh giống hệt (giữ 1/nhóm)
Testing/glioma/Te-gl_280.jpg,glioma,ảnh giống hệt (giữ 1/nhóm)
Testing/glioma/Te-gl_288.jpg,glioma,ảnh giống hệt (giữ 1/nhóm)
Testing/glioma/Te-gl_29.jpg,glioma,ảnh giống hệt (giữ 1/nhóm)
Testing/glioma/Te-gl_293.jpg,glioma,ảnh giống hệt (giữ 1/nhóm)
Testing/glioma/Te-gl_3.jpg,glioma,ảnh giống hệt (giữ 1/nhóm)
Testing/glioma/Te-gl_301.jpg,glioma,ảnh giống hệt (giữ 1/nhóm)
Testing/glioma/Te-gl_303.jpg,glioma,ảnh giống hệt (giữ 1/nhóm)
Testing/glioma/Te-gl_307.jpg,glioma,ảnh giống hệt (giữ 1/nhóm)
Testing/glioma/Te-gl_316.jpg,glioma,ảnh giống hệt (giữ 1/nhóm)
Testing/glioma/Te-gl_317.jpg,glioma,ảnh giống hệt (giữ 1/nhóm)
Testing/glioma/Te-gl_318.jpg,glioma,"loại thủ công: ảnh CT, không phải MRI"
Testing/glioma/Te-gl_319.jpg,glioma,ảnh giống hệt (giữ 1/nhóm)
Testing/glioma/Te-gl_333.jpg,glioma,ảnh giống hệt (giữ 1/nhóm)
Testing/glioma/Te-gl_338.jpg,glioma,ảnh giống hệt (giữ 1/nhóm)
Testing/glioma/Te-gl_340.jpg,glioma,ảnh giống hệt (giữ 1/nhóm)
Testing/glioma/Te-gl_343.jpg,glioma,ảnh giống hệt (giữ 1/nhóm)
Testing/glioma/Te-gl_346.jpg,glioma,ảnh giống hệt (giữ 1/nhóm)
Testing/glioma/Te-gl_352.jpg,glioma,ảnh giống hệt (giữ 1/nhóm)
Testing/glioma/Te-gl_353.jpg,glioma,ảnh giống hệt (giữ 1/nhóm)
Testing/glioma/Te-gl_354.jpg,glioma,ảnh giống hệt (giữ 1/nhóm)
Testing/glioma/Te-gl_355.jpg,glioma,ảnh giống hệt (giữ 1/nhóm)
Testing/glioma/Te-gl_359.jpg,glioma,ảnh giống hệt (giữ 1/nhóm)
Testing/glioma/Te-gl_36.jpg,glioma,ảnh giống hệt (giữ 1/nhóm)
Testing/glioma/Te-gl_361.jpg,glioma,ảnh giống hệt (giữ 1/nhóm)
Testing/glioma/Te-gl_364.jpg,glioma,ảnh giống hệt (giữ 1/nhóm)
Testing/glioma/Te-gl_365.jpg,glioma,ảnh giống hệt (giữ 1/nhóm)
Testing/glioma/Te-gl_372.jpg,glioma,"loại thủ công: ảnh CT, không phải MRI"
Testing/glioma/Te-gl_377.jpg,glioma,ảnh giống hệt (giữ 1/nhóm)
Testing/glioma/Te-gl_380.jpg,glioma,ảnh giống hệt (giữ 1/nhóm)
Testing/glioma/Te-gl_384.jpg,glioma,ảnh giống hệt (giữ 1/nhóm)
Testing/glioma/Te-gl_389.jpg,glioma,ảnh giống hệt (giữ 1/nhóm)
Testing/glioma/Te-gl_390.jpg,glioma,ảnh giống hệt (giữ 1/nhóm)
Testing/glioma/Te-gl_392.jpg,glioma,ảnh giống hệt (giữ 1/nhóm)
Testing/glioma/Te-gl_393.jpg,glioma,ảnh giống hệt (giữ 1/nhóm)
Testing/glioma/Te-gl_400.jpg,glioma,ảnh giống hệt (giữ 1/nhóm)
Testing/glioma/Te-gl_44.jpg,glioma,ảnh giống hệt (giữ 1/nhóm)
Testing/glioma/Te-gl_48.jpg,glioma,ảnh giống hệt (giữ 1/nhóm)
Testing/glioma/Te-gl_59.jpg,glioma,ảnh giống hệt (giữ 1/nhóm)
Testing/glioma/Te-gl_60.jpg,glioma,ảnh giống hệt (giữ 1/nhóm)
Testing/glioma/Te-gl_63.jpg,glioma,ảnh giống hệt (giữ 1/nhóm)
Testing/glioma/Te-gl_68.jpg,glioma,nhóm giống nhau khác lớp
Testing/glioma/Te-gl_70.jpg,glioma,ảnh giống hệt (giữ 1/nhóm)
Testing/glioma/Te-gl_72.jpg,glioma,ảnh giống hệt (giữ 1/nhóm)
Testing/glioma/Te-gl_74.jpg,glioma,"loại thủ công: ảnh CT, không phải MRI"
Testing/glioma/Te-gl_81.jpg,glioma,ảnh giống hệt (giữ 1/nhóm)
Testing/glioma/Te-gl_96.jpg,glioma,ảnh giống hệt (giữ 1/nhóm)
Testing/meningioma/Te-aug-me_1.jpg,meningioma,ảnh augment sẵn
Testing/meningioma/Te-aug-me_10.jpg,meningioma,ảnh augment sẵn
Testing/meningioma/Te-aug-me_100.jpg,meningioma,ảnh augment sẵn
Testing/meningioma/Te-aug-me_101.jpg,meningioma,ảnh augment sẵn
Testing/meningioma/Te-aug-me_102.jpg,meningioma,ảnh augment sẵn
Testing/meningioma/Te-aug-me_103.jpg,meningioma,ảnh augment sẵn
Testing/meningioma/Te-aug-me_11.jpg,meningioma,ảnh augment sẵn
Testing/meningioma/Te-aug-me_12.jpg,meningioma,ảnh augment sẵn
Testing/meningioma/Te-aug-me_13.jpg,meningioma,ảnh augment sẵn
Testing/meningioma/Te-aug-me_14.jpg,meningioma,ảnh augment sẵn
Testing/meningioma/Te-aug-me_15.jpg,meningioma,ảnh augment sẵn
Testing/meningioma/Te-aug-me_16.jpg,meningioma,ảnh augment sẵn
Testing/meningioma/Te-aug-me_17.jpg,meningioma,ảnh augment sẵn
Testing/meningioma/Te-aug-me_18.jpg,meningioma,ảnh augment sẵn
Testing/meningioma/Te-aug-me_19.jpg,meningioma,ảnh augment sẵn
Testing/meningioma/Te-aug-me_2.jpg,meningioma,ảnh augment sẵn
Testing/meningioma/Te-aug-me_20.jpg,meningioma,ảnh augment sẵn
Testing/meningioma/Te-aug-me_21.jpg,meningioma,ảnh augment sẵn
Testing/meningioma/Te-aug-me_22.jpg,meningioma,ảnh augment sẵn
Testing/meningioma/Te-aug-me_23.jpg,meningioma,ảnh augment sẵn
Testing/meningioma/Te-aug-me_24.jpg,meningioma,ảnh augment sẵn
Testing/meningioma/Te-aug-me_25.jpg,meningioma,ảnh augment sẵn
Testing/meningioma/Te-aug-me_26.jpg,meningioma,ảnh augment sẵn
Testing/meningioma/Te-aug-me_27.jpg,meningioma,ảnh augment sẵn
Testing/meningioma/Te-aug-me_28.jpg,meningioma,ảnh augment sẵn
Testing/meningioma/Te-aug-me_29.jpg,meningioma,ảnh augment sẵn
Testing/meningioma/Te-aug-me_3.jpg,meningioma,ảnh augment sẵn
Testing/meningioma/Te-aug-me_30.jpg,meningioma,ảnh augment sẵn
Testing/meningioma/Te-aug-me_31.jpg,meningioma,ảnh augment sẵn
Testing/meningioma/Te-aug-me_32.jpg,meningioma,ảnh augment sẵn
Testing/meningioma/Te-aug-me_33.jpg,meningioma,ảnh augment sẵn
Testing/meningioma/Te-aug-me_34.jpg,meningioma,ảnh augment sẵn
Testing/meningioma/Te-aug-me_35.jpg,meningioma,ảnh augment sẵn
Testing/meningioma/Te-aug-me_36.jpg,meningioma,ảnh augment sẵn
Testing/meningioma/Te-aug-me_37.jpg,meningioma,ảnh augment sẵn
Testing/meningioma/Te-aug-me_38.jpg,meningioma,ảnh augment sẵn
Testing/meningioma/Te-aug-me_39.jpg,meningioma,ảnh augment sẵn
Testing/meningioma/Te-aug-me_4.jpg,meningioma,ảnh augment sẵn
Testing/meningioma/Te-aug-me_40.jpg,meningioma,ảnh augment sẵn
Testing/meningioma/Te-aug-me_41.jpg,meningioma,ảnh augment sẵn
Testing/meningioma/Te-aug-me_42.jpg,meningioma,ảnh augment sẵn
Testing/meningioma/Te-aug-me_43.jpg,meningioma,ảnh augment sẵn
Testing/meningioma/Te-aug-me_44.jpg,meningioma,ảnh augment sẵn
Testing/meningioma/Te-aug-me_45.jpg,meningioma,ảnh augment sẵn
Testing/meningioma/Te-aug-me_46.jpg,meningioma,ảnh augment sẵn
Testing/meningioma/Te-aug-me_47.jpg,meningioma,ảnh augment sẵn
Testing/meningioma/Te-aug-me_48.jpg,meningioma,ảnh augment sẵn
Testing/meningioma/Te-aug-me_49.jpg,meningioma,ảnh augment sẵn
Testing/meningioma/Te-aug-me_5.jpg,meningioma,ảnh augment sẵn
Testing/meningioma/Te-aug-me_50.jpg,meningioma,ảnh augment sẵn
Testing/meningioma/Te-aug-me_51.jpg,meningioma,ảnh augment sẵn
Testing/meningioma/Te-aug-me_52.jpg,meningioma,ảnh augment sẵn
Testing/meningioma/Te-aug-me_53.jpg,meningioma,ảnh augment sẵn
Testing/meningioma/Te-aug-me_54.jpg,meningioma,ảnh augment sẵn
Testing/meningioma/Te-aug-me_55.jpg,meningioma,ảnh augment sẵn
Testing/meningioma/Te-aug-me_56.jpg,meningioma,ảnh augment sẵn
Testing/meningioma/Te-aug-me_57.jpg,meningioma,ảnh augment sẵn
Testing/meningioma/Te-aug-me_58.jpg,meningioma,ảnh augment sẵn
Testing/meningioma/Te-aug-me_59.jpg,meningioma,ảnh augment sẵn
Testing/meningioma/Te-aug-me_6.jpg,meningioma,ảnh augment sẵn
Testing/meningioma/Te-aug-me_60.jpg,meningioma,ảnh augment sẵn
Testing/meningioma/Te-aug-me_61.jpg,meningioma,ảnh augment sẵn
Testing/meningioma/Te-aug-me_62.jpg,meningioma,ảnh augment sẵn
Testing/meningioma/Te-aug-me_63.jpg,meningioma,ảnh augment sẵn
Testing/meningioma/Te-aug-me_64.jpg,meningioma,ảnh augment sẵn
Testing/meningioma/Te-aug-me_65.jpg,meningioma,ảnh augment sẵn
Testing/meningioma/Te-aug-me_66.jpg,meningioma,ảnh augment sẵn
Testing/meningioma/Te-aug-me_67.jpg,meningioma,ảnh augment sẵn
Testing/meningioma/Te-aug-me_68.jpg,meningioma,ảnh augment sẵn
Testing/meningioma/Te-aug-me_69.jpg,meningioma,ảnh augment sẵn
Testing/meningioma/Te-aug-me_7.jpg,meningioma,ảnh augment sẵn
Testing/meningioma/Te-aug-me_70.jpg,meningioma,ảnh augment sẵn
Testing/meningioma/Te-aug-me_71.jpg,meningioma,ảnh augment sẵn
Testing/meningioma/Te-aug-me_72.jpg,meningioma,ảnh augment sẵn
Testing/meningioma/Te-aug-me_73.jpg,meningioma,ảnh augment sẵn
Testing/meningioma/Te-aug-me_74.jpg,meningioma,ảnh augment sẵn
Testing/meningioma/Te-aug-me_75.jpg,meningioma,ảnh augment sẵn
Testing/meningioma/Te-aug-me_76.jpg,meningioma,ảnh augment sẵn
Testing/meningioma/Te-aug-me_77.jpg,meningioma,ảnh augment sẵn
Testing/meningioma/Te-aug-me_78.jpg,meningioma,ảnh augment sẵn
Testing/meningioma/Te-aug-me_79.jpg,meningioma,ảnh augment sẵn
Testing/meningioma/Te-aug-me_8.jpg,meningioma,ảnh augment sẵn
Testing/meningioma/Te-aug-me_80.jpg,meningioma,ảnh augment sẵn
Testing/meningioma/Te-aug-me_81.jpg,meningioma,ảnh augment sẵn
Testing/meningioma/Te-aug-me_82.jpg,meningioma,ảnh augment sẵn
Testing/meningioma/Te-aug-me_83.jpg,meningioma,ảnh augment sẵn
Testing/meningioma/Te-aug-me_84.jpg,meningioma,ảnh augment sẵn
Testing/meningioma/Te-aug-me_85.jpg,meningioma,ảnh augment sẵn
Testing/meningioma/Te-aug-me_86.jpg,meningioma,ảnh augment sẵn
Testing/meningioma/Te-aug-me_87.jpg,meningioma,ảnh augment sẵn
Testing/meningioma/Te-aug-me_88.jpg,meningioma,ảnh augment sẵn
Testing/meningioma/Te-aug-me_89.jpg,meningioma,ảnh augment sẵn
Testing/meningioma/Te-aug-me_9.jpg,meningioma,ảnh augment sẵn
Testing/meningioma/Te-aug-me_90.jpg,meningioma,ảnh augment sẵn
Testing/meningioma/Te-aug-me_91.jpg,meningioma,ảnh augment sẵn
Testing/meningioma/Te-aug-me_92.jpg,meningioma,ảnh augment sẵn
Testing/meningioma/Te-aug-me_93.jpg,meningioma,ảnh augment sẵn
Testing/meningioma/Te-aug-me_94.jpg,meningioma,ảnh augment sẵn
Testing/meningioma/Te-aug-me_95.jpg,meningioma,ảnh augment sẵn
Testing/meningioma/Te-aug-me_96.jpg,meningioma,ảnh augment sẵn
Testing/meningioma/Te-aug-me_97.jpg,meningioma,ảnh augment sẵn
Testing/meningioma/Te-aug-me_98.jpg,meningioma,ảnh augment sẵn
Testing/meningioma/Te-aug-me_99.jpg,meningioma,ảnh augment sẵn
Testing/meningioma/Te-me_10.jpg,meningioma,ảnh giống hệt (giữ 1/nhóm)
Testing/meningioma/Te-me_100.jpg,meningioma,ảnh giống hệt (giữ 1/nhóm)
Testing/meningioma/Te-me_102.jpg,meningioma,ảnh giống hệt (giữ 1/nhóm)
Testing/meningioma/Te-me_103.jpg,meningioma,ảnh giống hệt (giữ 1/nhóm)
Testing/meningioma/Te-me_106.jpg,meningioma,ảnh giống hệt (giữ 1/nhóm)
Testing/meningioma/Te-me_107.jpg,meningioma,ảnh giống hệt (giữ 1/nhóm)
Testing/meningioma/Te-me_108.jpg,meningioma,ảnh giống hệt (giữ 1/nhóm)
Testing/meningioma/Te-me_11.jpg,meningioma,ảnh giống hệt (giữ 1/nhóm)
Testing/meningioma/Te-me_110.jpg,meningioma,ảnh giống hệt (giữ 1/nhóm)
Testing/meningioma/Te-me_112.jpg,meningioma,ảnh giống hệt (giữ 1/nhóm)
Testing/meningioma/Te-me_114.jpg,meningioma,ảnh giống hệt (giữ 1/nhóm)
Testing/meningioma/Te-me_115.jpg,meningioma,nhóm giống nhau khác lớp
Testing/meningioma/Te-me_118.jpg,meningioma,ảnh giống hệt (giữ 1/nhóm)
Testing/meningioma/Te-me_119.jpg,meningioma,ảnh giống hệt (giữ 1/nhóm)
Testing/meningioma/Te-me_12.jpg,meningioma,ảnh giống hệt (giữ 1/nhóm)
Testing/meningioma/Te-me_120.jpg,meningioma,ảnh giống hệt (giữ 1/nhóm)
Testing/meningioma/Te-me_122.jpg,meningioma,ảnh giống hệt (giữ 1/nhóm)
Testing/meningioma/Te-me_123.jpg,meningioma,ảnh giống hệt (giữ 1/nhóm)
Testing/meningioma/Te-me_127.jpg,meningioma,ảnh giống hệt (giữ 1/nhóm)
Testing/meningioma/Te-me_128.jpg,meningioma,ảnh giống hệt (giữ 1/nhóm)
Testing/meningioma/Te-me_130.jpg,meningioma,ảnh giống hệt (giữ 1/nhóm)
Testing/meningioma/Te-me_131.jpg,meningioma,ảnh giống hệt (giữ 1/nhóm)
Testing/meningioma/Te-me_132.jpg,meningioma,ảnh giống hệt (giữ 1/nhóm)
Testing/meningioma/Te-me_133.jpg,meningioma,ảnh giống hệt (giữ 1/nhóm)
Testing/meningioma/Te-me_134.jpg,meningioma,ảnh giống hệt (giữ 1/nhóm)
Testing/meningioma/Te-me_135.jpg,meningioma,ảnh giống hệt (giữ 1/nhóm)
Testing/meningioma/Te-me_136.jpg,meningioma,ảnh giống hệt (giữ 1/nhóm)
Testing/meningioma/Te-me_14.jpg,meningioma,ảnh giống hệt (giữ 1/nhóm)
Testing/meningioma/Te-me_140.jpg,meningioma,ảnh giống hệt (giữ 1/nhóm)
Testing/meningioma/Te-me_142.jpg,meningioma,ảnh giống hệt (giữ 1/nhóm)
Testing/meningioma/Te-me_143.jpg,meningioma,ảnh giống hệt (giữ 1/nhóm)
Testing/meningioma/Te-me_148.jpg,meningioma,ảnh giống hệt (giữ 1/nhóm)
Testing/meningioma/Te-me_15.jpg,meningioma,ảnh giống hệt (giữ 1/nhóm)
Testing/meningioma/Te-me_150.jpg,meningioma,ảnh giống hệt (giữ 1/nhóm)
Testing/meningioma/Te-me_151.jpg,meningioma,ảnh giống hệt (giữ 1/nhóm)
Testing/meningioma/Te-me_152.jpg,meningioma,ảnh giống hệt (giữ 1/nhóm)
Testing/meningioma/Te-me_153.jpg,meningioma,ảnh giống hệt (giữ 1/nhóm)
Testing/meningioma/Te-me_154.jpg,meningioma,ảnh giống hệt (giữ 1/nhóm)
Testing/meningioma/Te-me_155.jpg,meningioma,ảnh giống hệt (giữ 1/nhóm)
Testing/meningioma/Te-me_157.jpg,meningioma,ảnh giống hệt (giữ 1/nhóm)
Testing/meningioma/Te-me_159.jpg,meningioma,nhóm giống nhau khác lớp
Testing/meningioma/Te-me_16.jpg,meningioma,ảnh giống hệt (giữ 1/nhóm)
Testing/meningioma/Te-me_160.jpg,meningioma,ảnh giống hệt (giữ 1/nhóm)
Testing/meningioma/Te-me_161.jpg,meningioma,ảnh giống hệt (giữ 1/nhóm)
Testing/meningioma/Te-me_163.jpg,meningioma,ảnh giống hệt (giữ 1/nhóm)
Testing/meningioma/Te-me_166.jpg,meningioma,ảnh giống hệt (giữ 1/nhóm)
Testing/meningioma/Te-me_168.jpg,meningioma,ảnh giống hệt (giữ 1/nhóm)
Testing/meningioma/Te-me_17.jpg,meningioma,ảnh giống hệt (giữ 1/nhóm)
Testing/meningioma/Te-me_170.jpg,meningioma,ảnh giống hệt (giữ 1/nhóm)
Testing/meningioma/Te-me_177.jpg,meningioma,ảnh giống hệt (giữ 1/nhóm)
Testing/meningioma/Te-me_178.jpg,meningioma,ảnh giống hệt (giữ 1/nhóm)
Testing/meningioma/Te-me_181.jpg,meningioma,ảnh giống hệt (giữ 1/nhóm)
Testing/meningioma/Te-me_183.jpg,meningioma,ảnh giống hệt (giữ 1/nhóm)
Testing/meningioma/Te-me_185.jpg,meningioma,ảnh giống hệt (giữ 1/nhóm)
Testing/meningioma/Te-me_188.jpg,meningioma,ảnh giống hệt (giữ 1/nhóm)
Testing/meningioma/Te-me_189.jpg,meningioma,ảnh giống hệt (giữ 1/nhóm)
Testing/meningioma/Te-me_192.jpg,meningioma,ảnh giống hệt (giữ 1/nhóm)
Testing/meningioma/Te-me_194.jpg,meningioma,ảnh giống hệt (giữ 1/nhóm)
Testing/meningioma/Te-me_196.jpg,meningioma,ảnh giống hệt (giữ 1/nhóm)
Testing/meningioma/Te-me_198.jpg,meningioma,ảnh giống hệt (giữ 1/nhóm)
Testing/meningioma/Te-me_199.jpg,meningioma,ảnh giống hệt (giữ 1/nhóm)
Testing/meningioma/Te-me_200.jpg,meningioma,ảnh giống hệt (giữ 1/nhóm)
Testing/meningioma/Te-me_201.jpg,meningioma,ảnh giống hệt (giữ 1/nhóm)
Testing/meningioma/Te-me_202.jpg,meningioma,"loại thủ công (bản trùng): ảnh CT, không phải MRI"
Testing/meningioma/Te-me_203.jpg,meningioma,ảnh giống hệt (giữ 1/nhóm)
Testing/meningioma/Te-me_204.jpg,meningioma,ảnh giống hệt (giữ 1/nhóm)
Testing/meningioma/Te-me_208.jpg,meningioma,"loại thủ công: ảnh CT, không phải MRI"
Testing/meningioma/Te-me_209.jpg,meningioma,ảnh giống hệt (giữ 1/nhóm)
Testing/meningioma/Te-me_21.jpg,meningioma,ảnh giống hệt (giữ 1/nhóm)
Testing/meningioma/Te-me_211.jpg,meningioma,ảnh giống hệt (giữ 1/nhóm)
Testing/meningioma/Te-me_214.jpg,meningioma,ảnh giống hệt (giữ 1/nhóm)
Testing/meningioma/Te-me_215.jpg,meningioma,ảnh giống hệt (giữ 1/nhóm)
Testing/meningioma/Te-me_216.jpg,meningioma,ảnh giống hệt (giữ 1/nhóm)
Testing/meningioma/Te-me_217.jpg,meningioma,ảnh giống hệt (giữ 1/nhóm)
Testing/meningioma/Te-me_218.jpg,meningioma,ảnh giống hệt (giữ 1/nhóm)
Testing/meningioma/Te-me_22.jpg,meningioma,ảnh giống hệt (giữ 1/nhóm)
Testing/meningioma/Te-me_220.jpg,meningioma,ảnh giống hệt (giữ 1/nhóm)
Testing/meningioma/Te-me_221.jpg,meningioma,ảnh giống hệt (giữ 1/nhóm)
Testing/meningioma/Te-me_222.jpg,meningioma,ảnh giống hệt (giữ 1/nhóm)
Testing/meningioma/Te-me_226.jpg,meningioma,ảnh giống hệt (giữ 1/nhóm)
Testing/meningioma/Te-me_23.jpg,meningioma,ảnh giống hệt (giữ 1/nhóm)
Testing/meningioma/Te-me_233.jpg,meningioma,ảnh giống hệt (giữ 1/nhóm)
Testing/meningioma/Te-me_235.jpg,meningioma,ảnh giống hệt (giữ 1/nhóm)
Testing/meningioma/Te-me_237.jpg,meningioma,ảnh giống hệt (giữ 1/nhóm)
Testing/meningioma/Te-me_238.jpg,meningioma,ảnh giống hệt (giữ 1/nhóm)
Testing/meningioma/Te-me_239.jpg,meningioma,ảnh giống hệt (giữ 1/nhóm)
Testing/meningioma/Te-me_24.jpg,meningioma,ảnh giống hệt (giữ 1/nhóm)
Testing/meningioma/Te-me_240.jpg,meningioma,ảnh giống hệt (giữ 1/nhóm)
Testing/meningioma/Te-me_242.jpg,meningioma,ảnh giống hệt (giữ 1/nhóm)
Testing/meningioma/Te-me_244.jpg,meningioma,ảnh giống hệt (giữ 1/nhóm)
Testing/meningioma/Te-me_247.jpg,meningioma,ảnh giống hệt (giữ 1/nhóm)
Testing/meningioma/Te-me_248.jpg,meningioma,ảnh giống hệt (giữ 1/nhóm)
Testing/meningioma/Te-me_249.jpg,meningioma,ảnh giống hệt (giữ 1/nhóm)
Testing/meningioma/Te-me_250.jpg,meningioma,ảnh giống hệt (giữ 1/nhóm)
Testing/meningioma/Te-me_252.jpg,meningioma,ảnh giống hệt (giữ 1/nhóm)
Testing/meningioma/Te-me_256.jpg,meningioma,ảnh giống hệt (giữ 1/nhóm)
Testing/meningioma/Te-me_257.jpg,meningioma,ảnh giống hệt (giữ 1/nhóm)
Testing/meningioma/Te-me_258.jpg,meningioma,ảnh giống hệt (giữ 1/nhóm)
Testing/meningioma/Te-me_26.jpg,meningioma,"loại thủ công: ảnh CT, không phải MRI"
Testing/meningioma/Te-me_260.jpg,meningioma,ảnh giống hệt (giữ 1/nhóm)
Testing/meningioma/Te-me_261.jpg,meningioma,ảnh giống hệt (giữ 1/nhóm)
Testing/meningioma/Te-me_264.jpg,meningioma,ảnh giống hệt (giữ 1/nhóm)
Testing/meningioma/Te-me_267.jpg,meningioma,ảnh giống hệt (giữ 1/nhóm)
Testing/meningioma/Te-me_268.jpg,meningioma,ảnh giống hệt (giữ 1/nhóm)
Testing/meningioma/Te-me_27.jpg,meningioma,ảnh giống hệt (giữ 1/nhóm)
Testing/meningioma/Te-me_271.jpg,meningioma,ảnh giống hệt (giữ 1/nhóm)
Testing/meningioma/Te-me_273.jpg,meningioma,ảnh giống hệt (giữ 1/nhóm)
Testing/meningioma/Te-me_275.jpg,meningioma,ảnh giống hệt (giữ 1/nhóm)
Testing/meningioma/Te-me_278.jpg,meningioma,"loại thủ công: ảnh CT, không phải MRI"
Testing/meningioma/Te-me_28.jpg,meningioma,ảnh giống hệt (giữ 1/nhóm)
Testing/meningioma/Te-me_281.jpg,meningioma,ảnh giống hệt (giữ 1/nhóm)
Testing/meningioma/Te-me_282.jpg,meningioma,ảnh giống hệt (giữ 1/nhóm)
Testing/meningioma/Te-me_283.jpg,meningioma,ảnh giống hệt (giữ 1/nhóm)
Testing/meningioma/Te-me_284.jpg,meningioma,ảnh giống hệt (giữ 1/nhóm)
Testing/meningioma/Te-me_289.jpg,meningioma,ảnh giống hệt (giữ 1/nhóm)
Testing/meningioma/Te-me_291.jpg,meningioma,ảnh giống hệt (giữ 1/nhóm)
Testing/meningioma/Te-me_292.jpg,meningioma,ảnh giống hệt (giữ 1/nhóm)
Testing/meningioma/Te-me_294.jpg,meningioma,ảnh giống hệt (giữ 1/nhóm)
Testing/meningioma/Te-me_32.jpg,meningioma,ảnh giống hệt (giữ 1/nhóm)
Testing/meningioma/Te-me_34.jpg,meningioma,ảnh giống hệt (giữ 1/nhóm)
Testing/meningioma/Te-me_35.jpg,meningioma,ảnh giống hệt (giữ 1/nhóm)
Testing/meningioma/Te-me_36.jpg,meningioma,ảnh giống hệt (giữ 1/nhóm)
Testing/meningioma/Te-me_38.jpg,meningioma,ảnh giống hệt (giữ 1/nhóm)
Testing/meningioma/Te-me_39.jpg,meningioma,ảnh giống hệt (giữ 1/nhóm)
Testing/meningioma/Te-me_40.jpg,meningioma,ảnh giống hệt (giữ 1/nhóm)
Testing/meningioma/Te-me_42.jpg,meningioma,ảnh giống hệt (giữ 1/nhóm)
Testing/meningioma/Te-me_43.jpg,meningioma,ảnh giống hệt (giữ 1/nhóm)
Testing/meningioma/Te-me_44.jpg,meningioma,ảnh giống hệt (giữ 1/nhóm)
Testing/meningioma/Te-me_45.jpg,meningioma,ảnh giống hệt (giữ 1/nhóm)
Testing/meningioma/Te-me_48.jpg,meningioma,ảnh giống hệt (giữ 1/nhóm)
Testing/meningioma/Te-me_50.jpg,meningioma,nhóm giống nhau khác lớp
Testing/meningioma/Te-me_53.jpg,meningioma,ảnh giống hệt (giữ 1/nhóm)
Testing/meningioma/Te-me_55.jpg,meningioma,ảnh giống hệt (giữ 1/nhóm)
Testing/meningioma/Te-me_56.jpg,meningioma,ảnh giống hệt (giữ 1/nhóm)
Testing/meningioma/Te-me_57.jpg,meningioma,ảnh giống hệt (giữ 1/nhóm)
Testing/meningioma/Te-me_58.jpg,meningioma,ảnh giống hệt (giữ 1/nhóm)
Testing/meningioma/Te-me_59.jpg,meningioma,ảnh giống hệt (giữ 1/nhóm)
Testing/meningioma/Te-me_60.jpg,meningioma,ảnh giống hệt (giữ 1/nhóm)
Testing/meningioma/Te-me_61.jpg,meningioma,nhóm giống nhau khác lớp
Testing/meningioma/Te-me_63.jpg,meningioma,ảnh giống hệt (giữ 1/nhóm)
Testing/meningioma/Te-me_64.jpg,meningioma,ảnh giống hệt (giữ 1/nhóm)
Testing/meningioma/Te-me_65.jpg,meningioma,ảnh giống hệt (giữ 1/nhóm)
Testing/meningioma/Te-me_69.jpg,meningioma,ảnh giống hệt (giữ 1/nhóm)
Testing/meningioma/Te-me_7.jpg,meningioma,ảnh giống hệt (giữ 1/nhóm)
Testing/meningioma/Te-me_70.jpg,meningioma,ảnh giống hệt (giữ 1/nhóm)
Testing/meningioma/Te-me_72.jpg,meningioma,ảnh giống hệt (giữ 1/nhóm)
Testing/meningioma/Te-me_73.jpg,meningioma,ảnh giống hệt (giữ 1/nhóm)
Testing/meningioma/Te-me_74.jpg,meningioma,ảnh giống hệt (giữ 1/nhóm)
Testing/meningioma/Te-me_76.jpg,meningioma,ảnh giống hệt (giữ 1/nhóm)
Testing/meningioma/Te-me_77.jpg,meningioma,ảnh giống hệt (giữ 1/nhóm)
Testing/meningioma/Te-me_79.jpg,meningioma,ảnh giống hệt (giữ 1/nhóm)
Testing/meningioma/Te-me_8.jpg,meningioma,"loại thủ công: ảnh CT, không phải MRI"
Testing/meningioma/Te-me_80.jpg,meningioma,ảnh giống hệt (giữ 1/nhóm)
Testing/meningioma/Te-me_84.jpg,meningioma,ảnh giống hệt (giữ 1/nhóm)
Testing/meningioma/Te-me_87.jpg,meningioma,ảnh giống hệt (giữ 1/nhóm)
Testing/meningioma/Te-me_88.jpg,meningioma,ảnh giống hệt (giữ 1/nhóm)
Testing/meningioma/Te-me_89.jpg,meningioma,ảnh giống hệt (giữ 1/nhóm)
Testing/meningioma/Te-me_90.jpg,meningioma,ảnh giống hệt (giữ 1/nhóm)
Testing/meningioma/Te-me_91.jpg,meningioma,ảnh giống hệt (giữ 1/nhóm)
Testing/meningioma/Te-me_92.jpg,meningioma,ảnh giống hệt (giữ 1/nhóm)
Testing/meningioma/Te-me_96.jpg,meningioma,nhóm giống nhau khác lớp
Testing/meningioma/Te-me_97.jpg,meningioma,ảnh giống hệt (giữ 1/nhóm)
Testing/meningioma/Te-me_98.jpg,meningioma,ảnh giống hệt (giữ 1/nhóm)
Testing/notumor/Te-no_1.jpg,notumor,ảnh giống hệt (giữ 1/nhóm)
Testing/notumor/Te-no_10.jpg,notumor,ảnh giống hệt (giữ 1/nhóm)
Testing/notumor/Te-no_100.jpg,notumor,ảnh giống hệt (giữ 1/nhóm)
Testing/notumor/Te-no_101.jpg,notumor,ảnh giống hệt (giữ 1/nhóm)
Testing/notumor/Te-no_102.jpg,notumor,ảnh giống hệt (giữ 1/nhóm)
Testing/notumor/Te-no_103.jpg,notumor,ảnh giống hệt (giữ 1/nhóm)
Testing/notumor/Te-no_104.jpg,notumor,ảnh giống hệt (giữ 1/nhóm)
Testing/notumor/Te-no_107.jpg,notumor,ảnh giống hệt (giữ 1/nhóm)
Testing/notumor/Te-no_108.jpg,notumor,ảnh giống hệt (giữ 1/nhóm)
Testing/notumor/Te-no_109.jpg,notumor,ảnh giống hệt (giữ 1/nhóm)
Testing/notumor/Te-no_11.jpg,notumor,ảnh giống hệt (giữ 1/nhóm)
Testing/notumor/Te-no_110.jpg,notumor,ảnh giống hệt (giữ 1/nhóm)
Testing/notumor/Te-no_111.jpg,notumor,ảnh giống hệt (giữ 1/nhóm)
Testing/notumor/Te-no_113.jpg,notumor,ảnh giống hệt (giữ 1/nhóm)
Testing/notumor/Te-no_114.jpg,notumor,ảnh giống hệt (giữ 1/nhóm)
Testing/notumor/Te-no_115.jpg,notumor,ảnh giống hệt (giữ 1/nhóm)
Testing/notumor/Te-no_116.jpg,notumor,ảnh giống hệt (giữ 1/nhóm)
Testing/notumor/Te-no_117.jpg,notumor,ảnh giống hệt (giữ 1/nhóm)
Testing/notumor/Te-no_118.jpg,notumor,ảnh giống hệt (giữ 1/nhóm)
Testing/notumor/Te-no_119.jpg,notumor,ảnh giống hệt (giữ 1/nhóm)
Testing/notumor/Te-no_12.jpg,notumor,ảnh giống hệt (giữ 1/nhóm)
Testing/notumor/Te-no_120.jpg,notumor,ảnh giống hệt (giữ 1/nhóm)
Testing/notumor/Te-no_122.jpg,notumor,ảnh giống hệt (giữ 1/nhóm)
Testing/notumor/Te-no_123.jpg,notumor,ảnh giống hệt (giữ 1/nhóm)
Testing/notumor/Te-no_124.jpg,notumor,ảnh giống hệt (giữ 1/nhóm)
Testing/notumor/Te-no_125.jpg,notumor,ảnh giống hệt (giữ 1/nhóm)
Testing/notumor/Te-no_126.jpg,notumor,ảnh giống hệt (giữ 1/nhóm)
Testing/notumor/Te-no_128.jpg,notumor,ảnh giống hệt (giữ 1/nhóm)
Testing/notumor/Te-no_129.jpg,notumor,ảnh giống hệt (giữ 1/nhóm)
Testing/notumor/Te-no_13.jpg,notumor,ảnh giống hệt (giữ 1/nhóm)
Testing/notumor/Te-no_130.jpg,notumor,ảnh giống hệt (giữ 1/nhóm)
Testing/notumor/Te-no_131.jpg,notumor,ảnh giống hệt (giữ 1/nhóm)
Testing/notumor/Te-no_132.jpg,notumor,ảnh giống hệt (giữ 1/nhóm)
Testing/notumor/Te-no_133.jpg,notumor,ảnh giống hệt (giữ 1/nhóm)
Testing/notumor/Te-no_134.jpg,notumor,ảnh giống hệt (giữ 1/nhóm)
Testing/notumor/Te-no_135.jpg,notumor,ảnh giống hệt (giữ 1/nhóm)
Testing/notumor/Te-no_136.jpg,notumor,ảnh giống hệt (giữ 1/nhóm)
Testing/notumor/Te-no_137.jpg,notumor,ảnh giống hệt (giữ 1/nhóm)
Testing/notumor/Te-no_138.jpg,notumor,ảnh giống hệt (giữ 1/nhóm)
Testing/notumor/Te-no_139.jpg,notumor,ảnh giống hệt (giữ 1/nhóm)
Testing/notumor/Te-no_14.jpg,notumor,ảnh giống hệt (giữ 1/nhóm)
Testing/notumor/Te-no_140.jpg,notumor,ảnh giống hệt (giữ 1/nhóm)
Testing/notumor/Te-no_141.jpg,notumor,ảnh giống hệt (giữ 1/nhóm)
Testing/notumor/Te-no_142.jpg,notumor,ảnh giống hệt (giữ 1/nhóm)
Testing/notumor/Te-no_143.jpg,notumor,ảnh giống hệt (giữ 1/nhóm)
Testing/notumor/Te-no_144.jpg,notumor,ảnh giống hệt (giữ 1/nhóm)
Testing/notumor/Te-no_145.jpg,notumor,ảnh giống hệt (giữ 1/nhóm)
Testing/notumor/Te-no_146.jpg,notumor,ảnh giống hệt (giữ 1/nhóm)
Testing/notumor/Te-no_147.jpg,notumor,ảnh giống hệt (giữ 1/nhóm)
Testing/notumor/Te-no_148.jpg,notumor,ảnh giống hệt (giữ 1/nhóm)
Testing/notumor/Te-no_149.jpg,notumor,ảnh giống hệt (giữ 1/nhóm)
Testing/notumor/Te-no_15.jpg,notumor,ảnh giống hệt (giữ 1/nhóm)
Testing/notumor/Te-no_151.jpg,notumor,ảnh giống hệt (giữ 1/nhóm)
Testing/notumor/Te-no_152.jpg,notumor,ảnh giống hệt (giữ 1/nhóm)
Testing/notumor/Te-no_154.jpg,notumor,ảnh giống hệt (giữ 1/nhóm)
Testing/notumor/Te-no_155.jpg,notumor,ảnh giống hệt (giữ 1/nhóm)
Testing/notumor/Te-no_156.jpg,notumor,ảnh giống hệt (giữ 1/nhóm)
Testing/notumor/Te-no_157.jpg,notumor,ảnh giống hệt (giữ 1/nhóm)
Testing/notumor/Te-no_158.jpg,notumor,ảnh giống hệt (giữ 1/nhóm)
Testing/notumor/Te-no_16.jpg,notumor,ảnh giống hệt (giữ 1/nhóm)
Testing/notumor/Te-no_160.jpg,notumor,ảnh giống hệt (giữ 1/nhóm)
Testing/notumor/Te-no_161.jpg,notumor,ảnh giống hệt (giữ 1/nhóm)
Testing/notumor/Te-no_162.jpg,notumor,ảnh giống hệt (giữ 1/nhóm)
Testing/notumor/Te-no_163.jpg,notumor,ảnh giống hệt (giữ 1/nhóm)
Testing/notumor/Te-no_164.jpg,notumor,ảnh giống hệt (giữ 1/nhóm)
Testing/notumor/Te-no_165.jpg,notumor,ảnh giống hệt (giữ 1/nhóm)
Testing/notumor/Te-no_166.jpg,notumor,ảnh giống hệt (giữ 1/nhóm)
Testing/notumor/Te-no_167.jpg,notumor,"loại thủ công: ảnh CT, không phải MRI"
Testing/notumor/Te-no_168.jpg,notumor,ảnh giống hệt (giữ 1/nhóm)
Testing/notumor/Te-no_169.jpg,notumor,ảnh giống hệt (giữ 1/nhóm)
Testing/notumor/Te-no_170.jpg,notumor,ảnh giống hệt (giữ 1/nhóm)
Testing/notumor/Te-no_171.jpg,notumor,ảnh giống hệt (giữ 1/nhóm)
Testing/notumor/Te-no_172.jpg,notumor,ảnh giống hệt (giữ 1/nhóm)
Testing/notumor/Te-no_173.jpg,notumor,ảnh giống hệt (giữ 1/nhóm)
Testing/notumor/Te-no_174.jpg,notumor,ảnh giống hệt (giữ 1/nhóm)
Testing/notumor/Te-no_175.jpg,notumor,ảnh giống hệt (giữ 1/nhóm)
Testing/notumor/Te-no_176.jpg,notumor,ảnh giống hệt (giữ 1/nhóm)
Testing/notumor/Te-no_177.jpg,notumor,ảnh giống hệt (giữ 1/nhóm)
Testing/notumor/Te-no_178.jpg,notumor,ảnh giống hệt (giữ 1/nhóm)
Testing/notumor/Te-no_18.jpg,notumor,ảnh giống hệt (giữ 1/nhóm)
Testing/notumor/Te-no_180.jpg,notumor,ảnh giống hệt (giữ 1/nhóm)
Testing/notumor/Te-no_181.jpg,notumor,ảnh giống hệt (giữ 1/nhóm)
Testing/notumor/Te-no_182.jpg,notumor,ảnh giống hệt (giữ 1/nhóm)
Testing/notumor/Te-no_184.jpg,notumor,ảnh giống hệt (giữ 1/nhóm)
Testing/notumor/Te-no_185.jpg,notumor,ảnh giống hệt (giữ 1/nhóm)
Testing/notumor/Te-no_186.jpg,notumor,ảnh giống hệt (giữ 1/nhóm)
Testing/notumor/Te-no_187.jpg,notumor,ảnh giống hệt (giữ 1/nhóm)
Testing/notumor/Te-no_188.jpg,notumor,ảnh giống hệt (giữ 1/nhóm)
Testing/notumor/Te-no_189.jpg,notumor,ảnh giống hệt (giữ 1/nhóm)
Testing/notumor/Te-no_190.jpg,notumor,ảnh giống hệt (giữ 1/nhóm)
Testing/notumor/Te-no_191.jpg,notumor,ảnh giống hệt (giữ 1/nhóm)
Testing/notumor/Te-no_192.jpg,notumor,ảnh giống hệt (giữ 1/nhóm)
Testing/notumor/Te-no_193.jpg,notumor,ảnh giống hệt (giữ 1/nhóm)
Testing/notumor/Te-no_195.jpg,notumor,ảnh giống hệt (giữ 1/nhóm)
Testing/notumor/Te-no_196.jpg,notumor,ảnh giống hệt (giữ 1/nhóm)
Testing/notumor/Te-no_197.jpg,notumor,ảnh giống hệt (giữ 1/nhóm)
Testing/notumor/Te-no_198.jpg,notumor,ảnh giống hệt (giữ 1/nhóm)
Testing/notumor/Te-no_2.jpg,notumor,ảnh giống hệt (giữ 1/nhóm)
Testing/notumor/Te-no_20.jpg,notumor,ảnh giống hệt (giữ 1/nhóm)
Testing/notumor/Te-no_201.jpg,notumor,ảnh giống hệt (giữ 1/nhóm)
Testing/notumor/Te-no_202.jpg,notumor,ảnh giống hệt (giữ 1/nhóm)
Testing/notumor/Te-no_203.jpg,notumor,ảnh giống hệt (giữ 1/nhóm)
Testing/notumor/Te-no_204.jpg,notumor,ảnh giống hệt (giữ 1/nhóm)
Testing/notumor/Te-no_205.jpg,notumor,ảnh giống hệt (giữ 1/nhóm)
Testing/notumor/Te-no_206.jpg,notumor,ảnh giống hệt (giữ 1/nhóm)
Testing/notumor/Te-no_207.jpg,notumor,ảnh giống hệt (giữ 1/nhóm)
Testing/notumor/Te-no_209.jpg,notumor,ảnh giống hệt (giữ 1/nhóm)
Testing/notumor/Te-no_21.jpg,notumor,ảnh giống hệt (giữ 1/nhóm)
Testing/notumor/Te-no_212.jpg,notumor,ảnh giống hệt (giữ 1/nhóm)
Testing/notumor/Te-no_213.jpg,notumor,ảnh giống hệt (giữ 1/nhóm)
Testing/notumor/Te-no_214.jpg,notumor,ảnh giống hệt (giữ 1/nhóm)
Testing/notumor/Te-no_216.jpg,notumor,ảnh giống hệt (giữ 1/nhóm)
Testing/notumor/Te-no_218.jpg,notumor,ảnh giống hệt (giữ 1/nhóm)
Testing/notumor/Te-no_219.jpg,notumor,ảnh giống hệt (giữ 1/nhóm)
Testing/notumor/Te-no_22.jpg,notumor,ảnh giống hệt (giữ 1/nhóm)
Testing/notumor/Te-no_221.jpg,notumor,ảnh giống hệt (giữ 1/nhóm)
Testing/notumor/Te-no_222.jpg,notumor,ảnh giống hệt (giữ 1/nhóm)
Testing/notumor/Te-no_223.jpg,notumor,ảnh giống hệt (giữ 1/nhóm)
Testing/notumor/Te-no_224.jpg,notumor,ảnh giống hệt (giữ 1/nhóm)
Testing/notumor/Te-no_225.jpg,notumor,ảnh giống hệt (giữ 1/nhóm)
Testing/notumor/Te-no_226.jpg,notumor,ảnh giống hệt (giữ 1/nhóm)
Testing/notumor/Te-no_228.jpg,notumor,ảnh giống hệt (giữ 1/nhóm)
Testing/notumor/Te-no_229.jpg,notumor,ảnh giống hệt (giữ 1/nhóm)
Testing/notumor/Te-no_23.jpg,notumor,ảnh giống hệt (giữ 1/nhóm)
Testing/notumor/Te-no_230.jpg,notumor,ảnh giống hệt (giữ 1/nhóm)
Testing/notumor/Te-no_232.jpg,notumor,ảnh giống hệt (giữ 1/nhóm)
Testing/notumor/Te-no_233.jpg,notumor,ảnh giống hệt (giữ 1/nhóm)
Testing/notumor/Te-no_234.jpg,notumor,ảnh giống hệt (giữ 1/nhóm)
Testing/notumor/Te-no_235.jpg,notumor,ảnh giống hệt (giữ 1/nhóm)
Testing/notumor/Te-no_236.jpg,notumor,ảnh giống hệt (giữ 1/nhóm)
Testing/notumor/Te-no_237.jpg,notumor,ảnh giống hệt (giữ 1/nhóm)
Testing/notumor/Te-no_238.jpg,notumor,ảnh giống hệt (giữ 1/nhóm)
Testing/notumor/Te-no_239.jpg,notumor,ảnh giống hệt (giữ 1/nhóm)
Testing/notumor/Te-no_24.jpg,notumor,ảnh giống hệt (giữ 1/nhóm)
Testing/notumor/Te-no_240.jpg,notumor,ảnh giống hệt (giữ 1/nhóm)
Testing/notumor/Te-no_241.jpg,notumor,ảnh giống hệt (giữ 1/nhóm)
Testing/notumor/Te-no_242.jpg,notumor,ảnh giống hệt (giữ 1/nhóm)
Testing/notumor/Te-no_243.jpg,notumor,ảnh giống hệt (giữ 1/nhóm)
Testing/notumor/Te-no_244.jpg,notumor,ảnh giống hệt (giữ 1/nhóm)
Testing/notumor/Te-no_245.jpg,notumor,ảnh giống hệt (giữ 1/nhóm)
Testing/notumor/Te-no_246.jpg,notumor,ảnh giống hệt (giữ 1/nhóm)
Testing/notumor/Te-no_247.jpg,notumor,ảnh giống hệt (giữ 1/nhóm)
Testing/notumor/Te-no_248.jpg,notumor,ảnh giống hệt (giữ 1/nhóm)
Testing/notumor/Te-no_249.jpg,notumor,ảnh giống hệt (giữ 1/nhóm)
Testing/notumor/Te-no_25.jpg,notumor,ảnh giống hệt (giữ 1/nhóm)
Testing/notumor/Te-no_250.jpg,notumor,ảnh giống hệt (giữ 1/nhóm)
Testing/notumor/Te-no_251.jpg,notumor,ảnh giống hệt (giữ 1/nhóm)
Testing/notumor/Te-no_253.jpg,notumor,ảnh giống hệt (giữ 1/nhóm)
Testing/notumor/Te-no_254.jpg,notumor,ảnh giống hệt (giữ 1/nhóm)
Testing/notumor/Te-no_256.jpg,notumor,ảnh giống hệt (giữ 1/nhóm)
Testing/notumor/Te-no_257.jpg,notumor,ảnh giống hệt (giữ 1/nhóm)
Testing/notumor/Te-no_258.jpg,notumor,ảnh giống hệt (giữ 1/nhóm)
Testing/notumor/Te-no_259.jpg,notumor,ảnh giống hệt (giữ 1/nhóm)
Testing/notumor/Te-no_260.jpg,notumor,ảnh giống hệt (giữ 1/nhóm)
Testing/notumor/Te-no_261.jpg,notumor,ảnh giống hệt (giữ 1/nhóm)
Testing/notumor/Te-no_262.jpg,notumor,ảnh giống hệt (giữ 1/nhóm)
Testing/notumor/Te-no_263.jpg,notumor,ảnh giống hệt (giữ 1/nhóm)
Testing/notumor/Te-no_264.jpg,notumor,ảnh giống hệt (giữ 1/nhóm)
Testing/notumor/Te-no_265.jpg,notumor,loại thủ công (bản trùng): notumor nhưng thấy rõ tổn thương
Testing/notumor/Te-no_266.jpg,notumor,ảnh giống hệt (giữ 1/nhóm)
Testing/notumor/Te-no_267.jpg,notumor,ảnh giống hệt (giữ 1/nhóm)
Testing/notumor/Te-no_268.jpg,notumor,ảnh giống hệt (giữ 1/nhóm)
Testing/notumor/Te-no_269.jpg,notumor,ảnh giống hệt (giữ 1/nhóm)
Testing/notumor/Te-no_27.jpg,notumor,ảnh giống hệt (giữ 1/nhóm)
Testing/notumor/Te-no_270.jpg,notumor,ảnh giống hệt (giữ 1/nhóm)
Testing/notumor/Te-no_271.jpg,notumor,ảnh giống hệt (giữ 1/nhóm)
Testing/notumor/Te-no_272.jpg,notumor,ảnh giống hệt (giữ 1/nhóm)
Testing/notumor/Te-no_273.jpg,notumor,ảnh giống hệt (giữ 1/nhóm)
Testing/notumor/Te-no_274.jpg,notumor,ảnh giống hệt (giữ 1/nhóm)
Testing/notumor/Te-no_275.jpg,notumor,ảnh giống hệt (giữ 1/nhóm)
Testing/notumor/Te-no_276.jpg,notumor,ảnh giống hệt (giữ 1/nhóm)
Testing/notumor/Te-no_277.jpg,notumor,ảnh giống hệt (giữ 1/nhóm)
Testing/notumor/Te-no_28.jpg,notumor,ảnh giống hệt (giữ 1/nhóm)
Testing/notumor/Te-no_280.jpg,notumor,ảnh giống hệt (giữ 1/nhóm)
Testing/notumor/Te-no_281.jpg,notumor,ảnh giống hệt (giữ 1/nhóm)
Testing/notumor/Te-no_282.jpg,notumor,ảnh giống hệt (giữ 1/nhóm)
Testing/notumor/Te-no_283.jpg,notumor,ảnh giống hệt (giữ 1/nhóm)
Testing/notumor/Te-no_284.jpg,notumor,ảnh giống hệt (giữ 1/nhóm)
Testing/notumor/Te-no_285.jpg,notumor,ảnh giống hệt (giữ 1/nhóm)
Testing/notumor/Te-no_286.jpg,notumor,ảnh giống hệt (giữ 1/nhóm)
Testing/notumor/Te-no_287.jpg,notumor,ảnh giống hệt (giữ 1/nhóm)
Testing/notumor/Te-no_288.jpg,notumor,ảnh giống hệt (giữ 1/nhóm)
Testing/notumor/Te-no_289.jpg,notumor,ảnh giống hệt (giữ 1/nhóm)
Testing/notumor/Te-no_29.jpg,notumor,ảnh giống hệt (giữ 1/nhóm)
Testing/notumor/Te-no_290.jpg,notumor,ảnh giống hệt (giữ 1/nhóm)
Testing/notumor/Te-no_291.jpg,notumor,ảnh giống hệt (giữ 1/nhóm)
Testing/notumor/Te-no_292.jpg,notumor,ảnh giống hệt (giữ 1/nhóm)
Testing/notumor/Te-no_293.jpg,notumor,ảnh giống hệt (giữ 1/nhóm)
Testing/notumor/Te-no_294.jpg,notumor,ảnh giống hệt (giữ 1/nhóm)
Testing/notumor/Te-no_295.jpg,notumor,ảnh giống hệt (giữ 1/nhóm)
Testing/notumor/Te-no_298.jpg,notumor,ảnh giống hệt (giữ 1/nhóm)
Testing/notumor/Te-no_299.jpg,notumor,ảnh giống hệt (giữ 1/nhóm)
Testing/notumor/Te-no_3.jpg,notumor,ảnh giống hệt (giữ 1/nhóm)
Testing/notumor/Te-no_30.jpg,notumor,ảnh giống hệt (giữ 1/nhóm)
Testing/notumor/Te-no_300.jpg,notumor,ảnh giống hệt (giữ 1/nhóm)
Testing/notumor/Te-no_301.jpg,notumor,ảnh giống hệt (giữ 1/nhóm)
Testing/notumor/Te-no_302.jpg,notumor,ảnh giống hệt (giữ 1/nhóm)
Testing/notumor/Te-no_303.jpg,notumor,ảnh giống hệt (giữ 1/nhóm)
Testing/notumor/Te-no_304.jpg,notumor,ảnh giống hệt (giữ 1/nhóm)
Testing/notumor/Te-no_305.jpg,notumor,ảnh giống hệt (giữ 1/nhóm)
Testing/notumor/Te-no_306.jpg,notumor,ảnh giống hệt (giữ 1/nhóm)
Testing/notumor/Te-no_307.jpg,notumor,ảnh giống hệt (giữ 1/nhóm)
Testing/notumor/Te-no_308.jpg,notumor,ảnh giống hệt (giữ 1/nhóm)
Testing/notumor/Te-no_309.jpg,notumor,ảnh giống hệt (giữ 1/nhóm)
Testing/notumor/Te-no_31.jpg,notumor,ảnh giống hệt (giữ 1/nhóm)
Testing/notumor/Te-no_310.jpg,notumor,ảnh giống hệt (giữ 1/nhóm)
Testing/notumor/Te-no_311.jpg,notumor,ảnh giống hệt (giữ 1/nhóm)
Testing/notumor/Te-no_312.jpg,notumor,ảnh giống hệt (giữ 1/nhóm)
Testing/notumor/Te-no_313.jpg,notumor,ảnh giống hệt (giữ 1/nhóm)
Testing/notumor/Te-no_314.jpg,notumor,ảnh giống hệt (giữ 1/nhóm)
Testing/notumor/Te-no_316.jpg,notumor,ảnh giống hệt (giữ 1/nhóm)
Testing/notumor/Te-no_317.jpg,notumor,ảnh giống hệt (giữ 1/nhóm)
Testing/notumor/Te-no_319.jpg,notumor,ảnh giống hệt (giữ 1/nhóm)
Testing/notumor/Te-no_32.jpg,notumor,ảnh giống hệt (giữ 1/nhóm)
Testing/notumor/Te-no_321.jpg,notumor,ảnh giống hệt (giữ 1/nhóm)
Testing/notumor/Te-no_322.jpg,notumor,ảnh giống hệt (giữ 1/nhóm)
Testing/notumor/Te-no_324.jpg,notumor,ảnh giống hệt (giữ 1/nhóm)
Testing/notumor/Te-no_326.jpg,notumor,ảnh giống hệt (giữ 1/nhóm)
Testing/notumor/Te-no_327.jpg,notumor,ảnh giống hệt (giữ 1/nhóm)
Testing/notumor/Te-no_328.jpg,notumor,ảnh giống hệt (giữ 1/nhóm)
Testing/notumor/Te-no_329.jpg,notumor,ảnh giống hệt (giữ 1/nhóm)
Testing/notumor/Te-no_33.jpg,notumor,ảnh giống hệt (giữ 1/nhóm)
Testing/notumor/Te-no_330.jpg,notumor,ảnh giống hệt (giữ 1/nhóm)
Testing/notumor/Te-no_332.jpg,notumor,ảnh giống hệt (giữ 1/nhóm)
Testing/notumor/Te-no_333.jpg,notumor,ảnh giống hệt (giữ 1/nhóm)
Testing/notumor/Te-no_334.jpg,notumor,ảnh giống hệt (giữ 1/nhóm)
Testing/notumor/Te-no_335.jpg,notumor,ảnh giống hệt (giữ 1/nhóm)
Testing/notumor/Te-no_336.jpg,notumor,ảnh giống hệt (giữ 1/nhóm)
Testing/notumor/Te-no_337.jpg,notumor,ảnh giống hệt (giữ 1/nhóm)
Testing/notumor/Te-no_338.jpg,notumor,ảnh giống hệt (giữ 1/nhóm)
Testing/notumor/Te-no_339.jpg,notumor,ảnh giống hệt (giữ 1/nhóm)
Testing/notumor/Te-no_34.jpg,notumor,ảnh giống hệt (giữ 1/nhóm)
Testing/notumor/Te-no_340.jpg,notumor,ảnh giống hệt (giữ 1/nhóm)
Testing/notumor/Te-no_341.jpg,notumor,ảnh giống hệt (giữ 1/nhóm)
Testing/notumor/Te-no_342.jpg,notumor,ảnh giống hệt (giữ 1/nhóm)
Testing/notumor/Te-no_343.jpg,notumor,ảnh giống hệt (giữ 1/nhóm)
Testing/notumor/Te-no_344.jpg,notumor,ảnh giống hệt (giữ 1/nhóm)
Testing/notumor/Te-no_345.jpg,notumor,ảnh giống hệt (giữ 1/nhóm)
Testing/notumor/Te-no_346.jpg,notumor,ảnh giống hệt (giữ 1/nhóm)
Testing/notumor/Te-no_347.jpg,notumor,ảnh giống hệt (giữ 1/nhóm)
Testing/notumor/Te-no_349.jpg,notumor,ảnh giống hệt (giữ 1/nhóm)
Testing/notumor/Te-no_35.jpg,notumor,ảnh giống hệt (giữ 1/nhóm)
Testing/notumor/Te-no_350.jpg,notumor,ảnh giống hệt (giữ 1/nhóm)
Testing/notumor/Te-no_353.jpg,notumor,ảnh giống hệt (giữ 1/nhóm)
Testing/notumor/Te-no_354.jpg,notumor,ảnh giống hệt (giữ 1/nhóm)
Testing/notumor/Te-no_356.jpg,notumor,ảnh giống hệt (giữ 1/nhóm)
Testing/notumor/Te-no_357.jpg,notumor,ảnh giống hệt (giữ 1/nhóm)
Testing/notumor/Te-no_358.jpg,notumor,ảnh giống hệt (giữ 1/nhóm)
Testing/notumor/Te-no_359.jpg,notumor,ảnh giống hệt (giữ 1/nhóm)
Testing/notumor/Te-no_36.jpg,notumor,ảnh giống hệt (giữ 1/nhóm)
Testing/notumor/Te-no_360.jpg,notumor,ảnh giống hệt (giữ 1/nhóm)
Testing/notumor/Te-no_361.jpg,notumor,ảnh giống hệt (giữ 1/nhóm)
Testing/notumor/Te-no_363.jpg,notumor,ảnh giống hệt (giữ 1/nhóm)
Testing/notumor/Te-no_364.jpg,notumor,ảnh giống hệt (giữ 1/nhóm)
Testing/notumor/Te-no_366.jpg,notumor,ảnh giống hệt (giữ 1/nhóm)
Testing/notumor/Te-no_368.jpg,notumor,ảnh giống hệt (giữ 1/nhóm)
Testing/notumor/Te-no_369.jpg,notumor,ảnh giống hệt (giữ 1/nhóm)
Testing/notumor/Te-no_37.jpg,notumor,ảnh giống hệt (giữ 1/nhóm)
Testing/notumor/Te-no_370.jpg,notumor,ảnh giống hệt (giữ 1/nhóm)
Testing/notumor/Te-no_371.jpg,notumor,ảnh giống hệt (giữ 1/nhóm)
Testing/notumor/Te-no_372.jpg,notumor,ảnh giống hệt (giữ 1/nhóm)
Testing/notumor/Te-no_374.jpg,notumor,ảnh giống hệt (giữ 1/nhóm)
Testing/notumor/Te-no_375.jpg,notumor,ảnh giống hệt (giữ 1/nhóm)
Testing/notumor/Te-no_376.jpg,notumor,ảnh giống hệt (giữ 1/nhóm)
Testing/notumor/Te-no_378.jpg,notumor,ảnh giống hệt (giữ 1/nhóm)
Testing/notumor/Te-no_379.jpg,notumor,ảnh giống hệt (giữ 1/nhóm)
Testing/notumor/Te-no_38.jpg,notumor,ảnh giống hệt (giữ 1/nhóm)
Testing/notumor/Te-no_380.jpg,notumor,ảnh giống hệt (giữ 1/nhóm)
Testing/notumor/Te-no_381.jpg,notumor,ảnh giống hệt (giữ 1/nhóm)
Testing/notumor/Te-no_382.jpg,notumor,ảnh giống hệt (giữ 1/nhóm)
Testing/notumor/Te-no_383.jpg,notumor,ảnh giống hệt (giữ 1/nhóm)
Testing/notumor/Te-no_384.jpg,notumor,ảnh giống hệt (giữ 1/nhóm)
Testing/notumor/Te-no_385.jpg,notumor,ảnh giống hệt (giữ 1/nhóm)
Testing/notumor/Te-no_386.jpg,notumor,ảnh giống hệt (giữ 1/nhóm)
Testing/notumor/Te-no_387.jpg,notumor,ảnh giống hệt (giữ 1/nhóm)
Testing/notumor/Te-no_388.jpg,notumor,ảnh giống hệt (giữ 1/nhóm)
Testing/notumor/Te-no_389.jpg,notumor,ảnh giống hệt (giữ 1/nhóm)
Testing/notumor/Te-no_390.jpg,notumor,ảnh giống hệt (giữ 1/nhóm)
Testing/notumor/Te-no_391.jpg,notumor,ảnh giống hệt (giữ 1/nhóm)
Testing/notumor/Te-no_392.jpg,notumor,ảnh giống hệt (giữ 1/nhóm)
Testing/notumor/Te-no_393.jpg,notumor,ảnh giống hệt (giữ 1/nhóm)
Testing/notumor/Te-no_394.jpg,notumor,ảnh giống hệt (giữ 1/nhóm)
Testing/notumor/Te-no_395.jpg,notumor,ảnh giống hệt (giữ 1/nhóm)
Testing/notumor/Te-no_396.jpg,notumor,ảnh giống hệt (giữ 1/nhóm)
Testing/notumor/Te-no_398.jpg,notumor,ảnh giống hệt (giữ 1/nhóm)
Testing/notumor/Te-no_399.jpg,notumor,ảnh giống hệt (giữ 1/nhóm)
Testing/notumor/Te-no_4.jpg,notumor,ảnh giống hệt (giữ 1/nhóm)
Testing/notumor/Te-no_40.jpg,notumor,ảnh giống hệt (giữ 1/nhóm)
Testing/notumor/Te-no_400.jpg,notumor,ảnh giống hệt (giữ 1/nhóm)
Testing/notumor/Te-no_41.jpg,notumor,ảnh giống hệt (giữ 1/nhóm)
Testing/notumor/Te-no_42.jpg,notumor,ảnh giống hệt (giữ 1/nhóm)
Testing/notumor/Te-no_43.jpg,notumor,ảnh giống hệt (giữ 1/nhóm)
Testing/notumor/Te-no_44.jpg,notumor,ảnh giống hệt (giữ 1/nhóm)
Testing/notumor/Te-no_45.jpg,notumor,ảnh giống hệt (giữ 1/nhóm)
Testing/notumor/Te-no_46.jpg,notumor,ảnh giống hệt (giữ 1/nhóm)
Testing/notumor/Te-no_47.jpg,notumor,ảnh giống hệt (giữ 1/nhóm)
Testing/notumor/Te-no_48.jpg,notumor,ảnh giống hệt (giữ 1/nhóm)
Testing/notumor/Te-no_49.jpg,notumor,ảnh giống hệt (giữ 1/nhóm)
Testing/notumor/Te-no_5.jpg,notumor,ảnh giống hệt (giữ 1/nhóm)
Testing/notumor/Te-no_50.jpg,notumor,ảnh giống hệt (giữ 1/nhóm)
Testing/notumor/Te-no_51.jpg,notumor,ảnh giống hệt (giữ 1/nhóm)
Testing/notumor/Te-no_52.jpg,notumor,loại thủ công (bản trùng): notumor nhưng thấy rõ tổn thương
Testing/notumor/Te-no_53.jpg,notumor,ảnh giống hệt (giữ 1/nhóm)
Testing/notumor/Te-no_54.jpg,notumor,ảnh giống hệt (giữ 1/nhóm)
Testing/notumor/Te-no_55.jpg,notumor,ảnh giống hệt (giữ 1/nhóm)
Testing/notumor/Te-no_56.jpg,notumor,ảnh giống hệt (giữ 1/nhóm)
Testing/notumor/Te-no_57.jpg,notumor,ảnh giống hệt (giữ 1/nhóm)
Testing/notumor/Te-no_58.jpg,notumor,ảnh giống hệt (giữ 1/nhóm)
Testing/notumor/Te-no_59.jpg,notumor,ảnh giống hệt (giữ 1/nhóm)
Testing/notumor/Te-no_6.jpg,notumor,ảnh giống hệt (giữ 1/nhóm)
Testing/notumor/Te-no_60.jpg,notumor,ảnh giống hệt (giữ 1/nhóm)
Testing/notumor/Te-no_61.jpg,notumor,ảnh giống hệt (giữ 1/nhóm)
Testing/notumor/Te-no_62.jpg,notumor,ảnh giống hệt (giữ 1/nhóm)
Testing/notumor/Te-no_64.jpg,notumor,ảnh giống hệt (giữ 1/nhóm)
Testing/notumor/Te-no_66.jpg,notumor,ảnh giống hệt (giữ 1/nhóm)
Testing/notumor/Te-no_67.jpg,notumor,ảnh giống hệt (giữ 1/nhóm)
Testing/notumor/Te-no_68.jpg,notumor,ảnh giống hệt (giữ 1/nhóm)
Testing/notumor/Te-no_69.jpg,notumor,ảnh giống hệt (giữ 1/nhóm)
Testing/notumor/Te-no_7.jpg,notumor,ảnh giống hệt (giữ 1/nhóm)
Testing/notumor/Te-no_70.jpg,notumor,ảnh giống hệt (giữ 1/nhóm)
Testing/notumor/Te-no_71.jpg,notumor,ảnh giống hệt (giữ 1/nhóm)
Testing/notumor/Te-no_72.jpg,notumor,ảnh giống hệt (giữ 1/nhóm)
Testing/notumor/Te-no_73.jpg,notumor,ảnh giống hệt (giữ 1/nhóm)
Testing/notumor/Te-no_74.jpg,notumor,ảnh giống hệt (giữ 1/nhóm)
Testing/notumor/Te-no_75.jpg,notumor,ảnh giống hệt (giữ 1/nhóm)
Testing/notumor/Te-no_76.jpg,notumor,ảnh giống hệt (giữ 1/nhóm)
Testing/notumor/Te-no_78.jpg,notumor,ảnh giống hệt (giữ 1/nhóm)
Testing/notumor/Te-no_79.jpg,notumor,ảnh giống hệt (giữ 1/nhóm)
Testing/notumor/Te-no_8.jpg,notumor,ảnh giống hệt (giữ 1/nhóm)
Testing/notumor/Te-no_80.jpg,notumor,ảnh giống hệt (giữ 1/nhóm)
Testing/notumor/Te-no_81.jpg,notumor,ảnh giống hệt (giữ 1/nhóm)
Testing/notumor/Te-no_82.jpg,notumor,ảnh giống hệt (giữ 1/nhóm)
Testing/notumor/Te-no_83.jpg,notumor,ảnh giống hệt (giữ 1/nhóm)
Testing/notumor/Te-no_84.jpg,notumor,ảnh giống hệt (giữ 1/nhóm)
Testing/notumor/Te-no_85.jpg,notumor,ảnh giống hệt (giữ 1/nhóm)
Testing/notumor/Te-no_86.jpg,notumor,ảnh giống hệt (giữ 1/nhóm)
Testing/notumor/Te-no_87.jpg,notumor,ảnh giống hệt (giữ 1/nhóm)
Testing/notumor/Te-no_88.jpg,notumor,ảnh giống hệt (giữ 1/nhóm)
Testing/notumor/Te-no_89.jpg,notumor,ảnh giống hệt (giữ 1/nhóm)
Testing/notumor/Te-no_90.jpg,notumor,ảnh giống hệt (giữ 1/nhóm)
Testing/notumor/Te-no_91.jpg,notumor,ảnh giống hệt (giữ 1/nhóm)
Testing/notumor/Te-no_93.jpg,notumor,ảnh giống hệt (giữ 1/nhóm)
Testing/notumor/Te-no_94.jpg,notumor,ảnh giống hệt (giữ 1/nhóm)
Testing/notumor/Te-no_95.jpg,notumor,ảnh giống hệt (giữ 1/nhóm)
Testing/notumor/Te-no_96.jpg,notumor,ảnh giống hệt (giữ 1/nhóm)
Testing/notumor/Te-no_97.jpg,notumor,ảnh giống hệt (giữ 1/nhóm)
Testing/notumor/Te-no_98.jpg,notumor,ảnh giống hệt (giữ 1/nhóm)
Testing/pituitary/Te-pi_1.jpg,pituitary,ảnh giống hệt (giữ 1/nhóm)
Testing/pituitary/Te-pi_10.jpg,pituitary,ảnh giống hệt (giữ 1/nhóm)
Testing/pituitary/Te-pi_100.jpg,pituitary,ảnh giống hệt (giữ 1/nhóm)
Testing/pituitary/Te-pi_102.jpg,pituitary,ảnh giống hệt (giữ 1/nhóm)
Testing/pituitary/Te-pi_103.jpg,pituitary,ảnh giống hệt (giữ 1/nhóm)
Testing/pituitary/Te-pi_104.jpg,pituitary,ảnh giống hệt (giữ 1/nhóm)
Testing/pituitary/Te-pi_105.jpg,pituitary,ảnh giống hệt (giữ 1/nhóm)
Testing/pituitary/Te-pi_106.jpg,pituitary,ảnh giống hệt (giữ 1/nhóm)
Testing/pituitary/Te-pi_107.jpg,pituitary,ảnh giống hệt (giữ 1/nhóm)
Testing/pituitary/Te-pi_108.jpg,pituitary,ảnh giống hệt (giữ 1/nhóm)
Testing/pituitary/Te-pi_109.jpg,pituitary,ảnh giống hệt (giữ 1/nhóm)
Testing/pituitary/Te-pi_11.jpg,pituitary,ảnh giống hệt (giữ 1/nhóm)
Testing/pituitary/Te-pi_110.jpg,pituitary,ảnh giống hệt (giữ 1/nhóm)
Testing/pituitary/Te-pi_111.jpg,pituitary,ảnh giống hệt (giữ 1/nhóm)
Testing/pituitary/Te-pi_112.jpg,pituitary,ảnh giống hệt (giữ 1/nhóm)
Testing/pituitary/Te-pi_113.jpg,pituitary,ảnh giống hệt (giữ 1/nhóm)
Testing/pituitary/Te-pi_114.jpg,pituitary,ảnh giống hệt (giữ 1/nhóm)
Testing/pituitary/Te-pi_116.jpg,pituitary,ảnh giống hệt (giữ 1/nhóm)
Testing/pituitary/Te-pi_119.jpg,pituitary,ảnh giống hệt (giữ 1/nhóm)
Testing/pituitary/Te-pi_12.jpg,pituitary,ảnh giống hệt (giữ 1/nhóm)
Testing/pituitary/Te-pi_120.jpg,pituitary,ảnh giống hệt (giữ 1/nhóm)
Testing/pituitary/Te-pi_121.jpg,pituitary,ảnh giống hệt (giữ 1/nhóm)
Testing/pituitary/Te-pi_122.jpg,pituitary,ảnh giống hệt (giữ 1/nhóm)
Testing/pituitary/Te-pi_123.jpg,pituitary,ảnh giống hệt (giữ 1/nhóm)
Testing/pituitary/Te-pi_124.jpg,pituitary,ảnh giống hệt (giữ 1/nhóm)
Testing/pituitary/Te-pi_125.jpg,pituitary,ảnh giống hệt (giữ 1/nhóm)
Testing/pituitary/Te-pi_126.jpg,pituitary,ảnh giống hệt (giữ 1/nhóm)
Testing/pituitary/Te-pi_128.jpg,pituitary,ảnh giống hệt (giữ 1/nhóm)
Testing/pituitary/Te-pi_129.jpg,pituitary,ảnh giống hệt (giữ 1/nhóm)
Testing/pituitary/Te-pi_130.jpg,pituitary,ảnh giống hệt (giữ 1/nhóm)
Testing/pituitary/Te-pi_132.jpg,pituitary,ảnh giống hệt (giữ 1/nhóm)
Testing/pituitary/Te-pi_133.jpg,pituitary,ảnh giống hệt (giữ 1/nhóm)
Testing/pituitary/Te-pi_135.jpg,pituitary,ảnh giống hệt (giữ 1/nhóm)
Testing/pituitary/Te-pi_138.jpg,pituitary,ảnh giống hệt (giữ 1/nhóm)
Testing/pituitary/Te-pi_14.jpg,pituitary,ảnh giống hệt (giữ 1/nhóm)
Testing/pituitary/Te-pi_142.jpg,pituitary,ảnh giống hệt (giữ 1/nhóm)
Testing/pituitary/Te-pi_143.jpg,pituitary,ảnh giống hệt (giữ 1/nhóm)
Testing/pituitary/Te-pi_144.jpg,pituitary,ảnh giống hệt (giữ 1/nhóm)
Testing/pituitary/Te-pi_145.jpg,pituitary,ảnh giống hệt (giữ 1/nhóm)
Testing/pituitary/Te-pi_146.jpg,pituitary,ảnh giống hệt (giữ 1/nhóm)
Testing/pituitary/Te-pi_147.jpg,pituitary,ảnh giống hệt (giữ 1/nhóm)
Testing/pituitary/Te-pi_148.jpg,pituitary,ảnh giống hệt (giữ 1/nhóm)
Testing/pituitary/Te-pi_149.jpg,pituitary,ảnh giống hệt (giữ 1/nhóm)
Testing/pituitary/Te-pi_15.jpg,pituitary,ảnh giống hệt (giữ 1/nhóm)
Testing/pituitary/Te-pi_150.jpg,pituitary,ảnh giống hệt (giữ 1/nhóm)
Testing/pituitary/Te-pi_151.jpg,pituitary,ảnh giống hệt (giữ 1/nhóm)
Testing/pituitary/Te-pi_152.jpg,pituitary,ảnh giống hệt (giữ 1/nhóm)
Testing/pituitary/Te-pi_154.jpg,pituitary,ảnh giống hệt (giữ 1/nhóm)
Testing/pituitary/Te-pi_155.jpg,pituitary,ảnh giống hệt (giữ 1/nhóm)
Testing/pituitary/Te-pi_156.jpg,pituitary,ảnh giống hệt (giữ 1/nhóm)
Testing/pituitary/Te-pi_157.jpg,pituitary,ảnh giống hệt (giữ 1/nhóm)
Testing/pituitary/Te-pi_159.jpg,pituitary,ảnh giống hệt (giữ 1/nhóm)
Testing/pituitary/Te-pi_16.jpg,pituitary,ảnh giống hệt (giữ 1/nhóm)
Testing/pituitary/Te-pi_160.jpg,pituitary,ảnh giống hệt (giữ 1/nhóm)
Testing/pituitary/Te-pi_161.jpg,pituitary,ảnh giống hệt (giữ 1/nhóm)
Testing/pituitary/Te-pi_162.jpg,pituitary,ảnh giống hệt (giữ 1/nhóm)
Testing/pituitary/Te-pi_163.jpg,pituitary,ảnh giống hệt (giữ 1/nhóm)
Testing/pituitary/Te-pi_164.jpg,pituitary,ảnh giống hệt (giữ 1/nhóm)
Testing/pituitary/Te-pi_167.jpg,pituitary,ảnh giống hệt (giữ 1/nhóm)
Testing/pituitary/Te-pi_169.jpg,pituitary,ảnh giống hệt (giữ 1/nhóm)
Testing/pituitary/Te-pi_17.jpg,pituitary,ảnh giống hệt (giữ 1/nhóm)
Testing/pituitary/Te-pi_171.jpg,pituitary,ảnh giống hệt (giữ 1/nhóm)
Testing/pituitary/Te-pi_172.jpg,pituitary,ảnh giống hệt (giữ 1/nhóm)
Testing/pituitary/Te-pi_173.jpg,pituitary,ảnh giống hệt (giữ 1/nhóm)
Testing/pituitary/Te-pi_175.jpg,pituitary,ảnh giống hệt (giữ 1/nhóm)
Testing/pituitary/Te-pi_177.jpg,pituitary,ảnh giống hệt (giữ 1/nhóm)
Testing/pituitary/Te-pi_179.jpg,pituitary,ảnh giống hệt (giữ 1/nhóm)
Testing/pituitary/Te-pi_18.jpg,pituitary,ảnh giống hệt (giữ 1/nhóm)
Testing/pituitary/Te-pi_180.jpg,pituitary,ảnh giống hệt (giữ 1/nhóm)
Testing/pituitary/Te-pi_181.jpg,pituitary,ảnh giống hệt (giữ 1/nhóm)
Testing/pituitary/Te-pi_183.jpg,pituitary,ảnh giống hệt (giữ 1/nhóm)
Testing/pituitary/Te-pi_184.jpg,pituitary,ảnh giống hệt (giữ 1/nhóm)
Testing/pituitary/Te-pi_185.jpg,pituitary,ảnh giống hệt (giữ 1/nhóm)
Testing/pituitary/Te-pi_187.jpg,pituitary,ảnh giống hệt (giữ 1/nhóm)
Testing/pituitary/Te-pi_188.jpg,pituitary,ảnh giống hệt (giữ 1/nhóm)
Testing/pituitary/Te-pi_19.jpg,pituitary,ảnh giống hệt (giữ 1/nhóm)
Testing/pituitary/Te-pi_190.jpg,pituitary,ảnh giống hệt (giữ 1/nhóm)
Testing/pituitary/Te-pi_191.jpg,pituitary,ảnh giống hệt (giữ 1/nhóm)
Testing/pituitary/Te-pi_192.jpg,pituitary,ảnh giống hệt (giữ 1/nhóm)
Testing/pituitary/Te-pi_193.jpg,pituitary,ảnh giống hệt (giữ 1/nhóm)
Testing/pituitary/Te-pi_194.jpg,pituitary,ảnh giống hệt (giữ 1/nhóm)
Testing/pituitary/Te-pi_196.jpg,pituitary,ảnh giống hệt (giữ 1/nhóm)
Testing/pituitary/Te-pi_197.jpg,pituitary,ảnh giống hệt (giữ 1/nhóm)
Testing/pituitary/Te-pi_198.jpg,pituitary,ảnh giống hệt (giữ 1/nhóm)
Testing/pituitary/Te-pi_20.jpg,pituitary,ảnh giống hệt (giữ 1/nhóm)
Testing/pituitary/Te-pi_200.jpg,pituitary,ảnh giống hệt (giữ 1/nhóm)
Testing/pituitary/Te-pi_201.jpg,pituitary,ảnh giống hệt (giữ 1/nhóm)
Testing/pituitary/Te-pi_202.jpg,pituitary,ảnh giống hệt (giữ 1/nhóm)
Testing/pituitary/Te-pi_204.jpg,pituitary,ảnh giống hệt (giữ 1/nhóm)
Testing/pituitary/Te-pi_205.jpg,pituitary,ảnh giống hệt (giữ 1/nhóm)
Testing/pituitary/Te-pi_206.jpg,pituitary,nhóm giống nhau khác lớp
Testing/pituitary/Te-pi_207.jpg,pituitary,ảnh giống hệt (giữ 1/nhóm)
Testing/pituitary/Te-pi_208.jpg,pituitary,ảnh giống hệt (giữ 1/nhóm)
Testing/pituitary/Te-pi_209.jpg,pituitary,ảnh giống hệt (giữ 1/nhóm)
Testing/pituitary/Te-pi_21.jpg,pituitary,ảnh giống hệt (giữ 1/nhóm)
Testing/pituitary/Te-pi_210.jpg,pituitary,ảnh giống hệt (giữ 1/nhóm)
Testing/pituitary/Te-pi_211.jpg,pituitary,ảnh giống hệt (giữ 1/nhóm)
Testing/pituitary/Te-pi_213.jpg,pituitary,ảnh giống hệt (giữ 1/nhóm)
Testing/pituitary/Te-pi_215.jpg,pituitary,ảnh giống hệt (giữ 1/nhóm)
Testing/pituitary/Te-pi_216.jpg,pituitary,ảnh giống hệt (giữ 1/nhóm)
Testing/pituitary/Te-pi_218.jpg,pituitary,ảnh giống hệt (giữ 1/nhóm)
Testing/pituitary/Te-pi_219.jpg,pituitary,ảnh giống hệt (giữ 1/nhóm)
Testing/pituitary/Te-pi_22.jpg,pituitary,ảnh giống hệt (giữ 1/nhóm)
Testing/pituitary/Te-pi_220.jpg,pituitary,ảnh giống hệt (giữ 1/nhóm)
Testing/pituitary/Te-pi_221.jpg,pituitary,ảnh giống hệt (giữ 1/nhóm)
Testing/pituitary/Te-pi_222.jpg,pituitary,ảnh giống hệt (giữ 1/nhóm)
Testing/pituitary/Te-pi_224.jpg,pituitary,ảnh giống hệt (giữ 1/nhóm)
Testing/pituitary/Te-pi_227.jpg,pituitary,ảnh giống hệt (giữ 1/nhóm)
Testing/pituitary/Te-pi_228.jpg,pituitary,ảnh giống hệt (giữ 1/nhóm)
Testing/pituitary/Te-pi_23.jpg,pituitary,ảnh giống hệt (giữ 1/nhóm)
Testing/pituitary/Te-pi_230.jpg,pituitary,ảnh giống hệt (giữ 1/nhóm)
Testing/pituitary/Te-pi_231.jpg,pituitary,ảnh giống hệt (giữ 1/nhóm)
Testing/pituitary/Te-pi_232.jpg,pituitary,ảnh giống hệt (giữ 1/nhóm)
Testing/pituitary/Te-pi_234.jpg,pituitary,ảnh giống hệt (giữ 1/nhóm)
Testing/pituitary/Te-pi_236.jpg,pituitary,ảnh giống hệt (giữ 1/nhóm)
Testing/pituitary/Te-pi_237.jpg,pituitary,ảnh giống hệt (giữ 1/nhóm)
Testing/pituitary/Te-pi_238.jpg,pituitary,ảnh giống hệt (giữ 1/nhóm)
Testing/pituitary/Te-pi_239.jpg,pituitary,ảnh giống hệt (giữ 1/nhóm)
Testing/pituitary/Te-pi_24.jpg,pituitary,ảnh giống hệt (giữ 1/nhóm)
Testing/pituitary/Te-pi_241.jpg,pituitary,ảnh giống hệt (giữ 1/nhóm)
Testing/pituitary/Te-pi_242.jpg,pituitary,ảnh giống hệt (giữ 1/nhóm)
Testing/pituitary/Te-pi_246.jpg,pituitary,ảnh giống hệt (giữ 1/nhóm)
Testing/pituitary/Te-pi_25.jpg,pituitary,ảnh giống hệt (giữ 1/nhóm)
Testing/pituitary/Te-pi_250.jpg,pituitary,ảnh giống hệt (giữ 1/nhóm)
Testing/pituitary/Te-pi_251.jpg,pituitary,ảnh giống hệt (giữ 1/nhóm)
Testing/pituitary/Te-pi_252.jpg,pituitary,ảnh giống hệt (giữ 1/nhóm)
Testing/pituitary/Te-pi_253.jpg,pituitary,ảnh giống hệt (giữ 1/nhóm)
Testing/pituitary/Te-pi_255.jpg,pituitary,ảnh giống hệt (giữ 1/nhóm)
Testing/pituitary/Te-pi_257.jpg,pituitary,ảnh giống hệt (giữ 1/nhóm)
Testing/pituitary/Te-pi_258.jpg,pituitary,ảnh giống hệt (giữ 1/nhóm)
Testing/pituitary/Te-pi_259.jpg,pituitary,ảnh giống hệt (giữ 1/nhóm)
Testing/pituitary/Te-pi_26.jpg,pituitary,ảnh giống hệt (giữ 1/nhóm)
Testing/pituitary/Te-pi_260.jpg,pituitary,ảnh giống hệt (giữ 1/nhóm)
Testing/pituitary/Te-pi_262.jpg,pituitary,ảnh giống hệt (giữ 1/nhóm)
Testing/pituitary/Te-pi_263.jpg,pituitary,ảnh giống hệt (giữ 1/nhóm)
Testing/pituitary/Te-pi_265.jpg,pituitary,ảnh giống hệt (giữ 1/nhóm)
Testing/pituitary/Te-pi_267.jpg,pituitary,ảnh giống hệt (giữ 1/nhóm)
Testing/pituitary/Te-pi_269.jpg,pituitary,ảnh giống hệt (giữ 1/nhóm)
Testing/pituitary/Te-pi_27.jpg,pituitary,ảnh giống hệt (giữ 1/nhóm)
Testing/pituitary/Te-pi_270.jpg,pituitary,ảnh giống hệt (giữ 1/nhóm)
Testing/pituitary/Te-pi_271.jpg,pituitary,ảnh giống hệt (giữ 1/nhóm)
Testing/pituitary/Te-pi_272.jpg,pituitary,ảnh giống hệt (giữ 1/nhóm)
Testing/pituitary/Te-pi_274.jpg,pituitary,ảnh giống hệt (giữ 1/nhóm)
Testing/pituitary/Te-pi_275.jpg,pituitary,ảnh giống hệt (giữ 1/nhóm)
Testing/pituitary/Te-pi_276.jpg,pituitary,ảnh giống hệt (giữ 1/nhóm)
Testing/pituitary/Te-pi_278.jpg,pituitary,ảnh giống hệt (giữ 1/nhóm)
Testing/pituitary/Te-pi_279.jpg,pituitary,ảnh giống hệt (giữ 1/nhóm)
Testing/pituitary/Te-pi_281.jpg,pituitary,ảnh giống hệt (giữ 1/nhóm)
Testing/pituitary/Te-pi_282.jpg,pituitary,ảnh giống hệt (giữ 1/nhóm)
Testing/pituitary/Te-pi_283.jpg,pituitary,ảnh giống hệt (giữ 1/nhóm)
Testing/pituitary/Te-pi_284.jpg,pituitary,ảnh giống hệt (giữ 1/nhóm)
Testing/pituitary/Te-pi_285.jpg,pituitary,ảnh giống hệt (giữ 1/nhóm)
Testing/pituitary/Te-pi_287.jpg,pituitary,ảnh giống hệt (giữ 1/nhóm)
Testing/pituitary/Te-pi_288.jpg,pituitary,ảnh giống hệt (giữ 1/nhóm)
Testing/pituitary/Te-pi_289.jpg,pituitary,ảnh giống hệt (giữ 1/nhóm)
Testing/pituitary/Te-pi_29.jpg,pituitary,ảnh giống hệt (giữ 1/nhóm)
Testing/pituitary/Te-pi_290.jpg,pituitary,ảnh giống hệt (giữ 1/nhóm)
Testing/pituitary/Te-pi_291.jpg,pituitary,ảnh giống hệt (giữ 1/nhóm)
Testing/pituitary/Te-pi_293.jpg,pituitary,ảnh giống hệt (giữ 1/nhóm)
Testing/pituitary/Te-pi_294.jpg,pituitary,ảnh giống hệt (giữ 1/nhóm)
Testing/pituitary/Te-pi_295.jpg,pituitary,ảnh giống hệt (giữ 1/nhóm)
Testing/pituitary/Te-pi_296.jpg,pituitary,ảnh giống hệt (giữ 1/nhóm)
Testing/pituitary/Te-pi_299.jpg,pituitary,ảnh giống hệt (giữ 1/nhóm)
Testing/pituitary/Te-pi_300.jpg,pituitary,ảnh giống hệt (giữ 1/nhóm)
Testing/pituitary/Te-pi_302.jpg,pituitary,ảnh giống hệt (giữ 1/nhóm)
Testing/pituitary/Te-pi_303.jpg,pituitary,ảnh giống hệt (giữ 1/nhóm)
Testing/pituitary/Te-pi_304.jpg,pituitary,ảnh giống hệt (giữ 1/nhóm)
Testing/pituitary/Te-pi_305.jpg,pituitary,ảnh giống hệt (giữ 1/nhóm)
Testing/pituitary/Te-pi_307.jpg,pituitary,ảnh giống hệt (giữ 1/nhóm)
Testing/pituitary/Te-pi_309.jpg,pituitary,ảnh giống hệt (giữ 1/nhóm)
Testing/pituitary/Te-pi_310.jpg,pituitary,ảnh giống hệt (giữ 1/nhóm)
Testing/pituitary/Te-pi_311.jpg,pituitary,ảnh giống hệt (giữ 1/nhóm)
Testing/pituitary/Te-pi_312.jpg,pituitary,ảnh giống hệt (giữ 1/nhóm)
Testing/pituitary/Te-pi_313.jpg,pituitary,ảnh giống hệt (giữ 1/nhóm)
Testing/pituitary/Te-pi_314.jpg,pituitary,ảnh giống hệt (giữ 1/nhóm)
Testing/pituitary/Te-pi_316.jpg,pituitary,ảnh giống hệt (giữ 1/nhóm)
Testing/pituitary/Te-pi_317.jpg,pituitary,ảnh giống hệt (giữ 1/nhóm)
Testing/pituitary/Te-pi_318.jpg,pituitary,ảnh giống hệt (giữ 1/nhóm)
Testing/pituitary/Te-pi_319.jpg,pituitary,ảnh giống hệt (giữ 1/nhóm)
Testing/pituitary/Te-pi_32.jpg,pituitary,ảnh giống hệt (giữ 1/nhóm)
Testing/pituitary/Te-pi_320.jpg,pituitary,ảnh giống hệt (giữ 1/nhóm)
Testing/pituitary/Te-pi_322.jpg,pituitary,ảnh giống hệt (giữ 1/nhóm)
Testing/pituitary/Te-pi_323.jpg,pituitary,ảnh giống hệt (giữ 1/nhóm)
Testing/pituitary/Te-pi_324.jpg,pituitary,ảnh giống hệt (giữ 1/nhóm)
Testing/pituitary/Te-pi_326.jpg,pituitary,ảnh giống hệt (giữ 1/nhóm)
Testing/pituitary/Te-pi_327.jpg,pituitary,ảnh giống hệt (giữ 1/nhóm)
Testing/pituitary/Te-pi_33.jpg,pituitary,ảnh giống hệt (giữ 1/nhóm)
Testing/pituitary/Te-pi_330.jpg,pituitary,ảnh giống hệt (giữ 1/nhóm)
Testing/pituitary/Te-pi_331.jpg,pituitary,ảnh giống hệt (giữ 1/nhóm)
Testing/pituitary/Te-pi_332.jpg,pituitary,ảnh giống hệt (giữ 1/nhóm)
Testing/pituitary/Te-pi_333.jpg,pituitary,ảnh giống hệt (giữ 1/nhóm)
Testing/pituitary/Te-pi_334.jpg,pituitary,ảnh giống hệt (giữ 1/nhóm)
Testing/pituitary/Te-pi_34.jpg,pituitary,ảnh giống hệt (giữ 1/nhóm)
Testing/pituitary/Te-pi_340.jpg,pituitary,ảnh giống hệt (giữ 1/nhóm)
Testing/pituitary/Te-pi_341.jpg,pituitary,ảnh giống hệt (giữ 1/nhóm)
Testing/pituitary/Te-pi_343.jpg,pituitary,ảnh giống hệt (giữ 1/nhóm)
Testing/pituitary/Te-pi_344.jpg,pituitary,ảnh giống hệt (giữ 1/nhóm)
Testing/pituitary/Te-pi_346.jpg,pituitary,ảnh giống hệt (giữ 1/nhóm)
Testing/pituitary/Te-pi_347.jpg,pituitary,ảnh giống hệt (giữ 1/nhóm)
Testing/pituitary/Te-pi_348.jpg,pituitary,ảnh giống hệt (giữ 1/nhóm)
Testing/pituitary/Te-pi_349.jpg,pituitary,ảnh giống hệt (giữ 1/nhóm)
Testing/pituitary/Te-pi_35.jpg,pituitary,ảnh giống hệt (giữ 1/nhóm)
Testing/pituitary/Te-pi_350.jpg,pituitary,ảnh giống hệt (giữ 1/nhóm)
Testing/pituitary/Te-pi_351.jpg,pituitary,ảnh giống hệt (giữ 1/nhóm)
Testing/pituitary/Te-pi_352.jpg,pituitary,ảnh giống hệt (giữ 1/nhóm)
Testing/pituitary/Te-pi_353.jpg,pituitary,ảnh giống hệt (giữ 1/nhóm)
Testing/pituitary/Te-pi_354.jpg,pituitary,ảnh giống hệt (giữ 1/nhóm)
Testing/pituitary/Te-pi_355.jpg,pituitary,ảnh giống hệt (giữ 1/nhóm)
Testing/pituitary/Te-pi_357.jpg,pituitary,ảnh giống hệt (giữ 1/nhóm)
Testing/pituitary/Te-pi_358.jpg,pituitary,ảnh giống hệt (giữ 1/nhóm)
Testing/pituitary/Te-pi_359.jpg,pituitary,ảnh giống hệt (giữ 1/nhóm)
Testing/pituitary/Te-pi_360.jpg,pituitary,ảnh giống hệt (giữ 1/nhóm)
Testing/pituitary/Te-pi_362.jpg,pituitary,ảnh giống hệt (giữ 1/nhóm)
Testing/pituitary/Te-pi_365.jpg,pituitary,ảnh giống hệt (giữ 1/nhóm)
Testing/pituitary/Te-pi_366.jpg,pituitary,ảnh giống hệt (giữ 1/nhóm)
Testing/pituitary/Te-pi_368.jpg,pituitary,ảnh giống hệt (giữ 1/nhóm)
Testing/pituitary/Te-pi_369.jpg,pituitary,ảnh giống hệt (giữ 1/nhóm)
Testing/pituitary/Te-pi_37.jpg,pituitary,ảnh giống hệt (giữ 1/nhóm)
Testing/pituitary/Te-pi_370.jpg,pituitary,ảnh giống hệt (giữ 1/nhóm)
Testing/pituitary/Te-pi_371.jpg,pituitary,ảnh giống hệt (giữ 1/nhóm)
Testing/pituitary/Te-pi_373.jpg,pituitary,ảnh giống hệt (giữ 1/nhóm)
Testing/pituitary/Te-pi_374.jpg,pituitary,ảnh giống hệt (giữ 1/nhóm)
Testing/pituitary/Te-pi_376.jpg,pituitary,ảnh giống hệt (giữ 1/nhóm)
Testing/pituitary/Te-pi_377.jpg,pituitary,ảnh giống hệt (giữ 1/nhóm)
Testing/pituitary/Te-pi_380.jpg,pituitary,ảnh giống hệt (giữ 1/nhóm)
Testing/pituitary/Te-pi_384.jpg,pituitary,ảnh giống hệt (giữ 1/nhóm)
Testing/pituitary/Te-pi_385.jpg,pituitary,ảnh giống hệt (giữ 1/nhóm)
Testing/pituitary/Te-pi_386.jpg,pituitary,ảnh giống hệt (giữ 1/nhóm)
Testing/pituitary/Te-pi_387.jpg,pituitary,ảnh giống hệt (giữ 1/nhóm)
Testing/pituitary/Te-pi_389.jpg,pituitary,ảnh giống hệt (giữ 1/nhóm)
Testing/pituitary/Te-pi_39.jpg,pituitary,ảnh giống hệt (giữ 1/nhóm)
Testing/pituitary/Te-pi_392.jpg,pituitary,ảnh giống hệt (giữ 1/nhóm)
Testing/pituitary/Te-pi_394.jpg,pituitary,ảnh giống hệt (giữ 1/nhóm)
Testing/pituitary/Te-pi_397.jpg,pituitary,ảnh giống hệt (giữ 1/nhóm)
Testing/pituitary/Te-pi_398.jpg,pituitary,ảnh giống hệt (giữ 1/nhóm)
Testing/pituitary/Te-pi_399.jpg,pituitary,ảnh giống hệt (giữ 1/nhóm)
Testing/pituitary/Te-pi_4.jpg,pituitary,ảnh giống hệt (giữ 1/nhóm)
Testing/pituitary/Te-pi_400.jpg,pituitary,ảnh giống hệt (giữ 1/nhóm)
Testing/pituitary/Te-pi_41.jpg,pituitary,ảnh giống hệt (giữ 1/nhóm)
Testing/pituitary/Te-pi_44.jpg,pituitary,ảnh giống hệt (giữ 1/nhóm)
Testing/pituitary/Te-pi_45.jpg,pituitary,ảnh giống hệt (giữ 1/nhóm)
Testing/pituitary/Te-pi_47.jpg,pituitary,ảnh giống hệt (giữ 1/nhóm)
Testing/pituitary/Te-pi_5.jpg,pituitary,ảnh giống hệt (giữ 1/nhóm)
Testing/pituitary/Te-pi_50.jpg,pituitary,ảnh giống hệt (giữ 1/nhóm)
Testing/pituitary/Te-pi_51.jpg,pituitary,ảnh giống hệt (giữ 1/nhóm)
Testing/pituitary/Te-pi_52.jpg,pituitary,ảnh giống hệt (giữ 1/nhóm)
Testing/pituitary/Te-pi_53.jpg,pituitary,ảnh giống hệt (giữ 1/nhóm)
Testing/pituitary/Te-pi_56.jpg,pituitary,ảnh giống hệt (giữ 1/nhóm)
Testing/pituitary/Te-pi_57.jpg,pituitary,ảnh giống hệt (giữ 1/nhóm)
Testing/pituitary/Te-pi_58.jpg,pituitary,ảnh giống hệt (giữ 1/nhóm)
Testing/pituitary/Te-pi_59.jpg,pituitary,ảnh giống hệt (giữ 1/nhóm)
Testing/pituitary/Te-pi_61.jpg,pituitary,ảnh giống hệt (giữ 1/nhóm)
Testing/pituitary/Te-pi_62.jpg,pituitary,ảnh giống hệt (giữ 1/nhóm)
Testing/pituitary/Te-pi_63.jpg,pituitary,ảnh giống hệt (giữ 1/nhóm)
Testing/pituitary/Te-pi_64.jpg,pituitary,ảnh giống hệt (giữ 1/nhóm)
Testing/pituitary/Te-pi_65.jpg,pituitary,ảnh giống hệt (giữ 1/nhóm)
Testing/pituitary/Te-pi_67.jpg,pituitary,ảnh giống hệt (giữ 1/nhóm)
Testing/pituitary/Te-pi_68.jpg,pituitary,ảnh giống hệt (giữ 1/nhóm)
Testing/pituitary/Te-pi_69.jpg,pituitary,ảnh giống hệt (giữ 1/nhóm)
Testing/pituitary/Te-pi_7.jpg,pituitary,ảnh giống hệt (giữ 1/nhóm)
Testing/pituitary/Te-pi_70.jpg,pituitary,ảnh giống hệt (giữ 1/nhóm)
Testing/pituitary/Te-pi_71.jpg,pituitary,ảnh giống hệt (giữ 1/nhóm)
Testing/pituitary/Te-pi_73.jpg,pituitary,ảnh giống hệt (giữ 1/nhóm)
Testing/pituitary/Te-pi_75.jpg,pituitary,ảnh giống hệt (giữ 1/nhóm)
Testing/pituitary/Te-pi_76.jpg,pituitary,ảnh giống hệt (giữ 1/nhóm)
Testing/pituitary/Te-pi_77.jpg,pituitary,ảnh giống hệt (giữ 1/nhóm)
Testing/pituitary/Te-pi_79.jpg,pituitary,ảnh giống hệt (giữ 1/nhóm)
Testing/pituitary/Te-pi_81.jpg,pituitary,ảnh giống hệt (giữ 1/nhóm)
Testing/pituitary/Te-pi_82.jpg,pituitary,ảnh giống hệt (giữ 1/nhóm)
Testing/pituitary/Te-pi_84.jpg,pituitary,ảnh giống hệt (giữ 1/nhóm)
Testing/pituitary/Te-pi_86.jpg,pituitary,ảnh giống hệt (giữ 1/nhóm)
Testing/pituitary/Te-pi_87.jpg,pituitary,ảnh giống hệt (giữ 1/nhóm)
Testing/pituitary/Te-pi_9.jpg,pituitary,ảnh giống hệt (giữ 1/nhóm)
Testing/pituitary/Te-pi_90.jpg,pituitary,ảnh giống hệt (giữ 1/nhóm)
Testing/pituitary/Te-pi_91.jpg,pituitary,ảnh giống hệt (giữ 1/nhóm)
Testing/pituitary/Te-pi_94.jpg,pituitary,ảnh giống hệt (giữ 1/nhóm)
Testing/pituitary/Te-pi_96.jpg,pituitary,ảnh giống hệt (giữ 1/nhóm)
Testing/pituitary/Te-pi_97.jpg,pituitary,ảnh giống hệt (giữ 1/nhóm)
